pt,n_total_pt
LARYNGOMALACIA,272
ABDOMINAL PAIN,185932
DYSPEPSIA,78422
PNEUMONIA,273233
WHITE BLOOD CELL COUNT ABNORMAL,5713
ABDOMINAL PAIN UPPER,169740
ANAEMIA,153982
ASTHENIA,305043
BACK PAIN,192167
DIZZINESS,398766
HAEMORRHAGE,86862
NAUSEA,639591
OCCULT BLOOD POSITIVE,1238
PAIN IN EXTREMITY,243417
RESPIRATORY DISORDER,23893
VOMITING,374432
CONVULSION,15681
DYSPNOEA,463439
DYSSTASIA,23778
HEADACHE,519252
MUSCLE RIGIDITY,9194
MUSCLE SPASMS,151537
SERUM FERRITIN INCREASED,4005
SPEECH DISORDER,40686
BRAIN STEM STROKE,425
MYOCARDIAL INFARCTION,109293
ARRHYTHMIA,34319
FALL,273131
INFARCTION,5434
PALLOR,21051
PETIT MAL EPILEPSY,3761
PUPILLARY REFLEX IMPAIRED,1098
UNRESPONSIVE TO STIMULI,19768
CONFUSIONAL STATE,125590
HYPOKINESIA,12215
MUSCULOSKELETAL PAIN,42544
NECK PAIN,46004
PAIN,525915
METHAEMOGLOBINAEMIA,1899
OVERDOSE,185599
HOT FLUSH,64160
THERMAL BURN,5337
ACUTE TONSILLITIS,77
CELLULITIS GANGRENOUS,157
DRUG INTERACTION,122396
GASTRITIS,19634
HYPERKALAEMIA,26752
HYPERKERATOSIS,4613
MYALGIA,132974
PYREXIA,275271
SEPSIS,88992
TOXICITY TO VARIOUS AGENTS,157057
TREMOR,126788
ULCER,12450
BRAIN HYPOXIA,830
BRAIN OEDEMA,9400
CARDIO-RESPIRATORY ARREST,28832
COMA,35355
COMPLETED SUICIDE,59557
PULSE ABSENT,2914
TACHYARRHYTHMIA,1715
DERMATITIS,18162
DISEASE RECURRENCE,42948
DRUG LEVEL INCREASED,12725
ABSCESS,12851
CARDIAC ARREST,59120
CEREBRAL ATROPHY,2468
DERMATITIS ATOPIC,49094
ECZEMA HERPETICUM,430
HYPERNATRAEMIA,3985
HYPERREFLEXIA,2492
HYPOTHERMIA,7866
IRRITABILITY,46067
MEDICAL DEVICE COMPLICATION,4311
NEUROLOGICAL SYMPTOM,4351
PSEUDOMONAL SEPSIS,1333
CYST,10335
INTERVERTEBRAL DISC DISORDER,3217
SPINAL COLUMN STENOSIS,3142
SPINAL DECOMPRESSION,358
SPINAL PAIN,11444
APHAGIA,2701
CHEST PAIN,136178
CORONARY ARTERY THROMBOSIS,1122
DRUG HYPERSENSITIVITY,178777
HEART RATE INCREASED,76742
WEIGHT DECREASED,228166
BREAST CANCER,74318
DEVICE COMPONENT ISSUE,36
THROMBOSIS,63464
UNEVALUABLE EVENT,62693
TENDON RUPTURE,8893
TENOSYNOVITIS,2234
CHRONIC LYMPHOCYTIC LEUKAEMIA,3943
BONE MARROW FAILURE,16132
HAEMATOMA,20216
HYPERSENSITIVITY,156154
LEUKOPENIA,39297
LIP SWELLING,26974
MOUTH HAEMORRHAGE,5856
NEUTROPENIA,115707
PERIORBITAL OEDEMA,3959
PURPURA,6111
RASH MACULO-PAPULAR,17552
RASH PRURITIC,44711
SKIN HAEMORRHAGE,13182
THROMBOCYTOPENIA,88019
DRUG INEFFECTIVE,1164923
ULCER HAEMORRHAGE,5556
HENOCH-SCHONLEIN PURPURA,1635
IRON DEFICIENCY ANAEMIA,7481
ABSCESS JAW,725
CELLULITIS,40821
FEBRILE INFECTION,991
LEUKOCYTOSIS,13495
DEATH,749389
INTRACRANIAL HAEMATOMA,454
ABDOMINAL DISCOMFORT,148835
ABSCESS INTESTINAL,1753
EATING DISORDER,17604
LARGE INTESTINE PERFORATION,5401
FEELING ABNORMAL,195920
OEDEMA PERIPHERAL,75590
OSTEOARTHRITIS,35514
SKIN DISCOLOURATION,38372
BLAST CRISIS IN MYELOGENOUS LEUKAEMIA,988
BRONCHOPNEUMONIA,1197
PANCYTOPENIA,43472
VENTRICULAR TACHYCARDIA,11535
DIABETES MELLITUS,54423
ERYTHEMA MULTIFORME,6718
SUDDEN DEATH,6496
BRADYCARDIA,40097
HYPOTENSION,159940
PULMONARY OEDEMA,34450
CUTANEOUS LUPUS ERYTHEMATOSUS,1279
DUODENAL ULCER HAEMORRHAGE,2086
DUODENITIS,2198
GASTRIC ULCER,14284
HIATUS HERNIA,9736
OESOPHAGITIS,7767
RENAL FAILURE ACUTE,13233
GASTROINTESTINAL HAEMORRHAGE,68654
HYPOVOLAEMIA,3967
IMMUNOSUPPRESSANT DRUG LEVEL INCREASED,2825
OFF LABEL USE,842480
LOCAL SWELLING,14597
OEDEMA MOUTH,1286
FIBROMYALGIA,20642
HYPERSOMNIA,23454
STEVENS-JOHNSON SYNDROME,13730
VOCAL CORD DISORDER,1524
ADRENAL MASS,651
ARTERIOSCLEROSIS,6253
ARTHRITIS,67581
ATROPHIC VULVOVAGINITIS,542
BONE DISORDER,13116
BONE LESION,2918
BUNDLE BRANCH BLOCK RIGHT,3020
CATARACT,50794
CERUMEN IMPACTION,594
CERVICAL SPINAL STENOSIS,1368
CONTUSION,80508
CYSTITIS INTERSTITIAL,1292
CYSTOCELE,623
DEAFNESS,21796
DEHYDRATION,101986
DEVICE FAILURE,12755
DIARRHOEA,554622
DYSKINESIA,29373
DYSPHAGIA,76256
DYSPNOEA EXERTIONAL,32431
EAR PAIN,16033
ECZEMA,46538
ENTEROCELE,65
FAECAL INCONTINENCE,2153
FEMORAL NECK FRACTURE,4124
FOOT DEFORMITY,9916
FOREIGN BODY,3053
GASTROOESOPHAGEAL REFLUX DISEASE,64466
GRANULOMA,2554
GROIN PAIN,7203
HERPES ZOSTER,49105
HYPERGLYCAEMIA,26840
HYPOAESTHESIA,119958
IMMUNOSUPPRESSION,7655
INCREASED VENTRICULAR AFTERLOAD,8
INJURY,51920
INSOMNIA,210662
JOINT DISLOCATION,8625
JOINT EFFUSION,5583
LOSS OF CONSCIOUSNESS,94144
MACULAR DEGENERATION,9645
MANDIBULAR PROSTHESIS USER,6
MOUTH CYST,138
MOVEMENT DISORDER,23916
MUSCULAR WEAKNESS,90812
NERVE ROOT LESION,8
NERVOUSNESS,38780
NEURALGIA,21119
NEUROPATHY PERIPHERAL,83080
NOCTURIA,9941
OBSTRUCTIVE AIRWAYS DISORDER,9614
OPTIC NERVE CUPPING,93
OSTEOMALACIA,1306
OSTEOMYELITIS CHRONIC,410
OSTEONECROSIS OF JAW,20844
OSTEOPENIA,13024
OSTEOPOROSIS,35222
PAIN IN JAW,23132
PANCREATIC ATROPHY,368
PLEURAL EFFUSION,46708
PURULENT DISCHARGE,3134
RECTOCELE,377
RENAL FAILURE CHRONIC,2841
RENAL OSTEODYSTROPHY,36
ROTATOR CUFF SYNDROME,9935
SINUSITIS,87990
SOFT TISSUE DISORDER,811
SPINAL CLAUDICATION,98
SPINAL OSTEOARTHRITIS,6859
SPONDYLOLISTHESIS,1316
STAPHYLOCOCCAL INFECTION,24248
STRESS URINARY INCONTINENCE,825
SYNCOPE,77103
TOOTH ABSCESS,8070
TUBULOINTERSTITIAL NEPHRITIS,16829
URGE INCONTINENCE,669
URINARY TRACT INFECTION,145100
VIITH NERVE PARALYSIS,2270
VISION BLURRED,108467
VITREOUS FLOATERS,8474
EROSIVE DUODENITIS,578
GASTRITIS EROSIVE,3283
HAEMOGLOBIN DECREASED,79735
MELAENA,17197
BLEEDING TIME ABNORMAL,68
CARDIAC FAILURE CONGESTIVE,55981
GASTRITIS HAEMORRHAGIC,1135
HYPERTENSION,169314
INTENTIONAL DRUG MISUSE,7688
RHABDOMYOLYSIS,28791
HAEMATEMESIS,19030
UPPER GASTROINTESTINAL HAEMORRHAGE,14535
OESOPHAGEAL ULCER,2703
DYSGEUSIA,56685
ABDOMINAL DISTENSION,85332
AGEUSIA,18742
ANGIOPATHY,3871
ASCITES,22996
ATELECTASIS,6502
ATROPHY,1395
BONE PAIN,48352
BONE SCAN ABNORMAL,268
BREAST CANCER METASTATIC,7461
CONSTIPATION,184352
CULTURE POSITIVE,488
DENTAL FISTULA,261
DEPRESSED LEVEL OF CONSCIOUSNESS,28124
DEPRESSION,169458
EXOSTOSIS,7267
FAECES DISCOLOURED,16876
FATIGUE,674562
GAIT DISTURBANCE,161152
GENERAL PHYSICAL HEALTH DETERIORATION,96903
HYDRONEPHROSIS,5785
HYPOALBUMINAEMIA,5881
HYPOKALAEMIA,36131
HYPOXIA,27662
IMPAIRED HEALING,26059
INCREASED UPPER AIRWAY SECRETION,3049
INFLUENZA LIKE ILLNESS,65004
INTERVERTEBRAL DISC DEGENERATION,7257
INTERVERTEBRAL DISC SPACE NARROWING,674
JAW CYST,159
LUNG CONSOLIDATION,1987
MALIGNANT ASCITES,605
MALNUTRITION,8660
MASTICATION DISORDER,2396
METASTASES TO BONE,14339
METASTASES TO SPINE,2882
ORAL DISORDER,5995
OSTEITIS,1846
PERIODONTAL DISEASE,874
PLANTAR FASCIITIS,2737
PRIMARY SEQUESTRUM,371
PRURITUS,324946
SALIVARY HYPERSECRETION,7853
TOOTH DISORDER,18712
TOOTHACHE,14694
TRANSIENT ISCHAEMIC ATTACK,23181
TUMOUR MARKER INCREASED,4370
X-RAY ABNORMAL,1525
AGGRESSION,33828
AGITATION,52775
CONDITION AGGRAVATED,262815
DELUSION,11873
PARANOIA,11860
SUICIDAL IDEATION,66547
AMNESIA,47802
ANXIETY DISORDER,2624
AORTIC ANEURYSM,6220
APHASIA,23678
ASTHMA,96655
ASTROCYTOMA,269
BASEDOW'S DISEASE,1730
BREAST MASS,5105
BRONCHITIS,61811
CANDIDIASIS,262
CEREBROVASCULAR ACCIDENT,119855
CHRONIC OBSTRUCTIVE PULMONARY DISEASE,42440
COMPRESSION FRACTURE,4292
COMPUTERISED TOMOGRAM ABNORMAL,1243
COUGH,242168
DENTURE WEARER,178
DERMATITIS CONTACT,9575
DIPLOPIA,19882
DISORDER OF ORBIT,95
ENDOCRINE OPHTHALMOPATHY,784
ESCHERICHIA INFECTION,6445
ESSENTIAL HYPERTENSION,2070
EXOPHTHALMOS,1665
FIBROCYSTIC BREAST DISEASE,417
GINGIVAL EROSION,168
GINGIVAL SWELLING,3321
GOITRE,3077
HEPATIC CYST,2588
HYPERAEMIA,1598
HYPERTHYROIDISM,11953
HYPOTHYROIDISM,26188
INFECTION,125404
ISCHAEMIA,3275
JAW DISORDER,3545
JAW FRACTURE,1624
LYMPHOMA,12513
MASS,11918
MASTOCYTOSIS,415
METASTASIS,5997
MOUTH ULCERATION,17030
NASAL SEPTUM DEVIATION,1627
ORAL CANDIDIASIS,10518
ORAL FUNGAL INFECTION,2129
ORAL PAIN,18587
ORAL PRURITUS,1899
OROANTRAL FISTULA,163
OSTEOMYELITIS,13791
PALATAL DISORDER,395
PALATAL OEDEMA,981
POLYCYTHAEMIA,1648
PULMONARY CONGESTION,9980
RASH,369881
RASH ERYTHEMATOUS,38654
RASH VESICULAR,3975
RESPIRATORY DISTRESS,20542
RESPIRATORY FAILURE,55229
SCOLIOSIS,5197
SKIN LESION,22679
SWELLING,81189
SWOLLEN TONGUE,23267
TONSILLAR DISORDER,838
WHEEZING,50839
WHITE BLOOD CELL COUNT INCREASED,28347
GAMMA-GLUTAMYLTRANSFERASE INCREASED,13973
HEPATIC STEATOSIS,13783
HYPERLIPIDAEMIA,7233
ATRIAL FIBRILLATION,77452
BLADDER SPASM,1441
BLOOD CHOLESTEROL INCREASED,33943
BLOOD PROLACTIN INCREASED,3612
DRY MOUTH,65304
DYSMENORRHOEA,10911
HYPOGLYCAEMIA,35431
JOINT INJURY,17685
MENORRHAGIA,14417
MUSCULOSKELETAL STIFFNESS,75227
NERVE COMPRESSION,7770
PATELLA FRACTURE,1911
POLLAKIURIA,33736
PREGNANCY,11602
RESTLESS LEGS SYNDROME,14232
SOMNOLENCE,160681
URINARY INCONTINENCE,22680
VERTIGO,49717
WEIGHT INCREASED,180618
ACTIVITIES OF DAILY LIVING IMPAIRED,10393
HALLUCINATION,58965
HEMIPLEGIA,6207
INFLUENZA,101197
MALAISE,374968
RENAL FAILURE,101231
ANAL CANCER,799
ANAL CANCER METASTATIC,34
CROHN'S DISEASE,57976
COLON CANCER,12346
ACCIDENT AT WORK,1797
ANGER,24786
CLUMSINESS,2167
COLD SWEAT,13418
DISORIENTATION,27900
DRUG WITHDRAWAL SYNDROME,69791
DYSPHEMIA,3369
FEEDING DISORDER,19243
"HALLUCINATION, AUDITORY",11911
MIGRAINE,81223
POST-TRAUMATIC STRESS DISORDER,5668
RETCHING,17112
TENDONITIS,11670
TINNITUS,36473
INCORRECT DOSE ADMINISTERED,203174
REFUSAL OF TREATMENT BY PATIENT,3686
ABDOMINAL HERNIA,3756
ACUTE MYOCARDIAL INFARCTION,21377
ANGINA PECTORIS,19953
AORTIC VALVE STENOSIS,1344
GASTROINTESTINAL NECROSIS,2060
HERNIA OBSTRUCTIVE,122
HYPERVOLAEMIA,4626
KIDNEY TRANSPLANT REJECTION,3314
SEROMA,940
BLADDER DISORDER,7866
BLOOD GLUCOSE ABNORMAL,16292
BLOOD GLUCOSE INCREASED,144244
BULIMIA NERVOSA,300
CYSTITIS,26239
DRUG ABUSE,77274
DRUG DOSE OMISSION,144488
DRUG INEFFECTIVE FOR UNAPPROVED INDICATION,53099
FAECALOMA,4330
FLUID RETENTION,43592
FREQUENT BOWEL MOVEMENTS,23981
GASTROINTESTINAL MOTILITY DISORDER,4616
INCONTINENCE,8216
INCREASED APPETITE,15226
MULTIPLE SCLEROSIS,38766
MUSCLE DISORDER,5859
URINARY RETENTION,26690
URINE OUTPUT DECREASED,6227
ATRIOVENTRICULAR BLOCK,5743
CARDIAC FAILURE,63938
CARDIOMYOPATHY,10561
CONGESTIVE CARDIOMYOPATHY,2810
ACTINOMYCOSIS,549
BLINDNESS,33252
CHORIORETINAL DISORDER,134
CHORIORETINOPATHY,1081
CONJUNCTIVITIS,15977
CORONARY ARTERY DISEASE,18050
DECREASED APPETITE,200769
DECUBITUS ULCER,6226
DEEP VEIN THROMBOSIS,46379
DENTAL CARIES,8341
EARLY SATIETY,1090
ENDOTRACHEAL INTUBATION COMPLICATION,417
HAEMATOCRIT DECREASED,12791
HAEMATOPOIETIC NEOPLASM,177
IMMUNODEFICIENCY,13954
INFLAMMATION,44233
MALIGNANT NEOPLASM PROGRESSION,92444
MUSCULOSKELETAL CHEST PAIN,12656
ORAL INFECTION,2978
PAROTID GLAND ENLARGEMENT,449
PAROTITIS,842
PATHOLOGICAL FRACTURE,3950
PERSONALITY CHANGE,6544
PNEUMOTHORAX,13179
PRODUCTIVE COUGH,42301
PURULENCE,1247
RETINAL DISORDER,1972
RHINORRHOEA,57178
SOFT TISSUE INFLAMMATION,245
SPINAL COMPRESSION FRACTURE,6813
SPINAL DISORDER,7856
TOOTH DEPOSIT,252
TRISMUS,3926
UPPER RESPIRATORY TRACT INFECTION,39227
VISUAL ACUITY REDUCED,22160
PRODUCT QUALITY ISSUE,111963
PULMONARY EMBOLISM,68559
ANAEMIA OF CHRONIC DISEASE,625
BLOOD CREATININE INCREASED,47881
BLOOD UREA INCREASED,9701
CARDIAC MURMUR,5368
CARDIOMEGALY,7396
CHILLS,93483
ENDOCARDITIS,4046
ERYTHEMA,174852
ESCHERICHIA BACTERAEMIA,1987
FACIAL PAIN,7226
FISTULA,9225
HAEMANGIOMA OF LIVER,668
HEPATOMEGALY,6617
HYPOCALCAEMIA,15343
HYPONATRAEMIA,43251
HYPOPHAGIA,21558
ILEUS PARALYTIC,3148
LEFT VENTRICULAR HYPERTROPHY,3009
LIVER DISORDER,34135
MALIGNANT PERITONEAL NEOPLASM,512
METASTASES TO PLEURA,902
MUCOSAL INFLAMMATION,20892
OVARIAN CYST,7525
OVARIAN DISORDER,685
PULMONARY MASS,13953
RENAL CYST,6146
SKIN ULCER,21182
WOUND,25626
MULTI-ORGAN FAILURE,6070
ANORECTAL DISORDER,1524
APHONIA,11975
CHOLECYSTITIS ACUTE,3973
INFUSION RELATED REACTION,56172
MYELITIS TRANSVERSE,1095
PARAPLEGIA,2199
SENSORY LOSS,6370
BLISTER,47289
CORNEAL PERFORATION,491
DRY EYE,43726
MACULE,2620
ODYNOPHAGIA,4649
PHOTOPHOBIA,15361
SYMBLEPHARON,194
TONSILLITIS,4473
ANXIETY,225492
ARTHRALGIA,356894
ARTHROPATHY,48759
ASPIRATION PLEURAL CAVITY,644
BONE FISTULA,101
BRUXISM,4199
COGNITIVE DISORDER,39326
ELECTROCARDIOGRAM ABNORMAL,5565
GINGIVAL PAIN,6253
GINGIVAL ULCERATION,513
IMPAIRED SELF-CARE,1611
LOOSE TOOTH,2534
LYMPHADENOPATHY,27755
MENTAL STATUS CHANGES,19443
METASTASES TO CENTRAL NERVOUS SYSTEM,11000
METASTASES TO LIVER,14937
MOBILITY DECREASED,62949
NASAL MUCOSAL DISORDER,419
NEOPLASM PROGRESSION,31663
OPTIC NEURITIS,6794
PERONEAL NERVE PALSY,4440
PULMONARY HILUM MASS,126
RETINAL HAEMORRHAGE,5174
SCIATICA,13775
THYROID NEOPLASM,1769
BLOOD PRESSURE DECREASED,51006
EPIDURAL INJECTION,191
FEBRILE NEUTROPENIA,55209
COLITIS ISCHAEMIC,4924
LOWER GASTROINTESTINAL HAEMORRHAGE,6443
BLOOD POTASSIUM DECREASED,23226
PROTHROMBIN TIME PROLONGED,2874
RECTAL HAEMORRHAGE,33966
GENERALISED OEDEMA,9088
COLITIS ULCERATIVE,40505
COLONIC FISTULA,462
EMOTIONAL DISORDER,24503
GASTROINTESTINAL INJURY,2090
IRRITABLE BOWEL SYNDROME,18157
MENTAL DISORDER,33698
MUSCLE INJURY,7238
MUSCLE SPASTICITY,9859
SYNOVIAL DISORDER,394
HAEMATOCHEZIA,47205
ANION GAP DECREASED,280
AREFLEXIA,1707
BLOOD SODIUM INCREASED,1895
LACTIC ACIDOSIS,27288
MACROCYTOSIS,844
METABOLIC ACIDOSIS,25587
SINUS TACHYCARDIA,9972
VIRAEMIA,1260
ENTEROCOLITIS HAEMORRHAGIC,1038
HAEMOLYTIC ANAEMIA,6462
AORTIC ARTERIOSCLEROSIS,1945
AORTIC STENOSIS,2586
AORTIC VALVE DISEASE,1160
BLADDER CANCER,56228
BURSITIS,10094
COAGULOPATHY,12345
CORNEAL OEDEMA,1780
CORNEAL OPACITY,1082
COSTOCHONDRITIS,1230
DIABETIC NEUROPATHY,3226
DISCOMFORT,55095
DIVERTICULUM INTESTINAL,3538
ERECTILE DYSFUNCTION,19134
EYE DISCHARGE,9008
EYE INFECTION,9933
EYE PAIN,47412
EYE PRURITUS,29506
EYELID INFECTION,383
FACET JOINT SYNDROME,2994
HAEMORRHOIDS,15698
HYPOGONADISM,850
IIIRD NERVE PARALYSIS,578
INTERVERTEBRAL DISC PROTRUSION,17288
JOINT CREPITATION,1404
JOINT STIFFNESS,22222
LACRIMATION INCREASED,26103
LEFT ATRIAL DILATATION,804
MALIGNANT MELANOMA,11463
MEIBOMIANITIS,61
MITRAL VALVE INCOMPETENCE,7060
MORGANELLA INFECTION,232
MUSCLE ATROPHY,10021
NEPHROLITHIASIS,38556
OTITIS MEDIA ACUTE,622
OTORRHOEA,1476
RETINAL DETACHMENT,7317
SACROILIITIS,1674
SECOND PRIMARY MALIGNANCY,8205
SENSITIVITY OF TEETH,1188
SICK SINUS SYNDROME,297
SPINAL CORD COMPRESSION,3149
STOMATITIS,52299
SUBACUTE ENDOCARDITIS,65
SUPERFICIAL INJURY OF EYE,958
TINEA PEDIS,1248
TOOTH FRACTURE,9136
TOOTH INFECTION,11358
TRICUSPID VALVE INCOMPETENCE,5133
VENTRICULAR HYPERTROPHY,785
VERTEBRAL FORAMINAL STENOSIS,721
CYANOSIS,10627
GASTROINTESTINAL PAIN,9405
HYPERHIDROSIS,99426
INJECTION SITE EXTRAVASATION,10161
OBSTRUCTION,3405
OEDEMA,42881
PERIPHERAL COLDNESS,10655
SCLERAL DISCOLOURATION,509
LUNG INFECTION,12314
PLATELET COUNT DECREASED,87339
WHITE BLOOD CELL COUNT DECREASED,91334
ARTHRITIS BACTERIAL,3260
COMMUNITY ACQUIRED INFECTION,48
MENINGITIS,5212
MENINGITIS PNEUMOCOCCAL,271
RENAL IMPAIRMENT,70302
ALOPECIA,175531
BREAST CANCER STAGE II,8083
BREAST INFECTION,10
ACUTE CORONARY SYNDROME,6136
ATRIOVENTRICULAR BLOCK COMPLETE,4904
BONE LOSS,14667
BREATH ODOUR,1829
BRONCHOSPASM,10473
CARDIAC DISORDER,72692
DYSPHONIA,49208
GINGIVAL INFECTION,153
HEARING IMPAIRED,3750
LIMB INJURY,23894
OSTEOLYSIS,1557
PELVIC FRACTURE,6154
PELVIC PAIN,14564
RIB FRACTURE,17155
SINGLE FUNCTIONAL KIDNEY,565
SINUS BRADYCARDIA,7100
SINUS CANCER METASTATIC,14
SWELLING FACE,51094
THYROID DISORDER,12797
TUBERCULOSIS,10416
UPPER-AIRWAY COUGH SYNDROME,7646
VENTRICULAR EXTRASYSTOLES,6614
VISUAL IMPAIRMENT,109703
VOCAL CORD PARALYSIS,1372
ELECTROCARDIOGRAM T WAVE ABNORMAL,954
GINGIVAL DISORDER,2792
METASTASES TO ABDOMINAL CAVITY,403
METASTASES TO HEART,243
METASTASES TO LUNG,9952
PERICARDIAL EFFUSION,18386
ACUTE SINUSITIS,1223
ALANINE AMINOTRANSFERASE INCREASED,40678
ANHEDONIA,19975
ASPARTATE AMINOTRANSFERASE INCREASED,33826
BLOOD ALKALINE PHOSPHATASE,111
BLOOD CALCIUM DECREASED,8762
BLOOD GASES ABNORMAL,358
BLOOD POTASSIUM INCREASED,12062
BLOOD SODIUM DECREASED,13554
CACHEXIA,3914
COLONOSCOPY ABNORMAL,295
ENCEPHALOMALACIA,388
HEPATITIS,18584
LYMPH NODE PALPABLE,131
NUCLEAR MAGNETIC RESONANCE IMAGING BRAIN ABNORMAL,610
ORAL MUCOSAL BLISTERING,5813
OROPHARYNGEAL BLISTERING,666
PROCTALGIA,5347
SKIN EXFOLIATION,75455
SPUTUM PURULENT,526
TONGUE BLISTERING,1742
TOXIC EPIDERMAL NECROLYSIS,11259
URTICARIA,136314
VAGINAL DISCHARGE,7835
VULVAL ULCERATION,230
DRUG DEPENDENCE,152220
EMOTIONAL DISTRESS,107405
GASTROINTESTINAL INFECTION,7706
INFLAMMATORY BOWEL DISEASE,6822
LIP DRY,7698
MAJOR DEPRESSION,5610
PELVIC ABSCESS,878
PERIRECTAL ABSCESS,770
SMALL INTESTINAL OBSTRUCTION,9860
TACHYCARDIA,68326
VIOLENCE-RELATED SYMPTOM,1031
WHITE BLOOD CELL DISORDER,2293
DRUG ERUPTION,14028
PARAKERATOSIS,233
PERIVASCULAR DERMATITIS,242
BRONCHIECTASIS,5839
PNEUMOCYSTIS JIROVECI PNEUMONIA,115
BLOOD ALKALINE PHOSPHATASE INCREASED,15051
BLOOD CREATINE INCREASED,3158
C-REACTIVE PROTEIN INCREASED,29447
DERMATITIS EXFOLIATIVE,2682
DRUG REACTION WITH EOSINOPHILIA AND SYSTEMIC SYMPTOMS,25225
EOSINOPHILIA,13902
FACE OEDEMA,12165
HEPATIC FUNCTION ABNORMAL,28909
MULTI-ORGAN DISORDER,1191
NEUTROPHILIA,5113
RASH GENERALISED,17336
RED BLOOD CELL SEDIMENTATION RATE INCREASED,8674
ALCOHOL ABUSE,2232
EXTRASKELETAL OSSIFICATION,161
GYNAECOMASTIA,29385
HILAR LYMPHADENOPATHY,668
METASTATIC NEOPLASM,3320
PROSTATE CANCER METASTATIC,2921
AMENORRHOEA,11440
COORDINATION ABNORMAL,9044
DEPRESSED MOOD,45171
EYELID FUNCTION DISORDER,543
KIDNEY ENLARGEMENT,796
MENTAL IMPAIRMENT,19326
MULTIPLE SCLEROSIS RELAPSE,56029
PANIC ATTACK,27666
STRESS,60440
DIVERTICULITIS,23339
ANOSMIA,8791
BACTERIAL TEST POSITIVE,1836
BLADDER PAIN,2610
BONE DECALCIFICATION,168
BONE FORMATION INCREASED,138
BREAST ATROPHY,171
BURNING SENSATION,55990
CARDIAC FLUTTER,5164
DECREASED INTEREST,4985
DISEASE PROGRESSION,100816
DYSURIA,28875
EXCESSIVE GRANULATION TISSUE,612
FRACTURE,16346
GINGIVITIS,4184
HAEMATURIA,27138
HYPOPNOEA,3148
LUNG NEOPLASM MALIGNANT,36208
LYMPHADENOPATHY MEDIASTINAL,1546
NASAL CONGESTION,51304
ORAL DISCOMFORT,11148
PALMAR-PLANTAR ERYTHRODYSAESTHESIA SYNDROME,19544
RHINITIS ALLERGIC,3504
SALIVARY GLAND DISORDER,367
SKIN ATROPHY,4913
SLEEP APNOEA SYNDROME,15640
VAGINAL INFECTION,3767
ACUTE PRERENAL FAILURE,497
CHOLANGITIS,5065
CHOLANGITIS SCLEROSING,1813
CHRONIC HEPATIC FAILURE,511
COLITIS,32705
HEPATIC CIRRHOSIS,15311
ILEITIS,55
LARGE INTESTINE POLYP,6840
NASAL TURBINATE HYPERTROPHY,328
PITUITARY TUMOUR BENIGN,1159
TYPE 2 DIABETES MELLITUS,27733
VARICES OESOPHAGEAL,2343
ABDOMINAL TENDERNESS,3679
BODY MASS INDEX DECREASED,384
MEAN CELL VOLUME DECREASED,1307
MONOCYTE COUNT INCREASED,3051
NEUTROPHIL COUNT INCREASED,8408
SKIN DISORDER,28775
THROMBOCYTOSIS,3157
BENIGN PROSTATIC HYPERPLASIA,3933
BOWEL MOVEMENT IRREGULARITY,6930
CEREBRAL INFARCTION,18721
CHOLELITHIASIS,22406
DERMAL CYST,1999
DISABILITY,17768
DIVERTICULUM,5007
DYSARTHRIA,27899
ENTEROCOLITIS,4956
GINGIVAL BLEEDING,11212
GINGIVAL INFLAMMATION,189
GINGIVAL RECESSION,1485
GLIOSIS,295
HAEMANGIOMA OF BONE,191
HEAT EXHAUSTION,604
HYPOACUSIS,40140
HYPOGEUSIA,1460
JOINT SWELLING,105506
KIDNEY FIBROSIS,1345
MUSCLE STRAIN,7121
NASAL ODOUR,125
PANCREATIC CYST,1564
SALIVARY GLAND PAIN,175
SINUS DISORDER,17145
SPONDYLOPATHY TRAUMATIC,6
URINARY HESITATION,1825
BIPOLAR I DISORDER,1456
BREAST NECROSIS,135
BREAST OEDEMA,138
CARBOHYDRATE ANTIGEN 27.29 INCREASED,124
CEREBRAL SMALL VESSEL ISCHAEMIC DISEASE,532
CEREBROVASCULAR DISORDER,1538
FAILURE TO THRIVE,3635
FOREARM FRACTURE,587
FRACTURED COCCYX,1047
GOUT,14896
HYPERTONIC BLADDER,2388
ISCHAEMIC CEREBRAL INFARCTION,861
KYPHOSIS,1432
LACERATION,6976
LIGAMENT SPRAIN,9121
METASTATIC PAIN,62
METASTATIC RENAL CELL CARCINOMA,1441
NEURODERMATITIS,3263
ONYCHOMYCOSIS,3723
OSTEOSCLEROSIS,1311
PATELLOFEMORAL PAIN SYNDROME,352
PERSONALITY DISORDER,1916
PNEUMONITIS,23271
PUBIS FRACTURE,569
RENAL ATROPHY,938
RESORPTION BONE INCREASED,302
RESTING TREMOR,623
RIB DEFORMITY,208
SPLEEN DISORDER,1310
TENDON DISORDER,4879
THROAT CANCER,3856
TOTAL LUNG CAPACITY DECREASED,1379
VAGINAL HAEMORRHAGE,33220
ATROPHY OF GLOBE,113
CUTANEOUS LEISHMANIASIS,221
HEPATOSPLENOMEGALY,1682
BLOOD GLUCOSE DECREASED,35066
CHEST DISCOMFORT,82712
FEELING HOT,46800
FLUSHING,70744
HEART RATE DECREASED,28999
DEPENDENCE,51726
ALLODYNIA,1006
DEVICE DISLOCATION,38831
DEVICE LEAKAGE,41228
MECHANICAL VENTILATION,1335
PHRENIC NERVE PARALYSIS,188
RESPIRATORY ACIDOSIS,3075
SLEEP DISORDER,59680
LYMPHOCYTE COUNT INCREASED,2707
MONOCYTE PERCENTAGE DECREASED,104
NEUTROPHIL COUNT DECREASED,34359
PROTEINURIA,15587
NEPHROTIC SYNDROME,5164
ACTIVATED PARTIAL THROMBOPLASTIN TIME PROLONGED,2756
RENAL TUBULAR NECROSIS,7440
THROMBOTIC THROMBOCYTOPENIC PURPURA,2342
EYE INFLAMMATION,8384
INTRAOCULAR PRESSURE INCREASED,9961
IRIDOCYCLITIS,2687
IRIS ADHESIONS,421
PSORIASIS,115370
RASH PUSTULAR,5317
UPPER RESPIRATORY TRACT INFLAMMATION,905
UVEITIS,12073
CYTOMEGALOVIRUS TEST POSITIVE,1377
ENCEPHALITIS VIRAL,925
NERVOUS SYSTEM DISORDER,17995
INTESTINAL PERFORATION,8961
PHARYNGITIS,10146
ASPERGILLOSIS,64
DISSEMINATED INTRAVASCULAR COAGULATION,9169
PREMATURE BABY,24728
BONE DEVELOPMENT ABNORMAL,207
ORAL CAVITY FISTULA,305
PERIODONTITIS,1544
WOUND DEHISCENCE,2432
CHOLESTATIC LIVER INJURY,1909
PLEURITIC PAIN,1778
DRUG ADMINISTRATION ERROR,22871
PSORIATIC ARTHROPATHY,36988
EJECTION FRACTION DECREASED,12198
FEBRILE CONVULSION,836
RAYNAUD'S PHENOMENON,4076
ATRIAL SEPTAL DEFECT,6294
FOETAL EXPOSURE DURING PREGNANCY,77658
HEART DISEASE CONGENITAL,2555
VENTRICULAR SEPTAL DEFECT,4179
BLOOD PRESSURE INCREASED,123833
BRADYPHRENIA,5509
URINE OUTPUT INCREASED,2127
FLUID OVERLOAD,12401
APPENDICECTOMY,2919
BACTERIAL INFECTION,15026
LIVER FUNCTION TEST ABNORMAL,18127
PANOPHTHALMITIS,143
DERMATITIS INFECTED,431
HERPES VIRUS INFECTION,4547
PERIPHERAL T-CELL LYMPHOMA UNSPECIFIED,507
SERRATIA INFECTION,496
SKIN NECROSIS,3864
HEPATITIS CHOLESTATIC,4252
ANAPHYLACTIC SHOCK,19765
BALANCE DISORDER,70341
BREAST CANCER FEMALE,13503
ANGIOTENSIN CONVERTING ENZYME INHIBITOR FOETOPATHY,87
CEREBRAL DISORDER,6554
CONGENITAL CENTRAL NERVOUS SYSTEM ANOMALY,783
CRYPTORCHISM,854
DYSGRAPHIA,5441
DYSMORPHISM,1751
DYSPRAXIA,479
ENCOPRESIS,156
ENURESIS,3211
HEAD DEFORMITY,204
HYPOTONIA,7210
LEUKODYSTROPHY,66
MOTOR DEVELOPMENTAL DELAY,534
MOTOR DYSFUNCTION,8038
PERIVENTRICULAR NODULAR HETEROTOPIA,17
PSYCHOMOTOR RETARDATION,2165
READING DISORDER,1866
SKULL MALFORMATION,338
AUTOIMMUNE HEPATITIS,5623
ENCEPHALITIS,5541
HEPATIC NECROSIS,1966
DENTAL ALVEOLAR ANOMALY,53
WOUND SECRETION,2908
GENERAL SYMPTOM,6358
INCREASED TENDENCY TO BRUISE,7515
ABDOMINAL PAIN LOWER,20254
ADENOMYOSIS,449
FLANK PAIN,7368
GASTRIC POLYPS,1818
INVASIVE DUCTAL BREAST CARCINOMA,2687
LIPIDS INCREASED,1515
LYMPHOEDEMA,5883
MASTITIS,1640
NON-HODGKIN'S LYMPHOMA,4409
OBESITY,12747
OESTROGEN RECEPTOR ASSAY POSITIVE,87
PERIPHERAL SENSORY NEUROPATHY,4847
POSTMENOPAUSAL HAEMORRHAGE,2097
PROGESTERONE RECEPTOR ASSAY POSITIVE,59
UMBILICAL HERNIA,3982
UTERINE HAEMORRHAGE,3433
UTERINE LEIOMYOMA,5491
ACUTE HEPATITIS B,331
DRY SKIN,123550
ECZEMA ASTEATOTIC,397
GASTRIC CANCER,24013
HEPATIC FAILURE,21556
UTERINE CANCER,7347
ACTINIC KERATOSIS,2163
ADJUSTMENT DISORDER,1028
ANGIOEDEMA,35984
AORTIC BRUIT,77
AORTIC VALVE INCOMPETENCE,2630
APHTHOUS STOMATITIS,952
BONE DENSITY DECREASED,29300
CARDIAC VALVE SCLEROSIS,56
CAROTID ARTERY DISEASE,724
CHONDROMALACIA,167
CYSTIC FIBROSIS PANCREATIC,36
DEFORMITY,5899
DEMENTIA ALZHEIMER'S TYPE,7754
EXPOSED BONE IN JAW,1840
GASTROINTESTINAL TRACT ADENOMA,276
HAEMORRHAGIC DIATHESIS,2819
HEART RATE IRREGULAR,16564
HYPERCHOLESTEROLAEMIA,7177
INTRACRANIAL ANEURYSM,3040
LIFE EXPECTANCY SHORTENED,447
MITRAL VALVE PROLAPSE,1001
OCULAR ICTERUS,3082
OSTEOCHONDROSIS,956
OSTEONECROSIS,20807
PALPITATIONS,92096
RADICULITIS,85
SCAPULA FRACTURE,422
BILE DUCT OBSTRUCTION,1276
DRUG EFFECT DECREASED,39224
FLATULENCE,44904
HEPATIC NEOPLASM,2571
HORMONE LEVEL ABNORMAL,4109
INJECTION SITE HAEMORRHAGE,67592
INJECTION SITE REACTION,55948
METASTASES TO STOMACH,330
NASOPHARYNGITIS,164412
RESTLESSNESS,28038
BARRETT'S OESOPHAGUS,2410
CHOKING,16295
PRECANCEROUS CELLS PRESENT,1157
JOINT DESTRUCTION,1284
LOCALISED INFECTION,21265
CATHETER SITE RELATED REACTION,546
EXTRAVASATION,3020
HYPERTROPHIC SCAR,84
JAUNDICE,18192
NERVE INJURY,9062
SKELETAL INJURY,9857
SKIN INJURY,2858
VASCULAR RUPTURE,1245
VASODILATATION,1937
VEIN DISCOLOURATION,385
GLUCOSE TOLERANCE TEST ABNORMAL,60
LIPIDS DECREASED,72
CAESAREAN SECTION,6820
EXPOSURE DURING PREGNANCY,61378
PREMATURE DELIVERY,15288
AMYLASE INCREASED,3459
AORTIC VALVE CALCIFICATION,365
ARTERIOSCLEROSIS CORONARY ARTERY,4442
BODY TEMPERATURE INCREASED,15130
HOSPITALISATION,143357
MEMORY IMPAIRMENT,118521
PANCREATITIS,37074
PANCREATITIS RELAPSING,622
RENAL DISORDER,38464
RHINITIS,6669
CRYOGLOBULINS PRESENT,20
GLOMERULONEPHRITIS PROLIFERATIVE,211
OLIGURIA,4410
PYELONEPHRITIS CHRONIC,143
STREPTOCOCCAL INFECTION,4341
ANIMAL SCRATCH,824
DEVICE BREAKAGE,37693
FEMUR FRACTURE,23434
FRACTURE DELAYED UNION,624
HIP FRACTURE,26329
INJECTION SITE PAIN,259950
MUSCULOSKELETAL DISORDER,16919
RETROPERITONEAL HAEMATOMA,1609
WOUND HAEMORRHAGE,3185
CHRONIC SINUSITIS,3182
PATHOLOGICAL GAMBLING,331
BIOPSY BREAST ABNORMAL,28
BREAST CALCIFICATIONS,593
CHONDROPATHY,2181
LUNG DISORDER,40631
NUCLEAR MAGNETIC RESONANCE IMAGING ABNORMAL,2335
PARAESTHESIA,123842
PERIARTHRITIS,1770
RECTAL POLYP,742
SPINAL CORD DISORDER,1266
INTERSTITIAL LUNG DISEASE,39165
RENAL TRANSPLANT,2855
EYE SWELLING,30375
PHARYNGEAL OEDEMA,10153
ABDOMINAL NEOPLASM,707
BLOOD PRESSURE SYSTOLIC INCREASED,16268
CHEST WALL MASS,213
INJECTION SITE DISCOMFORT,9426
INTESTINAL OBSTRUCTION,31694
LETHARGY,43895
LOWER RESPIRATORY TRACT INFECTION,41178
METASTASES TO FALLOPIAN TUBE,33
METASTASES TO OVARY,274
METASTASES TO UTERUS,87
MICTURITION URGENCY,9345
PELVIC DISCOMFORT,815
PELVIC NEOPLASM,303
POST PROCEDURAL PNEUMONIA,256
ABNORMAL DREAMS,17302
HYPERCOAGULATION,1326
LOSS OF LIBIDO,7506
WOUND INFECTION,9337
ADHESION,1063
AMAUROSIS FUGAX,852
ANGIOLIPOMA,41
ANTIPHOSPHOLIPID ANTIBODIES POSITIVE,407
BACTERIAL DISEASE CARRIER,634
BASAL CELL CARCINOMA,13277
BLEPHAROSPASM,5261
CEREBRAL ARTERY STENOSIS,348
DENTAL PROSTHESIS USER,83
FRACTURED SACRUM,993
GINGIVAL ABSCESS,603
HYPERAESTHESIA,6549
HYPOMAGNESAEMIA,11516
HYPOMANIA,2722
MELANOSIS COLI,42
MERALGIA PARAESTHETICA,158
MONONEUROPATHY MULTIPLEX,343
NODULE,11412
PHLEBOLITH,134
PITUITARY ENLARGEMENT,151
POLYARTERITIS NODOSA,470
PSYCHOMOTOR HYPERACTIVITY,12212
RADICULOPATHY,2110
RHEUMATOID ARTHRITIS,98699
SCOTOMA,107
SQUAMOUS CELL CARCINOMA,7803
SYSTEMIC LUPUS ERYTHEMATOSUS,31575
THROMBOPHLEBITIS,2504
THROMBOPHLEBITIS MIGRANS,316
THROMBOSED VARICOSE VEIN,37
VENOUS INSUFFICIENCY,198
WOUND INFECTION STAPHYLOCOCCAL,1139
ATAXIA,9192
B-LYMPHOCYTE COUNT DECREASED,1246
JC VIRUS INFECTION,1406
NYSTAGMUS,3690
PAST-POINTING,30
PNEUMONIA ASPIRATION,20123
PROGRESSIVE MULTIFOCAL LEUKOENCEPHALOPATHY,6960
ABASIA,14429
ACOUSTIC NEUROMA,328
HIP ARTHROPLASTY,12949
HISTOPLASMOSIS,1325
HYDROCEPHALUS,4099
TEARFULNESS,3185
WALKING AID USER,5487
THROAT IRRITATION,37152
DEVICE MALFUNCTION,60930
GASTRIC VARICES HAEMORRHAGE,273
NON-ALCOHOLIC STEATOHEPATITIS,1017
PULMONARY TUBERCULOSIS,3097
ACCIDENTAL OVERDOSE,29820
LISTLESS,2437
SCREAMING,4555
DRUG RESISTANCE,23674
INTENTIONAL OVERDOSE,53401
COMMUNICATION DISORDER,2897
DEAFNESS NEUROSENSORY,2463
OTOTOXICITY,1585
PANCREATIC CARCINOMA,26925
QUALITY OF LIFE DECREASED,10075
CONGENITAL CYSTIC LUNG,80
DEVELOPMENTAL DELAY,7924
EYELID PTOSIS,7980
MIOSIS,6236
RESPIRATORY DEPRESSION,9189
NEONATAL RESPIRATORY DEPRESSION,237
SOMNOLENCE NEONATAL,108
AORTIC DISSECTION,3648
EMBOLISM,6208
CREATININE RENAL CLEARANCE DECREASED,2893
ELECTROLYTE IMBALANCE,9257
RENAL TUBULAR DISORDER,1936
ACUTE HEPATIC FAILURE,11407
BLOOD IMMUNOGLOBULIN E INCREASED,2042
CHOLESTASIS,14829
CHROMATURIA,17752
GRAFT DYSFUNCTION,23
HIV INFECTION,2043
HEPATIC ENCEPHALOPATHY,7221
LIVER TRANSPLANT,2598
MYOPATHY,6367
TRANSPLANT REJECTION,6530
CUTANEOUS VASCULITIS,3160
BONE EROSION,3207
COSTOVERTEBRAL ANGLE TENDERNESS,119
YELLOW SKIN,3794
EXPIRED DRUG ADMINISTERED,2312
AORTA HYPOPLASIA,217
AORTIC ELONGATION,50
BICUSPID AORTIC VALVE,418
COARCTATION OF THE AORTA,676
CONGENITAL ANOMALY,5086
PATENT DUCTUS ARTERIOSUS,2879
PERSISTENT FOETAL CIRCULATION,338
SCAR,13225
PANIC DISORDER,2886
ALCOHOL USE,1536
ALCOHOLIC LIVER DISEASE,229
HYPOGLYCAEMIC COMA,1985
AORTIC DISORDER,587
CONGENITAL AORTIC STENOSIS,110
CONGENITAL HEART VALVE DISORDER,175
DOUBLE OUTLET RIGHT VENTRICLE,195
HYPOPLASTIC RIGHT HEART SYNDROME,99
LARYNGEAL STENOSIS,496
PSYCHOMOTOR SKILLS IMPAIRED,2183
PULMONARY HYPERTENSION,16013
PULMONARY VALVE STENOSIS,488
SPEECH DISORDER DEVELOPMENTAL,2428
TRANSPOSITION OF THE GREAT VESSELS,521
VENTRICULAR HYPOPLASIA,165
AORTIC DILATATION,849
PULMONARY ARTERY STENOSIS,326
PULMONARY VALVE INCOMPETENCE,1024
ASPIRATION TRACHEAL,10
CROUP INFECTIOUS,662
FALLOT'S TETRALOGY,662
PULMONARY AIR LEAKAGE,134
PULMONARY ARTERY STENOSIS CONGENITAL,484
WEIGHT GAIN POOR,1927
ANAEMIA HAEMOLYTIC AUTOIMMUNE,37
CIRCULATORY COLLAPSE,11992
GENERAL PHYSICAL CONDITION,92
RED BLOOD CELL COUNT DECREASED,23691
ABNORMAL BEHAVIOUR,25816
SEDATION,20814
THINKING ABNORMAL,13239
MELANOMA RECURRENT,383
SKIN PLAQUE,7897
THERAPEUTIC RESPONSE DELAYED,2180
HIGH DENSITY LIPOPROTEIN DECREASED,1730
MEDIASTINUM NEOPLASM,133
CARDIOGENIC SHOCK,11540
SUICIDE ATTEMPT,44057
HYPERLACTACIDAEMIA,2221
ILEUS,9303
BLOOD TRIGLYCERIDES INCREASED,11157
DIABETIC COMA,1302
ABNORMAL WEIGHT GAIN,12196
AKATHISIA,9590
DIABETIC KETOACIDOSIS,20268
HOSTILITY,1420
HYPERPROLACTINAEMIA,5874
IMPULSIVE BEHAVIOUR,2741
MASTECTOMY,1347
MAURIAC SYNDROME,5
TYPE 1 DIABETES MELLITUS,4574
VEIN DISORDER,4044
HAEMODYNAMIC INSTABILITY,5970
PERINEAL ABSCESS,388
PYELONEPHRITIS,7007
ABDOMINAL ADHESIONS,2536
BLOOD PRESSURE IMMEASURABLE,784
ELECTROLYTE DEPLETION,405
GANGRENE,4742
ANAL ABSCESS,4836
ANAL FISTULA,4603
ANAL STENOSIS,436
ANORECTAL ULCER,32
FEMALE GENITAL TRACT FISTULA,1492
GASTROINTESTINAL DISORDER,77232
SEROSITIS,450
SPLENOMEGALY,9232
ANGLE CLOSURE GLAUCOMA,1812
BREAST DISORDER,1604
EPISTAXIS,62696
HERPES ZOSTER OPHTHALMIC,15
LACUNAR INFARCTION,1433
OVARIAN CANCER,7405
PAROTID ABSCESS,47
PLASMA CELL MYELOMA,38581
INTRACRANIAL PRESSURE INCREASED,4332
LIMB DISCOMFORT,28594
FIBROSIS,2122
JOINT RANGE OF MOTION DECREASED,11498
NEPHROGENIC SYSTEMIC FIBROSIS,1246
SCLERODACTYLIA,62
SKIN FIBROSIS,194
SKIN FISSURES,17762
SKIN HYPERTROPHY,2170
SKIN INDURATION,1501
SKIN TIGHTNESS,3831
SYNOVITIS,17088
CEREBRAL HAEMATOMA,2680
JAUNDICE CHOLESTATIC,2492
EMPHYSEMA,7517
EYE PENETRATION,35
HAEMANGIOMA,1753
LUNG CANCER METASTATIC,2179
METASTASES TO LYMPH NODES,5624
PROSTATOMEGALY,3363
SKIN INFECTION,9797
AGRANULOCYTOSIS,14818
BENIGN INTRACRANIAL HYPERTENSION,595
HELICOBACTER INFECTION,9273
FOOD POISONING,4615
APPENDICITIS,7672
FACIAL WASTING,197
ABSCESS ORAL,1063
ACTINOMYCES TEST POSITIVE,102
BILIARY COLIC,2098
CORONARY ARTERY STENOSIS,2783
DIARRHOEA HAEMORRHAGIC,7461
EYELID CYST,225
GASTROINTESTINAL ANGIODYSPLASIA,357
HORDEOLUM,3913
ORTHOPNOEA,2274
PAPILLOMA,250
PLEURAL FIBROSIS,638
PROSTATIC CALCIFICATION,119
PSYCHIATRIC SYMPTOM,5908
PULMONARY ARTERIAL HYPERTENSION,13182
PULMONARY ARTERY DILATATION,289
SEBORRHOEIC KERATOSIS,1190
ADAMS-STOKES SYNDROME,97
MENINGISM,321
VIRAL PHARYNGITIS,330
KERATITIS,2416
CHEST X-RAY ABNORMAL,1773
CYTOMEGALOVIRUS INFECTION,13548
SYSTEMIC INFLAMMATORY RESPONSE SYNDROME,3047
BLEPHARITIS,3383
CARCINOID TUMOUR,650
CHOLECYSTITIS CHRONIC,2313
ENDOMETRIOSIS,4056
HEPATIC LESION,3568
INTESTINAL POLYP,1338
MALIGNANT NEOPLASM OF UTERINE ADNEXA,9
PILONIDAL CYST,371
POLYCYSTIC OVARIES,1270
VITAMIN B12 DEFICIENCY,3347
ADENOCARCINOMA,1772
ANAEMIA MACROCYTIC,1512
CARTILAGE INJURY,2029
HIP DYSPLASIA,13
ABDOMINAL SEPSIS,700
CHOLECYSTITIS,8524
INCISIONAL HERNIA,1085
OROPHARYNGEAL PAIN,81073
ORGANISING PNEUMONIA,4337
GROSS MOTOR DELAY,244
MENINGITIS BACTERIAL,1148
SUPRAVALVULAR AORTIC STENOSIS,25
ASPLENIA,83
ATRIOVENTRICULAR SEPTAL DEFECT,390
GLOMERULONEPHRITIS,1934
HETEROTAXIA,149
HYPOPLASTIC LEFT HEART SYNDROME,454
PHAEOCHROMOCYTOMA,440
PULMONARY ARTERY ATRESIA,106
RENAL HYPERTROPHY,99
CONGENITAL PULMONARY ARTERY ANOMALY,71
CONGENITAL PULMONARY VALVE ATRESIA,153
LAEVOCARDIA,65
NEONATAL RESPIRATORY DISTRESS SYNDROME,2537
PULMONARY VASCULAR DISORDER,347
VASCULAR ANOMALY,21
ELLIPTOCYTOSIS HEREDITARY,1
STAPHYLOCOCCAL BACTERAEMIA,3438
DILATATION ATRIAL,356
MITRAL VALVE DISEASE,1177
RIGHT VENTRICULAR HYPERTROPHY,697
PERTUSSIS,900
SPUTUM DISCOLOURED,8399
TRACHEITIS,624
KNEE ARTHROPLASTY,17981
SHOULDER ARTHROPLASTY,2413
GENITOURINARY TRACT INFECTION,235
IMMUNOGLOBULINS DECREASED,1251
UROSEPSIS,7581
PERITONEAL DIALYSIS,515
QUADRIPLEGIA,1562
BLOOD GLUCOSE FLUCTUATION,8019
DRUG-INDUCED LIVER INJURY,30282
SERUM FERRITIN DECREASED,1487
GASTROINTESTINAL FISTULA,762
ADENOCARCINOMA GASTRIC,910
BLOOD CREATINE PHOSPHOKINASE INCREASED,17748
GASTRIC ULCER HAEMORRHAGE,3976
RENAL CANCER,46785
ACUTE RESPIRATORY FAILURE,16325
BLOOD CULTURE POSITIVE,1234
CATHETER SITE INFECTION,3242
SHOCK,16830
HYPERSPLENISM,404
MUSCLE FATIGUE,3556
TENDERNESS,8622
EAR HAEMORRHAGE,1683
EUSTACHIAN TUBE DYSFUNCTION,447
FEELING JITTERY,13938
GASTROINTESTINAL MUCOSAL DISORDER,481
GINGIVAL HYPERPLASIA,253
GINGIVAL OEDEMA,127
IMPETIGO,1161
LARYNGEAL OEDEMA,4513
LUNG INFILTRATION,5017
MELANOCYTIC NAEVUS,3787
MORTON'S NEUROMA,20
MUCOSAL DRYNESS,1621
ORAL HERPES,17235
OROPHARYNGEAL PLAQUE,344
RHEUMATIC HEART DISEASE,75
SJOGREN'S SYNDROME,4414
SUBGALEAL HAEMATOMA,161
THYROID ADENOMA,138
TOOTH IMPACTED,355
TRIGONITIS,8
VIRAL INFECTION,27634
VITREOUS HAEMORRHAGE,2147
IMMUNE SYSTEM DISORDER,11444
INSULIN-LIKE GROWTH FACTOR DECREASED,476
ANTIPSYCHOTIC DRUG LEVEL INCREASED,2185
"HALLUCINATION, VISUAL",16158
HEPATITIS C,9501
ATTENTION DEFICIT/HYPERACTIVITY DISORDER,2284
CHAPPED LIPS,3456
CHEILITIS,3964
INGROWN HAIR,593
SKIN IRRITATION,43626
XEROSIS,1042
NECK INJURY,2245
DERMATITIS BULLOUS,5465
LIVER INJURY,21241
MANIA,11604
PAINFUL DEFAECATION,421
DIASTOLIC DYSFUNCTION,2280
GASTROINTESTINAL OBSTRUCTION,2100
MUSCLE TWITCHING,17579
MYOCARDIAL ISCHAEMIA,6998
NON-CARDIAC CHEST PAIN,2045
BODY TEMPERATURE DECREASED,8073
COMPLICATION OF DEVICE INSERTION,17599
BLOOD PRESSURE DIASTOLIC DECREASED,5899
CALCIUM IONISED DECREASED,177
CLOSTRIDIUM DIFFICILE INFECTION,21389
VITAMIN D DEFICIENCY,8569
LUPUS-LIKE SYNDROME,7206
BLOOD PRESSURE ABNORMAL,17730
ARTERIOSPASM CORONARY,3014
ELECTROCARDIOGRAM ST SEGMENT ELEVATION,2184
HAEMOPTYSIS,22351
ABNORMAL FAECES,7017
BILE DUCT STONE,2386
INDURATION,1353
INJECTION SITE INDURATION,10057
CENTRAL NERVOUS SYSTEM LESION,11950
INTENTION TREMOR,405
MENINGITIS VIRAL,1015
RETROPERITONEAL HAEMORRHAGE,1605
BLOOD MAGNESIUM DECREASED,7284
MEAN CELL HAEMOGLOBIN DECREASED,1658
PLATELET COUNT INCREASED,10371
PROSTATIC SPECIFIC ANTIGEN INCREASED,12331
RED CELL DISTRIBUTION WIDTH INCREASED,3759
COLON NEOPLASM,769
BACTERAEMIA,9786
EXCORIATION,912
FRUSTRATION,2442
BONE DENSITY ABNORMAL,3619
MENIERE'S DISEASE,1091
OVARIAN ENLARGEMENT,253
CLOSTRIDIUM DIFFICILE COLITIS,8634
HYPERTROPHIC ANAL PAPILLA,16
PROCTOCOLITIS,13
SERUM SICKNESS,1852
HIDRADENITIS,8453
JOINT LOCK,2391
RESPIRATORY TRACT CONGESTION,13668
INCISION SITE INFECTION,585
PARAPARESIS,1359
PROTEIN URINE PRESENT,3887
WOUND DRAINAGE,470
HYPERBILIRUBINAEMIA,8295
ACUTE LYMPHOCYTIC LEUKAEMIA,2291
TORSADE DE POINTES,5541
VENTRICULAR FIBRILLATION,7473
OESOPHAGEAL VARICES HAEMORRHAGE,1739
PORTAL VEIN THROMBOSIS,2494
COLORECTAL CANCER METASTATIC,2098
NO THERAPEUTIC RESPONSE,7315
WRIST FRACTURE,9869
ROAD TRAFFIC ACCIDENT,32233
INTERNATIONAL NORMALISED RATIO INCREASED,16403
PANCREATIC PSEUDOCYST,486
PANCREATITIS ACUTE,16953
RENAL ABSCESS,651
CEREBRAL HAEMORRHAGE,28757
CEREBRAL VASOCONSTRICTION,628
HEMIANOPIA,689
POSTERIOR REVERSIBLE ENCEPHALOPATHY SYNDROME,8896
RETROPERITONEAL ABSCESS,235
ENTEROVESICAL FISTULA,577
ILL-DEFINED DISORDER,52692
PERICOLIC ABSCESS,2
CARDIOPULMONARY FAILURE,2748
CRANIOCEREBRAL INJURY,2850
SEPTIC SHOCK,35045
SUBDURAL HAEMATOMA,11739
VARICOSE VEIN,4258
EPIDERMAL GROWTH FACTOR RECEPTOR DECREASED,16
GLOMERULAR FILTRATION RATE DECREASED,10845
MEAN CELL VOLUME INCREASED,2176
ANAL HAEMORRHAGE,2258
BLOOD IRON DECREASED,10596
BLOOD PRESSURE FLUCTUATION,21183
INJECTION SITE PRURITUS,54564
MANTLE CELL LYMPHOMA,1325
TUMOUR FLARE,542
ANAPHYLACTOID REACTION,2570
AORTIC THROMBOSIS,868
HEPATIC INFARCTION,251
HYPERAMMONAEMIA,3995
HYPERPYREXIA,3624
HYPOPHOSPHATAEMIA,6150
SPLENIC INFARCTION,1349
ZYGOMYCOSIS,189
GUILLAIN-BARRE SYNDROME,3765
POLYNEUROPATHY,10068
INJECTION SITE ERYTHEMA,97129
INJECTION SITE SWELLING,62599
INJECTION SITE WARMTH,15066
REACTION TO PRESERVATIVES,696
POOR VENOUS ACCESS,9099
INJECTION SITE BRUISING,73529
DRY THROAT,8411
ABORTION SPONTANEOUS,30148
FEAR,16947
INSULIN-REQUIRING TYPE 2 DIABETES MELLITUS,180
KAPOSI'S SARCOMA,2694
GENERAL PHYSICAL CONDITION ABNORMAL,5734
IMMUNE RECONSTITUTION INFLAMMATORY SYNDROME,4941
IMPAIRED GASTRIC EMPTYING,11401
PERITONITIS,16885
SOCIAL PHOBIA,133
BLOOD LACTATE DEHYDROGENASE INCREASED,9852
HEPATITIS B,4498
LEFT VENTRICULAR FAILURE,2420
MARROW HYPERPLASIA,406
MYOSITIS,6865
OXYGEN SATURATION DECREASED,47643
POLYMYOSITIS,1282
RALES,4384
PARESIS,1584
BLOOD CREATINE PHOSPHOKINASE MB INCREASED,583
BLOOD URIC ACID INCREASED,4560
HODGKIN'S DISEASE,3019
HOMICIDAL IDEATION,2087
MOOD SWINGS,23934
RUPTURED CEREBRAL ANEURYSM,463
SHUNT INFECTION,179
RENAL INJURY,26520
SLUGGISHNESS,8451
CEREBROVASCULAR ARTERIOVENOUS MALFORMATION,64
POST PROCEDURAL COMPLICATION,12721
NEOPLASM MALIGNANT,56954
CEREBRAL TOXOPLASMOSIS,746
DISSEMINATED CYTOMEGALOVIRAL INFECTION,176
ENCEPHALITIS CYTOMEGALOVIRUS,369
AXONAL NEUROPATHY,704
BRONCHIOLITIS,2751
CSF PROTEIN INCREASED,457
GRANULOMATOSIS WITH POLYANGIITIS,1175
LUNG ABSCESS,1647
PARANEOPLASTIC SYNDROME,443
PLEURISY,4273
PULMONARY NECROSIS,235
CONCUSSION,6594
METABOLIC SYNDROME,1148
PHYSICAL ASSAULT,1172
POST-TRAUMATIC AMNESTIC DISORDER,51
DIHYDROPYRIMIDINE DEHYDROGENASE DEFICIENCY,131
LOCALISED OEDEMA,3610
TERMINAL STATE,6032
PHLEBITIS,3548
COLORECTAL CANCER STAGE I,2092
LUNG ADENOCARCINOMA,2519
FLUID INTAKE REDUCED,3917
RETROPERITONEAL LYMPHADENOPATHY,463
BLOOD THYROID STIMULATING HORMONE INCREASED,7732
BACK INJURY,8930
PULMONARY FUNCTION TEST DECREASED,3944
CONJUNCTIVAL HYPERAEMIA,2852
CONJUNCTIVAL OEDEMA,742
GENITAL HERPES,1234
ORAL MUCOSA EROSION,977
URINE KETONE BODY PRESENT,1240
ACTINIC ELASTOSIS,64
AORTIC VALVE SCLEROSIS,400
BONE DEFORMITY,639
DEMENTIA,23869
DIAPHRAGMATIC DISORDER,561
FUNGAL INFECTION,28330
GASTROENTERITIS,11243
HYPERCALCAEMIA,9842
MITRAL VALVE SCLEROSIS,103
PEDAL PULSE ABNORMAL,45
PERIPHERAL ARTERIAL OCCLUSIVE DISEASE,3386
PERIPHERAL VASCULAR DISORDER,3393
POLYCYSTIC LIVER DISEASE,91
RECTAL ADENOMA,49
RECTAL PROLAPSE,971
VASCULITIS,8625
VENOUS THROMBOSIS,2996
GASTROENTERITIS VIRAL,15709
BLOOD BILIRUBIN INCREASED,18368
EYE IRRITATION,49545
HEPATIC ENZYME INCREASED,55598
INJECTION SITE OEDEMA,1350
KIDNEY INFECTION,16860
NECROSIS,3885
POLYDIPSIA,2787
CHOLECYSTITIS INFECTIVE,2258
RASH PAPULAR,18100
ARNOLD-CHIARI MALFORMATION,762
CERVICAL DYSPLASIA,1579
DUODENAL ULCER,5108
HUMERUS FRACTURE,3834
HYPERGLOBULINAEMIA,31
PHYSICAL DISABILITY,3883
PYURIA,685
TOOTH LOSS,18831
ABDOMINAL MASS,2141
LOCALISED INTRAABDOMINAL FLUID COLLECTION,296
BRADYARRHYTHMIA,1146
EPSTEIN-BARR VIRUS INFECTION,5057
METASTATIC LYMPHOMA,373
MYCOSIS FUNGOIDES,521
ADULT T-CELL LYMPHOMA/LEUKAEMIA,401
GRAFT VERSUS HOST DISEASE,5124
KLEBSIELLA INFECTION,4097
PSEUDOMONAS INFECTION,6657
TRACHEAL DISORDER,406
ANAPHYLACTIC REACTION,44798
PNEUMONIA STAPHYLOCOCCAL,1337
PULMONARY HAEMORRHAGE,5701
INVASIVE LOBULAR BREAST CARCINOMA,506
BLOOD CREATININE DECREASED,2551
BLOOD PHOSPHORUS DECREASED,2982
LIPASE INCREASED,5570
PRESYNCOPE,20283
CHRONIC GRAFT VERSUS HOST DISEASE,2895
LYMPHOCYTE COUNT DECREASED,15780
THROMBOTIC MICROANGIOPATHY,8447
LEFT VENTRICULAR DYSFUNCTION,5348
ADRENAL DISORDER,1597
BLOOD URINE PRESENT,15549
FEELING COLD,22268
HEMIPARESIS,12737
HEPATIC MASS,1647
LIVER SCAN ABNORMAL,115
PERICARDIAL CALCIFICATION,40
SUPERIOR VENA CAVA SYNDROME,556
THORACIC VERTEBRAL FRACTURE,2504
VENA CAVA THROMBOSIS,1230
COMPLICATION OF DELIVERY,207
FEAR OF FALLING,712
INJECTION SITE RASH,25772
SENSORY DISTURBANCE,12198
SMALL INTESTINAL RESECTION,1016
SMALL INTESTINAL STENOSIS,903
TEMPERATURE INTOLERANCE,8799
CONCOMITANT DISEASE PROGRESSION,1162
DIABETIC RETINOPATHY,2465
MACULAR FIBROSIS,649
ARTERIAL DISORDER,1299
LIBIDO DECREASED,9398
THERAPEUTIC RESPONSE UNEXPECTED,40578
CORONARY ARTERY OCCLUSION,8662
PHOBIA,822
HEART TRANSPLANT,731
GASTRIC DISORDER,29070
DEVICE RELATED SEPSIS,1824
HAEMODIALYSIS,3552
NIGHT SWEATS,26885
NOSOCOMIAL INFECTION,1721
METASTASES TO PERITONEUM,2205
UPPER LIMB FRACTURE,16603
DIABETES MELLITUS INADEQUATE CONTROL,13269
BACTERIAL SEPSIS,2450
MEGACOLON,1220
PERITONITIS BACTERIAL,8011
PSEUDOMEMBRANOUS COLITIS,1507
PAPILLOEDEMA,3419
POOR QUALITY DRUG ADMINISTERED,4908
CARDIAC VALVE DISEASE,4073
DECREASED ACTIVITY,9184
NASAL DISCOMFORT,6345
HEAD DISCOMFORT,16288
PAROSMIA,5788
VENOUS OCCLUSION,1407
ALANINE AMINOTRANSFERASE DECREASED,557
BLOOD ALBUMIN DECREASED,5077
BLOOD BILIRUBIN DECREASED,551
BLOOD CHLORIDE DECREASED,1347
BLOOD UREA DECREASED,790
EOSINOPHIL COUNT DECREASED,2100
MEAN CELL HAEMOGLOBIN INCREASED,1481
MEAN PLATELET VOLUME DECREASED,745
METAMYELOCYTE COUNT INCREASED,125
MONOCYTE COUNT DECREASED,1024
MYELOCYTE COUNT INCREASED,169
PROMYELOCYTE COUNT INCREASED,33
ACUTE GRAFT VERSUS HOST DISEASE IN SKIN,2130
INFUSION SITE REACTION,2501
DEVICE RELATED INFECTION,13451
BLOOD CALCIUM INCREASED,7024
BLOOD PRESSURE,85
ENERGY INCREASED,4761
BLOODY DISCHARGE,887
CERVICITIS,294
CUTIS LAXA,183
FOOT FRACTURE,15876
HICCUPS,6318
HYPERTRIGLYCERIDAEMIA,4479
LEIOMYOMA,545
MEDULLOBLASTOMA,91
METASTASES TO PELVIS,611
NAIL AVULSION,179
NEUROFIBROMA,109
SNORING,3066
SUBCUTANEOUS ABSCESS,3891
UTERINE CERVICAL SQUAMOUS METAPLASIA,19
HAIR COLOUR CHANGES,11893
MUSCLE TIGHTNESS,12957
COMPLICATIONS OF TRANSPLANTED KIDNEY,1541
HODGKIN'S DISEASE NODULAR SCLEROSIS STAGE II,19
COCCYDYNIA,1319
HEPATIC PAIN,3549
VITAMIN B12 DECREASED,2483
INTRADUCTAL PROLIFERATIVE BREAST LESION,1243
ELECTROCARDIOGRAM QT PROLONGED,29873
GRAND MAL CONVULSION,1780
PROCEDURAL PAIN,23988
TENSION HEADACHE,3721
METASTATIC CARCINOID TUMOUR,90
BREAST CANCER RECURRENT,2475
DEFAECATION URGENCY,6259
INJECTION SITE MASS,34460
MALABSORPTION,4561
OESOPHAGEAL PAIN,2848
SERUM SEROTONIN INCREASED,287
ENCEPHALOPATHY,19170
ANTINUCLEAR ANTIBODY INCREASED,699
DNA ANTIBODY POSITIVE,134
CRANIAL NERVE DISORDER,544
CRYING,26522
SEASONAL ALLERGY,13192
ANTITHROMBIN III DEFICIENCY,64
DRUG PRESCRIBING ERROR,15638
INTERNATIONAL NORMALISED RATIO FLUCTUATION,1391
POISONING,9033
JUVENILE MELANOMA BENIGN,58
ONYCHOMADESIS,3641
DEMYELINATION,2969
ABNORMAL SENSATION IN EYE,2937
BLOOD GROWTH HORMONE DECREASED,160
EYE HAEMORRHAGE,10413
NIPPLE EXUDATE BLOODY,135
OCULAR DISCOMFORT,10372
PERICARDITIS,14649
INCISION SITE COMPLICATION,469
MUSCULOSKELETAL DISCOMFORT,14773
TRANSITIONAL CELL CARCINOMA,1104
LOBAR PNEUMONIA,492
GLOSSODYNIA,18747
INTESTINAL GANGRENE,88
LARYNGEAL DISORDER,544
LOSS OF CONTROL OF LEGS,2658
PEPTIC ULCER,2366
UPPER RESPIRATORY TRACT CONGESTION,2294
URINE ANALYSIS ABNORMAL,2373
CARDIAC TAMPONADE,3767
PERIPHERAL ARTERY STENOSIS,469
PERIPHERAL ISCHAEMIA,2994
SPINAL OPERATION,11564
MATERNAL EXPOSURE DURING PREGNANCY,82178
GASTRIC HAEMORRHAGE,8728
OXYGEN CONSUMPTION DECREASED,523
ANKLE FRACTURE,12648
POLYARTHRITIS,4400
SKIN HYPOPIGMENTATION,1573
URAEMIC ENCEPHALOPATHY,257
SUPRAVENTRICULAR TACHYCARDIA,6845
INJECTION SITE SCAR,2495
SENSATION OF HEAVINESS,1180
VENOUS INJURY,780
WEIGHT FLUCTUATION,9460
RECTAL STENOSIS,287
PERIORBITAL CONTUSION,291
SKIN WARM,4707
WRONG TECHNIQUE IN DRUG USAGE PROCESS,20348
PERITONEAL LESION,64
SPINAL CORD INJURY,1516
TENSION,4751
NAIL DISORDER,7449
NAIL RIDGING,498
ONYCHOCLASIS,6214
STREPTOCOCCAL SEPSIS,867
LABORATORY TEST INTERFERENCE,487
SCHIZOPHRENIA,10406
"SCHIZOPHRENIA, PARANOID TYPE",149
ACCESSORY CARDIAC PATHWAY,17
ELECTROCARDIOGRAM PR SHORTENED,164
ELECTROCARDIOGRAM DELTA WAVES ABNORMAL,13
LEG AMPUTATION,3034
APNOEA,5386
BONE SWELLING,803
BREAST HAEMORRHAGE,278
GLUCOSE TOLERANCE IMPAIRED,4651
THROAT TIGHTNESS,20785
INTESTINAL INFARCTION,528
PNEUMONIA PNEUMOCOCCAL,1134
SUTURE RUPTURE,571
INAPPROPRIATE SCHEDULE OF DRUG ADMINISTRATION,63754
DISSEMINATED TUBERCULOSIS,1830
JUGULAR VEIN DISTENSION,373
PEPTIC ULCER HAEMORRHAGE,533
THERAPEUTIC RESPONSE DECREASED,50008
GALACTORRHOEA,5395
GLYCOSURIA,935
BRAIN INJURY,8954
BLINDNESS TRANSIENT,5699
BRAIN NEOPLASM,7750
EPILEPSY,25026
FOAMING AT MOUTH,1475
MYOCLONUS,8804
PITUITARY TUMOUR,1168
EXTRAPULMONARY TUBERCULOSIS,271
DRUG DISPENSING ERROR,10914
GASTROINTESTINAL CARCINOMA,8579
CEREBRAL ISCHAEMIA,3297
CONJUNCTIVAL PALLOR,136
EUPHORIC MOOD,7676
HYPOCHROMIC ANAEMIA,779
INAPPROPRIATE AFFECT,1138
LOGORRHOEA,2521
ORTHOSTATIC HYPOTENSION,13384
SCRATCH,9190
TARDIVE DYSKINESIA,10442
TONGUE SPASM,243
ATRIOVENTRICULAR BLOCK FIRST DEGREE,2977
CEREBELLAR SYNDROME,1527
FEELING DRUNK,5577
NEUROTOXICITY,15199
ROMBERG TEST POSITIVE,131
SUBARACHNOID HAEMORRHAGE,8218
RENAL PAIN,8571
SENSATION OF PRESSURE,241
THYROID FUNCTION TEST ABNORMAL,3175
PRE-ECLAMPSIA,3712
INJECTION SITE SCAB,829
NEPHROPATHY TOXIC,9322
ANAL PRURITUS,1700
PARACENTESIS,544
SCROTAL INFECTION,174
SCROTAL PAIN,408
ALCOHOL WITHDRAWAL SYNDROME,613
ALCOHOLISM,3430
BINOCULAR EYE MOVEMENT DISORDER,203
DISTURBANCE IN ATTENTION,42133
SEBORRHOEIC DERMATITIS,1370
JOINT CONTRACTURE,649
DEATH OF RELATIVE,257
DYSTONIA,9657
SOMNAMBULISM,4873
TEMPOROMANDIBULAR JOINT SYNDROME,1986
ACROMEGALY,265
BLOOD CHOLESTEROL DECREASED,1563
BLOOD GROWTH HORMONE INCREASED,518
BLOOD PROLACTIN ABNORMAL,804
FEELINGS OF WORTHLESSNESS,1015
FORMICATION,5147
HAIR DISORDER,7823
INSULIN-LIKE GROWTH FACTOR INCREASED,1351
LACTOSE INTOLERANCE,2192
PRODUCT PHYSICAL ISSUE,19587
HAEMORRHAGE SUBCUTANEOUS,2878
CENTRAL OBESITY,635
DEAFNESS UNILATERAL,4168
BUNDLE BRANCH BLOCK LEFT,2779
PULMONARY ALVEOLAR HAEMORRHAGE,4650
RESPIRATORY RATE INCREASED,6183
LUMBAR RADICULOPATHY,798
BLEEDING TIME PROLONGED,837
PLATELET AGGREGATION ABNORMAL,111
PLATELET DISORDER,2131
POST PROCEDURAL HAEMORRHAGE,8564
MYELODYSPLASTIC SYNDROME,10984
ESSENTIAL TREMOR,856
MENSTRUAL DISORDER,6488
MEDICATION ERROR,36159
SECONDARY PROGRESSIVE MULTIPLE SCLEROSIS,1606
HYPERMETABOLISM,462
LUMBAR SPINAL STENOSIS,2210
SPONDYLOLYSIS,141
NON-SMALL CELL LUNG CANCER,4012
TRACHEO-OESOPHAGEAL FISTULA,489
BLOOD TESTOSTERONE DECREASED,5954
MEAN CELL HAEMOGLOBIN CONCENTRATION DECREASED,1545
RED BLOOD CELLS URINE POSITIVE,746
WHITE BLOOD CELLS URINE POSITIVE,1420
ABSCESS FUNGAL,134
HERPES SIMPLEX,4247
LIVER ABSCESS,2689
ACUTE RESPIRATORY DISTRESS SYNDROME,13013
METASTASES TO SPLEEN,352
MATERNAL DRUGS AFFECTING FOETUS,2916
ANTIPSYCHOTIC DRUG LEVEL ABOVE THERAPEUTIC,677
LARYNGITIS,9118
GASTRIC MUCOSAL LESION,574
POSTOPERATIVE WOUND INFECTION,5812
BIPOLAR DISORDER,7607
EXTRAPYRAMIDAL DISORDER,9638
DELIRIUM,27376
DRUG EFFECT PROLONGED,355
HANGOVER,2784
LEUKAEMIA IN REMISSION,42
PULMONARY FIBROSIS,15411
WEANING FAILURE,275
5-HYDROXYINDOLACETIC ACID INCREASED,57
BLOOD CHROMOGRANIN A INCREASED,393
BLOOD TEST ABNORMAL,12736
ERUCTATION,15336
HEPATIC CANCER,23959
CARDIOVASCULAR DISORDER,14411
PRURITUS GENERALISED,15333
TIBIA FRACTURE,3788
BALLISMUS,140
INFECTED SKIN ULCER,1543
HYPOGLYCAEMIC UNCONSCIOUSNESS,1278
SHOCK HYPOGLYCAEMIC,267
LOW DENSITY LIPOPROTEIN DECREASED,1253
ADVERSE EVENT,78091
BREAST PAIN,8248
TONGUE DISCOLOURATION,3331
PHARYNGEAL NEOPLASM,126
PEAU D'ORANGE,263
RASH MACULAR,29349
SKIN MASS,6265
PNEUMONIA BACTERIAL,7933
CRYSTALLURIA,493
BLOOD CALCITONIN DECREASED,21
NO ADVERSE EVENT,162417
PANCREATITIS CHRONIC,1725
INFUSION SITE BRUISING,2062
INFUSION SITE PAIN,11970
MORBID THOUGHTS,728
SECRETION DISCHARGE,11462
MIDDLE INSOMNIA,13822
GLAUCOMA,15817
DAYDREAMING,1310
HEART RATE ABNORMAL,4800
NIGHTMARE,25688
PERIPHERAL ARTERY THROMBOSIS,1392
RADIAL NERVE PALSY,254
ASTERIXIS,722
HEPATIC FIBROSIS,2500
CULTURE URINE POSITIVE,653
HEREDITARY ANGIOEDEMA,10182
SELF-MEDICATION,2537
COMPLEX REGIONAL PAIN SYNDROME,1102
SCLEREMA,76
CORONARY ARTERY BYPASS,4045
RETINAL VASCULAR OCCLUSION,649
ADENOCARCINOMA PANCREAS,1118
DENTAL CARE,1669
SURGERY,50352
VITAMIN D DECREASED,7464
LYMPHADENITIS,1900
ABDOMINAL ABSCESS,3587
INFECTION IN AN IMMUNOCOMPROMISED HOST,397
AUTISM,605
HYPOVOLAEMIC SHOCK,3877
MUCOSAL EROSION,595
ACUTE GENERALISED EXANTHEMATOUS PUSTULOSIS,6301
BRONCHIAL HYPERREACTIVITY,925
VACCINATION SITE CELLULITIS,24
FULL BLOOD COUNT DECREASED,19001
METASTASES TO PANCREAS,381
TRANSFUSION,9767
BK VIRUS INFECTION,3047
CYTOMEGALOVIRUS HEPATITIS,284
EPSTEIN-BARR VIRAEMIA,1004
PRODUCT CONTAMINATION,3059
RENAL TUBULAR ATROPHY,655
LUNG INFILTRATION MALIGNANT,13
INTESTINAL MASS,1164
SEROTONIN SYNDROME,15242
PELVIC VENOUS THROMBOSIS,1131
DYSAESTHESIA,2321
FACIAL PARESIS,2625
SIMPLE PARTIAL SEIZURES,530
AFFECTIVE DISORDER,6444
HERNIA,16714
SYSTEMIC SCLEROSIS,115
SKULL FRACTURE,1265
SPINAL FRACTURE,17068
PSYCHOLOGICAL TRAUMA,8321
THROMBOSIS IN DEVICE,2224
SKIN SWELLING,8003
HISTIOCYTOSIS HAEMATOPHAGIC,1961
HUMAN HERPES VIRUS 6 SEROLOGY POSITIVE,73
HUMAN HERPESVIRUS 7 INFECTION,70
HYPERTHERMIA,5697
TREATMENT NONCOMPLIANCE,44791
GASTROINTESTINAL OEDEMA,1472
THYROID ATROPHY,73
HAEMODIALYSIS COMPLICATION,155
DIFFERENTIAL WHITE BLOOD CELL COUNT ABNORMAL,1541
VIRAL LOAD INCREASED,3342
SUPERFICIAL VEIN PROMINENCE,224
ANTI-INSULIN ANTIBODY,26
CLEAR CELL RENAL CELL CARCINOMA,676
PULMONARY SEPSIS,1310
VENA CAVA INJURY,70
BILIRUBINURIA,60
ASTIGMATISM,1251
AZOTAEMIA,2893
CARDIAC MURMUR FUNCTIONAL,52
HYPERMETROPIA,725
LIPOMA,2068
MITRAL VALVE CALCIFICATION,373
PRESBYOPIA,436
PULMONARY GRANULOMA,806
STRESS FRACTURE,4030
ALTERED STATE OF CONSCIOUSNESS,18066
AMMONIA INCREASED,3794
CRUSH INJURY,75
JOINT WARMTH,1035
LIGAMENT INJURY,841
PERIPHERAL PARALYSIS,212
DIPHYLLOBOTHRIASIS,6
INCORRECT DOSE ADMINISTERED BY DEVICE,24900
INJECTION SITE URTICARIA,20866
NEURITIS,1193
TENDON INJURY,3166
TESTICULAR PAIN,2531
BLOOD GROWTH HORMONE ABNORMAL,109
IMMUNOGLOBULINS INCREASED,341
ANURIA,6058
AORTIC CALCIFICATION,372
ARRHYTHMIA SUPRAVENTRICULAR,674
ATRIAL FLUTTER,5979
DILATATION VENTRICULAR,885
GALLBLADDER DISORDER,11450
HEPATIC CONGESTION,415
INFERIOR VENA CAVA DILATATION,189
POST TRANSPLANT LYMPHOPROLIFERATIVE DISORDER,4851
RIGHT ATRIAL DILATATION,348
RIGHT ATRIAL PRESSURE INCREASED,70
RIGHT VENTRICULAR FAILURE,5652
RIGHT VENTRICULAR SYSTOLIC PRESSURE DECREASED,49
SUPRAVENTRICULAR EXTRASYSTOLES,2124
TROPONIN INCREASED,6072
SUBILEUS,1519
ESCHERICHIA URINARY TRACT INFECTION,3351
HEAD INJURY,25597
HEPATITIS TOXIC,1741
MYOCARDIAL HAEMORRHAGE,78
INTRACARDIAC THROMBUS,2069
VASOGENIC CEREBRAL OEDEMA,637
CHOKING SENSATION,4407
DIAPHRAGMALGIA,310
PULMONARY INFARCTION,1505
ENZYME LEVEL INCREASED,825
HYPERCHLORHYDRIA,5245
GLOMERULAR FILTRATION RATE INCREASED,744
MULTIPLE ALLERGIES,6879
CEREBRAL ARTERY EMBOLISM,897
CEREBRAL ARTERY THROMBOSIS,382
ISCHAEMIC STROKE,14830
INCORRECT DRUG ADMINISTRATION DURATION,21455
TESTICULAR ATROPHY,733
LEUKOCYTOCLASTIC VASCULITIS,183
ADRENAL NEOPLASM,347
TORTICOLLIS,1578
BILE DUCT STENOSIS,913
LIVER TRANSPLANT REJECTION,1206
ACINETOBACTER INFECTION,798
IGA NEPHROPATHY,1471
NEPHRITIC SYNDROME,240
TUBERCULOUS PLEURISY,343
ACUTE LYMPHOCYTIC LEUKAEMIA RECURRENT,2419
SKIN OEDEMA,722
NEUTROPENIC SEPSIS,5549
ANTINUCLEAR ANTIBODY POSITIVE,1815
BLEEDING VARICOSE VEIN,469
PORTAL HYPERTENSION,2346
PULMONARY ARTERIAL WEDGE PRESSURE INCREASED,126
RESTRICTIVE PULMONARY DISEASE,915
TELANGIECTASIA,769
VASCULAR RESISTANCE SYSTEMIC INCREASED,30
STAPHYLOCOCCAL SEPSIS,3354
PSYCHOTIC BEHAVIOUR,774
PSYCHOTIC DISORDER,21056
HYPERTENSIVE ENCEPHALOPATHY,383
JUVENILE IDIOPATHIC ARTHRITIS,2418
POST THROMBOTIC SYNDROME,319
PULMONARY MYCOSIS,574
PIGMENTATION DISORDER,5159
THIRST,14720
TONGUE DRY,1064
WITHDRAWAL SYNDROME,35845
RESPIRATORY ARREST,16527
LOWER LIMB FRACTURE,16274
SPLENIC RUPTURE,1293
RESPIRATORY TRACT OEDEMA,662
BLADDER TRANSITIONAL CELL CARCINOMA,1141
THROMBOSIS MESENTERIC VESSEL,183
ADRENAL CYST,88
CYST RUPTURE,579
KLEBSIELLA TEST POSITIVE,542
URINARY TRACT INFECTION BACTERIAL,2213
RESUSCITATION,1020
IMMOBILE,3337
"HALLUCINATIONS, MIXED",3257
ADENOIDAL DISORDER,212
ANAEMIA POSTOPERATIVE,951
ANGINA UNSTABLE,4084
ANORGASMIA,2068
APPENDIX DISORDER,1089
BLOOD THYROID STIMULATING HORMONE DECREASED,3765
BONE CONTUSION,895
CORNEAL ABRASION,1077
CYST REMOVAL,432
DRUG INTOLERANCE,90076
EXERCISE TEST ABNORMAL,30
FALLOPIAN TUBE DISORDER,214
FRACTURE NONUNION,1005
INTERVERTEBRAL DISC OPERATION,966
LEUKOPLAKIA,162
LUMBAR VERTEBRAL FRACTURE,3859
MYELITIS,1272
ORAL HAIRY LEUKOPLAKIA,33
ORAL LICHEN PLANUS,409
POST-TRAUMATIC NECK SYNDROME,738
SEXUAL DYSFUNCTION,9402
SPINAL FUSION SURGERY,3398
SYNOVIAL CYST,3934
TRICHOTILLOMANIA,473
UTERINE DISORDER,1701
VENTRICULAR DYSFUNCTION,1380
WHITE BLOOD CELLS URINE,221
POOR QUALITY SLEEP,18379
BLOOD CHLORIDE INCREASED,1146
MEAN CELL HAEMOGLOBIN CONCENTRATION INCREASED,490
GASTROINTESTINAL STOMA COMPLICATION,1381
MUCOSAL HAEMORRHAGE,899
OESOPHAGEAL CANDIDIASIS,3111
BURNS FIRST DEGREE,203
BURNS THIRD DEGREE,809
OVARIAN CYST RUPTURED,991
TRANSVERSE SINUS THROMBOSIS,352
EYE DISORDER,27294
HAEMATOSPERMIA,532
LORDOSIS,313
MENISCUS INJURY,6079
POLYMYALGIA RHEUMATICA,2544
QRS AXIS ABNORMAL,495
TENDON CALCIFICATION,142
HYPOGAMMAGLOBULINAEMIA,5798
ACNE,70698
ENGRAFT FAILURE,190
INCORRECT ROUTE OF DRUG ADMINISTRATION,23525
OLIGOMENORRHOEA,1269
BRAIN HERNIATION,2227
GLIOBLASTOMA MULTIFORME,546
PUPILS UNEQUAL,715
VENTRICULAR ARRHYTHMIA,2863
LOW BIRTH WEIGHT BABY,7694
WALKING DISABILITY,1754
FEAR OF NEEDLES,37
FEELING OF BODY TEMPERATURE CHANGE,4895
MULTIPLE FRACTURES,15242
SUICIDAL BEHAVIOUR,3077
ULNA FRACTURE,773
DIALYSIS,9720
FOOD AVERSION,1375
THROMBOPHLEBITIS SUPERFICIAL,2214
ARTHROPOD BITE,6186
EPIGASTRIC DISCOMFORT,3310
RECTAL ABSCESS,1385
ABDOMINAL RIGIDITY,2177
ANGIOMYOLIPOMA,159
BULLOUS LUNG DISEASE,65
CAPSULAR CONTRACTURE ASSOCIATED WITH BREAST IMPLANT,29
GALLBLADDER POLYP,592
HYDROCHOLECYSTIS,149
INTERVERTEBRAL DISC DISPLACEMENT,375
JOINT ANKYLOSIS,499
LYME DISEASE,2848
METASTASES TO NASAL SINUSES,16
PECTUS EXCAVATUM,165
PREAURICULAR CYST,28
URINE FLOW DECREASED,1810
VENOUS THROMBOSIS LIMB,1581
FEMORAL ARTERY OCCLUSION,116
VASCULAR GRAFT OCCLUSION,215
INJECTION SITE DISCOLOURATION,10741
INJECTION SITE HAEMATOMA,2932
SCIATIC NERVE INJURY,703
COMPLICATION OF DEVICE REMOVAL,16271
PREGNANCY WITH CONTRACEPTIVE DEVICE,6548
BREATH HOLDING,326
NEOPLASM RECURRENCE,2708
PANCREATIC NEOPLASM,991
INJECTION SITE LACERATION,530
MYDRIASIS,9337
TUMOUR HAEMORRHAGE,2405
HYPERPHAGIA,3070
VOMITING IN PREGNANCY,245
EYE OEDEMA,1892
GASTRIC PERFORATION,2236
GASTROINTESTINAL ULCER,1624
RETINAL VEIN OCCLUSION,2109
RETINAL ARTERY OCCLUSION,2038
HEPATOCELLULAR CARCINOMA,7531
VASCULAR OCCLUSION,1571
PARALYSIS,10900
AGE-RELATED MACULAR DEGENERATION,1400
BLINDNESS UNILATERAL,10806
CONJUNCTIVAL HAEMORRHAGE,2913
ABDOMINAL SYMPTOM,609
EAR DISORDER,3850
HYPOAESTHESIA ORAL,11540
MENSTRUATION IRREGULAR,17925
SINUS CONGESTION,11082
EYE MOVEMENT DISORDER,5326
METAMORPHOPSIA,1495
ROSACEA,4025
SKIN HYPERPIGMENTATION,7141
HYPERPARATHYROIDISM,1526
HYPOPARATHYROIDISM,647
LEARNING DISABILITY,5216
EXFOLIATIVE RASH,2064
EXTREMITY CONTRACTURE,449
INTESTINAL STENOSIS,3663
INFUSION SITE CELLULITIS,472
BREATH SOUNDS ABNORMAL,4171
ENTEROCOCCAL SEPSIS,579
BENIGN NEOPLASM,935
LOWER EXTREMITY MASS,402
ACUTE MYELOID LEUKAEMIA,12255
VITAMIN B COMPLEX DEFICIENCY,643
ATYPICAL MYCOBACTERIAL INFECTION,1169
OPPORTUNISTIC INFECTION,1402
MENOPAUSE,2032
BLOOD CHOLESTEROL ABNORMAL,3652
BLOOD PRESSURE INADEQUATELY CONTROLLED,3426
CARDIAC FAILURE ACUTE,5652
HYPERTENSIVE CRISIS,9003
INTRACRANIAL VENOUS SINUS THROMBOSIS,662
PARAPROTEINAEMIA,234
SUDDEN HEARING LOSS,1603
CENTRAL NERVOUS SYSTEM LYMPHOMA,1165
CRANIOPHARYNGIOMA,186
CHRONIC MYELOID LEUKAEMIA,3857
HAEMORRHOIDAL HAEMORRHAGE,4092
AUTOIMMUNE THYROIDITIS,3201
SLEEP DISORDER DUE TO A GENERAL MEDICAL CONDITION,15816
TRIGEMINAL NEURALGIA,3204
MURPHY'S SIGN POSITIVE,41
BODY HEIGHT DECREASED,9321
GRIP STRENGTH DECREASED,7980
HYPOREFLEXIA,1244
ILEAL STENOSIS,1501
CHOLECYSTECTOMY,8365
CEREBROSPINAL FLUID LEAKAGE,1783
CYTOGENETIC ABNORMALITY,847
HEMIVERTEBRA,132
MACROCEPHALY,309
NEURODEGENERATIVE DISORDER,500
TACHYPNOEA,10643
BRONCHIAL FISTULA,141
EMPYEMA,1556
HYDROPNEUMOTHORAX,8
STREPTOCOCCUS TEST POSITIVE,904
INTERNAL INJURY,548
MUCOUS MEMBRANE DISORDER,652
SKIN BURNING SENSATION,65684
DRUG SPECIFIC ANTIBODY PRESENT,5667
PROTEIN TOTAL DECREASED,2603
VOLUME BLOOD DECREASED,345
LIP DISORDER,1438
OCULAR HYPERAEMIA,40278
THROAT LESION,544
NEPHRITIS,2757
NEPHROPATHY,8255
ACIDOSIS,5492
SMALL INTESTINAL HAEMORRHAGE,1617
HERNIAL EVENTRATION,100
ANISOMETROPIA,50
BRONCHIAL WALL THICKENING,669
EAR INFECTION,23457
KYPHOSCOLIOSIS,197
OPTIC NERVE HYPOPLASIA,39
PECTUS CARINATUM,32
MUSCLE SWELLING,725
SYPHILIS,641
COMA HEPATIC,423
ECCHYMOSIS,4920
FIBULA FRACTURE,2287
MONONEURITIS,100
OTITIS EXTERNA,942
PARALYSIS FLACCID,52
PSYCHOGENIC SEIZURE,911
RADIUS FRACTURE,1909
STATUS EPILEPTICUS,8908
INFUSION SITE ERYTHEMA,7756
INFUSION SITE PRURITUS,2951
BREAST ENLARGEMENT,2464
CUBITAL TUNNEL SYNDROME,274
PHARYNGEAL ERYTHEMA,1616
CEREBRAL ARTERY OCCLUSION,751
CIRRHOSIS ALCOHOLIC,347
EYE INFECTION BACTERIAL,466
LIMB CRUSHING INJURY,579
PAIN OF SKIN,24949
RESPIRATORY TRACT INFECTION,22740
DISLOCATION OF VERTEBRA,2083
EXERCISE TOLERANCE DECREASED,4847
WEIGHT ABNORMAL,2243
TONGUE DISORDER,4920
CULTURE WOUND POSITIVE,78
EROSIVE OESOPHAGITIS,1078
EYE INFECTION FUNGAL,291
FIBRIN DEGRADATION PRODUCTS INCREASED,148
FUNGAEMIA,1265
FUNGAL SEPSIS,580
GENITAL ULCERATION,640
PULMONARY CAVITATION,724
RESPIRATORY TRACT INFECTION FUNGAL,420
SPOROTRICHOSIS,88
SPUTUM CULTURE POSITIVE,300
THROMBIN-ANTITHROMBIN III COMPLEX INCREASED,9
CAROTID ARTERY THROMBOSIS,703
NEOPLASM,10086
HAEMOTHORAX,2316
ACCIDENTAL EXPOSURE TO PRODUCT BY CHILD,6735
HUMAN BITE,54
HYPOPROTHROMBINAEMIA,205
VIRAL UPPER RESPIRATORY TRACT INFECTION,4436
DECREASED IMMUNE RESPONSIVENESS,9345
NEONATAL ASPHYXIA,528
LUNG NEOPLASM,1988
TRACHEAL NEOPLASM,20
UNDERWEIGHT,1771
CARPAL TUNNEL SYNDROME,11395
ROTATOR CUFF REPAIR,1451
LIP HAEMORRHAGE,1006
LIGAMENT RUPTURE,3660
HUNGER,11213
SALMONELLOSIS,1395
PHARYNGITIS STREPTOCOCCAL,9392
INFREQUENT BOWEL MOVEMENTS,2025
ARACHNOID CYST,267
TUNNEL VISION,1484
MENOMETRORRHAGIA,1306
POLYMENORRHOEA,2551
PREGNANCY ON ORAL CONTRACEPTIVE,1314
BLOOD INSULIN DECREASED,125
GLYCOSYLATED HAEMOGLOBIN INCREASED,21909
HYPOALDOSTERONISM,231
LYMPHOCYTE MORPHOLOGY ABNORMAL,357
PANCREATIC ENZYMES INCREASED,1074
POLYURIA,6470
RESPIRATORY TRACT HAEMORRHAGE,484
JUGULAR VEIN THROMBOSIS,1336
PROCEDURAL COMPLICATION,4448
MESENTERIC VEIN THROMBOSIS,779
SPLENIC VEIN THROMBOSIS,385
ERYSIPELAS,4147
CAROTID ARTERY OCCLUSION,2592
POOR PERIPHERAL CIRCULATION,3334
SCAB,9818
PAROXYSMAL PERCEPTUAL ALTERATION,51
GROIN ABSCESS,1033
CHRONIC RESPIRATORY DISEASE,314
SELECTIVE ABORTION,123
PHARYNGEAL ULCERATION,1091
T-CELL PROLYMPHOCYTIC LEUKAEMIA,80
COMA SCALE ABNORMAL,2497
JUDGEMENT IMPAIRED,1038
ASTHENOPIA,4636
CEREBELLAR INFARCTION,1215
HYPERTROPHY,366
HEPATORENAL SYNDROME,1226
PHOTODERMATOSIS,280
URINE ODOUR ABNORMAL,4793
BLOOD PRESSURE DIASTOLIC INCREASED,3988
BONE FRAGMENTATION,412
IRON DEFICIENCY,3868
MICROCYTIC ANAEMIA,1590
NORMOCHROMIC NORMOCYTIC ANAEMIA,1943
OESOPHAGEAL STENOSIS,2135
PERIHEPATIC ABSCESS,71
PHARYNGEAL INFLAMMATION,1045
PANCREATITIS NECROTISING,1780
SALIVARY GLAND ENLARGEMENT,388
CELLULITIS ORBITAL,470
CARDIAC HYPERTROPHY,777
HYPERTROPHIC CARDIOMYOPATHY,1214
SUPRAVENTRICULAR TACHYARRHYTHMIA,109
GASTROENTERITIS BACTERIAL,262
CEREBRAL VENOUS THROMBOSIS,1473
HAEMORRHAGIC STROKE,6467
MENINGIOMA,13927
EPIDIDYMAL INFECTION,2
MOOD ALTERED,21416
RIGHT VENTRICULAR DYSFUNCTION,961
HIGH RISK PREGNANCY,345
OESOPHAGEAL DISORDER,2790
DIASTOLIC HYPERTENSION,94
PRURITUS ALLERGIC,1061
HUMAN CHORIONIC GONADOTROPIN INCREASED,854
DIARRHOEA INFECTIOUS,661
PERICARDIAL HAEMORRHAGE,1782
BEDRIDDEN,10527
MALIGNANT PLEURAL EFFUSION,1315
BACK DISORDER,13785
ANAL ATRESIA,353
AORTIC VALVE ATRESIA,54
BRADYCARDIA FOETAL,620
OESOPHAGEAL ATRESIA,458
PYELOCALIECTASIS,765
SPINE MALFORMATION,247
VACTERL SYNDROME,111
VESICOURETERIC REFLUX,272
CARDIAC SEPTAL DEFECT,580
CONGENITAL CORONARY ARTERY MALFORMATION,130
JAUNDICE NEONATAL,1413
OTITIS MEDIA,2535
RIGHT AORTIC ARCH,141
TAKAYASU'S ARTERITIS,528
TRICUSPID VALVE STENOSIS,41
ANOMALOUS PULMONARY VENOUS CONNECTION,191
ATELECTASIS NEONATAL,92
HYPOGLYCAEMIA NEONATAL,1205
SEPSIS NEONATAL,535
UHTHOFF'S PHENOMENON,602
BLUNTED AFFECT,575
COMPULSIVE SEXUAL BEHAVIOUR,750
BLOOD PARATHYROID HORMONE INCREASED,2319
GASTROINTESTINAL VIRAL INFECTION,928
POST-TRAUMATIC PAIN,395
PHOTOPSIA,4972
BILIARY DYSKINESIA,615
EYE INJURY,2542
MACULAR SCAR,133
CORNEAL DEPOSITS,485
CYSTITIS BACTERIAL,311
DYSHIDROTIC ECZEMA,681
HIRSUTISM,947
HUMAN PAPILLOMA VIRUS TEST POSITIVE,323
INGROWING NAIL,1979
OSTEORADIONECROSIS,159
VESTIBULITIS,37
VULVOVAGINAL PAIN,4344
SKIN SENSITISATION,986
WRONG DRUG ADMINISTERED,5492
MOUTH BREATHING,352
BILIARY DILATATION,1067
ECONOMIC PROBLEM,8426
BETA 2 MICROGLOBULIN URINE INCREASED,91
BETA-N-ACETYL-D-GLUCOSAMINIDASE INCREASED,26
ABSCESS OF EYELID,48
CORNEAL DISORDER,1659
SQUAMOUS CELL CARCINOMA OF SKIN,5357
ESCHERICHIA SEPSIS,2194
PROSTATITIS,2314
THROMBOTIC STROKE,503
ANALGESIC DRUG LEVEL DECREASED,26
BLOOD ALKALINE PHOSPHATASE DECREASED,835
BLOOD PHOSPHORUS INCREASED,2146
MEAN PLATELET VOLUME INCREASED,550
SYSTOLIC DYSFUNCTION,1002
HEART VALVE REPLACEMENT,1204
SARCOIDOSIS,3756
CALCULUS URINARY,1196
CYSTITIS NONINFECTIVE,1130
BILIARY ISCHAEMIA,35
EAR INFECTION BACTERIAL,255
ENDOSCOPIC RETROGRADE CHOLANGIOPANCREATOGRAPHY ABNORMAL,7
LYMPHOPENIA,11895
PORPHYRIA NON-ACUTE,292
RETINITIS,1523
STAPHYLOCOCCAL SCALDED SKIN SYNDROME,168
STAPHYLOCOCCAL SKIN INFECTION,998
STEM CELL TRANSPLANT,1497
VANISHING BILE DUCT SYNDROME,952
VARICELLA VIRUS TEST POSITIVE,148
ACUTE GRAFT VERSUS HOST DISEASE IN INTESTINE,1035
RESPIRATORY SYNCYTIAL VIRUS BRONCHIOLITIS,679
BRONCHOPULMONARY ASPERGILLOSIS,6415
GRAFT VERSUS HOST DISEASE IN INTESTINE,82
STENOTROPHOMONAS INFECTION,1089
CORONARY ARTERY DISSECTION,695
BLOOD LACTIC ACID INCREASED,4244
CHRONIC HEPATITIS B,310
HEPATITIS B DNA INCREASED,592
HYPERPLASIA,609
LYMPHOCYTIC INFILTRATION,693
APLASTIC ANAEMIA,4019
COLONIC STENOSIS,20
ENTEROCOCCAL INFECTION,3627
PROGRESSIVE MULTIPLE SCLEROSIS,916
ELECTROCARDIOGRAM ST SEGMENT DEPRESSION,1389
RENAL SALT-WASTING SYNDROME,354
CARDIAC ENZYMES INCREASED,136
CORONARY ARTERIAL STENT INSERTION,4138
CENTRAL NERVOUS SYSTEM INFECTION,987
INJURY ASSOCIATED WITH DEVICE,19123
HEPATOTOXICITY,18248
RENAL COLIC,1667
HEPATOCELLULAR INJURY,13091
GASTROINTESTINAL SOUNDS ABNORMAL,4188
ORAL MUCOSAL ERYTHEMA,1380
PULSE PRESSURE DECREASED,117
INFERTILITY,1097
CLONIC CONVULSION,503
MICROANGIOPATHIC HAEMOLYTIC ANAEMIA,635
EPICONDYLITIS,1126
BACTERIAL TRACHEITIS,71
MATERNAL EXPOSURE TIMING UNSPECIFIED,3274
PULMONARY OEDEMA NEONATAL,79
SHONE COMPLEX,58
BLOOD FIBRINOGEN DECREASED,878
ANTIDEPRESSANT DRUG LEVEL INCREASED,220
SKIN TOXICITY,4940
UROGENITAL FISTULA,209
RETINOPATHY,2915
ULCERATIVE KERATITIS,2164
IMPAIRED WORK ABILITY,16069
INTENTIONAL SELF-INJURY,17929
OBSESSIVE-COMPULSIVE DISORDER,5714
CHOREOATHETOSIS,476
ADVERSE DRUG REACTION,82661
CONVERSION DISORDER,1106
APATHY,11634
DEPERSONALISATION,344
MULTIPLE INJURIES,2406
"SLEEP DISORDER DUE TO GENERAL MEDICAL CONDITION, INSOMNIA TYPE",6099
TACHYPHRENIA,2768
CORYNEBACTERIUM INFECTION,424
RENAL GRAFT LOSS,18
BRAIN STEM INFARCTION,661
INTERCEPTED DRUG DISPENSING ERROR,982
FOOD CRAVING,4018
DRUG TOLERANCE INCREASED,626
SOMATIC DELUSION,174
LARGE INTESTINAL ULCER,2071
HYPERVENTILATION,4077
POSTOPERATIVE ABSCESS,562
GESTATIONAL DIABETES,4021
EXPOSURE TO TOXIC AGENT,3022
ORBITAL PSEUDOTUMOUR,10
SECONDARY ADRENOCORTICAL INSUFFICIENCY,1385
ABORTION INCOMPLETE,836
NORMAL NEWBORN,3969
ABDOMINAL COMPARTMENT SYNDROME,487
CLOSTRIDIUM COLITIS,391
INFLUENZA VIRUS TEST POSITIVE,202
KLEBSIELLA BACTERAEMIA,792
HYPOPERFUSION,741
MENOPAUSAL SYMPTOMS,1832
OPTIC NERVE DISORDER,1067
ALVEOLITIS ALLERGIC,614
MYOCARDITIS,10003
TENDON PAIN,6274
INTESTINAL ISCHAEMIA,4127
POLYP,5474
BLOOD OESTROGEN INCREASED,491
PROSTATE CANCER,76882
ADENOTONSILLECTOMY,224
ALVEOLAR PROTEINOSIS,520
ASPHYXIA,6950
NIEMANN-PICK DISEASE,97
DIVERTICULUM INTESTINAL HAEMORRHAGIC,2017
ELECTROCARDIOGRAM T WAVE AMPLITUDE DECREASED,202
MUSCLE ENZYME INCREASED,307
SINUS HEADACHE,4378
SMALL INTESTINAL PERFORATION,1493
STENT MALFUNCTION,162
CIRCUMSTANCE OR INFORMATION CAPABLE OF LEADING TO MEDICATION ERROR,31463
NEUROGENIC BLADDER,1564
URETERIC RUPTURE,31
CHOLANGITIS ACUTE,631
RENAL CELL CARCINOMA,3868
CERVIX OPERATION,43
CATARACT OPERATION,4694
EYELID OEDEMA,8238
INTRA-ABDOMINAL HAEMATOMA,991
PROTEUS INFECTION,510
PROTEUS TEST POSITIVE,190
RENAL NECROSIS,135
TOXIC SKIN ERUPTION,7574
NAIL DISCOLOURATION,3360
MENINGIOMA BENIGN,809
AORTIC ANEURYSM RUPTURE,705
BACTERIAL TEST,254
BEHCET'S SYNDROME,1204
INCREASED BRONCHIAL SECRETION,2184
TRACHEOSTOMY,1138
BLOOD 25-HYDROXYCHOLECALCIFEROL DECREASED,255
CLAVICLE FRACTURE,3192
NASAL DRYNESS,5370
CYSTITIS HAEMORRHAGIC,3287
BONE MARROW DISORDER,2337
ANKYLOSING SPONDYLITIS,12057
POUCHITIS,738
ACCIDENTAL DEATH,1196
VISCERAL CONGESTION,402
BLOOD COUNT ABNORMAL,13730
PREMATURE RUPTURE OF MEMBRANES,1752
STILLBIRTH,3591
ARTERIAL OCCLUSIVE DISEASE,5559
STENT PLACEMENT,5985
APPLICATION SITE ERYTHEMA,21471
FRACTURE MALUNION,152
HAEMARTHROSIS,8331
IDIOPATHIC URTICARIA,943
LIMB ASYMMETRY,665
MEDICAL DEVICE PAIN,1922
TONSILLECTOMY,1477
ABORTION INDUCED,5742
BILIARY TRACT DISORDER,939
BENIGN RENAL NEOPLASM,134
HEART VALVE INCOMPETENCE,2352
HAEMOLYSIS,6021
MENINGOCOCCAL INFECTION,293
MYXOEDEMA COMA,270
GRIMACING,390
POLYHYDRAMNIOS,778
LEUKOENCEPHALOPATHY,2739
APPETITE DISORDER,5827
BODY TEMPERATURE,190
ABDOMINAL WOUND DEHISCENCE,227
BREAST CANCER STAGE I,9043
INJECTION SITE ATROPHY,1287
INJECTION SITE PUSTULE,307
POST PROCEDURAL INFECTION,7316
PULMONARY THROMBOSIS,9409
SPINAL COLUMN INJURY,2007
CARDIAC DISCOMFORT,1830
SKIN STRIAE,1214
BLOOD TRIGLYCERIDES ABNORMAL,679
CEREBRAL THROMBOSIS,2095
COMPLICATION OF PREGNANCY,620
PLACENTAL DISORDER,565
PREMATURE LABOUR,3491
CALCULUS URETERIC,334
CARBOHYDRATE ANTIGEN 125 INCREASED,3227
INFLAMMATION OF WOUND,274
INTRAMEDULLARY ROD INSERTION,2033
LOW TURNOVER OSTEOPATHY,2936
PELVIC ADHESIONS,200
VAGINAL ODOUR,962
VITAMIN D INCREASED,560
VULVOVAGINAL CANDIDIASIS,1173
ADENOMATOUS POLYPOSIS COLI,118
BONE CYST,785
COLON ADENOMA,693
DYSLIPIDAEMIA,3946
ENTHESOPATHY,1500
HAIR TEXTURE ABNORMAL,12562
HAND FRACTURE,6042
ABDOMINAL WALL HAEMATOMA,1738
CHEST INJURY,1808
MUSCLE RUPTURE,3239
TUMOUR COMPRESSION,270
WAIST CIRCUMFERENCE INCREASED,841
URINARY BLADDER HAEMORRHAGE,1755
VOLVULUS,2026
BULBAR PALSY,209
DRUG EFFECT INCOMPLETE,36362
GALLBLADDER NON-FUNCTIONING,198
OCULOGYRIC CRISIS,1789
CD4 LYMPHOCYTES DECREASED,1452
FANCONI SYNDROME ACQUIRED,1463
CEREBELLAR ARTERY THROMBOSIS,11
COAGULATION FACTOR VIII LEVEL ABNORMAL,20
FIBRIN D DIMER INCREASED,2620
MYOGLOBIN BLOOD INCREASED,938
FEAR OF DISEASE,1591
INCISION SITE PAIN,928
TONSIL CANCER,685
SCAR PAIN,356
OESOPHAGEAL CARCINOMA,28930
CONCOMITANT DISEASE AGGRAVATED,5597
EXTRASYSTOLES,4858
GASTROSTOMY FAILURE,29
ANIMAL BITE,2228
INJECTION SITE CELLULITIS,1401
EAR MALFORMATION,265
RENAL DYSPLASIA,283
ULTRASOUND KIDNEY ABNORMAL,83
AMYOTROPHIC LATERAL SCLEROSIS,1563
ARTERITIS,459
CEREBELLAR HAEMATOMA,219
EXTREMITY NECROSIS,1376
SUPERIOR SAGITTAL SINUS THROMBOSIS,499
HYPERURICAEMIA,3274
PERITONEAL TUBERCULOSIS,252
ARTERIOVENOUS SHUNT OPERATION,28
AUTOIMMUNE RETINOPATHY,70
MYELOPATHY,1534
NEUROLOGICAL DECOMPENSATION,1957
OCULAR TOXICITY,961
OPTIC ATROPHY,1175
POTENTIATING DRUG INTERACTION,2822
RETINAL OEDEMA,1543
LEUKAEMIA,7979
AGRAPHIA,464
PNEUMOTHORAX TRAUMATIC,184
NEUROLEPTIC MALIGNANT SYNDROME,8509
ENTERITIS INFECTIOUS,1464
PRECURSOR T-LYMPHOBLASTIC LYMPHOMA/LEUKAEMIA RECURRENT,22
TRANSAMINASES INCREASED,17880
LIPIDS ABNORMAL,561
ADVERSE REACTION,12291
OBLITERATIVE BRONCHIOLITIS,1015
TROPONIN I INCREASED,1257
RENAL FUNCTION TEST ABNORMAL,4013
DIABETIC COMPLICATION,1749
BUNION,277
HAEMATOCRIT ABNORMAL,1101
HAEMATOMA INFECTION,439
HAEMORRHAGIC ANAEMIA,3780
HYPERGAMMAGLOBULINAEMIA,304
INTERNAL FIXATION OF FRACTURE,495
METABOLIC ALKALOSIS,1261
VASCULAR CALCIFICATION,795
ANAL FISSURE,4683
PROCTITIS,2367
ARTHRITIS ENTEROPATHIC,292
MICTURITION FREQUENCY DECREASED,581
FACTOR X DEFICIENCY,13
KERATITIS HERPETIC,6
NEEDLE ISSUE,27908
INTESTINAL HAEMORRHAGE,4549
SPONDYLITIS,3224
FINGER DEFORMITY,4332
PYELONEPHRITIS ACUTE,1580
PERIPHERAL NERVE INJURY,765
SKIN REACTION,12046
INJECTION SITE NODULE,8694
GLOBULINS DECREASED,319
SNEEZING,19224
HYPERAMYLASAEMIA,401
PARONYCHIA,3749
BLOOD CORTISOL INCREASED,140
CARDIAC OPERATION,6954
TONGUE ULCERATION,2622
INFECTED VARICOSE VEIN,41
VARICOSE ULCERATION,205
ASPIRATION,8155
BRAIN NATRIURETIC PEPTIDE INCREASED,2356
CONTRAINDICATION TO MEDICAL TREATMENT,1176
DRUG DELIVERY DEVICE IMPLANTATION,132
DEVICE OCCLUSION,13217
PULMONARY ARTERIAL PRESSURE INCREASED,1368
RADIATION PROCTOPATHY,6
DISSOCIATIVE IDENTITY DISORDER,158
DRUG DETOXIFICATION,793
REPETITIVE SPEECH,388
NAIL INJURY,502
HYPOGLYCAEMIC ENCEPHALOPATHY,291
BLOOD CORTICOTROPHIN INCREASED,234
FACIAL NEURALGIA,198
TESTICULAR DISORDER,756
INCORRECT STORAGE OF DRUG,711
POST STROKE DEPRESSION,32
FAMILY STRESS,679
STASIS DERMATITIS,544
ARTHRITIS INFECTIVE,3963
MENISCAL DEGENERATION,113
B-CELL LYMPHOMA,2641
PUSTULAR PSORIASIS,2674
MYELOPROLIFERATIVE DISORDER,93
TESTICULAR MASS,183
DYSPNOEA PAROXYSMAL NOCTURNAL,479
WALLENBERG SYNDROME,7
OVARIAN VEIN THROMBOSIS,144
SYRINGE ISSUE,17159
CONJUNCTIVITIS VIRAL,215
ENTEROCUTANEOUS FISTULA,681
PERFORMANCE STATUS DECREASED,3419
SKIN PAPILLOMA,3369
"DELUSIONAL DISORDER, PERSECUTORY TYPE",257
CARDIAC PACEMAKER INSERTION,4430
DISEASE COMPLICATION,4022
FAECES PALE,1731
TRANSAMINASES ABNORMAL,507
ANKLE OPERATION,1303
BONE GRAFT,736
BONE MARROW OEDEMA,891
BURSA DISORDER,218
CERVICOBRACHIAL SYNDROME,329
DEPOSIT EYE,218
EYE LASER SURGERY,445
GASTRIC BYPASS,1552
SKIN LESION EXCISION,46
TOOTH EXTRACTION,8791
VARICOSE VEIN OPERATION,150
VOCAL CORD POLYP,200
MEDICAL DIET,116
HEART VALVE OPERATION,372
APPARENT DEATH,3006
TRAUMATIC LUNG INJURY,1625
ACUTE PULMONARY OEDEMA,3893
PNEUMONIA VIRAL,2792
ATYPICAL FEMUR FRACTURE,2747
BONE RESORPTION TEST ABNORMAL,23
MENSTRUATION DELAYED,8361
MONOPARESIS,1389
PRESCRIBED OVERDOSE,16911
MYOSCLEROSIS,321
RENAL CORTICAL NECROSIS,175
UPPER EXTREMITY MASS,274
CARBON DIOXIDE INCREASED,1146
CATHETERISATION CARDIAC,3570
RECTAL NEOPLASM,218
PARKINSON'S DISEASE,16428
DOUBLE STRANDED DNA ANTIBODY POSITIVE,286
THYROIDITIS,2617
SOCIAL AVOIDANT BEHAVIOUR,4095
FOOT OPERATION,4346
MASKED FACIES,138
PRODUCT SUBSTITUTION ISSUE,49309
ANTI FACTOR VIII ANTIBODY POSITIVE,475
ABNORMAL LOSS OF WEIGHT,6203
MENINGITIS TUBERCULOUS,455
CARDIAC PACEMAKER BATTERY REPLACEMENT,54
DEVICE CAPTURING ISSUE,38
BLOOD BETA-D-GLUCAN INCREASED,177
NEUROMYELITIS OPTICA,174
TUMOUR INVASION,386
BONE CANCER METASTATIC,448
BRAIN CANCER METASTATIC,604
BRONCHITIS CHRONIC,1878
LACRIMAL ATROPHY,6
OESOPHAGEAL HAEMORRHAGE,1012
SALIVARY GLAND ATROPHY,14
SKIN CANCER,19400
KNEE DEFORMITY,1331
METRORRHAGIA,9147
SHOULDER OPERATION,3819
MIDDLE EAR EFFUSION,1868
PAINFUL RESPIRATION,1854
BILIARY POLYP,17
INJECTION SITE INFLAMMATION,4156
CATHETER SITE PAIN,2303
BLOOD PRESSURE SYSTOLIC DECREASED,3372
LIMB MALFORMATION,498
CREPITATIONS,2199
CHRONIC HEPATITIS C,390
TYMPANIC MEMBRANE PERFORATION,1440
STRABISMUS,2159
BURN OESOPHAGEAL,444
ADRENOCORTICAL INSUFFICIENCY ACUTE,1663
PITYRIASIS ROSEA,279
MYCOBACTERIUM TUBERCULOSIS COMPLEX TEST POSITIVE,2224
AKINESIA,1587
DYSLALIA,507
ACCELERATED HYPERTENSION,257
CLUSTER HEADACHE,1136
RECTAL FISSURE,494
HELICOBACTER TEST POSITIVE,455
PIRIFORMIS SYNDROME,124
ABSCESS LIMB,3662
EXERCISE LACK OF,375
MAMMOGRAM ABNORMAL,448
TRAUMATIC FRACTURE,605
OESOPHAGITIS ULCERATIVE,449
OSTEOPOROSIS POSTMENOPAUSAL,113
PULMONARY PNEUMATOCELE,58
TENOSYNOVITIS STENOSANS,402
CHLOASMA,310
GENERALISED ERYTHEMA,3422
NEUROPATHIC ARTHROPATHY,538
OPEN REDUCTION OF FRACTURE,1101
OVERWEIGHT,4779
PLANTAR FASCIAL FIBROMATOSIS,84
FOETAL MALFORMATION,801
INGUINAL HERNIA,5176
INCISION SITE ABSCESS,190
URINARY CYSTECTOMY,104
TESTICULAR GERM CELL CANCER,26
GASTROINTESTINAL HYPOMOTILITY,1852
MYOCARDIAL RUPTURE,188
LIP AND/OR ORAL CAVITY CANCER,1123
PARANASAL SINUS NEOPLASM,39
BREAST TENDERNESS,4987
HAEMORRHAGE IN PREGNANCY,1369
EPIPHYSIOLYSIS,176
AUTOIMMUNE THROMBOCYTOPENIA,49
HEAD AND NECK CANCER,550
LYMPHOID TISSUE HYPERPLASIA,242
GASTROENTERITIS RADIATION,215
VARICELLA,1870
INFERTILITY FEMALE,1181
IMPLANT SITE EFFUSION,31
URETHRAL HAEMORRHAGE,466
PRODUCT SOLUBILITY ABNORMAL,4728
CAROTID ARTERIOSCLEROSIS,861
HIGH DENSITY LIPOPROTEIN INCREASED,729
PHARYNGEAL DISORDER,2399
ACUTE ABDOMEN,1021
ACID BASE BALANCE ABNORMAL,165
OSTEOPOROTIC FRACTURE,1643
PREGNANCY TEST POSITIVE,243
PANCREATIC DISORDER,4024
ELECTROCARDIOGRAM ST SEGMENT ABNORMAL,443
MULTIPLE LENTIGINES SYNDROME,36
MEDICATION RESIDUE,104
PARKINSONISM,7504
OESOPHAGEAL OBSTRUCTION,697
TOXIC ENCEPHALOPATHY,4348
THYROTOXIC CRISIS,991
FLUID IMBALANCE,601
POSTURING,290
RAPID CORRECTION OF HYPONATRAEMIA,221
TRIGGER FINGER,3451
MUTISM,1065
MECHANICAL ILEUS,501
HEMIPLEGIC MIGRAINE,319
GASTROINTESTINAL STENOSIS,397
ORCHITIS,865
PERIPHERAL EMBOLISM,791
URETERIC INJURY,94
PETECHIAE,7899
ANASTOMOTIC HAEMORRHAGE,147
BRONCHIAL OBSTRUCTION,1042
ANEURYSM,3817
INTRA-ABDOMINAL HAEMORRHAGE,1792
SHOCK HAEMORRHAGIC,6982
BRAIN COMPRESSION,291
CERVICAL VERTEBRAL FRACTURE,2876
LYMPHOCELE,415
PERINEPHRIC COLLECTION,102
PNEUMONIA KLEBSIELLA,1473
DEVICE EXPULSION,53121
HYPOXIC-ISCHAEMIC ENCEPHALOPATHY,2049
TRACHEAL STENOSIS,420
LARYNGEAL CANCER,883
LARYNGEAL INJURY,148
SENSATION OF FOREIGN BODY,6764
FIXED ERUPTION,1624
BLADDER DILATATION,931
DYSPNOEA AT REST,2643
GASTROINTESTINAL ISCHAEMIA,216
MENINGEAL DISORDER,228
OEDEMA MUCOSAL,719
PNEUMONIA HERPES VIRAL,53
PROTHROMBIN TIME SHORTENED,832
HEPATITIS ACUTE,4720
RED BLOOD CELL ABNORMALITY,743
BITE,583
FEMORAL HERNIA,82
PULSE ABNORMAL,1987
POST PROCEDURAL HAEMATURIA,154
PLASMA CELL MYELOMA RECURRENT,3227
FUNGAL SKIN INFECTION,3480
PYODERMA GANGRENOSUM,3173
WHEELCHAIR USER,3667
PROGRESSIVE SUPRANUCLEAR PALSY,157
GASTROINTESTINAL TUBE INSERTION,1968
SMALL CELL LUNG CANCER METASTATIC,267
GALLBLADDER INJURY,948
BLOOD IRON INCREASED,1497
TRANSFERRIN INCREASED,40
APLASIA,1463
EYE OPERATION,4042
LIMB OPERATION,4322
STAPHYLOCOCCUS TEST POSITIVE,1789
HYPERCAPNIA,2328
AFFECT LABILITY,7719
CARDIAC MYXOMA,172
PUPILLARY DEFORMITY,73
DRUG SCREEN NEGATIVE,1562
DRUG SCREEN POSITIVE,4953
HAEMOGLOBIN INCREASED,3821
INCOHERENT,4320
MUMPS,246
POSTOPERATIVE ILEUS,414
RENAL TUBULAR ACIDOSIS,1813
GRANULOCYTE COUNT DECREASED,1478
SOFT TISSUE INFECTION,1474
CIRCULATORY FAILURE NEONATAL,43
DRUG WITHDRAWAL SYNDROME NEONATAL,13373
NEONATAL ANOXIA,35
INJECTION SITE INFECTION,2566
INJECTION SITE MACULE,557
BRAIN SCAN ABNORMAL,247
SENSATION OF BLOOD FLOW,271
INFECTIVE THROMBOSIS,64
ANTI-INSULIN ANTIBODY POSITIVE,97
ABORTION,2278
SALIVARY GLAND CANCER,406
JEJUNAL STENOSIS,70
PROTEIN-LOSING GASTROENTEROPATHY,403
SMALL INTESTINE ULCER,508
FOLLICULITIS,9522
BREAST CYST,1316
GASTROINTESTINAL SURGERY,646
MASS EXCISION,275
NECK MASS,2407
SHIFT TO THE LEFT,65
SLOW RESPONSE TO STIMULI,1148
MULTIMORBIDITY,1115
ORGAN FAILURE,2348
DEATH NEONATAL,958
EYELID OPERATION,235
OESOPHAGEAL CARCINOMA RECURRENT,69
INFECTIOUS MONONUCLEOSIS,1707
ACUTE CHEST SYNDROME,682
GLOMERULONEPHRITIS MEMBRANOUS,925
ACCIDENT,10174
ANTIPSYCHOTIC DRUG LEVEL BELOW THERAPEUTIC,502
SOMATISATION DISORDER,58
DIABETIC FOOT,2695
VASCULITIC RASH,549
SELF INJURIOUS BEHAVIOUR,1470
ANAL ULCER,680
BACTEROIDES TEST POSITIVE,53
DIFFUSE LARGE B-CELL LYMPHOMA,6945
HYPERACUSIS,2855
PROSTATIC DISORDER,4861
INFECTION SUSCEPTIBILITY INCREASED,2007
HAEMOGLOBIN ABNORMAL,5728
ADRENAL INSUFFICIENCY,10645
ALPHA HAEMOLYTIC STREPTOCOCCAL INFECTION,642
DENGUE FEVER,2079
EXCESSIVE EYE BLINKING,988
RESPIRATORY TRACT INFECTION VIRAL,2103
PARTNER STRESS,582
EOSINOPHIL COUNT INCREASED,6741
LICHENOID KERATOSIS,1832
MALIGNANT MELANOMA IN SITU,1128
VULVA CYST,90
VULVOVAGINAL PRURITUS,4394
NEEDLE TRACK MARKS,363
APPENDICITIS PERFORATED,1974
RECTAL PERFORATION,410
COLONIC OBSTRUCTION,15
FINE MOTOR DELAY,181
CARDIAC FIBRILLATION,1075
LARYNGEAL CYST,18
NASAL OBSTRUCTION,1774
GASTROINTESTINAL INFLAMMATION,6980
BRONCHIAL SECRETION RETENTION,1106
COLON CANCER METASTATIC,1152
DYSPAREUNIA,3662
LATENT TUBERCULOSIS,1951
VENOUS STENOSIS,165
REGURGITATION,2739
EAR DISCOMFORT,8671
BIOPSY LIVER,319
FACIAL BONES FRACTURE,2795
PELVIC CONGESTION,89
TERATOMA,168
GALLBLADDER NEOPLASM,124
CHOREA,1165
THERAPY REGIMEN CHANGED,35
DRUG EFFECT DELAYED,4196
DRUG NAME CONFUSION,37
AUTOIMMUNE PANCREATITIS,472
PANCREATOLITHIASIS,328
FALLOPIAN TUBE CANCER,124
RECTAL OBSTRUCTION,99
ALDOLASE INCREASED,86
ANAL INJURY,151
STREPTOCOCCAL ABSCESS,81
INJECTION SITE ULCER,685
ACQUIRED OESOPHAGEAL WEB,222
BENIGN BREAST NEOPLASM,714
BIOPSY BONE,92
BLADDER NECK SUSPENSION,96
BREAST LUMP REMOVAL,129
ILIOTIBIAL BAND SYNDROME,195
MALIGNANT BREAST LUMP REMOVAL,23
VULVOVAGINAL DRYNESS,2600
MENINGOCOCCAL SEPSIS,159
BONE CANCER,4313
CERVICAL SPINE FLATTENING,8
KERATOSIS PILARIS,238
MUCOEPIDERMOID CARCINOMA,62
NARCOTIC BOWEL SYNDROME,154
OESOPHAGEAL DILATATION,341
ORAL NEOPLASM,216
OVARIAN CANCER STAGE I,215
RADICULITIS CERVICAL,14
SQUAMOUS CELL CARCINOMA OF THE ORAL CAVITY,403
VITAMIN B1 DEFICIENCY,369
CATARACT CONGENITAL,131
LIP SQUAMOUS CELL CARCINOMA,166
MYCOBACTERIUM AVIUM COMPLEX INFECTION,2204
GASTROINTESTINAL STROMAL TUMOUR,2228
ISCHAEMIC CARDIOMYOPATHY,1824
BREAST SWELLING,1978
UNINTENDED PREGNANCY,7597
PRODUCT LABEL ISSUE,6222
PRODUCT PACKAGING ISSUE,8877
CEREBELLAR ATROPHY,663
PNEUMONIA RESPIRATORY SYNCYTIAL VIRAL,735
NIGHT BLINDNESS,1247
SUDDEN INFANT DEATH SYNDROME,319
PANCREATIC INSUFFICIENCY,200
BLOOD ELECTROLYTES ABNORMAL,860
ORAL PUSTULE,191
ALCOHOL INTERACTION,1502
URINARY TRACT OBSTRUCTION,2021
B-CELL SMALL LYMPHOCYTIC LYMPHOMA,180
TONGUE NEOPLASM,195
LARGE INTESTINE ANASTOMOSIS,65
PERSEVERATION,133
CEREBRAL CYST,513
COLLAGEN-VASCULAR DISEASE,35
EUSTACHIAN TUBE PATULOUS,37
NAIL DYSTROPHY,488
NEUROMA,317
PERICARDIAL EFFUSION MALIGNANT,146
PERIPHERAL NERVE LESION,262
PULPITIS DENTAL,811
VOCAL CORD ATROPHY,46
ADDISON'S DISEASE,987
MICTURITION DISORDER,2766
OLIGOHYDRAMNIOS,2595
CENTRAL NERVOUS SYSTEM HAEMORRHAGE,451
PROTEIN URINE,714
TACHYCARDIA PAROXYSMAL,192
INTERVERTEBRAL DISCITIS,1572
UMBILICAL CORD ABNORMALITY,354
RENAL NEOPLASM,1828
EPSTEIN-BARR VIRUS ANTIBODY POSITIVE,187
CONJUNCTIVAL DISORDER,252
COELIAC DISEASE,8267
BRAIN MASS,144
INTRACRANIAL LIPOMA,7
HEPATOBILIARY SCAN ABNORMAL,70
DIZZINESS POSTURAL,8245
MUCOPOLYSACCHARIDOSIS I,26
SEIZURE LIKE PHENOMENA,1602
ACCIDENT AT HOME,419
TEMPORAL ARTERITIS,607
COMPLEX PARTIAL SEIZURES,458
VASCULAR PSEUDOANEURYSM,1362
HEPATORENAL FAILURE,387
CARDIAC INFECTION,624
BLOOD CREATININE ABNORMAL,3010
BLOOD POTASSIUM ABNORMAL,2286
BLOOD UREA ABNORMAL,742
GLIOBLASTOMA,1398
FOETAL GROWTH RESTRICTION,5546
FOETAL HEART RATE DISORDER,139
RENAL INFARCT,1154
HEPATIC HAEMORRHAGE,641
TRICHOSPORON INFECTION,320
RECURRENT CANCER,3596
RIGHT VENTRICLE OUTFLOW TRACT OBSTRUCTION,92
LABORATORY TEST ABNORMAL,26570
STRESS CARDIOMYOPATHY,5201
ADHESIOLYSIS,67
INTESTINAL FISTULA,1161
LABYRINTHITIS,1894
VASCULAR GRAFT THROMBOSIS,82
CATATONIA,4174
PRODUCT OUTER PACKAGING ISSUE,798
DUODENAL PERFORATION,787
GALLBLADDER OBSTRUCTION,210
GASTROINTESTINAL BACTERIAL INFECTION,1056
PANCREATIC FISTULA,122
INTERNATIONAL NORMALISED RATIO DECREASED,1987
BREAST HYPERPLASIA,235
ACUTE GRAFT VERSUS HOST DISEASE,3418
FOETAL DEATH,4970
CANCER PAIN,2334
DERMATITIS ALLERGIC,10681
TWIN PREGNANCY,524
GALLBLADDER NECROSIS,115
ILEAL PERFORATION,473
MALIGNANT NEOPLASM OF SPINAL CORD,156
SPINAL LAMINECTOMY,769
LYMPH NODE TUBERCULOSIS,548
GASTRITIS BACTERIAL,424
HERNIA REPAIR,2101
SICKLE CELL TRAIT,46
URACHAL ABNORMALITY,38
HEPATITIS VIRAL,503
TUMOUR LYSIS SYNDROME,7450
OVERLAP SYNDROME,660
KETOACIDOSIS,5697
PRODUCT COUNTERFEIT,1334
HYPERTONIA,3066
ALCOHOLIC SEIZURE,62
BLOOD GASTRIN DECREASED,5
PORTAL VEIN OCCLUSION,111
5-HYDROXYINDOLACETIC ACID IN URINE,14
SOLAR LENTIGO,946
URINE ABNORMALITY,3952
VAGINAL PERFORATION,37
LOSS OF EMPLOYMENT,2107
PERITONEAL CLOUDY EFFLUENT,1215
URINARY TRACT INFECTION PSEUDOMONAL,429
RETINAL INFARCTION,163
ELEVATED MOOD,202
HEPATITIS B SURFACE ANTIBODY POSITIVE,274
HEPATIC ARTERY OCCLUSION,54
GENITAL PROLAPSE,45
ENTEROBACTER INFECTION,1229
UNDERDOSE,70005
CHRONIC TONSILLITIS,122
TONSILLITIS BACTERIAL,180
STRESS AT WORK,974
VESSEL PUNCTURE SITE BRUISE,192
INJECTION SITE PHLEBITIS,131
THYROID CANCER,10916
ERYTHEMA OF EYELID,4425
EYELID DISORDER,1788
INTRAOCULAR PRESSURE TEST,203
THYROXINE DECREASED,466
TRI-IODOTHYRONINE DECREASED,405
REFLUX GASTRITIS,1027
THIRST DECREASED,513
FACIAL NERVE DISORDER,357
TRIGEMINAL NERVE DISORDER,267
OBESITY SURGERY,160
HEPATIC ENZYME ABNORMAL,4189
HYPERALBUMINAEMIA,60
HYPERPROTEINAEMIA,198
ANTISYNTHETASE SYNDROME,174
ERYTHEMA NODOSUM,2782
MALIGNANT PITUITARY TUMOUR,21
GASTRIC VARICES,368
INITIAL INSOMNIA,7524
EXPOSURE TO RADIATION,122
LYMPHANGIECTASIA,50
HODGKIN'S DISEASE NODULAR SCLEROSIS,60
HEPATITIS E,1473
BREAKTHROUGH PAIN,1777
PRODUCT ADHESION ISSUE,33415
VENTRICULAR HYPOKINESIA,2216
TONGUE PRURITUS,790
FUNCTIONAL GASTROINTESTINAL DISORDER,3266
METASTASES TO RECTUM,54
BLOOD CORTISOL DECREASED,317
FOOD ALLERGY,6788
TOOTH DISCOLOURATION,1960
BLOOD DISORDER,6323
TRICUSPID VALVE DISEASE,283
OESOPHAGEAL DISCOMFORT,557
OESOPHAGEAL PERFORATION,664
MALABSORPTION FROM INJECTION SITE,272
CARCINOID SYNDROME,304
TONIC CONVULSION,1061
CELL MARKER INCREASED,378
CEMENTO OSSEOUS DYSPLASIA,5
OROPHARYNGEAL DISCOMFORT,8300
NASAL ULCER,1329
MENTAL RETARDATION,197
BLOOD CREATINE DECREASED,258
PERICARDIAL FIBROSIS,112
RETINAL SCAR,305
CARCINOID TUMOUR OF THE STOMACH,103
NEUROENDOCRINE TUMOUR,1325
RESPIRATORY RATE DECREASED,2167
GASTROINTESTINAL TOXICITY,4184
HAEMATOTOXICITY,8345
DISINHIBITION,1181
SUBSTANCE ABUSE,6935
THERAPY CESSATION,49762
VERBAL ABUSE,272
BLOOD PRESSURE ORTHOSTATIC DECREASED,259
ERYTHRODERMIC PSORIASIS,635
BREAST NEOPLASM,813
JOINT HYPEREXTENSION,300
TENDINOUS CONTRACTURE,93
ACANTHOSIS,233
SKIN TEST POSITIVE,448
GASTROINTESTINAL PERFORATION,3363
BEZOAR,1230
CERVIX CARCINOMA,3438
ILEOSTOMY CLOSURE,273
CONDUCTION DISORDER,1276
URINARY TRACT DISORDER,3715
DEVICE DIFFICULT TO USE,64588
EXPOSURE DURING BREAST FEEDING,3089
UTERINE PERFORATION,7133
ENCEPHALITIS HERPES,132
EWING'S SARCOMA,259
GRAFT VERSUS HOST DISEASE IN SKIN,2081
INAPPROPRIATE ANTIDIURETIC HORMONE SECRETION,7808
RADIATION PNEUMONITIS,1861
MYASTHENIA GRAVIS,7056
ANAPLASTIC ASTROCYTOMA,102
POSTURE ABNORMAL,2457
SHOPLIFTING,221
HUMAN POLYOMAVIRUS INFECTION,454
COLITIS MICROSCOPIC,4423
LIPOATROPHY,669
CARCINOID TUMOUR PULMONARY,191
PANCREAS DIVISUM,31
EPILEPTIC AURA,180
GRAFT VERSUS HOST DISEASE IN LIVER,673
MYELOFIBROSIS,2627
THYROIDITIS ACUTE,125
DERMATITIS ACNEIFORM,4962
STOOL ANALYSIS ABNORMAL,152
APPLICATION SITE DISCHARGE,1053
APPLICATION SITE SCAB,1978
VEIN PAIN,15
FEELING OF DESPAIR,3737
TOOTH REPAIR,257
CLEFT LIP,640
CLEFT PALATE,1378
ANTITHROMBIN III DECREASED,160
RESPIRATORY SYNCYTIAL VIRUS INFECTION,7939
ENGRAFTMENT SYNDROME,430
CEPHALHAEMATOMA,82
CRANIOSYNOSTOSIS,633
PLAGIOCEPHALY,366
VASCULAR GRAFT,2178
APOPTOSIS,259
SENILE OSTEOPOROSIS,112
RETAINED PLACENTA OR MEMBRANES,207
OESOPHAGEAL SPASM,1317
PRODUCT TASTE ABNORMAL,12541
PANCREATITIS HAEMORRHAGIC,272
HEPARIN-INDUCED THROMBOCYTOPENIA,2922
BILIRUBIN CONJUGATED INCREASED,1519
BLOOD BILIRUBIN,43
SELF-INJURIOUS IDEATION,2983
CALCINOSIS,1611
FURUNCLE,6583
SYDENHAM'S CHOREA,41
CHRONIC RIGHT VENTRICULAR FAILURE,33
KNEE OPERATION,8577
CORONARY ARTERY RESTENOSIS,293
HYPOGLYCAEMIA UNAWARENESS,192
SUDDEN CARDIAC DEATH,2018
GLOMERULOSCLEROSIS,472
FEEDING DISORDER NEONATAL,525
GENE MUTATION,1843
NEONATAL TACHYCARDIA,101
WOLFF-PARKINSON-WHITE SYNDROME,336
AUTONOMIC FAILURE SYNDROME,45
AUTONOMIC NEUROPATHY,801
CARDIOLIPIN ANTIBODY POSITIVE,77
CEREBELLAR ATAXIA,734
HYPERCALCIURIA,394
MYOFASCIAL PAIN SYNDROME,529
PARATHYROID DISORDER,645
PERINEURIAL CYST,72
TOBACCO ABUSE,365
CAUDA EQUINA SYNDROME,574
APPLICATION SITE DISCOMFORT,1706
APPLICATION SITE PAIN,19989
BURNS SECOND DEGREE,1354
BONE MARROW TOXICITY,896
BRAIN DEATH,2198
BEHAVIOURAL AND PSYCHIATRIC SYMPTOMS OF DEMENTIA,38
ANOGENITAL WARTS,763
DYSPLASIA,941
ECHOGRAPHY ABNORMAL,1
EXTERNAL AUDITORY CANAL ATRESIA,104
PULMONARY TOXICITY,6020
ARTERIAL REPAIR,151
CONGENITAL HAND MALFORMATION,437
RHEUMATOID LUNG,798
INFUSION SITE EXTRAVASATION,5591
THROMBOCYTOPENIC PURPURA,833
IMPAIRED DRIVING ABILITY,8039
EXTENSOR PLANTAR RESPONSE,555
LOSS OF PROPRIOCEPTION,247
PREMATURE MENOPAUSE,689
HEPATITIS FULMINANT,1958
ONYCHOLYSIS,1340
CEREBRAL VENTRICLE DILATATION,791
FOETAL ANTICONVULSANT SYNDROME,897
GROWTH RETARDATION,2223
HYPERTELORISM OF ORBIT,229
LIMB REDUCTION DEFECT,430
NOSE DEFORMITY,300
WRIST DEFORMITY,559
EXPOSURE VIA FATHER,1250
CONGENITAL ARTERIAL MALFORMATION,144
FIBRINOUS BRONCHITIS,66
ENTERITIS,5589
VENTRICULAR FAILURE,201
BLOOD CALCIUM ABNORMAL,1474
BLOOD PARATHYROID HORMONE DECREASED,1338
GENERALISED ANXIETY DISORDER,1148
GLOSSITIS,2649
IODINE UPTAKE INCREASED,14
OSTEOGENESIS IMPERFECTA,474
OSTEOMA,138
PARAESTHESIA ORAL,11609
VITAMIN C DEFICIENCY,164
CORNEAL INFECTION,180
DRUG EFFECT INCREASED,2348
EAR OPERATION,314
TYPE IV HYPERSENSITIVITY REACTION,2305
DIABETIC GASTROPARESIS,202
TONGUE AMYLOIDOSIS,4
CYCLIC VOMITING SYNDROME,593
CELLULITIS STAPHYLOCOCCAL,485
HYPOPYON,658
TOXIC ANTERIOR SEGMENT SYNDROME,865
OPHTHALMOPLEGIA,1230
HAEMORRHAGE INTRACRANIAL,12144
COOMBS POSITIVE HAEMOLYTIC ANAEMIA,319
BLADDER DISCOMFORT,1045
PHOTOSENSITIVITY REACTION,13349
ADENOCARCINOMA OF COLON,1851
FAILURE TO ANASTOMOSE,75
IMPULSE-CONTROL DISORDER,1630
APPLICATION SITE ULCER,556
ASTEATOSIS,97
URETHROPERINEAL FISTULA,3
MALARIA,420
HAND DEFORMITY,12509
HOLT-ORAM SYNDROME,6
ANGIOPLASTY,954
DEAFNESS BILATERAL,1351
MYOGLOBINURIA,288
SCHWANNOMA,185
INFECTED DERMAL CYST,342
SUBCUTANEOUS HAEMATOMA,1054
DERMATITIS PSORIASIFORM,1725
EPIDERMAL NECROSIS,758
THOUGHT BLOCKING,426
GASTROENTERITIS NOROVIRUS,1167
ROTAVIRUS INFECTION,491
PROCTITIS ULCERATIVE,459
ECTOPIC PREGNANCY,2059
ABDOMINAL REBOUND TENDERNESS,70
ENDOCARDITIS BACTERIAL,572
HEPATIC HAEMATOMA,367
MENDELSON'S SYNDROME,20
SYSTEMIC CANDIDA,2101
BODY HEIGHT BELOW NORMAL,550
CHRONIC HEPATITIS,539
CONGENITAL GENITOURINARY ABNORMALITY,95
CONGENITAL RENAL DISORDER,228
PULMONARY VALVE STENOSIS CONGENITAL,336
INFECTIVE EXACERBATION OF CHRONIC OBSTRUCTIVE AIRWAYS DISEASE,558
PYLORIC STENOSIS,566
METASTATIC MALIGNANT MELANOMA,1914
RECTAL CANCER,2484
BALANOPOSTHITIS,775
CYTOMEGALOVIRUS ENTEROCOLITIS,653
OVARIAN CANCER STAGE IV,412
GALLBLADDER OPERATION,3126
PANCREATIC INJURY,251
PRECANCEROUS MUCOSAL LESION,65
TIC,3825
TOURETTE'S DISORDER,602
WEIGHT LOSS POOR,3868
APPLICATION SITE IRRITATION,9980
BRADYPNOEA,2434
CARDIAC OUTPUT DECREASED,629
CARDIAC STRESS TEST ABNORMAL,511
EJECTION FRACTION ABNORMAL,1097
BRUGADA SYNDROME,778
KELOID SCAR,427
LARYNGOCELE,5
MEDIASTINAL CYST,18
MEDIASTINAL MASS,284
REFLUX LARYNGITIS,378
THYMUS DISORDER,136
NECROTISING COLITIS,944
BENIGN UTERINE NEOPLASM,77
GENITAL HAEMORRHAGE,10695
URINARY TRACT INFECTION ENTEROCOCCAL,655
CENTRAL NERVOUS SYSTEM NECROSIS,225
PERIORBITAL HAEMATOMA,366
KOUNIS SYNDROME,2071
THALAMUS HAEMORRHAGE,758
LONG QT SYNDROME,2045
BASE EXCESS DECREASED,132
BLOOD PH DECREASED,714
PO2 INCREASED,224
PRIMARY PROGRESSIVE MULTIPLE SCLEROSIS,428
FASCIITIS,486
PNEUMONIA FUNGAL,3326
DRUG WITHDRAWAL CONVULSIONS,1544
ACUTE FEBRILE NEUTROPHILIC DERMATOSIS,1816
CYTOMEGALOVIRUS VIRAEMIA,3887
INJECTION SITE VESICLES,5221
COR PULMONALE,613
CLOACAL EXSTROPHY,50
CONGENITAL BLADDER ANOMALY,85
HYPOSPADIAS,1539
INTESTINAL MALROTATION,199
MULTIPLE CONGENITAL ABNORMALITIES,856
PENIS DISORDER,1683
SCROTAL DISORDER,193
BENIGN OVARIAN TUMOUR,231
RESECTION OF RECTUM,29
RENAL CELL CARCINOMA STAGE III,21
CARDIAC DEATH,832
VASCULAR PURPURA,1028
CALCIUM DEFICIENCY,1132
OSTEOCHONDRITIS,88
TRAUMATIC HAEMATOMA,875
VASCULAR DISSECTION,29
AORTIC VALVE REPLACEMENT,943
LOW DENSITY LIPOPROTEIN INCREASED,5705
MIDDLE EAR DISORDER,77
STERNAL FRACTURE,1021
HERPES PHARYNGITIS,47
OROPHARYNGEAL CANDIDIASIS,759
HYPOPROTEINAEMIA,1307
GLOMERULONEPHROPATHY,200
OOPHORITIS,131
UTERINE CYST,432
SUBCLAVIAN VEIN THROMBOSIS,822
IMPLANTABLE DEFIBRILLATOR INSERTION,899
CALCIFICATION OF MUSCLE,104
GRANULOMA ANNULARE,607
PORCELAIN GALLBLADDER,44
AMYLOIDOSIS,1369
COLECTOMY,4924
MYCOBACTERIAL INFECTION,1436
PNEUMONIA STREPTOCOCCAL,826
TRANSIENT GLOBAL AMNESIA,605
INCORRECT DRUG ADMINISTRATION RATE,3726
SUPERFICIAL SPREADING MELANOMA STAGE I,32
NEUTROPENIC INFECTION,709
ARTERIOVENOUS MALFORMATION,684
HAEMOPHILUS SEPSIS,42
MENINGITIS HAEMOPHILUS,34
URTICARIA CONTACT,32
ELECTROCARDIOGRAM T WAVE INVERSION,1345
BILIARY CIRRHOSIS PRIMARY,159
EXTRADURAL HAEMATOMA,998
EYE PROSTHESIS USER,9
ACUTE PROMYELOCYTIC LEUKAEMIA,677
LABILE BLOOD PRESSURE,797
ALVEOLITIS,863
DENTAL OPERATION,2032
CHRONIC RESPIRATORY FAILURE,1009
AXILLARY VEIN THROMBOSIS,267
SUBCLAVIAN ARTERY STENOSIS,106
ATRIOVENTRICULAR BLOCK SECOND DEGREE,2169
BLOOD URINE,602
TOOTH EROSION,874
DEVICE INFUSION ISSUE,2395
IMMINENT ABORTION,35
REHABILITATION THERAPY,3699
MACULAR OEDEMA,4402
POSTINFARCTION ANGINA,34
INTERMITTENT CLAUDICATION,1024
PERIPHERAL SENSORIMOTOR NEUROPATHY,1013
HAEMORRHAGE URINARY TRACT,2139
HYPOMENORRHOEA,1892
CERVIX CARCINOMA STAGE III,108
BAND SENSATION,1173
BLADDER PROLAPSE,904
PROCEDURAL HEADACHE,362
DIABETES INSIPIDUS,1886
DRUG ADMINISTERED AT INAPPROPRIATE SITE,8614
FACE CRUSHING,19
FAECES HARD,3382
ANAL SPHINCTER ATONY,304
MEDICAL DEVICE DISCOMFORT,2629
HYPEROSMOLAR STATE,166
REYE'S SYNDROME,131
CAROTID ARTERY STENOSIS,2004
HELICOBACTER GASTRITIS,961
BREAST PROSTHESIS REMOVAL,66
TRANSPLANT,2101
CHLAMYDIAL INFECTION,584
MASTOIDITIS,766
SINUS POLYP,456
DYSENTERY,1671
AUTOIMMUNE DISORDER,8556
EAR INJURY,439
BREAST DISCHARGE,1219
WOUND ABSCESS,280
NAIL ATROPHY,29
HEART INJURY,1015
MONOPLEGIA,3292
BLADDER CANCER RECURRENT,882
WEIGHT BEARING DIFFICULTY,2256
LARYNGEAL PAIN,384
BLOOD CHOLESTEROL,354
TONSILLAR HYPERTROPHY,1382
TONSILLAR ULCER,124
INCISION SITE HAEMATOMA,167
INCISION SITE OEDEMA,88
ABDOMINAL HERNIA REPAIR,135
BIOPSY BREAST,222
BLOOD PARATHYROID HORMONE ABNORMAL,582
ELBOW OPERATION,564
ENCHONDROMA,35
INCISION SITE HAEMORRHAGE,565
INTESTINAL ADHESION LYSIS,32
VAGINAL PROLAPSE,343
VULVOVAGINAL BURNING SENSATION,5559
DYSPHORIA,4499
SQUAMOUS CELL CARCINOMA OF LUNG,759
UTERINE POLYP,1308
BRACHIAL PLEXUS INJURY,114
CLONUS,2129
NIKOLSKY'S SIGN,327
PLANTAR ERYTHEMA,192
OPTIC ISCHAEMIC NEUROPATHY,2553
VISUAL FIELD DEFECT,5164
ILLUSION,1287
DISSOCIATIVE FUGUE,25
SPOUSAL ABUSE,38
GASTROINTESTINAL NEOPLASM,716
LUNG CYST,353
ANKLE DEFORMITY,305
IMPATIENCE,1472
EYE CONTUSION,2080
FACE INJURY,3027
OBSESSIVE THOUGHTS,1189
THYROID MASS,3607
BODY TEMPERATURE FLUCTUATION,1783
CARDIO-RESPIRATORY DISTRESS,216
PARATHYROID TUMOUR BENIGN,541
CONTRAST MEDIA ALLERGY,1669
ENDOMETRIAL HYPERTROPHY,171
SILENT MYOCARDIAL INFARCTION,365
FEAR OF EATING,261
RESPIRATORY TRACT INFLAMMATION,416
ARTERITIS INFECTIVE,54
MENINGITIS FUNGAL,205
ANXIETY DISORDER DUE TO A GENERAL MEDICAL CONDITION,90
URINE URIC ACID,4
FACTOR IX INHIBITION,92
TREMOR NEONATAL,289
BILIARY SEPSIS,398
MALIGNANT HYPERTENSION,583
CEREBRAL SARCOIDOSIS,18
DROOLING,5489
HEPATIC VEIN OCCLUSION,111
RHEUMATIC FEVER,4257
PRECIPITATE LABOUR,48
ENDOMETRIAL CANCER,1578
BURNING SENSATION MUCOSAL,236
TREATMENT FAILURE,79779
OESTROGEN DEFICIENCY,226
UTERINE PROLAPSE,800
CYTOMEGALOVIRUS COLITIS,1994
ABDOMINAL WALL ABSCESS,496
COLON CANCER STAGE II,188
ASPERGILLOMA,248
HYPOAESTHESIA EYE,511
HEPATIC VEIN THROMBOSIS,244
CARTILAGE ATROPHY,765
POST PROCEDURAL HAEMATOMA,1235
HYSTERECTOMY,6999
PREMATURE SEPARATION OF PLACENTA,1138
DIVERTICULAR PERFORATION,1506
ACUTE PSYCHOSIS,1917
BLADDER NEOPLASM,1385
MICROALBUMINURIA,510
GLUCOSE URINE PRESENT,917
PELVIC HAEMORRHAGE,184
PERITONEAL ADHESIONS,184
SOFT TISSUE HAEMORRHAGE,312
URINARY BLADDER RUPTURE,203
URINARY CASTS PRESENT,89
URINARY SEDIMENT PRESENT,546
SPLENIC LESION,290
JC VIRUS TEST POSITIVE,561
ANAEMIA MEGALOBLASTIC,322
AUTONOMIC NERVOUS SYSTEM IMBALANCE,2318
SEXUALLY TRANSMITTED DISEASE,369
VAGINITIS BACTERIAL,194
BREAST FIBROSIS,81
COLPORRHAPHY,34
HYPOCALCIURIA,40
INTRANEURAL CYST,18
MAMMARY DUCT ECTASIA,34
MEDICAL DEVICE REMOVAL,1546
METAPLASIA,299
EOSINOPHILIC OESOPHAGITIS,2489
CARDIOTOXICITY,7920
BRAIN NEOPLASM MALIGNANT,4148
MIXED INCONTINENCE,64
VITAMIN A INCREASED,40
GLAUCOMA TRAUMATIC,10
OCULAR ISCHAEMIC SYNDROME,71
PNEUMONIA CYTOMEGALOVIRAL,1517
FOETAL DISTRESS SYNDROME,1478
SHOULDER DYSTOCIA,118
FOETAL CEREBROVASCULAR DISORDER,7
BURNING MOUTH SYNDROME,488
GASTRIC PH DECREASED,842
PAPILLARY THYROID CANCER,1569
CARDIAC FAILURE CHRONIC,3860
BREAST CANCER IN SITU,199
FRACTURE DISPLACEMENT,348
LIMB DEFORMITY,1380
INFECTIVE TENOSYNOVITIS,219
URETHRITIS,423
DRUG LEVEL BELOW THERAPEUTIC,4732
ODONTOGENIC CYST,44
OCULOPHARYNGEAL DYSTROPHY,4
ALCOHOL POISONING,1783
CARDIAC CONTUSION,40
CLOSED FRACTURE MANIPULATION,99
ELECTROCARDIOGRAM ST-T CHANGE,286
VITAMIN K DEFICIENCY,305
SALMONELLA BACTERAEMIA,185
DIPLEGIA,1459
DRUG THERAPY CHANGED,8
PRERENAL FAILURE,1366
VULVAL ABSCESS,357
HYPERTRANSAMINASAEMIA,6565
RESPIRATORY ALKALOSIS,1227
HYPERTENSIVE HEART DISEASE,1131
SUTURE INSERTION,466
TOXOPLASMOSIS,850
ENDOMETRIAL HYPERPLASIA,544
FABRY'S DISEASE,149
BENIGN BONE NEOPLASM,164
SINUS OPERATION,2066
THYROIDECTOMY,1485
HYPOPITUITARISM,1583
LYMPHANGIOLEIOMYOMATOSIS,96
APPLICATION SITE INFLAMMATION,1189
APPLICATION SITE SWELLING,4132
VASCULAR HEADACHE,76
CARDIAC VALVE REPLACEMENT COMPLICATION,183
TABLET PHYSICAL ISSUE,78
ADENOIDAL HYPERTROPHY,309
CLEFT UVULA,54
CONGENITAL CHOROID PLEXUS CYST,244
MITRAL VALVE HYPOPLASIA,40
VELOPHARYNGEAL INCOMPETENCE,107
RECTAL ADENOCARCINOMA,590
PULMONARY VENO-OCCLUSIVE DISEASE,586
FEBRILE BONE MARROW APLASIA,3557
HIP SURGERY,4699
CHANGE OF BOWEL HABIT,1480
ENDOMETRIAL ADENOCARCINOMA,625
MASTOCYTIC ENTEROCOLITIS,6
MONOCLONAL GAMMOPATHY,550
SMALL INTESTINAL BACTERIAL OVERGROWTH,55
TYPE V HYPERLIPIDAEMIA,424
ACTIVATED PARTIAL THROMBOPLASTIN TIME SHORTENED,239
BLOOD IMMUNOGLOBULIN G DECREASED,2169
BLOOD IMMUNOGLOBULIN M DECREASED,874
GASTRIC POLYPECTOMY,18
BONE DENSITY INCREASED,351
DIARRHOEA NEONATAL,86
HYPERTONIA NEONATAL,367
NEONATAL TACHYPNOEA,286
PANCREATIC MASS,889
BILIARY TRACT INFECTION,527
OCCIPITAL NEURALGIA,510
RENAL ARTERY STENOSIS,899
SPINAL CORD NEOPLASM,750
CHONDROCALCINOSIS,544
CONSTIPATION PROPHYLAXIS,3
DEVICE CONNECTION ISSUE,1930
AURA,1426
EXTERNAL EAR DISORDER,75
METEOROPATHY,26
MUSCLE CONTRACTIONS INVOLUNTARY,2597
MYASTHENIC SYNDROME,669
CONGENITAL SPINAL CORD ANOMALY,62
GENITALIA EXTERNAL AMBIGUOUS,137
SINGLE UMBILICAL ARTERY,282
CONGENITAL SYPHILITIC OSTEOCHONDRITIS,23
EXPOSURE TO COMMUNICABLE DISEASE,662
BLADDER SQUAMOUS CELL CARCINOMA STAGE UNSPECIFIED,24
HEART TRANSPLANT REJECTION,782
CANCER IN REMISSION,215
RUBBER SENSITIVITY,1512
SUSPECTED COUNTERFEIT PRODUCT,3892
APPLICATION SITE DISCOLOURATION,3603
APPLICATION SITE SCAR,1013
APPLICATION SITE VESICLES,5570
FOOD INTOLERANCE,3142
LUNG CARCINOMA CELL TYPE UNSPECIFIED RECURRENT,546
ACQUIRED DIAPHRAGMATIC EVENTRATION,233
MATERNAL CONDITION AFFECTING FOETUS,81
VERTICAL INFECTION TRANSMISSION,77
CYSTOPEXY,64
BRONCHIAL IRRITATION,137
PARANASAL SINUS HYPERSECRETION,3103
PNEUMONIA CRYPTOCOCCAL,836
PLICATED TONGUE,452
TINEA INFECTION,928
GENITAL DISCHARGE,151
PRURITUS GENITAL,2075
LOCAL REACTION,619
NAIL PSORIASIS,568
JOINT ADHESION,55
HYPHAEMA,411
DENTAL IMPLANTATION,1463
LYMPH GLAND INFECTION,398
PARTIAL SEIZURES,4157
ABNORMAL SLEEP-RELATED EVENT,849
ENDODONTIC PROCEDURE,2045
INJECTION SITE IRRITATION,6136
REPRODUCTIVE TRACT DISORDER,324
ILEOSTOMY,2210
HEAT RASH,19
PSEUDARTHROSIS,177
OROPHARYNGEAL NEOPLASM BENIGN,7
PARATHYROIDECTOMY,381
SCLERODERMA,2931
VASCULAR CAUTERISATION,57
BONE NEOPLASM,889
CENTRAL NERVOUS SYSTEM INFLAMMATION,262
FULL BLOOD COUNT ABNORMAL,10156
PELVIC INFLAMMATORY DISEASE,1088
CERVIX DYSTOCIA,92
FOETAL MALPOSITION,133
MULTIPLE CARDIAC DEFECTS,88
PULMONARY MALFORMATION,230
SKIN ODOUR ABNORMAL,3139
ANEURYSM RUPTURED,689
EJECTION FRACTION,545
FORCEPS DELIVERY,54
VACUUM EXTRACTOR DELIVERY,37
INJECTION SITE ABSCESS,1855
SINUS ARRHYTHMIA,833
TOXOCARIASIS,32
GALLBLADDER PERFORATION,242
BLOOD ALDOSTERONE INCREASED,107
CARCINOEMBRYONIC ANTIGEN INCREASED,1646
PO2 DECREASED,472
VAGINAL ABSCESS,236
CHOLELITHOTOMY,169
PROLONGED EXPIRATION,233
DIFFUSE ALVEOLAR DAMAGE,798
INFLAMMATORY MARKER INCREASED,4727
INHIBITORY DRUG INTERACTION,1347
VENOUS PRESSURE INCREASED,48
AORTIC VALVE REPAIR,80
IMMUNODEFICIENCY COMMON VARIABLE,446
BETA 2 MICROGLOBULIN INCREASED,170
METABOLIC DISORDER,3855
INJECTION SITE EXFOLIATION,602
BLASTOMYCOSIS,423
PNEUMONIA BLASTOMYCES,33
POSTOPERATIVE WOUND COMPLICATION,969
TUBERCULIN TEST POSITIVE,1950
SMALL INTESTINE CARCINOMA,2083
INCORRECT PRODUCT STORAGE,12925
DIABETIC ULCER,610
EJACULATION DISORDER,2116
INFECTED BITES,163
SIALOADENITIS,1137
PNEUMONIA PSEUDOMONAS AERUGINOSA,46
FOETAL DISORDER,494
ATYPICAL PNEUMONIA,2942
GASTROINTESTINAL VASCULAR MALFORMATION,48
MILLER FISHER SYNDROME,189
PNEUMONIA HAEMOPHILUS,419
UPPER RESPIRATORY FUNGAL INFECTION,169
NEUTRALISING ANTIBODIES POSITIVE,296
BRONCHIAL CARCINOMA,543
ADNEXA UTERI MASS,184
PELVIC PROLAPSE,136
SMEAR CERVIX ABNORMAL,929
URETERAL DISORDER,316
LARGE INTESTINAL HAEMORRHAGE,1882
LIP DISCOLOURATION,1005
GASTROENTERITIS STAPHYLOCOCCAL,101
THYMOMA,302
EYELID EROSION,79
SKIN EROSION,2841
VULVAR EROSION,119
PREMATURE EJACULATION,506
PAPULE,6545
ANTIPHOSPHOLIPID ANTIBODIES,136
BLOOD OESTROGEN DECREASED,562
SKIN GRAFT,524
BRANCHIAL CYST,29
NEPHROGENIC ANAEMIA,4418
EXTERNAL EAR INFLAMMATION,100
MUSCLE ABSCESS,517
HAPTOGLOBIN DECREASED,597
RETICULOCYTE COUNT INCREASED,601
HYPOPHYSITIS,1947
MUCOSAL ATROPHY,78
EMBOLIC STROKE,2932
ADRENAL GLAND CANCER,383
ANAESTHETIC COMPLICATION,1729
UTERINE SPASM,1343
INTESTINAL RESECTION,4723
CATARACT SUBCAPSULAR,491
CORNEAL DECOMPENSATION,130
IRIS NEOVASCULARISATION,100
LENS DISORDER,214
LENTICULAR OPACITIES,347
MACULAR ISCHAEMIA,120
VAGINAL DISORDER,710
NODAL OSTEOARTHRITIS,273
PERIPROCTITIS,6
INJECTION SITE PALLOR,208
INJECTION SITE RECALL REACTION,379
VACCINATION COMPLICATION,752
PNEUMONIA LEGIONELLA,1202
ENDOPHTHALMITIS,5071
BONE INFARCTION,333
IMPLANT SITE INFECTION,1951
VASCULAR ACCESS COMPLICATION,718
PULMONARY FUNCTION TEST ABNORMAL,1379
PSEUDOLYMPHOMA,414
ARTHROSCOPY,561
FUNGAL OESOPHAGITIS,563
STAPHYLOCOCCAL OSTEOMYELITIS,129
BLADDER CANCER STAGE IV,1664
DENTAL NECROSIS,205
DENTAL PLAQUE,201
LEUKOPLAKIA ORAL,411
OESOPHAGOGASTRIC FUNDOPLASTY,126
BRACHYCEPHALY,59
PIERRE ROBIN SYNDROME,147
FEAR OF DEATH,1679
ANTICONVULSANT DRUG LEVEL ABNORMAL,92
BENIGN BREAST LUMP REMOVAL,27
POLYPECTOMY,644
SCAN MYOCARDIAL PERFUSION ABNORMAL,94
VASOMOTOR RHINITIS,116
POOR PERSONAL HYGIENE,370
ILEAL ULCER,874
MILIA,267
NON-CARDIOGENIC PULMONARY OEDEMA,903
NECROTISING FASCIITIS,2900
PROSTATE CANCER STAGE 0,511
RESPIRATION ABNORMAL,6140
VAGUS NERVE DISORDER,203
GASTROOESOPHAGEAL SPHINCTER INSUFFICIENCY,184
OESOPHAGEAL ACHALASIA,551
STARVATION,686
THYMECTOMY,77
COMPLICATIONS OF TRANSPLANTED LIVER,202
LUMBAR HERNIA,145
ANTIBODY TEST POSITIVE,1187
ANTIBODY TEST,47
BLAST CELL COUNT INCREASED,928
BLOOD BICARBONATE INCREASED,274
PRODUCT ODOUR ABNORMAL,9735
TOOTH INJURY,3970
INFUSION SITE INFECTION,2097
EXTRANODAL MARGINAL ZONE B-CELL LYMPHOMA (MALT TYPE),390
SPLINTER,190
DRUG TOLERANCE,4234
MYOCARDIAL CALCIFICATION,89
MESANGIOPROLIFERATIVE GLOMERULONEPHRITIS,125
CHRONIC MYELOID LEUKAEMIA TRANSFORMATION,404
GUN SHOT WOUND,821
LENTIGO MALIGNA,265
RESPIRATORY FUME INHALATION DISORDER,248
ADRENAL ADENOMA,459
BLOOD ALBUMIN ABNORMAL,432
GRAVITATIONAL OEDEMA,568
OVARIAN CYSTECTOMY,151
VAGINAL PROLAPSE REPAIR,23
BICYTOPENIA,1774
MALLORY-WEISS SYNDROME,873
POST PROCEDURAL DISCOMFORT,1869
TRACHEOMALACIA,321
TRACHEOSTOMY MALFUNCTION,163
ADENOIDECTOMY,350
HEPATIC CALCIFICATION,144
RENAL ARTERY OCCLUSION,162
RETROPERITONEAL MASS,131
SPLENIC CALCIFICATION,69
EMOTIONAL POVERTY,1677
RECALL PHENOMENON,606
APLASIA PURE RED CELL,2301
RETINAL TEAR,1956
PULMONARY SARCOIDOSIS,882
VOCAL CORD NEOPLASM,43
TUBO-OVARIAN ABSCESS,199
PHARYNGEAL INJURY,183
RHEUMATOID VASCULITIS,171
PRIMARY MEDIASTINAL LARGE B-CELL LYMPHOMA,111
TONIC CLONIC MOVEMENTS,979
CARDIOVASCULAR DECONDITIONING,35
SPUTUM INCREASED,1966
BLOOD CREATINE PHOSPHOKINASE DECREASED,278
ENANTHEMA,416
LIP EROSION,566
SUFFOCATION FEELING,1933
SUDDEN UNEXPLAINED DEATH IN EPILEPSY,445
ELECTRIC SHOCK,616
LYMPH NODE PAIN,1503
DIAPHRAGMATIC PARALYSIS,471
FUSARIUM INFECTION,601
RADIATION SKIN INJURY,863
SUPERINFECTION BACTERIAL,729
T-CELL LYMPHOMA,856
STRIDOR,2062
POISONING DELIBERATE,8680
ANASTOMOTIC COMPLICATION,233
GLOMERULONEPHRITIS MINIMAL LESION,625
LEARNING DISORDER,2173
MICROCEPHALY,975
KERATOCONUS,337
BENIGN NEOPLASM OF SKIN,283
DERMATOMYOSITIS,2050
NAIL INFECTION,1199
SOFT TISSUE INJURY,603
UTERINE DILATION AND CURETTAGE,704
ANTICONVULSANT DRUG LEVEL BELOW THERAPEUTIC,326
DEMENTIA WITH LEWY BODIES,983
HEPATIC RUPTURE,165
NERVE DEGENERATION,119
VASOCONSTRICTION,621
VAGINAL LESION,228
CORNEAL DYSTROPHY,326
SOCIAL PROBLEM,3621
ONCOLOGIC COMPLICATION,870
PARANEOPLASTIC NEUROLOGICAL SYNDROME,124
ECHOCARDIOGRAM ABNORMAL,896
CEREBRAL CALCIFICATION,193
PREGNANCY AFTER POST COITAL CONTRACEPTION,1789
LACRIMAL DISORDER,445
INFECTED FISTULA,517
ENZYME ABNORMALITY,301
BRAIN MALFORMATION,275
FACTOR VIII INHIBITION,683
SARCOMA,891
DEVICE DAMAGE,739
CONJUNCTIVITIS INFECTIVE,101
FOREIGN BODY SENSATION IN EYES,5575
DRUG DIVERSION,5176
IMPRISONMENT,1402
MOTION SICKNESS,1550
CSF VOLUME INCREASED,112
OPTIC NEUROPATHY,1626
SUBDURAL HAEMORRHAGE,2247
CAROTID BRUIT,152
HYPNAGOGIC HALLUCINATION,247
LABILE HYPERTENSION,164
LICHEN PLANUS,1781
LYMPH NODE CALCIFICATION,168
STITCH ABSCESS,69
MYOPIA,1812
IRREGULAR SLEEP PHASE,176
BRAIN STEM HAEMORRHAGE,713
REFRACTORINESS TO PLATELET TRANSFUSION,67
GRAM STAIN POSITIVE,163
ANGIODYSPLASIA,290
PHYSICAL PRODUCT LABEL ISSUE,1094
RHEUMATOID NODULE,2413
SENILE DEMENTIA,535
MYCOTIC ALLERGY,785
FALLOPIAN TUBE PERFORATION,76
LIP INJURY,1198
ARTERIAL HAEMORRHAGE,980
HEPATIC INFECTION,1135
IRITIS,2423
CORONARY REVASCULARISATION,114
PEMPHIGOID,6631
AVERSION,239
BREECH PRESENTATION,965
CONGENITAL SKIN DIMPLES,241
NEUROFIBROMATOSIS,159
SMALL FOR DATES BABY,3790
ATRIAL TACHYCARDIA,1628
DEAFNESS TRANSITORY,636
CARDIAC ASSISTANCE DEVICE USER,285
INFUSION SITE HAEMORRHAGE,3105
MACULAR HOLE,1097
CSF WHITE BLOOD CELL COUNT INCREASED,137
RHINALGIA,2366
HYPERGAMMAGLOBULINAEMIA BENIGN MONOCLONAL,525
CANDIDA SEPSIS,616
TONGUE COATED,1357
LIBIDO DISORDER,1153
NIPPLE DISORDER,447
NIPPLE PAIN,1556
EJACULATION FAILURE,1320
COAGULATION TEST ABNORMAL,595
ACQUIRED IMMUNODEFICIENCY SYNDROME,307
KLEBSIELLA SEPSIS,886
CYTOMEGALOVIRUS CHORIORETINITIS,1635
BRONCHITIS VIRAL,576
TESTIS CANCER,3737
APRAXIA,1164
DYSLOGIA,6
URETHRAL PAIN,467
TOBACCO USER,763
METASTATIC SQUAMOUS CELL CARCINOMA,416
CERULOPLASMIN DECREASED,31
NODULAR REGENERATIVE HYPERPLASIA,549
EAR PRURITUS,3129
NONSPECIFIC REACTION,4253
ARTHROFIBROSIS,57
CHEST CRUSHING,50
PROLONGED LABOUR,522
BLOOD BLISTER,2516
REACTION TO DRUG EXCIPIENTS,1554
ECG SIGNS OF MYOCARDIAL ISCHAEMIA,138
ELECTROCARDIOGRAM REPOLARISATION ABNORMALITY,531
HERNIA HIATUS REPAIR,146
PREMENSTRUAL SYNDROME,906
COAGULATION FACTOR V LEVEL DECREASED,193
HEPATIC ISCHAEMIA,234
SUSPECTED TRANSMISSION OF AN INFECTIOUS AGENT VIA PRODUCT,1218
BLOOD BILIRUBIN UNCONJUGATED INCREASED,447
HEAD TITUBATION,1075
URETERIC OBSTRUCTION,970
CLOSTRIDIAL INFECTION,836
TALIPES,2304
BICUSPID PULMONARY VALVE,22
CLEFT LIP AND PALATE,824
CONGENITAL CARDIOVASCULAR ANOMALY,627
CONGENITAL TRICUSPID VALVE INCOMPETENCE,152
SPINA BIFIDA,1656
LYMPHOCYTE STIMULATION TEST POSITIVE,149
PULSE PRESSURE INCREASED,130
DRUG ADMINISTERED TO PATIENT OF INAPPROPRIATE AGE,7095
AUTISM SPECTRUM DISORDER,5319
BRONCHOPULMONARY DYSPLASIA,533
RETINOPATHY OF PREMATURITY,401
STRABISMUS CONGENITAL,102
SLEEP TERROR,3622
CATHETER PLACEMENT,1594
CATHETER SITE DISCHARGE,994
CHRONIC INFLAMMATORY DEMYELINATING POLYRADICULONEUROPATHY,1295
JOINT FLUID DRAINAGE,250
PERITONEAL DISORDER,506
CERVICAL INCOMPETENCE,419
TONGUE BITING,1452
ANGIOFIBROMA,63
CATARACT NUCLEAR,530
DYSPLASTIC NAEVUS,334
ORAL MUCOSAL EXFOLIATION,1136
LACTATION DISORDER,364
LIVE BIRTH,7602
BLIGHTED OVUM,155
WART EXCISION,2
COLOSTOMY,1624
BLOOD THYROID STIMULATING HORMONE ABNORMAL,1562
ALKALOSIS HYPOKALAEMIC,29
MIGRAINE WITH AURA,2257
METASTATIC CARCINOMA OF THE BLADDER,293
BENIGN PANCREATIC NEOPLASM,143
PNEUMOBILIA,151
HYPOSMIA,944
OESOPHAGEAL HYPOMOTILITY,136
PROCEDURAL SITE REACTION,273
RADICULAR SYNDROME,30
SELECTIVE IGG SUBCLASS DEFICIENCY,88
WOUND HAEMATOMA,141
COAGULATION TIME PROLONGED,1057
LIGHT CHAIN DISEASE,120
OTOSCLEROSIS,59
SIGMOIDITIS,20
CHONDROPLASTY,48
MENISCUS REMOVAL,125
ENDOMETRIAL CANCER STAGE I,109
HYPEREOSINOPHILIC SYNDROME,453
HYPERPARATHYROIDISM PRIMARY,266
OOPHORECTOMY,715
RHONCHI,958
GINGIVAL BLISTER,331
DIET REFUSAL,483
SUBCUTANEOUS EMPHYSEMA,773
ARTHRODESIS,859
ELECTROCARDIOGRAM ST SEGMENT,22
GASTROOESOPHAGITIS,2
C-REACTIVE PROTEIN ABNORMAL,6253
LYMPHOCYTE COUNT ABNORMAL,1026
RED BLOOD CELL COUNT ABNORMAL,1320
RED CELL DISTRIBUTION WIDTH ABNORMAL,177
PELVIC MASS,592
CHRONIC MYELOMONOCYTIC LEUKAEMIA,518
INTRAOCULAR PRESSURE TEST ABNORMAL,572
VULVITIS,240
DEVICE ISSUE,85961
SMALL CELL LUNG CANCER,1442
POST PROCEDURAL SEPSIS,576
POSTOPERATIVE ADHESION,537
CYSTIC LYMPHANGIOMA,121
HAEMOSIDEROSIS,163
BLADDER DIVERTICULUM,134
HEPATITIS C ANTIBODY POSITIVE,133
STAB WOUND,309
UTERINE NEOPLASM,254
AGORAPHOBIA,1008
HYDROPHOBIA,20
OESOPHAGEAL SQUAMOUS CELL CARCINOMA,194
BRONCHOPNEUMOPATHY,270
FIBROMA,815
CERVICAL MYELOPATHY,131
PHLEBITIS SUPERFICIAL,267
PORPHYRIA,243
URETHRAL DISORDER,323
GASTRIC INFECTION,3494
RESPIRATORY SYNCYTIAL VIRUS TEST POSITIVE,611
FEELING OF RELAXATION,478
ANOGENITAL DYSPLASIA,131
COLORECTAL CANCER STAGE IV,4613
LUNG CARCINOMA CELL TYPE UNSPECIFIED STAGE IV,3237
T-LYMPHOCYTE COUNT INCREASED,152
EXTRADURAL ABSCESS,592
VON WILLEBRAND'S DISEASE,187
LEGAL PROBLEM,377
EXOSTOSIS OF JAW,484
VASCULAR DEMENTIA,683
BODY HEIGHT,4
CHEST WALL CYST,49
MITRAL VALVE REPAIR,228
HYPERTENSIVE NEPHROPATHY,960
JOINT ARTHROPLASTY,1448
OESOPHAGEAL DILATION PROCEDURE,147
SPLENIC CYST,157
UTERINE PROLAPSE REPAIR,10
SUDDEN ONSET OF SLEEP,919
PACKED RED BLOOD CELL TRANSFUSION,1246
SINUS ARREST,1101
LYMPHOCYTIC HYPOPHYSITIS,264
CONGENITAL CYSTIC KIDNEY DISEASE,606
TERATOGENICITY,249
SUNBURN,6524
CEREBRAL HAEMANGIOMA,101
METASTASES TO KIDNEY,441
NEUROMYOPATHY,803
DUODENITIS HAEMORRHAGIC,111
SYSTEMIC MYCOSIS,984
PANIC REACTION,5530
IMPLANT SITE FIBROSIS,410
VASCULAR STENOSIS,258
THROMBOPHLEBITIS SEPTIC,157
PORTAL VEIN PHLEBITIS,20
ABORTION THREATENED,324
TROPONIN T INCREASED,1002
MUSCLE CONTRACTURE,1510
SPIDER VEIN,515
ACQUIRED CLAW TOE,80
PROCEDURAL NAUSEA,683
PROCEDURAL VOMITING,548
URETHRAL SYNDROME,11
VITREOUS DETACHMENT,1690
RESPIRATORY DISORDER NEONATAL,1372
LICHENIFICATION,321
ACCIDENTAL EXPOSURE TO PRODUCT,98588
VENOUS STASIS RETINOPATHY,5
CLOSTRIDIUM TEST POSITIVE,1964
ENTEROCHROMAFFIN CELL HYPERPLASIA,15
HYPERGASTRINAEMIA,112
NEUROENDOCRINE CARCINOMA,604
BLOOD BICARBONATE DECREASED,1074
PANNICULITIS,2094
PANCREATIC CARCINOMA METASTATIC,2471
HEPATIC CANCER METASTATIC,676
RETINAL VASCULAR THROMBOSIS,364
URETERITIS,229
ARTERIAL SPASM,130
POST PROCEDURAL PULMONARY EMBOLISM,183
PRESBYOESOPHAGUS,25
X-RAY OF PELVIS AND HIP ABNORMAL,30
PERIPHERAL ARTERY ANEURYSM,319
PUPILLARY LIGHT REFLEX TESTS ABNORMAL,195
SPLENIC ARTERY ANEURYSM,159
VERTEBROPLASTY,313
BRAIN NEOPLASM BENIGN,417
LOW CARDIAC OUTPUT SYNDROME,260
INJECTION RELATED REACTION,1575
MYCOSIS FUNGOIDES STAGE IV,23
NON-SMALL CELL LUNG CANCER METASTATIC,694
CORONARY ARTERY EMBOLISM,198
HAIR GROWTH ABNORMAL,5902
PANCREATIC ABSCESS,144
SPLENECTOMY,852
ASYMPTOMATIC BACTERIURIA,126
POST PROCEDURAL BILE LEAK,215
RENAL CANCER METASTATIC,631
NARCOLEPSY,1568
THYROIDITIS SUBACUTE,246
VAGINAL FISTULA,301
WOUND INFECTION FUNGAL,105
COLONOSCOPY,1909
JOINT INJECTION,125
ASOCIAL BEHAVIOUR,250
SELF ESTEEM DECREASED,1999
CHEILOSIS,29
MUCOSAL INFECTION,204
MUSCLE HAEMORRHAGE,3061
CRYPTOSPORIDIOSIS INFECTION,467
INTRAVASCULAR HAEMOLYSIS,345
ACUTE LEFT VENTRICULAR FAILURE,577
CONGENITAL HYDROCEPHALUS,380
CONGENITAL TORTICOLLIS,61
HYDROCELE,808
INTRAVENTRICULAR HAEMORRHAGE,2036
HEREDITARY HAEMORRHAGIC TELANGIECTASIA,82
PULMONARY ARTERIOVENOUS FISTULA,44
CONGENITAL ORAL MALFORMATION,133
SKIN TEST NEGATIVE,55
PLEURAL INFECTION,187
HEPATITIS C VIRUS TEST POSITIVE,516
RETINAL ISCHAEMIA,461
PRURIGO,505
ENTEROCOLONIC FISTULA,106
RENAL MASS,1712
APPLICATION SITE EROSION,1079
APPLICATION SITE REACTION,4411
SKIN BACTERIAL INFECTION,674
SKIN WOUND,1635
VULVOVAGINAL MYCOTIC INFECTION,3064
PLEUROTHOTONUS,699
SLEEP PHASE RHYTHM DISTURBANCE,87
TEETH BRITTLE,906
RADIATION RETINOPATHY,22
HYPOTHALAMO-PITUITARY DISORDER,1269
DIABETIC NEPHROPATHY,1660
AORTO-OESOPHAGEAL FISTULA,64
MEDIASTINITIS,463
OESOPHAGEAL FISTULA,238
FOOT AMPUTATION,1214
INTESTINAL DILATATION,994
CATHETER SITE ERYTHEMA,1902
CATHETER SITE SWELLING,848
VULVOVAGINITIS,241
IDIOPATHIC THROMBOCYTOPENIC PURPURA,135
GALLBLADDER OEDEMA,213
LYMPHOHISTIOCYTOSIS,10
MEDIASTINAL ABSCESS,103
NEUTROPENIC COLITIS,1825
TETANY,1351
VASCULITIS CEREBRAL,226
HEPATITIS A,626
SPINAL DEFORMITY,1457
SALIVARY GLAND CALCULUS,289
ABNORMAL LABOUR,71
BREAST DISORDER MALE,89
CENTRAL VENOUS CATHETERISATION,2755
HERNIA PAIN,402
SICKLE CELL ANAEMIA WITH CRISIS,14694
VERTIGO POSITIONAL,1365
BONE METABOLISM DISORDER,235
ORAL SURGERY,1901
DRUG SCREEN FALSE POSITIVE,1798
RHEUMATOID FACTOR DECREASED,18
GLOBULINS INCREASED,272
GRANULOCYTES ABNORMAL,147
LYMPHOCYTE PERCENTAGE DECREASED,932
PERIODONTAL OPERATION,95
CERVIX CANCER METASTATIC,124
HAEMORRHOID OPERATION,345
INGUINAL HERNIA REPAIR,257
VITRECTOMY,495
BRADYKINESIA,5306
DYSFUNCTIONAL UTERINE BLEEDING,725
HAPTOGLOBIN ABNORMAL,81
POLYCHROMASIA,219
RENAL ISCHAEMIA,443
TRANSFUSION REACTION,608
OVARIAN RUPTURE,98
DEVICE KINK,3269
STATUS ASTHMATICUS,254
ALLERGY TO CHEMICALS,1093
BLOOD IMMUNOGLOBULIN A INCREASED,411
ADENOVIRUS INFECTION,2483
MORAXELLA INFECTION,209
RHINOVIRUS INFECTION,3686
DEREALISATION,1668
ALPHA-1 ANTI-TRYPSIN DECREASED,21
DRUG LEVEL DECREASED,8614
FINGER AMPUTATION,541
ANTISOCIAL BEHAVIOUR,702
ECZEMA NUMMULAR,387
END STAGE AIDS,6
KERATOACANTHOMA,589
CUSHINGOID,2676
GASTROENTERITIS ESCHERICHIA COLI,466
OBSTRUCTIVE UROPATHY,197
COLON CANCER STAGE III,322
MACULOPATHY,3006
PROGESTERONE DECREASED,245
CONGENITAL PULMONARY HYPERTENSION,128
MASTOID DISORDER,62
TESTICULAR SWELLING,964
CALCULUS URETHRAL,114
TEMPERATURE REGULATION DISORDER,1962
DIALYSIS DISEQUILIBRIUM SYNDROME,15
REACTION TO AZO-DYES,107
APPLICATION SITE PRURITUS,18905
STARING,1675
MEASLES,471
ACUTE STRESS DISORDER,255
BLADDER IRRITATION,558
CHRONIC FATIGUE SYNDROME,1013
CORNEAL EROSION,362
HYDROMETRA,141
PULMONARY EOSINOPHILIA,342
UTERINE ENLARGEMENT,570
VITILIGO,2110
INADEQUATE ANALGESIA,6576
NECK SURGERY,2252
TERMINAL INSOMNIA,1508
VASCULAR INSUFFICIENCY,259
ILEOCOLECTOMY,81
NOREPINEPHRINE DECREASED,14
BREAST HAEMATOMA,175
OPTIC NERVE INJURY,981
TUMOUR RUPTURE,515
VIITH NERVE INJURY,68
MOUTH INJURY,1157
HUNTINGTON'S DISEASE,280
DEEP VEIN THROMBOSIS POSTOPERATIVE,1916
GALLBLADDER ENLARGEMENT,862
EMBOLISM ARTERIAL,939
INFERIOR VENA CAVAL OCCLUSION,73
ALANINE AMINOTRANSFERASE ABNORMAL,1780
ASPARTATE AMINOTRANSFERASE ABNORMAL,1261
BILIRUBIN CONJUGATED ABNORMAL,100
BLOOD ALKALINE PHOSPHATASE ABNORMAL,753
GAMMA-GLUTAMYLTRANSFERASE ABNORMAL,472
PLATELET COUNT ABNORMAL,5417
BIOPSY SKIN ABNORMAL,116
DERMATITIS ARTEFACTA,32
DEVICE EXTRUSION,177
LAPAROSCOPY,222
PATIENT-DEVICE INCOMPATIBILITY,610
RENAL APLASIA,567
SUTURE REMOVAL,92
COLON OPERATION,985
ENTEROSTOMY,283
CSF TEST ABNORMAL,294
COLORECTAL CANCER RECURRENT,118
CULTURE STOOL POSITIVE,92
UMBILICAL CORD VASCULAR DISORDER,95
PLEURAL ADHESION,115
TYPHOID FEVER,274
SCLEROSING ENCAPSULATING PERITONITIS,30
INTRADUCTAL PAPILLARY MUCINOUS NEOPLASM,279
GRANULOCYTOPENIA,3549
NUCHAL RIGIDITY,654
IMPLANT SITE IRRITATION,336
JOINT MANIPULATION,21
LASER THERAPY,163
VAGINOPLASTY,25
HAEMOLYTIC URAEMIC SYNDROME,1577
CHYLOTHORAX,611
ENDOMETRIAL CANCER STAGE III,48
GASTRIC NEOPLASM,497
CYSTOID MACULAR OEDEMA,1755
PERIPHERAL CIRCULATORY FAILURE,309
GROWTH ACCELERATED,176
BODY HEIGHT INCREASED,452
EXPOSURE VIA PARTNER,485
PENILE SWELLING,1012
INNER EAR DISORDER,765
IODINE ALLERGY,271
METATARSALGIA,197
ABSCESS DRAINAGE,604
ARACHNOIDITIS,471
METASTASES TO BONE MARROW,409
HALO VISION,859
GLOSSOPTOSIS,140
MENINGITIS ASEPTIC,3670
LUNG ADENOCARCINOMA METASTATIC,137
LEUKOCYTURIA,618
TUBERCULOSIS BLADDER,14
MUSCLE NECROSIS,609
PANCREATITIS VIRAL,36
TINEA CRURIS,420
POST PROCEDURAL MYOCARDIAL INFARCTION,49
DELIVERY,530
HYSTEROSCOPY,83
BASOSQUAMOUS CARCINOMA,130
DIVERTICULITIS INTESTINAL HAEMORRHAGIC,288
PROCEDURAL HYPERTENSION,123
PROCEDURAL HYPOTENSION,527
SOFT TISSUE MASS,433
POSTOPERATIVE FEVER,122
INFUSION SITE SWELLING,5809
INFUSION SITE THROMBOSIS,232
COLORECTAL CANCER,47346
VITAMIN A DEFICIENCY,94
ORTHOSTATIC HYPERTENSION,511
CARPAL TUNNEL DECOMPRESSION,877
BLADDER ABLATION,7
URETHRECTOMY,6
UROSTOMY,104
RETINAL TOXICITY,968
ANOXIA,178
CHORIORETINITIS,568
CONGENITAL BRONCHIECTASIS,1
CONGENITAL GREAT VESSEL ANOMALY,35
CONGENITAL HIP DEFORMITY,2
CONGENITAL MUSCULOSKELETAL ANOMALY,274
CONGENITAL VAS DEFERENS ABSENCE,20
CONVULSION NEONATAL,219
OTITIS MEDIA CHRONIC,369
PULMONARY VEIN STENOSIS,102
MUCOSAL HYPERAEMIA,94
HERPES SIMPLEX OPHTHALMIC,3
RETINAL INJURY,689
VASECTOMY,185
PUPILLARY DISORDER,404
DRUG TOLERANCE DECREASED,2489
BENIGN SOFT TISSUE NEOPLASM,30
MICROSCOPIC POLYANGIITIS,221
EXTRAMAMMARY PAGET'S DISEASE,58
PRECANCEROUS SKIN LESION,1307
SCROTAL CANCER,14
BONE TRIMMING,26
SYNOVECTOMY,125
BRONCHITIS BACTERIAL,656
COLON DYSPLASIA,273
ENDOMETRIAL DISORDER,280
JOINT INSTABILITY,1183
LOOSE BODY IN JOINT,198
OVARIAN MASS,571
SHORT-BOWEL SYNDROME,582
SPIGELIAN HERNIA,44
THYROID CYST,453
GASTRITIS ATROPHIC,42
VERTEBRAL ARTERY OCCLUSION,161
BONE MARROW TRANSPLANT,1337
AMBLYOPIA,436
NERVE ROOT INJURY LUMBAR,29
SKIN CANDIDA,426
COLON POLYPECTOMY,16
HORMONE THERAPY,41
SALPINGO-OOPHORECTOMY BILATERAL,146
SKIN NEOPLASM EXCISION,666
VENOUS ANGIOMA OF BRAIN,43
ACCIDENTAL POISONING,1162
ENTEROBACTER PNEUMONIA,121
NASAL SINUS CANCER,156
CHRONIC RECURRENT MULTIFOCAL OSTEOMYELITIS,109
CARDIAC PROCEDURE COMPLICATION,371
ADJUSTMENT DISORDER WITH MIXED ANXIETY AND DEPRESSED MOOD,94
BLADDER OPERATION,949
PLEURAL FISTULA,47
REMOVAL OF FOREIGN BODY FROM JOINT,7
SNAKE BITE,81
SYNOVIAL RUPTURE,284
EPIDURAL LIPOMATOSIS,264
HOUSE DUST ALLERGY,76
MITOCHONDRIAL DNA MUTATION,75
PNEUMOPERITONEUM,1489
TONGUE HAEMORRHAGE,954
ABDOMINAL CAVITY DRAINAGE,358
CHRONIC GRAFT VERSUS HOST DISEASE IN SKIN,894
EPSTEIN-BARR VIRUS TEST POSITIVE,432
PARANASAL CYST,218
VOCAL CORD THICKENING,252
TORUS FRACTURE,66
WISDOM TEETH REMOVAL,1162
MALOCCLUSION,222
PERNICIOUS ANAEMIA,428
POST HERPETIC NEURALGIA,1179
POST PROCEDURAL CONSTIPATION,132
RHINITIS SEASONAL,6
VOMITING PROJECTILE,2363
INTESTINAL OPERATION,1291
PRINZMETAL ANGINA,778
COLON INJURY,502
INJECTION SITE DRYNESS,829
COLON CANCER STAGE IV,534
ARTERIAL RESTENOSIS,68
CHRONIC ALLOGRAFT NEPHROPATHY,564
CEREBROVASCULAR INSUFFICIENCY,161
CHONDRECTOMY,15
HYPERCHROMIC ANAEMIA,87
LIP NEOPLASM MALIGNANT STAGE UNSPECIFIED,152
EAR CONGESTION,2281
BLADDER DYSFUNCTION,915
CHEMICAL EYE INJURY,53
RESPIRATORY TRACT IRRITATION,848
SPONDYLOARTHROPATHY,535
PYODERMA,429
FOETAL CHROMOSOME ABNORMALITY,138
ORAL BACTERIAL INFECTION,157
IMMATURE RESPIRATORY SYSTEM,106
MACROSOMIA,111
NOONAN SYNDROME,42
BURSA CALCIFICATION,7
BREAST DYSPLASIA,31
DUODENAL STENOSIS,363
CYSTIC FIBROSIS,5382
DUODENAL ULCER PERFORATION,6794
BLOOD GLUCOSE,98
BLADDER CATHETERISATION,785
CREST SYNDROME,196
BENIGN HYDATIDIFORM MOLE,222
ERYTHROMELALGIA,306
CORNEAL EPITHELIUM DEFECT,435
KERATOPATHY,1412
EOSINOPHILIC PNEUMONIA,2544
BOVINE TUBERCULOSIS,94
EAR NEOPLASM,246
PSYCHOSOMATIC DISEASE,76
LUPUS VULGARIS,1174
SPUTUM RETENTION,834
NECK DEFORMITY,389
FEAR OF PREGNANCY,26
LAZINESS,1514
CONGENITAL MITRAL VALVE STENOSIS,28
CATHETER SITE HAEMORRHAGE,2015
CRYOGLOBULINAEMIA,577
ENDOTRACHEAL INTUBATION,2266
ASPERGER'S DISORDER,120
AXILLARY PAIN,1242
HAEMORRHAGIC CEREBRAL INFARCTION,480
UTERINE POLYPECTOMY,33
NASAL DISCHARGE DISCOLOURATION,1350
ALVEOLAR OSTEITIS,332
SCARLET FEVER,263
CHORDEE,96
ILEAL FISTULA,51
ACROCHORDON,1124
DISTICHIASIS,20
ENTROPION,124
EPIDERMOLYSIS BULLOSA,251
EYE INFECTION STAPHYLOCOCCAL,202
PERIORBITAL CELLULITIS,457
PHIMOSIS,598
RUBIVIRUS TEST POSITIVE,13
TRICHIASIS,250
XANTHOMA,160
ABDOMINAL INFECTION,2194
CEREBRAL ASPERGILLOSIS,530
HYPERAMMONAEMIC ENCEPHALOPATHY,1576
MEIBOMIAN GLAND DYSFUNCTION,424
SMALL INTESTINAL ULCER HAEMORRHAGE,120
GONORRHOEA,227
POLYDIPSIA PSYCHOGENIC,150
SEXUAL ABUSE,321
CONJUNCTIVAL SCAR,114
CORNEAL SCAR,384
LACRIMATION DECREASED,387
LAGOPHTHALMOS,347
SCROTAL ULCER,203
SERRATIA SEPSIS,81
BREAST CYST EXCISION,52
TENDON SHEATH INCISION,95
ALOPECIA AREATA,1596
BASILAR ARTERY STENOSIS,41
ERYTHEMA INFECTIOSUM,115
ENTEROCOLITIS BACTERIAL,224
ANAESTHESIA,272
ULNAR NERVE PALSY,39
GALLBLADDER PAIN,348
RIGHT VENTRICULAR SYSTOLIC PRESSURE INCREASED,243
WRIST SURGERY,828
DEMYELINATING POLYNEUROPATHY,756
BILIARY TRACT OPERATION,58
ANOSOGNOSIA,731
RECTAL CANCER METASTATIC,275
FAMILIAL TREMOR,43
DRY GANGRENE,536
LIVEDO RETICULARIS,1480
PURPLE GLOVE SYNDROME,97
FACIAL SPASM,871
OCULAR VASCULAR DISORDER,526
PRODUCT PACKAGING QUANTITY ISSUE,10632
VENOOCCLUSIVE LIVER DISEASE,3981
ESCHERICHIA TEST POSITIVE,983
NASAL SEPTUM PERFORATION,470
BIPOLAR II DISORDER,264
GASTRIC OPERATION,757
INFUSION SITE VESICLES,499
MIXED LIVER INJURY,2711
NECROTISING FASCIITIS STREPTOCOCCAL,85
EPIDIDYMITIS,908
HERPES DERMATITIS,172
SALPINGO-OOPHORECTOMY UNILATERAL,100
SPINAL CORD DRAINAGE,9
STRESS ULCER,133
IDIOPATHIC PULMONARY FIBROSIS,3663
ALPHA 1 FOETOPROTEIN INCREASED,545
BLOOD ALCOHOL INCREASED,352
MENTAL DISABILITY,487
SENSORY LEVEL,6
METASTASES TO GASTROINTESTINAL TRACT,191
SPASTIC PARALYSIS,12
MONARTHRITIS,85
PSEUDOMONAL BACTERAEMIA,726
PERIPHERAL MOTOR NEUROPATHY,1073
UPPER MOTOR NEURONE LESION,167
PERSECUTORY DELUSION,1879
CARDIAC ANEURYSM,701
CHIARI NETWORK,3
ARTERIOVENOUS FISTULA SITE COMPLICATION,546
MORPHOEA,390
INFECTED CYST,1020
ANAL INFLAMMATION,565
BREAST ABSCESS,852
CAROTID ARTERY STENT INSERTION,85
LITHOTRIPSY,131
EXPOSURE VIA BODY FLUID,782
HYPOGLYCAEMIC SEIZURE,581
CEREBRAL ARTERIOSCLEROSIS,281
EYELID RETRACTION,78
POST-TUSSIVE VOMITING,147
LIPASE DECREASED,96
LARYNGOSPASM,1917
LICHEN SCLEROSUS,604
POST CONCUSSION SYNDROME,271
THROMBECTOMY,291
IRIDECTOMY,10
ALLERGIC SINUSITIS,767
AXILLARY MASS,851
BRAIN CONTUSION,563
NASAL DISORDER,2301
NASAL POLYPS,4577
TYPE IIB HYPERLIPIDAEMIA,20
LYMPHANGITIS,610
PELVIC FLOOR MUSCLE WEAKNESS,146
FEMALE STERILISATION,452
RENAL HAEMORRHAGE,1688
ULTRASOUND SCAN ABNORMAL,196
AORTIC BYPASS,36
LARYNGEAL CLEFT,32
TRAUMATIC HAEMORRHAGE,1726
NEPHROSTOMY TUBE PLACEMENT,3
POST GASTRIC SURGERY SYNDROME,25
COMMINUTED FRACTURE,251
CHONDROCALCINOSIS PYROPHOSPHATE,632
INADEQUATE DIET,388
INTRAOCULAR LENS IMPLANT,389
SURGICAL FAILURE,1045
TRACHEOBRONCHITIS,582
CRYSTAL ARTHROPATHY,158
INCISIONAL DRAINAGE,238
LIVER TENDERNESS,153
POLYCHONDRITIS,373
POSTMENOPAUSE,72
FISTULA DISCHARGE,1031
LYMPHADENECTOMY,779
PIGMENTATION LIP,88
ARTHROPOD STING,1397
OTITIS EXTERNA FUNGAL,31
RASH PAPULOSQUAMOUS,106
RHINITIS PERENNIAL,65
URTICARIA CHRONIC,491
VULVOVAGINAL DISCOMFORT,3632
BOTULISM,615
PUMP RESERVOIR ISSUE,28
STEATORRHOEA,1762
CYTOTOXIC OEDEMA,230
DISUSE SYNDROME,97
HAEMORRHAGIC DISORDER,855
MUCOUS STOOLS,4515
ARTERIOSCLEROTIC RETINOPATHY,60
BENIGN LUNG NEOPLASM,182
WRONG DEVICE DISPENSED,55
DARK CIRCLES UNDER EYES,1219
WOUND COMPLICATION,2987
BLEPHARAL PIGMENTATION,484
CARDIOTHORACIC RATIO INCREASED,48
PREGNANCY ON CONTRACEPTIVE,1341
DROWNING,716
DEPRESSION SUICIDAL,2586
STAPHYLOCOCCAL ABSCESS,409
CHOLEDOCHOLITHOTOMY,15
COLOSTOMY CLOSURE,276
WILLIAMS SYNDROME,17
VIRAL DIARRHOEA,289
UTERINE HAEMATOMA,96
BIFASCICULAR BLOCK,127
APGAR SCORE LOW,781
ABORTION MISSED,775
INFUSION SITE URTICARIA,600
SCAN ABDOMEN ABNORMAL,47
SCAN ABNORMAL,331
HUMAN HERPESVIRUS 6 INFECTION,1594
OMPHALITIS,268
URINARY TRACT INFECTION FUNGAL,444
BURKITT'S LYMPHOMA STAGE IV,33
PROTEIN TOTAL INCREASED,2119
PSYCHIATRIC DECOMPENSATION,1733
CONGENITAL TRICUSPID VALVE ATRESIA,93
DEXTROCARDIA,115
PERSISTENT LEFT SUPERIOR VENA CAVA,95
ANASTOMOTIC STENOSIS,297
DEVICE ALARM ISSUE,1761
GOUTY ARTHRITIS,572
RETINAL VASCULAR DISORDER,421
RETINAL VEIN THROMBOSIS,389
ANGIOCENTRIC LYMPHOMA,436
OESOPHAGECTOMY,53
HYPERCREATININAEMIA,396
ENDOMETRIAL ABLATION,319
ANAL PROLAPSE,114
GENITAL BURNING SENSATION,697
FIBRIN ABNORMAL,18
GASTROINTESTINAL EROSION,446
INTESTINAL ULCER,1275
PELVIC FLUID COLLECTION,573
BLADDER OUTLET OBSTRUCTION,159
GENITAL DISCOMFORT,477
BLOOD ELECTROLYTES DECREASED,1216
GASTROINTESTINAL CANDIDIASIS,320
STEREOTYPY,689
ACCOMMODATION DISORDER,432
INDIFFERENCE,491
REFLEXES ABNORMAL,455
SUPRANUCLEAR PALSY,25
RASH MORBILLIFORM,2168
OXYGEN CONSUMPTION INCREASED,2253
NEGATIVE THOUGHTS,2474
GASTRIC DILATATION,1442
PAPILLOMA VIRAL INFECTION,1390
OCULOMUCOCUTANEOUS SYNDROME,227
DRUG LEVEL ABOVE THERAPEUTIC,3713
METABOLIC ENCEPHALOPATHY,2341
CORONARY ARTERY INSUFFICIENCY,201
HOSPICE CARE,9528
ISCHAEMIC ULCER,21
PHARYNGITIS BACTERIAL,226
BIOPSY SKIN,134
EXTRAOCULAR MUSCLE DISORDER,228
FACE LIFT,54
MEDICAL DEVICE IMPLANTATION,1397
INTELLIGENCE TEST ABNORMAL,88
DISTURBANCE IN SOCIAL BEHAVIOUR,1901
BENIGN NEOPLASM OF THYROID GLAND,562
INCORRECT DRUG DOSAGE FORM ADMINISTERED,401
INTERVERTEBRAL DISC COMPRESSION,837
OBSTRUCTION GASTRIC,1049
BETA HAEMOLYTIC STREPTOCOCCAL INFECTION,892
PSOAS ABSCESS,499
ELECTROCARDIOGRAM CHANGE,511
INSTILLATION SITE PAIN,2269
DIFFUSE LARGE B-CELL LYMPHOMA STAGE II,49
POSTURAL ORTHOSTATIC TACHYCARDIA SYNDROME,1236
SIMPLEX VIRUS TEST POSITIVE,45
CORONARY BYPASS THROMBOSIS,36
DETOXIFICATION,265
HERPES ZOSTER OTICUS,459
FOLLICULAR THYROID CANCER,143
ANORECTAL DISCOMFORT,4460
BLOOD MAGNESIUM ABNORMAL,470
BARTTER'S SYNDROME,93
LIMB AMPUTATION,393
INJECTION SITE NERVE DAMAGE,206
LARGE INTESTINAL OBSTRUCTION,2084
CYSTITIS ESCHERICHIA,287
LIPOHYPERTROPHY,491
PHARYNGO-OESOPHAGEAL DIVERTICULUM,90
URETHRAL STENOSIS,549
VESSEL PERFORATION,97
INJURY CORNEAL,430
PROSTATIC ADENOMA,131
RETINAL DEGENERATION,1026
DRUG LEVEL FLUCTUATING,593
ARTERIAL THERAPEUTIC PROCEDURE,183
BRONCHOALVEOLAR LAVAGE,36
PSEUDOMONAS BRONCHITIS,52
NEOPLASM SKIN,1312
PRESCRIPTION FORM TAMPERING,741
DIABETIC EYE DISEASE,363
COCCIDIOIDOMYCOSIS,950
URETHRITIS NONINFECTIVE,232
BUNDLE BRANCH BLOCK,566
CAROTID ARTERY ANEURYSM,249
PHARYNGEAL EROSION,47
HEPATITIS B CORE ANTIBODY POSITIVE,357
PLASMACYTOMA,1532
NEUTROPHILIC PANNICULITIS,64
OESOPHAGEAL FOOD IMPACTION,472
PHARYNGEAL HYPOAESTHESIA,713
INTERNATIONAL NORMALISED RATIO ABNORMAL,2278
PORPHYRIA ACUTE,1281
PORPHYRINS URINE INCREASED,20
GASTROINTESTINAL TRACT IRRITATION,1006
DIAPHRAGMATIC HERNIA,476
CATARACT DIABETIC,51
CD4 LYMPHOCYTES INCREASED,154
CUSHING'S SYNDROME,3333
ATRIAL THROMBOSIS,1815
OXYGEN SUPPLEMENTATION,544
VACCINATION SITE INFLAMMATION,52
FOREIGN BODY ASPIRATION,515
GESTATIONAL HYPERTENSION,1165
PLACENTA PRAEVIA,580
PLACENTA PRAEVIA HAEMORRHAGE,83
HAEMATOCRIT INCREASED,1922
CEREBRAL AUTOSOMAL DOMINANT ARTERIOPATHY WITH SUBCORTICAL INFARCTS AND LEUKOENCEPHALOPATHY,23
RED BLOOD CELLS URINE,207
SPECIFIC GRAVITY URINE ABNORMAL,76
ARTERIAL RUPTURE,571
CARBOHYDRATE ANTIGEN 19-9 INCREASED,415
GENITAL RASH,1116
PLEURAL MESOTHELIOMA,118
PERITONEAL HAEMORRHAGE,967
PICKWICKIAN SYNDROME,128
BREAST OPERATION,591
HEART AND LUNG TRANSPLANT,109
LIFE SUPPORT,354
CATHETER SITE INFLAMMATION,502
CATHETER SITE RASH,435
URINARY RETENTION POSTOPERATIVE,139
PANCREATIC NEUROENDOCRINE TUMOUR,612
BACILLUS INFECTION,406
MENTAL DISORDER DUE TO A GENERAL MEDICAL CONDITION,142
ENDOCRINE DISORDER,1125
PNEUMONIA NECROTISING,549
LARGE INTESTINAL ULCER HAEMORRHAGE,250
NEUROENDOCRINE CARCINOMA OF THE SKIN,844
POST LUMBAR PUNCTURE SYNDROME,934
CHROMATOPSIA,447
ANTIPHOSPHOLIPID SYNDROME,1316
ERYTHROCYANOSIS,11
CONGENITAL JAW MALFORMATION,63
ENDOMETRITIS,443
NERVE CONDUCTION STUDIES ABNORMAL,89
N-TERMINAL PROHORMONE BRAIN NATRIURETIC PEPTIDE INCREASED,1375
SULPHAEMOGLOBIN INCREASED,2
EYE ALLERGY,1422
SQUAMOUS CELL CARCINOMA OF THE TONGUE,405
NEONATAL ASPIRATION,163
NEONATAL HYPOXIA,755
POSTMATURE BABY,88
ARTERIAL STENOSIS,608
VOLVULUS OF SMALL BOWEL,170
MUSCULOSKELETAL DEFORMITY,218
POST PROCEDURAL CELLULITIS,145
RADIATION INJURY,752
RADIATION OESOPHAGITIS,244
TUMOUR EXCISION,660
THYROID PAIN,154
ANTIBODY TEST ABNORMAL,612
RED BLOOD CELL COUNT INCREASED,2387
WHITE MATTER LESION,1225
ABSCESS STERILE,119
DERMATITIS DIAPER,584
LARGE FOR DATES BABY,743
LIP ULCERATION,922
CARBON MONOXIDE DIFFUSING CAPACITY DECREASED,123
YAWNING,2146
UTERINE CERVICAL PAIN,151
MYELOID LEUKAEMIA,344
THALAMIC INFARCTION,460
EVACUATION OF RETAINED PRODUCTS OF CONCEPTION,15
PLATELET TRANSFUSION,1215
BLADDER TRANSITIONAL CELL CARCINOMA STAGE I,32
MYELODYSPLASTIC SYNDROME TRANSFORMATION,227
ELECTROENCEPHALOGRAM ABNORMAL,1618
BORDERLINE PERSONALITY DISORDER,579
ELECTROCARDIOGRAM ST-T SEGMENT ABNORMAL,318
BLOOD CHOLINESTERASE INCREASED,47
SENSORIMOTOR DISORDER,373
VIRAL HAEMORRHAGIC CYSTITIS,640
BLOOD LACTATE DEHYDROGENASE DECREASED,253
GAMMA-GLUTAMYLTRANSFERASE DECREASED,147
HERPES SIMPLEX SEROLOGY,1
NEUTROPHIL PERCENTAGE INCREASED,779
SKIN FRAGILITY,2297
CHEMICAL BURNS OF EYE,207
MONOCLONAL IMMUNOGLOBULIN PRESENT,685
ABSCESS RUPTURE,326
AURICULAR SWELLING,124
FOCAL SEGMENTAL GLOMERULOSCLEROSIS,1362
SCROTAL SWELLING,709
SEPTIC EMBOLUS,588
SPLENIC ABSCESS,314
PNEUMATOSIS INTESTINALIS,2398
ENTEROBACTER TEST POSITIVE,199
HUMAN HERPES VIRUS 6 SEROLOGY,6
PELVIC INFECTION,355
VITAMIN B12 INCREASED,684
CLONAL EVOLUTION,96
POST PROCEDURAL DISCHARGE,579
GASTROSCHISIS,360
EPIDIDYMAL CYST,90
ORCHITIS NONINFECTIVE,150
MYCOPLASMA INFECTION,646
LOWER RESPIRATORY TRACT INFECTION FUNGAL,321
EFFUSION,990
PNEUMOCYSTIS JIROVECI INFECTION,10
DUODENAL NEOPLASM,76
GASTRINOMA,48
GASTRINOMA MALIGNANT,3
RECTAL TENESMUS,1051
HEPATITIS D,68
LERICHE SYNDROME,61
BRONCHOMALACIA,119
MUSCULAR DYSTROPHY,332
SHORTENED CERVIX,271
UTERINE CONTRACTIONS ABNORMAL,179
OROPHARYNGEAL SPASM,303
SCAN LYMPH NODES,2
VULVOVAGINAL RASH,416
HUMAN RHINOVIRUS TEST POSITIVE,361
BLOOD INSULIN INCREASED,435
INFLAMMATION SCAN,5
POST CHOLECYSTECTOMY SYNDROME,147
STREPTOCOCCAL BACTERAEMIA,896
INTESTINAL PROLAPSE,343
MYXOEDEMA,190
RHEUMATIC DISORDER,1918
LIVER CONTUSION,30
AMPUTATION STUMP PAIN,76
COMPARTMENT SYNDROME,2037
FIBROUS DYSPLASIA OF BONE,49
BOWEN'S DISEASE,1065
APALLIC SYNDROME,453
ANGIOIMMUNOBLASTIC T-CELL LYMPHOMA,282
ACARODERMATITIS,925
ANGIODERMATITIS,70
VARICOPHLEBITIS,96
EAR NEOPLASM MALIGNANT,226
ASTHMATIC CRISIS,3258
DRUG ADMINISTERED IN WRONG DEVICE,944
POSTOPERATIVE THROMBOSIS,494
DISTAL ILEAL OBSTRUCTION SYNDROME,5
MARASMUS,1378
MYOGLOBIN URINE PRESENT,139
PROPOFOL INFUSION SYNDROME,492
PATHOGEN RESISTANCE,8284
PARAGANGLION NEOPLASM,127
INTRAUTERINE INFECTION,100
RENAL VEIN THROMBOSIS,528
HAND DERMATITIS,648
PRODUCT CONTAMINATION MICROBIAL,955
ASPERGILLUS TEST POSITIVE,259
CANDIDA TEST POSITIVE,325
ENTEROCOCCUS TEST POSITIVE,508
TRANSPLANT FAILURE,1954
STOMATITIS HAEMORRHAGIC,98
INFECTION REACTIVATION,1115
CARDIOACTIVE DRUG LEVEL INCREASED,626
PELVIC HAEMATOMA,335
BLOOD PRODUCT TRANSFUSION DEPENDENT,300
ERYTHEMA MIGRANS,87
PARVOVIRUS B19 TEST POSITIVE,55
FRONTAL LOBE EPILEPSY,69
MENINGORRHAGIA,166
WOUND NECROSIS,369
VENTRICULAR HYPERKINESIA,71
MYOCLONIC EPILEPSY,1140
ABSCESS BACTERIAL,296
NEONATAL DISORDER,365
SCHIZOPHRENIFORM DISORDER,159
PROSTHESIS IMPLANTATION,174
GASTRIC ULCER PERFORATION,918
EMBOLISM VENOUS,2700
HAEMORRHAGIC OVARIAN CYST,454
HISTOPLASMOSIS DISSEMINATED,1332
MALIGNANT TUMOUR EXCISION,12
OVARIAN FAILURE,426
TOOTH CROWDING,12
TRAUMATIC OCCLUSION,8
POSTRENAL FAILURE,372
URETERIC DILATATION,204
GREENSTICK FRACTURE,11
N-TELOPEPTIDE URINE DECREASED,8
ABDOMINAL WALL INFECTION,97
ATRIOVENTRICULAR DISSOCIATION,158
LOCKED-IN SYNDROME,337
TRANCE,254
HEPATIC ATROPHY,301
URINE BILIRUBIN INCREASED,54
METASTASES TO ADRENALS,750
METASTASES TO SKIN,913
OVARIAN HYPERSTIMULATION SYNDROME,1992
ADENOMA BENIGN,658
ELECTROCARDIOGRAM QRS COMPLEX ABNORMAL,225
APPLICATION SITE HYPERSENSITIVITY,1065
NICOTINE DEPENDENCE,4924
LUPUS NEPHRITIS,1656
CONNECTIVE TISSUE NEOPLASM,23
POLYSEROSITIS,314
ANTI-ERYTHROPOIETIN ANTIBODY POSITIVE,106
FOCAL NODULAR HYPERPLASIA,354
EXTRAVASATION BLOOD,206
FAECAL VOLUME INCREASED,445
CYSTITIS VIRAL,337
VENOOCCLUSIVE DISEASE,2041
BLOOD TESTOSTERONE INCREASED,1847
ANTICONVULSANT DRUG LEVEL INCREASED,905
IRIS DISORDER,198
ACINETOBACTER BACTERAEMIA,133
SPONTANEOUS HAEMATOMA,655
EXTRAVASCULAR HAEMOLYSIS,388
CONJUNCTIVAL IRRITATION,104
INJECTION SITE DISCHARGE,4893
OCULAR MYASTHENIA,295
ORAL DISCHARGE,272
PRODUCT COMMINGLING,970
PNEUMONIA MYCOPLASMAL,608
LARYNGEAL DISCOMFORT,618
LIP BLISTER,2223
DIZZINESS EXERTIONAL,665
MENINGOMYELOCELE,482
NEURAL TUBE DEFECT,502
ANISAKIASIS,4
UROBILINOGEN URINE INCREASED,149
PULSELESS ELECTRICAL ACTIVITY,3807
HEPATITIS INFECTIOUS,19
CARNITINE DECREASED,44
CAECITIS,75
SPINAL CORD OEDEMA,300
LIGAMENT DISORDER,682
TENDON OPERATION,388
GASTROINTESTINAL ULCER HAEMORRHAGE,803
PROCEDURAL HAEMORRHAGE,3763
AMINO ACID LEVEL INCREASED,673
ADIPOSIS DOLOROSA,37
CD8 LYMPHOCYTES ABNORMAL,17
AMNIOCENTESIS,5
MATERNAL EXPOSURE BEFORE PREGNANCY,6530
RECTAL ULCER,917
PANCREATIC ENLARGEMENT,285
OOPHORECTOMY BILATERAL,120
KERATOMILEUSIS,231
FACTOR VII DEFICIENCY,55
LIPODYSTROPHY ACQUIRED,1637
CHOLANGIOCARCINOMA,1465
BLOOD OSMOLARITY DECREASED,354
STUPOR,2186
CHALAZION,553
BILIARY SPHINCTEROTOMY,38
IMPLANT SITE DISCHARGE,318
CEREBRAL AMYLOID ANGIOPATHY,301
PYRAMIDAL TRACT SYNDROME,319
QUADRIPARESIS,1339
GASTROINTESTINAL ANASTOMOTIC LEAK,325
METASTASES TO MENINGES,1983
TONGUE INJURY,751
MEDIASTINAL DISORDER,254
HEPATIC ENZYME DECREASED,410
MELANOCYTIC HYPERPLASIA,31
APPLICATION SITE INDURATION,150
APPLICATION SITE NODULE,110
HYPERVIGILANCE,735
DELAYED HAEMOLYTIC TRANSFUSION REACTION,59
WOUND CLOSURE,96
BURNOUT SYNDROME,455
CONGENITAL EYE DISORDER,159
GAZE PALSY,1259
TRISOMY 21,857
AUTOIMMUNE APLASTIC ANAEMIA,13
HORMONE REPLACEMENT THERAPY,51
GINGIVAL DISCOLOURATION,384
VAGINAL CYST,208
PHALEN'S TEST POSITIVE,10
TINEL'S SIGN,23
OVARIAN ADHESION,63
BLOOD OSMOLARITY INCREASED,211
OVARIAN ADENOMA,99
POSITRON EMISSION TOMOGRAM ABNORMAL,596
BRONCHIAL DISORDER,1312
BRONCHOSTENOSIS,441
LUNG ADENOCARCINOMA STAGE IV,343
NEPHROSCLEROSIS,766
HYPERPARATHYROIDISM SECONDARY,2304
AMPUTATION,966
CERVICAL POLYP,268
DEGENERATION OF UTERINE LEIOMYOMA,14
PERIORBITAL HAEMORRHAGE,208
LIQUID PRODUCT PHYSICAL ISSUE,6833
RECTAL DISCHARGE,1729
MOLLUSCUM CONTAGIOSUM,450
PALMAR ERYTHEMA,929
TUMOUR NECROSIS,803
BRONCHIOLOALVEOLAR CARCINOMA,51
VASCULITIS NECROTISING,472
CHEMICAL INJURY,622
EUSTACHIAN TUBE DISORDER,189
LENS EXTRACTION,37
TOOTH MALFORMATION,138
UTERINE OPERATION,114
CHEST TUBE INSERTION,153
CONJUNCTIVITIS ALLERGIC,1264
DACRYOCYSTITIS,140
OSTEOMA CUTIS,21
NODAL RHYTHM,900
BREAST CANCER STAGE III,6206
BREAST INFLAMMATION,260
DERMOID CYST,269
URINE LEUKOCYTE ESTERASE POSITIVE,601
HAEMANGIOMA OF SKIN,374
PERITONSILLAR ABSCESS,704
TENODESIS,28
CAST REMOVAL,11
RADICULOTOMY,65
LYMPHOPROLIFERATIVE DISORDER,2343
ANDROGENS ABNORMAL,34
DEHYDROEPIANDROSTERONE INCREASED,49
LIPOPROTEIN (A) ABNORMAL,18
BOWENOID PAPULOSIS,19
ACQUIRED EPIDERMOLYSIS BULLOSA,103
ERYTHEMA ANNULARE,244
HEPATIC ADENOMA,382
CARBON DIOXIDE DECREASED,813
GENE MUTATION IDENTIFICATION TEST POSITIVE,302
GRAFT INFECTION,249
GRAFT THROMBOSIS,125
HYPERPHOSPHATAEMIA,1729
PERICARDIAL RUB,18
PROTEIN C DEFICIENCY,89
SEPTIC ENCEPHALOPATHY,155
DROP ATTACKS,457
THROMBIN TIME PROLONGED,187
GINGIVAL ERYTHEMA,659
CHOROIDAL NEOVASCULARISATION,607
RETINAL PIGMENT EPITHELIAL TEAR,411
MUCOSAL ULCERATION,754
DELAYED RECOVERY FROM ANAESTHESIA,641
ANAL SQUAMOUS CELL CARCINOMA,305
INTERCEPTED DRUG PRESCRIBING ERROR,483
PARTIAL SEIZURES WITH SECONDARY GENERALISATION,406
GINGIVAL INJURY,205
DEVICE INTOLERANCE,208
PILOERECTION,855
FLAT AFFECT,1538
FAT EMBOLISM,190
AORTIC RUPTURE,304
IMPAIRED FASTING GLUCOSE,229
CONTRAST MEDIA REACTION,1623
HERPES OPHTHALMIC,1180
ELECTROCARDIOGRAM QRS COMPLEX PROLONGED,4161
HUNGRY BONE SYNDROME,164
TUMOUR PAIN,1210
CALCANECTOMY,9
POST PROCEDURAL DIARRHOEA,412
SOPOR,12505
BLOOD IMMUNOGLOBULIN G INCREASED,887
GASTRIC VOLVULUS,115
GENITAL CONTUSION,100
TRACHEAL CANCER,49
PANCREATIC DUCT DILATATION,235
TONGUE HAEMATOMA,157
CHEMOTHERAPY,3465
RHEUMATOID FACTOR POSITIVE,5572
CHEYNE-STOKES RESPIRATION,139
RESPIRATORY PARALYSIS,120
FOREIGN BODY REACTION,204
PRODUCT COLOUR ISSUE,4826
IMPAIRED REASONING,358
DENTAL LEAKAGE,11
SYSTOLIC HYPERTENSION,319
ENDOTOXAEMIA,19
NEPHROSTOMY,292
ANTINUCLEAR ANTIBODY,121
BIOPSY,740
BIOPSY LUNG,312
BRONCHITIS HAEMOPHILUS,35
CARDIAC ABLATION,1589
CARDIAC VALVE FIBROELASTOMA,38
COR PULMONALE CHRONIC,153
DYSTHYMIC DISORDER,125
EXTERNAL FIXATION OF FRACTURE,32
HYPOCHLORAEMIA,841
LUNG TRANSPLANT,3272
NAIL OPERATION,365
PULMONARY ARTERY THROMBOSIS,576
DIABETIC ARTHROPATHY,4
CHLOROMA,353
TONGUE PIGMENTATION,68
EAR INFECTION VIRAL,130
PERCUTANEOUS CORONARY INTERVENTION,205
VULVOVAGINAL SWELLING,1723
NASAL CAVITY CANCER,877
CYSTOSCOPY,129
HEREDITARY HAEMOCHROMATOSIS,28
HYPOVITAMINOSIS,1152
NASAL INFLAMMATION,951
PERIODIC LIMB MOVEMENT DISORDER,300
RENAL ARTERY STENT PLACEMENT,125
LISTERIA SEPSIS,199
INTENSIVE CARE,1322
PROTHROMBIN LEVEL DECREASED,415
EOSINOPHILIC MYOCARDITIS,656
ERYTHROBLAST COUNT INCREASED,49
PERITONITIS SCLEROSING,7
CITROBACTER INFECTION,304
GROIN INFECTION,474
ACROPHOBIA,49
ALLERGIC COUGH,727
ARTERIAL THROMBOSIS,1372
LID SULCUS DEEPENED,367
SECONDARY HYPOTHYROIDISM,122
SMALL BOWEL ANGIOEDEMA,42
VASOPLEGIA SYNDROME,1555
BLOOD PH INCREASED,208
PSEUDOMONAS TEST POSITIVE,708
CLAUSTROPHOBIA,845
ANAL SKIN TAGS,141
INTRACRANIAL TUMOUR HAEMORRHAGE,314
CAMPYLOBACTER INFECTION,730
IRON OVERLOAD,894
BLADDER PERFORATION,286
CERVIX DISORDER,514
LEUKAEMIC INFILTRATION HEPATIC,19
HAEMOPHILUS INFECTION,738
SCIATIC NERVE NEUROPATHY,476
CAVERNOUS SINUS THROMBOSIS,196
STATUS MIGRAINOSUS,130
CHRONIC LYMPHOCYTIC LEUKAEMIA STAGE 0,22
BLOOD IMMUNOGLOBULIN M INCREASED,465
COMPLEMENT FACTOR C3 INCREASED,80
DETACHMENT OF RETINAL PIGMENT EPITHELIUM,632
PREGNANCY OF PARTNER,449
ENDOVENOUS ABLATION,63
ALLERGIC RESPIRATORY SYMPTOM,288
BLOOD HOMOCYSTEINE INCREASED,252
HIP DEFORMITY,380
OSTEITIS CONDENSANS,24
PERIPROSTHETIC FRACTURE,357
BONE SCAN,10
UTERINE MASS,340
URINE CALCIUM INCREASED,248
CONTACT STOMATITIS,6
ORAL MUCOSAL DISCOLOURATION,513
NAIL GROWTH ABNORMAL,957
BLISTER INFECTED,676
SEBORRHOEA,3463
ARCUS LIPOIDES,45
OCULAR RETROBULBAR HAEMORRHAGE,108
COITAL BLEEDING,1120
COMPLICATED MIGRAINE,17
INTERLEUKIN LEVEL INCREASED,480
ACUTE DISSEMINATED ENCEPHALOMYELITIS,314
RUPTURED ECTOPIC PREGNANCY,592
SKIN DEPIGMENTATION,1145
SENSORY INTEGRATIVE DYSFUNCTION,32
LAPAROTOMY,299
MALIGNANT NEOPLASM OF CORNEA,2
PROTHROMBIN TIME ABNORMAL,356
VICTIM OF CHILD ABUSE,200
MITOCHONDRIAL MYOPATHY,162
PRODUCT LOT NUMBER ISSUE,2121
CONGENITAL HYDRONEPHROSIS,586
INJECTION SITE NECROSIS,1372
CONGENITAL INGUINAL HERNIA,182
CARDIOVASCULAR INSUFFICIENCY,1235
ARTERIAL ANEURYSM REPAIR,12
HEPATITIS ALCOHOLIC,231
NERVE CONDUCTION STUDIES,6
EOSINOPHIL PERCENTAGE INCREASED,337
CHRONIC LYMPHOCYTIC LEUKAEMIA TRANSFORMATION,111
PHARYNGEAL HAEMORRHAGE,1013
ANDROGEN DEFICIENCY,314
BUTTERFLY RASH,888
CONTINUOUS HAEMODIAFILTRATION,423
LUPUS MYOCARDITIS,24
TYPE I HYPERSENSITIVITY,3256
ILIAC ARTERY OCCLUSION,210
BONE FISSURE,318
GASTRIC ULCER SURGERY,28
SALIVA ALTERED,710
PSEUDOPHAEOCHROMOCYTOMA,42
APTYALISM,599
5-HYDROXYINDOLACETIC ACID IN URINE INCREASED,45
NEUROENDOCRINE CARCINOMA METASTATIC,239
ECZEMA WEEPING,106
HAEMATOSALPINX,47
BACTERIURIA,451
MENINGITIS CRYPTOCOCCAL,1421
TONGUE OEDEMA,2964
VASCULAR ENDOTHELIAL GROWTH FACTOR OVEREXPRESSION,10
ANAPLASTIC LARGE CELL LYMPHOMA T- AND NULL-CELL TYPES,221
POLYDACTYLY,854
CSF WHITE BLOOD CELL COUNT DECREASED,17
PEMPHIGUS,11983
EMERGENCY CARE,2883
CELL DEATH,1660
ALBUMINURIA,412
SKIN DISCOMFORT,2517
DESMOID TUMOUR,172
ABDOMINAL STRANGULATED HERNIA,67
INNER EAR INFLAMMATION,119
BLOOD LACTATE DEHYDROGENASE ABNORMAL,587
INJECTION SITE ANAESTHESIA,66
SEMINOMA,197
PLASTIC SURGERY,200
VITAMIN C DECREASED,83
BLADDER TAMPONADE,250
ACUTE GRAFT VERSUS HOST DISEASE IN LIVER,521
AMYLASE DECREASED,108
APPARENT LIFE THREATENING EVENT,255
STENOTROPHOMONAS TEST POSITIVE,113
GAUCHER'S DISEASE,66
ONYCHOPHAGIA,207
LARYNGEAL POLYP,29
RECTAL LESION,126
CONGENITAL ANAEMIA,32
INADEQUATE ASEPTIC TECHNIQUE IN USE OF PRODUCT,351
INFUSION,398
CARDIOVERSION,1115
CEREBRAL HYPOPERFUSION,351
GRUNTING,428
POOR SUCKING REFLEX,247
COGWHEEL RIGIDITY,726
ACNE PUSTULAR,752
POLYNEUROPATHY CHRONIC,58
PREMENSTRUAL DYSPHORIC DISORDER,200
VITREOUS DISORDER,341
TONGUE PARALYSIS,373
MITRAL VALVE STENOSIS,438
HYPOCOAGULABLE STATE,805
PUNCTURE SITE HAEMORRHAGE,550
MELANOMATOUS MENINGITIS,4
ELECTROMYOGRAM ABNORMAL,81
RADIATION NECROSIS,529
PERITONEAL ABSCESS,174
SKIN WRINKLING,2313
EAR INFECTION FUNGAL,273
NASAL CAVITY MASS,110
ACUTE LEUKAEMIA,1055
LEUKAEMIA RECURRENT,1260
SCHIZOAFFECTIVE DISORDER,1426
PROLACTINOMA,59
CHEMICAL CYSTITIS,29
DUODENAL POLYP,177
BRAIN OPERATION,2030
PRODUCT SHAPE ISSUE,827
DEBRIDEMENT,467
SEXUAL INHIBITION,68
EOSINOPHILIC PNEUMONIA ACUTE,784
INVESTIGATION ABNORMAL,1290
CONGENITAL MEGAURETER,175
ANEURYSM REPAIR,97
ORBITAL OEDEMA,379
INFECTIOUS PLEURAL EFFUSION,1449
IMMEDIATE POST-INJECTION REACTION,903
FEVER NEONATAL,104
CERVICAL DISCHARGE,62
CULTURE CERVIX POSITIVE,1
PYELONEPHRITIS FUNGAL,67
SUTURE RELATED COMPLICATION,579
WOUND INFECTION BACTERIAL,346
EOSINOPHILIC PNEUMONIA CHRONIC,275
VESSEL PUNCTURE SITE HAEMORRHAGE,193
BLOOD FOLATE DECREASED,597
GASTRIC HYPERTONIA,27
ELECTROCARDIOGRAM QT INTERVAL ABNORMAL,406
HAEMOBILIA,340
COMPULSIVE SHOPPING,1734
DOPAMINE DYSREGULATION SYNDROME,365
HYPERSEXUALITY,1355
THEFT,479
GASTROENTERITIS EOSINOPHILIC,272
CREATINE URINE ABNORMAL,7
POSTOPERATIVE RENAL FAILURE,83
ECTOPIC KIDNEY,78
POOR DENTAL CONDITION,232
BONE OPERATION,472
BIOPSY KIDNEY,236
CRANIOFACIAL DYSOSTOSIS,16
FUNGAL PERITONITIS,917
PERITONEAL DIALYSIS COMPLICATION,6361
FASCIOLIASIS,15
PERFORATED ULCER,558
COELIAC ARTERY STENOSIS,72
FUNGAL TEST POSITIVE,271
AGNOSIA,159
ENTEROCOLITIS INFECTIOUS,619
PRECOCIOUS PUBERTY,451
PITYRIASIS LICHENOIDES ET VARIOLIFORMIS ACUTA,61
CRITICAL ILLNESS MYOPATHY,23
FAECAL VOLUME DECREASED,406
BULLOUS IMPETIGO,47
VITAL FUNCTIONS ABNORMAL,750
SYSTEMIC LUPUS ERYTHEMATOSUS RASH,629
CHEMICAL BURN OF SKIN,2403
CIRCUMORAL OEDEMA,241
STICKY SKIN,363
PLASMA CELL LEUKAEMIA,591
GASTRIC CANCER STAGE 0,121
METASTATIC GASTRIC CANCER,267
EYELID IRRITATION,2249
SECONDARY HYPERTENSION,241
CYSTITIS KLEBSIELLA,134
BLADDER CYST,135
PH BODY FLUID ABNORMAL,115
ANTI-ERYTHROCYTE ANTIBODY POSITIVE,49
COOMBS DIRECT TEST POSITIVE,207
PANCREAS TRANSPLANT,101
PANCREAS TRANSPLANT REJECTION,149
PHAGOCYTOSIS,21
COLONIC PSEUDO-OBSTRUCTION,167
FATTY LIVER ALCOHOLIC,44
AMNIORRHOEA,143
BREAST DISCOMFORT,780
SUPPRESSED LACTATION,564
DEVICE POWER SOURCE ISSUE,2805
PITYRIASIS ALBA,11
PITUITARY TUMOUR RECURRENT,103
VERY LOW DENSITY LIPOPROTEIN DECREASED,11
APPLICATION SITE DERMATITIS,370
BLADDER MASS,407
PENILE HAEMORRHAGE,660
INTESTINAL MUCOSAL HYPERTROPHY,133
CORONARY ANGIOPLASTY,270
H1N1 INFLUENZA,956
DEVICE DEPLOYMENT ISSUE,11755
GENITAL INFECTION FUNGAL,773
HOMICIDE,1178
HAEMOCONCENTRATION,108
HYPERCHLORAEMIA,541
HEPATITIS B VIRUS TEST POSITIVE,367
BLOOD THROMBIN ABNORMAL,6
INTESTINAL ANASTOMOSIS COMPLICATION,228
IDIOPATHIC PNEUMONIA SYNDROME,238
ISCHAEMIC HEPATITIS,1002
APPLICATION SITE OEDEMA,220
HEPATIC SIDEROSIS,46
UTERINE PAIN,831
MICROGNATHIA,339
SOFT TISSUE NECROSIS,513
PRIAPISM,2407
SPONTANEOUS PENILE ERECTION,423
"INGUINAL HERNIA, OBSTRUCTIVE",36
GINGIVAL ATROPHY,130
THYROID FIBROSIS,5
CAROTID ARTERY DISSECTION,330
MALIGNANT NEOPLASM OF RENAL PELVIS,114
VASOSPASM,631
DIABETIC RETINAL OEDEMA,473
SCLERITIS,1341
VULVOVAGINITIS STREPTOCOCCAL,27
OVARIAN CANCER RECURRENT,1466
OCULAR PEMPHIGOID,110
URINE PHOSPHORUS ABNORMAL,16
NEOPLASM OF THYMUS,44
POSTPARTUM HAEMORRHAGE,1023
PARVOVIRUS INFECTION,275
VISUAL EVOKED POTENTIALS ABNORMAL,77
NEUTROPHIL COUNT ABNORMAL,2394
APPLICATION SITE WARMTH,1074
PNEUMOCOCCAL INFECTION,437
VOCAL CORD INFLAMMATION,237
SLOW SPEECH,2296
POST PROCEDURAL STROKE,167
PLEURAL DECORTICATION,12
RENAL ARTERY THROMBOSIS,227
BACTERIAL PROSTATITIS,94
ALPHA-1 ANTI-TRYPSIN INCREASED,11
INJECTION SITE EROSION,307
EYELID PAIN,1753
MUSCLE MASS,368
MESENTERIC ARTERY THROMBOSIS,316
GENITOURINARY CHLAMYDIA INFECTION,8
"DIAPHRAGMATIC HERNIA, OBSTRUCTIVE",8
APPLICATION SITE RASH,11882
ANKYLOGLOSSIA CONGENITAL,313
VESTIBULAR NEURONITIS,407
EOSINOPHIL PERCENTAGE DECREASED,166
MONOCYTE PERCENTAGE INCREASED,536
BINGE DRINKING,108
MEDICAL INDUCTION OF COMA,393
EPIGLOTTITIS,416
LYMPHOCYTOSIS,1654
JESSNER'S LYMPHOCYTIC INFILTRATION,21
PLACENTAL INFARCTION,154
PUTAMEN HAEMORRHAGE,244
BLOOD KETONE BODY INCREASED,684
HAEMANGIOBLASTOMA,41
GALLBLADDER ABSCESS,73
BODY DYSMORPHIC DISORDER,249
HYPOCHONDRIASIS,66
UMBILICAL CORD AROUND NECK,399
PAROXYSMAL ARRHYTHMIA,68
BRONCHOSCOPY ABNORMAL,30
RENAL CELL CARCINOMA RECURRENT,99
OEDEMA DUE TO HEPATIC DISEASE,58
CRYPTOCOCCOSIS,1386
REITER'S SYNDROME,89
EATING DISORDER SYMPTOM,380
FRACTURE PAIN,520
KARYOTYPE ANALYSIS ABNORMAL,68
DIALYSIS RELATED COMPLICATION,352
KLEPTOMANIA,54
STROKE IN EVOLUTION,205
BRAIN STEM ISCHAEMIA,107
CARDIAC PACEMAKER REPLACEMENT,385
ABSCESS SWEAT GLAND,36
BUCCAL MUCOSAL ROUGHENING,81
LUNG SQUAMOUS CELL CARCINOMA STAGE IV,52
FAECAL VOMITING,448
"DELUSIONAL DISORDER, UNSPECIFIED TYPE",455
MYCOPLASMA TEST POSITIVE,132
LIMB RECONSTRUCTIVE SURGERY,118
CERVICAL CYST,180
CERVIX HAEMORRHAGE UTERINE,153
LEISHMANIASIS,259
PENILE OEDEMA,240
INTERCAPILLARY GLOMERULOSCLEROSIS,77
AUTOANTIBODY POSITIVE,198
CALCIPHYLAXIS,1531
MESENTERIC HAEMORRHAGE,80
DISTURBANCE IN SEXUAL AROUSAL,736
ORGASMIC SENSATION DECREASED,316
CORONARY ARTERY ANEURYSM,183
ACUTE POLYNEUROPATHY,256
DISTRACTIBILITY,949
PRODUCT CONTAINER ISSUE,8220
GLIOSARCOMA,29
PSYCHOGENIC MOVEMENT DISORDER,18
ECTOPIC PREGNANCY WITH INTRAUTERINE DEVICE,43
MEAN ARTERIAL PRESSURE DECREASED,196
GENITAL ERYTHEMA,417
CARDIOLIPIN ANTIBODY,20
HYPERHOMOCYSTEINAEMIA,193
APPLICATION SITE PUSTULES,325
LIVER OPERATION,252
DRUG CLEARANCE INCREASED,178
PULMONARY HYPOPLASIA,582
DRUG THERAPEUTIC INCOMPATIBILITY,111
LIP OEDEMA,3599
DELAYED ENGRAFTMENT,92
VASCULAR COMPRESSION,294
BREAST CELLULITIS,239
PANCREATICODUODENECTOMY,617
FALLOPIAN TUBE CYST,120
SPLENIC INFECTION FUNGAL,48
NEUROSENSORY HYPOACUSIS,106
AQUEOUS FIBRIN,50
BORDERLINE GLAUCOMA,130
VIROLOGIC FAILURE,5226
METASTASES TO LARGE INTESTINE,36
PERINEPHRIC ABSCESS,127
DEVICE PHYSICAL PROPERTY ISSUE,7375
RENAL CYST HAEMORRHAGE,199
MENINGOENCEPHALITIS BACTERIAL,128
CONGENITAL AORTIC VALVE STENOSIS,120
INFANTILE APNOEIC ATTACK,22
TACHYPHYLAXIS,271
ACETABULUM FRACTURE,301
URINARY SEDIMENT ABNORMAL,43
EOSINOPHILS URINE PRESENT,28
STOMACH MASS,712
THORACIC OPERATION,148
URETHRAL OBSTRUCTION,323
PROTHROMBIN TIME RATIO INCREASED,147
THERAPY RESPONDER,436
APPLICATION SITE HAEMORRHAGE,2725
CARBON MONOXIDE POISONING,260
CHONDRITIS,143
EXOSTOSIS OF EXTERNAL EAR CANAL,17
GLAUCOMA SURGERY,187
MIGRAINE WITHOUT AURA,233
SKIN OPERATION,291
SOMATOFORM DISORDER,70
CHLAMYDIAL CERVICITIS,10
RECTAL CANCER STAGE III,57
SHUNT THROMBOSIS,68
CATAPLEXY,1305
HEPATIC HYDROTHORAX,72
COLOBOMA,143
CONGENITAL TRACHEOMALACIA,58
UMBILICAL CORD SHORT,46
DRUG THERAPY,298
EYELID MARGIN CRUSTING,2617
TOE AMPUTATION,4422
HAEMODYNAMIC TEST ABNORMAL,51
HYPERALDOSTERONISM,284
REMOVAL OF FOREIGN BODY,73
HYPERPROTHROMBINAEMIA,3
BASAL GANGLIA HAEMORRHAGE,756
RENAL TUBERCULOSIS,92
SUPPORTIVE CARE,69
SCAPHOCEPHALY,42
SALMONELLA TEST POSITIVE,73
BLADDER SPHINCTER ATONY,124
INCREASED INSULIN REQUIREMENT,197
EMOTIONAL DISORDER OF CHILDHOOD,49
DETACHMENT OF MACULAR RETINAL PIGMENT EPITHELIUM,48
ATROPHIC GLOSSITIS,93
ALLERGIC OEDEMA,588
IMPAIRED INSULIN SECRETION,89
INSULIN C-PEPTIDE DECREASED,82
GASTRIC LAVAGE,55
PROCALCITONIN INCREASED,1093
PUNCTATE KERATITIS,763
APPLICATION SITE PHOTOSENSITIVITY REACTION,18
TINEA MANUUM,27
AMAUROSIS,682
NORMAL PRESSURE HYDROCEPHALUS,303
ARTICULAR CALCIFICATION,185
ONYCHALGIA,887
POST LAMINECTOMY SYNDROME,126
RADICULAR PAIN,240
STOMATOCYTES PRESENT,12
PROSTATE CANCER STAGE II,3067
LIP NEOPLASM BENIGN,13
POSTOPERATIVE HERNIA,60
NECROTISING ULCERATIVE GINGIVOSTOMATITIS,80
NASAL SEPTUM DISORDER,187
NASAL SEPTUM ULCERATION,48
BILIARY DRAINAGE,70
RADICULITIS LUMBOSACRAL,53
TRANSMISSION OF AN INFECTIOUS AGENT VIA PRODUCT,181
FEAR OF WEIGHT GAIN,41
TRANSFUSION-RELATED ACUTE LUNG INJURY,233
LYMPHATIC DISORDER,494
POLYCYTHAEMIA VERA,683
OVARIAN NEOPLASM,566
GASTRIC ANTRAL VASCULAR ECTASIA,433
VULVAL CANCER,486
IATROGENIC INJURY,542
PANCREATIC CARCINOMA STAGE II,637
JEJUNAL PERFORATION,192
DYSKINESIA NEONATAL,18
POOR WEIGHT GAIN NEONATAL,144
USE OF ACCESSORY RESPIRATORY MUSCLES,334
LIBIDO INCREASED,1346
CERVICOGENIC HEADACHE,121
DERMATOSIS,500
RETINAL MIGRAINE,72
ADMINISTRATION SITE RASH,123
RELAPSING-REMITTING MULTIPLE SCLEROSIS,773
LEUKODERMA,180
MELANODERMA,176
CARDIAC SEPTAL HYPERTROPHY,273
GINGIVAL GRAFT,93
RECTAL PROLAPSE REPAIR,41
TENOLYSIS,27
VENA CAVA FILTER INSERTION,275
HYDROTHORAX,711
BRONCHITIS PNEUMOCOCCAL,17
BIOPSY CERVIX ABNORMAL,12
COMPUTERISED TOMOGRAM,114
ASTHENOSPERMIA,50
FACTOR V LEIDEN MUTATION,320
SPLENIC EMBOLISM,99
BRAIN STEM SYNDROME,490
PCO2 DECREASED,372
PRODUCT SIZE ISSUE,5097
RETINOPATHY PROLIFERATIVE,153
INTERCEPTED MEDICATION ERROR,4407
RICKETS,150
BONE MARROW NECROSIS,161
PRODUCT RECONSTITUTION ISSUE,285
URINARY TRACT PAIN,420
SERUM SEROTONIN DECREASED,116
BELLIGERENCE,247
CONDUCT DISORDER,133
SUPERIOR VENA CAVAL STENOSIS,1
INTUSSUSCEPTION,791
RETINOIC ACID SYNDROME,66
GASTROINTESTINAL CANCER METASTATIC,143
KETONURIA,610
NEPHROANGIOSCLEROSIS,112
IDIOSYNCRATIC DRUG REACTION,691
TRACHEAL OBSTRUCTION,195
CHEMICAL BURN OF GASTROINTESTINAL TRACT,117
SKIN CANCER METASTATIC,82
DANDRUFF,2048
CARCINOEMBRYONIC ANTIGEN,20
HUMAN ANTICHIMERIC ANTIBODY POSITIVE,328
VULVAL HAEMATOMA,10
ORAL ADMINISTRATION COMPLICATION,871
VIRAL SEPSIS,140
FAT TISSUE INCREASED,1223
ADRENAL SUPPRESSION,654
THERAPEUTIC PRODUCT INEFFECTIVE,3543
CALCULUS BLADDER,1117
THYROXINE ABNORMAL,167
PARANEOPLASTIC CEREBELLAR DEGENERATION,1
LENTIGO,362
UPPER AIRWAY OBSTRUCTION,706
DISSEMINATED CRYPTOCOCCOSIS,681
DEPRESSIVE SYMPTOM,2920
FRONTOTEMPORAL DEMENTIA,365
OVARIAN EPITHELIAL CANCER,112
PERIPHERAL REVASCULARISATION,9
JOB DISSATISFACTION,539
PERIPORTAL OEDEMA,98
OVARIAN HAEMORRHAGE,199
PHARYNGEAL OPERATION,286
PNEUMOCYSTIS TEST POSITIVE,60
HYPOTONIA NEONATAL,1108
NORMAL TENSION GLAUCOMA,91
CLEAR CELL ENDOMETRIAL CARCINOMA,13
SWEAT GLAND DISORDER,277
EYE COLOUR CHANGE,988
LABOUR INDUCTION,90
VIRAL MYOCARDITIS,249
CERVICAL CORD COMPRESSION,293
HEAT ILLNESS,588
AMNIOTIC FLUID VOLUME DECREASED,372
EAGLE BARRETT SYNDROME,37
PERSISTENT CLOACA,36
CAPILLARY LEAK SYNDROME,1623
IIIRD NERVE DISORDER,108
GRIEF REACTION,449
LOW SET EARS,284
PROTRUSION TONGUE,395
HEPATITIS A ANTIBODY POSITIVE,94
DACRYOSTENOSIS ACQUIRED,1120
OROPHARYNGITIS FUNGAL,123
LIPOMA OF BREAST,42
POSTPARTUM DEPRESSION,119
PROTHROMBIN TIME,12
WALKING DISTANCE TEST ABNORMAL,371
IMPLANT SITE SCAR,601
FOOD INTERACTION,1350
COMPULSIONS,434
BRAIN MIDLINE SHIFT,445
COLOUR BLINDNESS,634
TRANSFERRIN SATURATION INCREASED,307
ILIUM FRACTURE,154
APPENDICEAL ABSCESS,186
ARTERIOENTERIC FISTULA,31
CYANOSIS CENTRAL,196
INJECTION SITE INJURY,5210
HERPES SEPSIS,8
NEUTRALISING ANTIBODIES,102
INJECTION SITE PAPULE,3877
HAIRY CELL LEUKAEMIA,171
FOETAL EXPOSURE TIMING UNSPECIFIED,694
HYSTEROTOMY,65
"ASTROCYTOMA, LOW GRADE",151
URINE POTASSIUM DECREASED,34
DEVICE PACING ISSUE,79
SARCOMA UTERUS,84
ALPHA 1 GLOBULIN INCREASED,41
ALPHA 2 GLOBULIN INCREASED,49
"FOLLICLE CENTRE LYMPHOMA, FOLLICULAR GRADE I, II, III STAGE IV",11
VULVOVAGINITIS TRICHOMONAL,36
HYPERCORTICOIDISM,75
SECONDARY SEXUAL CHARACTERISTICS ABSENCE,7
DUODENAL VASCULAR ECTASIA,22
BORRELIA INFECTION,264
SPERMATOZOA ABNORMAL,201
FIBROMATOSIS,61
ARTHRITIS REACTIVE,493
CAPILLARY DISORDER,231
DANDY-WALKER SYNDROME,190
MENINGITIS LISTERIA,394
PRODUCT DROPPER ISSUE,762
NASOPHARYNGEAL REFLUX,34
ANAL EROSION,92
PENILE ULCERATION,242
PRESSURE OF SPEECH,458
VICTIM OF CRIME,993
DERMATOFIBROSARCOMA PROTUBERANS,92
VITH NERVE PARALYSIS,816
RESPIRATORY MUSCLE WEAKNESS,300
BIOPSY MUSCLE ABNORMAL,19
PLEURAL HAEMORRHAGE,16
COLOUR BLINDNESS ACQUIRED,245
TOXIC SHOCK SYNDROME,444
APPLICATION SITE BURN,4149
APPLICATION SITE INFECTION,401
CSF IMMUNOGLOBULIN INCREASED,28
PHARYNGEAL ABSCESS,434
CONVULSIVE THRESHOLD LOWERED,266
SALMONELLA SEPSIS,176
NERVE BLOCK,512
PERIPHERAL NERVE DESTRUCTION,23
THERAPEUTIC PROCEDURE,1177
BURN INFECTION,168
MALIGNANT NEOPLASM OF UNKNOWN PRIMARY SITE,366
DISSOCIATIVE DISORDER,573
CHEILITIS GRANULOMATOSA,15
MELKERSSON-ROSENTHAL SYNDROME,28
PORIOMANIA,104
INJECTION SITE VASCULITIS,43
INFANTILE SPASMS,654
MIXED HEPATOCELLULAR CHOLANGIOCARCINOMA,39
LATENT AUTOIMMUNE DIABETES IN ADULTS,154
CLUBBING,310
CONGENITAL RENAL CYST,57
RETROGNATHIA,232
COMPLEMENT FACTOR DECREASED,119
FALSE POSITIVE INVESTIGATION RESULT,903
LEFT VENTRICULAR END-DIASTOLIC PRESSURE INCREASED,147
LISTERIOSIS,899
AMMONIA ABNORMAL,367
BLOOD SODIUM ABNORMAL,889
ENTEROBACTER BACTERAEMIA,245
HERNIA DIAPHRAGMATIC REPAIR,10
PLEUROPERICARDITIS,313
CONGENITAL DIAPHRAGMATIC HERNIA,299
LIP EXFOLIATION,1084
POSTICTAL STATE,640
SHIGELLA TEST POSITIVE,20
FOETAL HEART RATE DECELERATION,51
NEONATAL RESPIRATORY ARREST,90
CYSTINE URINE PRESENT,9
FANCONI SYNDROME,1158
GENITOURINARY TRACT NEOPLASM,71
UROGENITAL HAEMORRHAGE,321
DISSOCIATION,6485
EYE DEGENERATIVE DISORDER,137
ENAMEL ANOMALY,165
SINOATRIAL BLOCK,386
NON-NEUTRALISING ANTIBODIES POSITIVE,17
RETINITIS VIRAL,104
ACUTE HEPATITIS C,178
ANTICHOLINERGIC SYNDROME,1370
UTERINE INJURY,151
BLOOD BILIRUBIN ABNORMAL,1044
GASTRIC CANCER STAGE IV,2111
PERITONEAL FLUID ANALYSIS ABNORMAL,38
ILEECTOMY,301
HAEMANGIOMA OF SPLEEN,53
HYPERVISCOSITY SYNDROME,202
INTERTRIGO,453
SLEEP TALKING,1247
MICROANGIOPATHY,673
HEAT STROKE,1208
ABNORMAL WITHDRAWAL BLEEDING,605
INHALATION THERAPY,434
NIPPLE OEDEMA,15
HAEMATOLOGY TEST ABNORMAL,247
CONDUCTIVE DEAFNESS,249
DACRYOSTENOSIS CONGENITAL,98
LYMPHOCYTE TRANSFORMATION TEST POSITIVE,14
CSF OLIGOCLONAL BAND PRESENT,108
HYPOCITRATURIA,62
UROSTOMY COMPLICATION,41
AMNIOTIC CAVITY INFECTION,701
CONGENITAL INFECTION,47
TACHYCARDIA FOETAL,381
EPIDURAL ANAESTHESIA,23
SPINAL LIGAMENT OSSIFICATION,82
VERTEBRAL ARTERY THROMBOSIS,41
LHERMITTE'S SIGN,265
PROSTATIC OBSTRUCTION,132
INJECTION SITE DERMATITIS,96
BRAIN ABSCESS,2087
HEPATITIS C RNA INCREASED,297
INFUSION SITE RASH,1231
OESOPHAGEAL OEDEMA,193
PNEUMOMEDIASTINUM,1503
HEPATIC ARTERY EMBOLISM,20
NEGATIVISM,453
ANOTIA,40
CONGENITAL CRANIAL NERVE PARALYSIS,3
MICROTIA,200
PTERYGIUM,303
PUPIL FIXED,921
CONFABULATION,216
POSTPARTUM SEPSIS,48
GASTROINTESTINAL ANGIODYSPLASIA HAEMORRHAGIC,163
APPLICATION SITE DRYNESS,3122
FOLATE DEFICIENCY,958
MALIGNANT HISTIOCYTOSIS,15
PLATELET FUNCTION TEST ABNORMAL,113
PRIMITIVE NEUROECTODERMAL TUMOUR,36
COLON CANCER RECURRENT,208
OCCULT BLOOD,437
EXECUTIVE DYSFUNCTION,479
GRANULOMA SKIN,753
MINERAL DEFICIENCY,238
CORNEAL DEGENERATION,192
PERICARDITIS LUPUS,28
HETEROPHORIA,116
OXYGEN SATURATION ABNORMAL,2601
REGRESSIVE BEHAVIOUR,208
DRUG LEVEL CHANGED,406
BLOOD FOLLICLE STIMULATING HORMONE INCREASED,243
BLOOD LUTEINISING HORMONE INCREASED,177
OESTRADIOL INCREASED,228
ENCEPHALITIS BRAIN STEM,146
HYPERCREATINAEMIA,289
NUTRITIONAL CONDITION ABNORMAL,556
PH URINE INCREASED,141
LUMBAR PUNCTURE,337
VICTIM OF ABUSE,221
VITRITIS,1612
TONGUE NEOPLASM MALIGNANT STAGE UNSPECIFIED,1378
LIP PAIN,2271
DEVICE DEPOSIT ISSUE,1958
MEDICATION DILUTION,11
COLPOCELE,19
BRONCHIAL HAEMORRHAGE,262
BLADDER TRANSITIONAL CELL CARCINOMA STAGE II,37
RADIOTHERAPY,1693
ATONIC SEIZURES,701
NODULAR MELANOMA,166
SEPTIC ARTHRITIS STAPHYLOCOCCAL,249
VENOUS RECANALISATION,26
OEDEMA DUE TO CARDIAC DISEASE,108
NONINFECTIOUS PERITONITIS,210
HYPERTRICHOSIS,1568
PREGNANCY WITH IMPLANT CONTRACEPTIVE,4255
TONGUE ERUPTION,410
IMPLANT SITE PAIN,3685
MOLE EXCISION,189
GASTROENTEROSTOMY,107
GASTROSTOMY TUBE INSERTION,19
PRODUCT CONTAMINATION PHYSICAL,2322
ARTERIAL INJURY,560
BLOOD ETHANOL INCREASED,124
DECEREBRATE POSTURE,146
DECORTICATE POSTURE,111
PULMONARY CONTUSION,246
TOXICOLOGIC TEST ABNORMAL,331
TRAUMATIC LIVER INJURY,182
ACTIVATION SYNDROME,230
CEREBRAL PALSY,727
TOXIC NEUROPATHY,336
MEGAKARYOCYTES INCREASED,52
CROSS SENSITIVITY REACTION,857
FAECALITH,84
INJECTION SITE FIBROSIS,85
MYOCARDIAL FIBROSIS,624
THROMBOANGIITIS OBLITERANS,70
ENCEPHALOCELE,199
IMPLANT SITE ERYTHEMA,888
NEUROLOGICAL EYELID DISORDER,17
PANCREATIC NECROSIS,179
COLD-STIMULUS HEADACHE,309
BLOOD URIC ACID ABNORMAL,364
CHRONIC LYMPHOCYTIC LEUKAEMIA RECURRENT,652
EAR CANAL INJURY,36
NON-SMALL CELL LUNG CANCER STAGE IV,293
WITHDRAWAL ARRHYTHMIA,21
URINOMA,106
CAPSULE PHYSICAL ISSUE,76
ARTERIOGRAM CORONARY,60
TRACHEAL INJURY,122
TOXIC NODULAR GOITRE,94
DYSLEXIA,1000
SUBSTANCE-INDUCED PSYCHOTIC DISORDER,2168
NEUROSIS,317
REMOVAL OF RENAL TRANSPLANT,23
PH URINE DECREASED,70
INJECTION SITE CALCIFICATION,103
REBOUND EFFECT,10769
CSF PROTEIN DECREASED,7
FAT NECROSIS,415
DIFFUSE LARGE B-CELL LYMPHOMA REFRACTORY,916
CRITICAL ILLNESS POLYNEUROPATHY,38
HEPATOBILIARY DISEASE,553
RETINAL ARTERY EMBOLISM,134
EXPLORATORY OPERATION,103
OVERGROWTH BACTERIAL,201
RHEUMATOID FACTOR INCREASED,869
BREAST DISORDER FEMALE,205
LINEAR IGA DISEASE,1490
BREATHING-RELATED SLEEP DISORDER,194
LABELLED DRUG-DRUG INTERACTION MEDICATION ERROR,8716
ECHO VIRUS INFECTION,11
AMNIOCENTESIS ABNORMAL,93
PLACENTAL INSUFFICIENCY,647
THREATENED LABOUR,310
CIRCADIAN RHYTHM SLEEP DISORDER,637
INFECTIVE GLOSSITIS,147
MADAROSIS,10697
HODGKIN'S DISEASE NODULAR SCLEROSIS RECURRENT,8
INTERRUPTION OF AORTIC ARCH,39
CONVULSIONS LOCAL,159
GENITAL EROSION,202
BRONCHOSCOPY,203
PRODUCT BLISTER PACKAGING ISSUE,990
RHESUS ANTIBODIES POSITIVE,86
SUSAC'S SYNDROME,81
BODY MASS INDEX INCREASED,1206
GALLBLADDER CANCER,1281
CALCIUM IONISED INCREASED,101
PENILE INFECTION,157
ACUTE MYELOID LEUKAEMIA RECURRENT,1837
APPLICATION SITE COLD FEELING,7
APPLICATION SITE URTICARIA,1752
UNINTENTIONAL MEDICAL DEVICE REMOVAL,11534
HEART SOUNDS ABNORMAL,502
FOREIGN BODY IN EYE,841
URETERIC ANASTOMOSIS COMPLICATION,13
URETHRAL DISCHARGE,83
OESOPHAGITIS HAEMORRHAGIC,200
INGUINAL MASS,206
INTERVERTEBRAL DISC INJURY,379
ANAEMIA FOLATE DEFICIENCY,159
MICROCYTOSIS,174
CRANIAL SUTURES WIDENING,112
NEONATAL ANURIA,53
CD8 LYMPHOCYTES DECREASED,155
WHIPPLE'S DISEASE,395
CYTOKINE RELEASE SYNDROME,18653
PROTEIN S DEFICIENCY,129
SCLERODERMA RENAL CRISIS,330
CONSCIOUSNESS FLUCTUATING,781
CHOLURIA,246
BLADDER HYPERTROPHY,388
POVERTY OF SPEECH,335
VISUAL ACUITY TESTS ABNORMAL,369
ECTOPIC ACTH SYNDROME,54
OMENTAL INFARCTION,46
ENCEPHALOMYELITIS,242
BURKITT'S LYMPHOMA,421
ANTICOAGULATION DRUG LEVEL ABOVE THERAPEUTIC,1407
GASTRODUODENITIS,102
SPUTUM ABNORMAL,504
CAROTID ENDARTERECTOMY,153
UTERINE ATONY,179
TRANSURETHRAL BLADDER RESECTION,65
OESOPHAGEAL NEOPLASM,145
FEMORAL PULSE DECREASED,20
TUBERCULOSIS GASTROINTESTINAL,230
BENIGN NEOPLASM OF ADRENAL GLAND,128
GASTRIC BANDING,155
PREGNANCY WITH CONTRACEPTIVE PATCH,91
EXPOSURE TO CONTAMINATED DEVICE,152
EYELID TUMOUR,66
GRAFT LOSS,555
DELIRIUM TREMENS,255
IMPLANT SITE SWELLING,878
INTRACRANIAL HYPOTENSION,256
BREAST INDURATION,144
RADIAL PULSE ABNORMAL,84
INTERNAL HERNIA,134
TETANUS,93
REPERFUSION ARRHYTHMIA,46
STEROID THERAPY,216
PCO2 INCREASED,321
SCROTAL OEDEMA,522
HAEMORRHAGIC ARTERIOVENOUS MALFORMATION,919
SUPERFICIAL SPREADING MELANOMA STAGE UNSPECIFIED,219
HISTONE ANTIBODY POSITIVE,115
ENDOMETRIAL CANCER METASTATIC,117
CARDIAC VALVE VEGETATION,300
KAWASAKI'S DISEASE,205
NAIL BED DISORDER,408
ABDOMINAL WALL HAEMORRHAGE,228
BODY TINEA,461
LIPOSARCOMA,259
OPEN ANGLE GLAUCOMA,476
UTERINE CERVIX STENOSIS,468
INSULIN RESISTANCE,1684
PROBIOTIC THERAPY,97
ATRIAL CONDUCTION TIME PROLONGATION,36
HYPOHIDROSIS,429
PNEUMOPERICARDIUM,133
HAEMORRHAGIC TRANSFORMATION STROKE,1384
CONGENITAL NAIL DISORDER,60
DUCTUS ARTERIOSUS PREMATURE CLOSURE,363
VESSEL PUNCTURE SITE HAEMATOMA,127
LOWER RESPIRATORY TRACT INFLAMMATION,189
BRONCHOPLEURAL FISTULA,300
CELL-MEDIATED IMMUNE DEFICIENCY,122
BLOOD CHOLINESTERASE DECREASED,180
EXERTIONAL HEADACHE,57
CONGENITAL ANOMALY IN OFFSPRING,94
BLOOD LACTIC ACID DECREASED,126
GASTRIC FISTULA,414
GLOSSOPHARYNGEAL NEURALGIA,28
EXPRESSIVE LANGUAGE DISORDER,38
ENTEROCOCCAL BACTERAEMIA,854
HEARING DISABILITY,355
DECREASED VENTRICULAR PRELOAD,20
DEVICE MISUSE,1178
BONE MARROW OEDEMA SYNDROME,58
POEMS SYNDROME,90
VAGINAL LACERATION,165
OSTEOMYELITIS BACTERIAL,223
DIABETIC FOOT INFECTION,1322
GENOTYPE DRUG RESISTANCE TEST POSITIVE,989
CORNEAL TRANSPLANT,604
SPLENIC INFECTION VIRAL,11
PRODUCT LABEL CONFUSION,5646
VIRAL LOAD DECREASED,121
POLYOMAVIRUS-ASSOCIATED NEPHROPATHY,2146
IMMUNOSUPPRESSANT DRUG LEVEL DECREASED,989
HYPERADRENOCORTICISM,251
ALKALOSIS,254
RENIN INCREASED,196
OESOPHAGEAL DYSPLASIA,38
ENDOCARDITIS STAPHYLOCOCCAL,359
HAEMOCHROMATOSIS,670
REVERSIBLE ISCHAEMIC NEUROLOGICAL DEFICIT,50
UTERINE DILATION AND EVACUATION,26
NODAL ARRHYTHMIA,511
ANGIOSARCOMA METASTATIC,111
ACTIVATED PARTIAL THROMBOPLASTIN TIME,27
IMPLANT SITE PRURITUS,758
CRUSH SYNDROME,112
FUNGAL ENDOCARDITIS,239
THROMBOTIC CEREBRAL INFARCTION,345
ASTHMA EXERCISE INDUCED,310
ANGIOTENSIN CONVERTING ENZYME INCREASED,103
LYSOZYME INCREASED,19
EYELASH DISCOLOURATION,164
GROWTH OF EYELASHES,653
CONFUSIONAL AROUSAL,148
MENSTRUATION NORMAL,310
ERECTION INCREASED,2770
AIR EMBOLISM,340
ABSCESS NECK,549
RESPIRATORY GAS EXCHANGE DISORDER,296
NICOTINAMIDE DECREASED,15
VENOUS HAEMORRHAGE,263
RENAL VENOUS CONGESTION,21
ANAL INFECTION,222
SALIVARY GLAND NEOPLASM,231
CEREBRAL MICROANGIOPATHY,173
INSULINOMA,145
MYCOBACTERIUM MARINUM INFECTION,248
HODGKIN'S DISEASE STAGE IV,40
CEREBELLAR HAEMORRHAGE,1153
TETHERED CORD SYNDROME,191
CHOLESTASIS OF PREGNANCY,397
BLOOD PHOSPHORUS ABNORMAL,394
BLOOD GASTRIN INCREASED,87
PORTOPULMONARY HYPERTENSION,79
PLASMACYTOSIS,124
LOWER RESPIRATORY TRACT INFECTION BACTERIAL,457
LOWER RESPIRATORY TRACT INFECTION VIRAL,467
GENITAL LESION,328
PARAESTHESIA MUCOSAL,57
LIMB TRAUMATIC AMPUTATION,203
DIABETIC ENTEROPATHY,8
GAMMA-GLUTAMYLTRANSFERASE,68
MYELOCYTOSIS,56
TRYPTASE,59
DIFFUSE LARGE B-CELL LYMPHOMA STAGE III,60
ALLERGY TO ARTHROPOD STING,380
ANASTOMOTIC ULCER,393
TRANSPLANT EVALUATION,492
SHUNT MALFUNCTION,207
VIRAL PERICARDITIS,135
LYMPHANGIOSIS CARCINOMATOSA,814
CERVIX CARCINOMA STAGE 0,207
SPLENIC HAEMORRHAGE,412
BLOOD ALBUMIN INCREASED,607
JAUNDICE HEPATOCELLULAR,67
PENIS INJURY,318
OVERWORK,64
THORACIC HAEMORRHAGE,171
VASCULAR INJURY,1041
OEDEMA GENITAL,391
OPTIC DISC HAEMORRHAGE,183
MOTOR NEURONE DISEASE,385
VASCULAR ENCEPHALOPATHY,221
THYROXINE INCREASED,562
CARNITINE DEFICIENCY,135
PRODUCT CONTAINER SEAL ISSUE,1631
TRACHEAL HAEMORRHAGE,265
ACALCULIA,44
MENINGOENCEPHALITIS HERPETIC,414
PRODUCT FORMULATION ISSUE,5891
BINGE EATING,894
SKELETAL DYSPLASIA,135
LACTOBACILLUS TEST POSITIVE,17
MYOCARDIAL OEDEMA,351
ON AND OFF PHENOMENON,5121
POSTICTAL PARALYSIS,198
BLOOD THROMBIN INCREASED,23
SALPINGO-OOPHORITIS,99
COLOUR VISION TESTS ABNORMAL,39
DILATATION INTRAHEPATIC DUCT ACQUIRED,195
MONOCYTOSIS,464
ORGASM ABNORMAL,594
CATABOLIC STATE,51
THERAPEUTIC REACTION TIME DECREASED,2854
VOGT-KOYANAGI-HARADA SYNDROME,64
COMA BLISTER,84
ANAL FISSURE EXCISION,18
CEREBRAL MICROHAEMORRHAGE,405
HYDROMYELIA,22
INDUCED LABOUR,402
ANTICONVULSANT DRUG LEVEL ABOVE THERAPEUTIC,373
HYPOVENTILATION,1982
ARTERIOGRAM CORONARY ABNORMAL,24
ABORTION COMPLETE,17
FLAIL CHEST,46
BLOOD CREATINE PHOSPHOKINASE ABNORMAL,348
SYNOVIAL FLUID GLUCOSE PRESENT,1
SYNOVIAL FLUID WHITE BLOOD CELLS POSITIVE,21
GASTROINTESTINAL DYSPLASIA,93
NUMB CHIN SYNDROME,46
CAPILLARY FRAGILITY,449
DRUG CLEARANCE DECREASED,1059
ACQUIRED MACROGLOSSIA,82
COLOSTOMY INFECTION,47
PARADOXICAL DRUG REACTION,3134
TUBERCULOMA OF CENTRAL NERVOUS SYSTEM,156
HYDROPS FOETALIS,499
CHORIORETINAL ATROPHY,155
INSULIN AUTOIMMUNE SYNDROME,315
URETEROLITHOTOMY,3
PUS IN STOOL,118
URINE OSMOLARITY DECREASED,71
WOUND SEPSIS,250
MUCOSAL DISCOLOURATION,518
COLD URTICARIA,218
ANGIOSARCOMA,373
DRUG LABEL CONFUSION,99
DERMATILLOMANIA,511
CORROSIVE OROPHARYNGEAL INJURY,31
FUNGAL ABSCESS CENTRAL NERVOUS SYSTEM,56
ANAPLASTIC LARGE CELL LYMPHOMA T- AND NULL-CELL TYPES RECURRENT,27
PARANASAL SINUS BENIGN NEOPLASM,9
PERICARDIAL DRAINAGE,184
SALIVARY GLAND MASS,133
HELLP SYNDROME,479
AMNESTIC DISORDER,389
ANAL CANDIDIASIS,51
ALLERGIC BRONCHITIS,80
TYPE 1 LEPRA REACTION,51
ULNAR NEURITIS,43
HYPERADRENALISM,90
PRODUCT STERILITY LACKING,68
PROTEIN C DECREASED,57
PROTEIN S DECREASED,81
HYPERMOBILITY SYNDROME,458
CONGENITAL NOSE MALFORMATION,277
PROSTATIC HAEMORRHAGE,259
LABELLED DRUG-FOOD INTERACTION MEDICATION ERROR,447
ALOPECIA EFFLUVIUM,3
HYPOLIPIDAEMIA,28
SCROTAL ABSCESS,324
OROMANDIBULAR DYSTONIA,642
"HALLUCINATION, GUSTATORY",27
"HALLUCINATION, OLFACTORY",329
PITUITARY HAEMORRHAGE,206
ATOPY,236
MULTIPLE SYSTEM ATROPHY,295
ASPIRATION BRONCHIAL,173
ORAL MUCOSAL ERUPTION,1364
MENINGITIS HERPES,95
HISTIOCYTIC NECROTISING LYMPHADENITIS,71
PENILE PAIN,2096
EXSANGUINATION,107
MYELOMALACIA,92
TOOTH HYPOPLASIA,123
RETINAL DEPOSITS,164
ACTINOMYCOTIC SKIN INFECTION,27
ANAEMIA VITAMIN B12 DEFICIENCY,398
CARDIAC MONITORING ABNORMAL,27
TOTAL BILE ACIDS INCREASED,132
"SCHIZOPHRENIA, UNDIFFERENTIATED TYPE",5
CHEMICAL BURN OF RESPIRATORY TRACT,74
NOCARDIOSIS,2228
AMINOACIDURIA,115
BLOOD URIC ACID DECREASED,375
GENITAL PAIN,965
OSCILLOPSIA,189
LEUKOPLAKIA OESOPHAGEAL,9
MOUNTAIN SICKNESS ACUTE,19
FORCED EXPIRATORY VOLUME DECREASED,2683
JEALOUS DELUSION,218
UROGENITAL DISORDER,155
PERINEAL ULCERATION,94
PERINEAL INJURY,150
URINE PHOSPHORUS INCREASED,103
FACTOR V DEFICIENCY,106
HYPOTONIC-HYPORESPONSIVE EPISODE,60
PRODUCT CONTAMINATION CHEMICAL,199
CHONDROMA,26
BLADDER NECK OBSTRUCTION,96
PULMONARY FUNCTION TEST INCREASED,41
GENITAL HYPOAESTHESIA,940
GENITAL SWELLING,592
UTERINE RUPTURE,311
FASTING,68
THERAPY NAIVE,86
EXCESSIVE EXERCISE,54
CHOROIDITIS,310
OSTEOTOMY,187
CENTRAL NERVOUS SYSTEM STIMULATION,120
NODAL MARGINAL ZONE B-CELL LYMPHOMA,25
RENAL STONE REMOVAL,479
RUBELLA IN PREGNANCY,9
CHOLINERGIC SYNDROME,511
MULTIFOCAL MOTOR NEUROPATHY,154
"EXTRANODAL NK/T-CELL LYMPHOMA, NASAL TYPE",3
CORONARY OSTIAL STENOSIS,73
SEBACEOUS GLAND DISORDER,107
BREAST FEEDING,686
RENAL ARTERY ARTERIOSCLEROSIS,102
NASAL OEDEMA,1397
CARBON DIOXIDE ABNORMAL,265
ABORTION INDUCED COMPLETE,23
TRAPEZECTOMY,6
RHYTHM IDIOVENTRICULAR,248
ALOPECIA UNIVERSALIS,239
COAGULATION TIME SHORTENED,223
RICHTER'S SYNDROME,935
OSTEOCHONDROMA,83
ELECTROCUTION,52
IODINE UPTAKE DECREASED,12
SYMPTOM MASKED,689
ALPHA TUMOUR NECROSIS FACTOR INCREASED,68
RADICULITIS BRACHIAL,76
CYSTIC FIBROSIS LUNG,115
FAILED EXAMINATIONS,15
HYPOCHOLESTEROLAEMIA,256
CONGENITAL KNEE DEFORMITY,64
OSTEITIS DEFORMANS,213
RADICULAR CYST,9
PORENCEPHALY,23
TESTICULAR GERM CELL CANCER METASTATIC,25
CARDIAC NEOPLASM UNSPECIFIED,162
CHRONIC LEUKAEMIA,150
VASCULAR PROCEDURE COMPLICATION,135
SYNDACTYLY,613
INTESTINAL ADENOCARCINOMA,156
AGONAL DEATH STRUGGLE,17
HIV TEST POSITIVE,452
CATHETER CULTURE POSITIVE,55
THERAPEUTIC RESPONSE UNEXPECTED WITH DRUG SUBSTITUTION,291
MORAXELLA TEST POSITIVE,36
ANTERIOR CHAMBER CELL,684
ANTERIOR CHAMBER FIBRIN,104
POLYGLANDULAR AUTOIMMUNE SYNDROME TYPE III,24
PSYCHOPATHIC PERSONALITY,71
DEHYDROEPIANDROSTERONE TEST,1
PROPHYLAXIS,68
PANCREAS INFECTION,311
ANTICOAGULATION DRUG LEVEL BELOW THERAPEUTIC,683
HYSTEROSALPINGO-OOPHORECTOMY,93
IIIRD NERVE PARESIS,142
RADIOTHERAPY TO BREAST,31
SPLENIC GRANULOMA,86
UTEROVAGINAL PROLAPSE,57
BLADDER NEOPLASM SURGERY,106
LACK OF SPONTANEOUS SPEECH,308
CEREBROSPINAL FISTULA,69
INFECTIOUS DISEASE CARRIER,40
LOCAL ANAESTHESIA,18
PAINFUL ERECTION,459
PENILE VASCULAR DISORDER,69
GASTROENTERITIS SHIGELLA,27
Q FEVER,182
CAPNOCYTOPHAGA INFECTION,93
FUSOBACTERIUM INFECTION,93
GASTROENTERITIS ROTAVIRUS,236
LACTOBACILLUS INFECTION,130
PEPTOSTREPTOCOCCUS INFECTION,73
C-REACTIVE PROTEIN DECREASED,591
RED BLOOD CELL SEDIMENTATION RATE DECREASED,208
PENILE ERYTHEMA,349
TRISOMY 18,276
CLOT RETRACTION TIME PROLONGED,1
PSEUDOCYST,205
RENAL CANCER STAGE IV,2731
ACQUIRED VON WILLEBRAND'S DISEASE,77
ANALGESIC THERAPY,266
PROMOTION OF WOUND HEALING,9
WEIGHT DECREASE NEONATAL,145
EDUCATIONAL PROBLEM,1093
CONNECTIVE TISSUE DISORDER,1149
INFERTILITY MALE,268
PENILE SIZE REDUCED,803
PROSTATIC PAIN,331
RESPIRATORY TRACT INFECTION BACTERIAL,448
LIP PRURITUS,803
BLOOD PRESSURE MANAGEMENT,33
PEPTIC ULCER PERFORATION,232
SURGICAL PROCEDURE REPEATED,202
ABNORMAL CLOTTING FACTOR,143
CAPILLARY FRAGILITY INCREASED,21
ANASTOMOTIC LEAK,533
PULMONARY CALCIFICATION,338
TRACHEAL CALCIFICATION,13
FOETAL HYPOKINESIA,605
ITCHING SCAR,102
HEPATOSPLENIC T-CELL LYMPHOMA,272
RETINAL EXUDATES,604
OROPHARYNGEAL SWELLING,370
TRACHEAL OEDEMA,93
ABDOMINAL OPERATION,1094
RHABDOMYOSARCOMA,144
MUCOSAL EXFOLIATION,46
MENINGITIS CHEMICAL,168
FEMALE ORGASMIC DISORDER,256
AUTOMATIC BLADDER,95
VARICOSE VEIN RUPTURED,259
SWEATING FEVER,124
GRANDIOSITY,241
TUMOUR ASSOCIATED FEVER,351
EAR DEFORMITY ACQUIRED,45
FLUORESCENT IN SITU HYBRIDISATION,6
CAROTID ARTERIAL EMBOLUS,37
MEDULLARY THYROID CANCER,327
SCLERAL PIGMENTATION,81
TRANSITIONAL CELL CARCINOMA URETHRA,21
URETERIC CANCER,328
MALE ORGASMIC DISORDER,421
PERINEAL PAIN,572
VAGINISMUS,35
SPINAL ROD INSERTION,90
TRAUMATIC INTRACRANIAL HAEMORRHAGE,858
OVARIAN GERM CELL TERATOMA BENIGN,104
RESPIRATORY MONILIASIS,181
5-HYDROXYINDOLACETIC ACID IN URINE DECREASED,4
ORBITAL CYST,22
LUNG HYPERINFLATION,719
DIFFUSE CUTANEOUS MASTOCYTOSIS,26
MEDIASTINAL HAEMORRHAGE,60
HYPERTHERMIA MALIGNANT,1131
BLOOD STEM CELL TRANSPLANT FAILURE,162
NOROVIRUS TEST POSITIVE,309
CHRONIC GRAFT VERSUS HOST DISEASE IN INTESTINE,184
GRAFT VERSUS HOST DISEASE IN LUNG,436
MYCOBACTERIUM CHELONAE INFECTION,718
LUNG TRANSPLANT REJECTION,515
COMPLICATIONS OF TRANSPLANTED LUNG,273
RENAL SURGERY,565
GASTROINTESTINAL HYPERMOTILITY,330
TOE OPERATION,660
ACQUIRED TRACHEO-OESOPHAGEAL FISTULA,64
ARTIFICIAL CROWN PROCEDURE,420
BENIGN GASTRIC NEOPLASM,64
CREATININE RENAL CLEARANCE,43
SEPSIS SYNDROME,296
LARYNX IRRITATION,190
BASOPHIL COUNT DECREASED,233
HIV TEST NEGATIVE,3
URINE AMPHETAMINE POSITIVE,225
BREATH ALCOHOL TEST POSITIVE,137
ANTI-CYCLIC CITRULLINATED PEPTIDE ANTIBODY POSITIVE,7002
HEPATITIS VIRAL TEST POSITIVE,27
CYTOTOXIC CARDIOMYOPATHY,63
SMALL CELL CARCINOMA,288
GASTROOESOPHAGEAL CANCER,86
HIPPOCAMPAL SCLEROSIS,116
BLEPHAROPLASTY,97
MAMMOPLASTY,705
BRONCHOPULMONARY ASPERGILLOSIS ALLERGIC,869
HYPERGLYCAEMIC HYPEROSMOLAR NONKETOTIC SYNDROME,892
ONYCHOGRYPHOSIS,15
ZINC DEFICIENCY,186
CHOROIDAL DETACHMENT,444
CYTOMEGALOVIRUS OESOPHAGITIS,320
LUMBOSACRAL PLEXUS INJURY,17
LARYNGEAL PAPILLOMA,42
PROSTATIC SPECIFIC ANTIGEN DECREASED,322
COUNTERFEIT DRUG ADMINISTERED,250
SUSPICIOUSNESS,548
GASTRITIS ALCOHOLIC HAEMORRHAGIC,2
NOCTURNAL EMISSION,26
GASTRIC ULCER HELICOBACTER,61
URINARY CASTS,298
HEPATITIS INFECTIOUS MONONUCLEOSIS,84
PULMONARY TUBERCULOMA,16
EUTHANASIA,278
PRODUCT EXPIRATION DATE ISSUE,1335
BARTHOLIN'S CYST,200
TOBACCO WITHDRAWAL SYMPTOMS,68
WERNICKE'S ENCEPHALOPATHY,538
VITELLO-INTESTINAL DUCT REMNANT,104
EXOMPHALOS,351
PULMONARY RENAL SYNDROME,334
POST PROCEDURAL SWELLING,1001
INJECTION SITE ISCHAEMIA,58
WATER INTOXICATION,310
COLORECTAL ADENOCARCINOMA,221
ORAL FIBROMA,28
PYOGENIC GRANULOMA,358
GASTROENTERITIS SALMONELLA,695
ACUTE PHOSPHATE NEPHROPATHY,118
PERIRENAL HAEMATOMA,146
REOCCLUSION,56
CREUTZFELDT-JAKOB DISEASE,219
LIPOSUCTION,130
APLASIA CUTIS CONGENITA,92
APPENDIX CANCER,927
ARTERIOVENOUS FISTULA SITE INFECTION,111
STEAL SYNDROME,43
HAEMATOLOGICAL MALIGNANCY,2655
ARTERIOVENOUS FISTULA THROMBOSIS,261
CARDIAC VALVE RUPTURE,87
ABULIA,815
SUPERINFECTION,1049
PURPURA FULMINANS,225
POLYSUBSTANCE DEPENDENCE,87
DELUSION OF GRANDEUR,334
WRITER'S CRAMP,41
VITAL CAPACITY DECREASED,372
ANTICONVULSANT DRUG LEVEL DECREASED,659
ELECTROCARDIOGRAM R ON T PHENOMENON,34
PREGNANCY TEST NEGATIVE,83
PROSTATIC SPECIFIC ANTIGEN ABNORMAL,966
GLYCOSYLATED HAEMOGLOBIN DECREASED,1470
HAEMANGIOMA CONGENITAL,357
REFRACTORY CYTOPENIA WITH UNILINEAGE DYSPLASIA,198
FACTOR VIII DEFICIENCY,131
BREAST HYPOPLASIA,7
GASTROINTESTINAL DISORDER CONGENITAL,82
CONGENITAL AORTIC ATRESIA,33
ABDOMINAL WALL NEOPLASM,26
FASCIAL RUPTURE,57
INFECTION PARASITIC,650
CNS VENTRICULITIS,262
RISUS SARDONICUS,5
INFECTIVE EXACERBATION OF BRONCHIECTASIS,287
CARDIOMYOPATHY ACUTE,188
DIURETIC THERAPY,65
VAGINITIS VIRAL,4
ENTERAL NUTRITION,488
TONGUE CANCER METASTATIC,52
TONGUE DYSPLASIA,27
CONGENITAL SPONDYLOLYSIS,2
LOW DENSITY LIPOPROTEIN,50
GALLBLADDER CANCER METASTATIC,51
ECTHYMA,340
ECZEMA VESICULAR,35
INSOMNIA RELATED TO ANOTHER MENTAL CONDITION,15
AVULSION FRACTURE,246
INJECTION SITE HYPERSENSITIVITY,2887
NAIL HYPERTROPHY,156
IMMUNOGLOBULINS ABNORMAL,234
HUMAN CHORIONIC GONADOTROPIN NEGATIVE,18
FEMORAL BRUIT,5
PARATHYROID GLAND OPERATION,132
GUTTATE PSORIASIS,684
CONGENITAL GENITAL MALFORMATION FEMALE,37
ACNE CYSTIC,2810
MEAN CELL HAEMOGLOBIN CONCENTRATION ABNORMAL,151
MEAN CELL VOLUME ABNORMAL,364
PLATELET PRODUCTION DECREASED,39
CYP2D6 POLYMORPHISM,39
GOUTY TOPHUS,188
LICHEN MYXOEDEMATOSUS,50
PRE-EXISTING CONDITION IMPROVED,6087
"HALLUCINATION, TACTILE",507
RHEUMATOID NODULE REMOVAL,18
BIOPSY BREAST NORMAL,7
MYOMECTOMY,122
SALIVARY GLAND ADENOMA,23
ULTRAFILTRATION FAILURE,1873
CARDIAC FUNCTION TEST ABNORMAL,228
ISOSPORIASIS,64
ABORTION LATE,76
WOUND EVISCERATION,55
RENAL CELL CARCINOMA STAGE IV,87
BLOOD FIBRINOGEN INCREASED,398
STRONGYLOIDIASIS,1386
URETERAL STENT INSERTION,289
DISSEMINATED INTRAVASCULAR COAGULATION IN NEWBORN,20
SPINAL CORD INFECTION,611
UNWANTED AWARENESS DURING ANAESTHESIA,267
ANGIOGRAM,197
ENDOSCOPY UPPER GASTROINTESTINAL TRACT,110
AGITATION POSTOPERATIVE,45
INJECTION SITE ABSCESS STERILE,73
FOETAL HEART RATE ABNORMAL,639
BLOOD ALUMINIUM,5
BLOOD ALUMINIUM INCREASED,72
ERGOT POISONING,89
PERIVENTRICULAR LEUKOMALACIA,188
FACTOR V INHIBITION,173
HYPERTENSIVE CARDIOMYOPATHY,185
PARANASAL SINUS DISCOMFORT,3679
PLEURAL CYST,7
RETROPERITONEAL FIBROSIS,390
ROULEAUX FORMATION,49
GENDER IDENTITY DISORDER,10
PROSTATE TENDERNESS,38
THYROXINE FREE ABNORMAL,69
LIMB IMMOBILISATION,144
PARASOMNIA,587
PARAINFLUENZAE VIRUS INFECTION,1398
FULL BLOOD COUNT INCREASED,1124
NEUROBORRELIOSIS,107
CYSTITIS EROSIVE,5
BIOPSY KIDNEY ABNORMAL,72
GLOMERULONEPHRITIS MEMBRANOPROLIFERATIVE,426
OESOPHAGEAL RUPTURE,635
CEREBELLAR TUMOUR,99
ATYPICAL MYCOBACTERIAL PNEUMONIA,134
MICROSPORIDIA INFECTION,322
DETACHED DESCEMET'S MEMBRANE,12
VERTEBROBASILAR INSUFFICIENCY,119
CARDIAC VALVE ABSCESS,74
SLE ARTHRITIS,270
BLADDER OBSTRUCTION,353
HYPOTONY OF EYE,363
SCLERAL DISORDER,190
SEIDEL TEST POSITIVE,3
OESOPHAGEAL CANCER METASTATIC,258
PRODUCT TAMPERING,1604
PULMONARY BULLA,52
MYCOSIS FUNGOIDES STAGE II,19
CARBOXYHAEMOGLOBINAEMIA,7
ANTERIOR DISPLACED ANUS,36
PULMONARY ARTERIAL PRESSURE ABNORMAL,264
CORNEAL LESION,249
INTERLEUKIN-2 RECEPTOR INCREASED,142
OCULAR HYPERTENSION,1664
BENIGN SALIVARY GLAND NEOPLASM,88
PULMONARY HYPERTENSIVE CRISIS,233
INFESTATION,239
POTTER'S SYNDROME,113
PANCREATIC ENZYMES ABNORMAL,81
OESTRADIOL DECREASED,274
CARDIAC IMAGING PROCEDURE,5
MYOTONIA,155
FALLOPIAN TUBE OPERATION,71
PANCREATIC OPERATION,187
ECZEMA INFECTED,217
INFLAMMATORY PAIN,624
LEGIONELLA INFECTION,436
BASOSQUAMOUS CARCINOMA OF SKIN,52
GASTROINTESTINAL MALFORMATION,155
SUBSTANCE USE,1502
COMPLICATIONS OF TRANSPLANTED HEART,169
ENLARGED CLITORIS,126
MORTON'S NEURALGIA,291
LEPTOSPIROSIS,77
WEIL'S DISEASE,6
PULMONARY APLASIA,38
OPEN FRACTURE,357
TYPE III IMMUNE COMPLEX MEDIATED REACTION,420
LABOUR PAIN,77
UTERINE HYPERTONUS,177
VERTIGO CNS ORIGIN,69
RIGHT ATRIAL HYPERTROPHY,99
CORNEAL ABSCESS,83
HYPEREMESIS GRAVIDARUM,321
ANENCEPHALY,400
SPLENIC NECROSIS,67
LAPAROSCOPIC SURGERY,176
SCOLIOSIS SURGERY,63
BARTHOLIN'S ABSCESS,77
PLASMAPHERESIS,410
EYELIDS PRURITUS,2583
AORTIC OCCLUSION,298
NEOPLASM SWELLING,48
ASPIRATION BONE MARROW ABNORMAL,78
PEYRONIE'S DISEASE,723
NON-HODGKIN'S LYMPHOMA RECURRENT,414
SPINAL MENINGIOMA BENIGN,48
ARTERIOVENOUS FISTULA OCCLUSION,154
FLOPPY INFANT,133
NECROTISING ENTEROCOLITIS NEONATAL,290
LEMIERRE SYNDROME,121
SWEAT GLAND TUMOUR,199
NECROTISING GRANULOMATOUS LYMPHADENITIS,12
RED BLOOD CELL SEDIMENTATION RATE ABNORMAL,2231
CUTANEOUS TUBERCULOSIS,149
FAECAL CALPROTECTIN,59
BLADDER CANCER STAGE III,1199
VENTRICULAR DYSKINESIA,127
NASAL SEPTAL OPERATION,326
ANORECTAL INFECTION,218
UTERINE CONTRACTIONS DURING PREGNANCY,917
HEMISENSORY NEGLECT,8
ABDOMINAL INJURY,416
COAGULATION DISORDER NEONATAL,44
SIDEROBLASTIC ANAEMIA,98
URETHRAL VALVES,78
ONCHOCERCIASIS,2
CERVICITIS HUMAN PAPILLOMA VIRUS,33
EPIDURAL BLOOD PATCH,14
UTERINE STENOSIS,25
NAIL PICKING,37
JAUNDICE ACHOLURIC,64
CARDIAC VENTRICULAR DISORDER,264
VIRAL RHINITIS,27
MONONEUROPATHY,157
JUVENILE CHRONIC MYELOMONOCYTIC LEUKAEMIA,44
LIPOMENINGOCELE,13
LARYNGEAL OBSTRUCTION,153
HYPEROXALURIA,146
NEPHRITIS ALLERGIC,288
URINE SODIUM INCREASED,120
BLUE TOE SYNDROME,257
UTERINE INFLAMMATION,189
PROTEIN TOTAL ABNORMAL,1197
BLINDNESS CORTICAL,342
CONTACT LENS INTOLERANCE,81
CORNEAL INFILTRATES,231
CORNEAL NEOVASCULARISATION,197
REFRACTION DISORDER,224
RETINAL VASCULITIS,1121
MEAN PLATELET VOLUME ABNORMAL,75
PENILE CURVATURE,199
VITREOUS OPACITIES,729
EYE ABSCESS,252
SERRATIA BACTERAEMIA,96
BIOTIN DEFICIENCY,25
CENTRAL VENOUS CATHETER REMOVAL,434
CORTISOL FREE URINE DECREASED,15
LABOUR COMPLICATION,166
MALIGNANT NEOPLASM OF EYE,245
VOCAL CORD PARESIS,172
CARDIO-RESPIRATORY ARREST NEONATAL,42
CONGENITAL OESOPHAGEAL ANOMALY,30
CYANOSIS NEONATAL,409
FROSTBITE,246
PARATHYROID CYST,22
PARATHYROID TUMOUR,232
OESOPHAGEAL ADENOCARCINOMA,383
CYSTITIS RADIATION,162
ABDOMINAL HERNIA OBSTRUCTIVE,110
ALLERGY TO ARTHROPOD BITE,278
APPLICATION SITE BRUISE,958
THERAPEUTIC NERVE ABLATION,142
VIRAL MUTATION IDENTIFIED,3391
ENCHONDROMATOSIS,75
PNEUMONIA LIPOID,115
VISCERAL LEISHMANIASIS,621
NATURAL KILLER CELL COUNT INCREASED,51
WEST NILE VIRAL INFECTION,633
PHOTOONYCHOLYSIS,41
ULTRASOUND ANTENATAL SCREEN ABNORMAL,81
PERIPHERAL NERVE PALSY,91
COMPLICATIONS OF BONE MARROW TRANSPLANT,219
IMPLANT SITE RASH,315
POSTICTAL HEADACHE,15
IMPLANT SITE PUSTULES,49
HAEMORRHAGIC FEVER,23
ALLERGY TO PLANTS,420
BRIEF PSYCHOTIC DISORDER WITH MARKED STRESSORS,134
CARDITIS,338
PERINEPHRIC EFFUSION,12
RENAL HAEMATOMA,430
SERRATIA TEST POSITIVE,77
T-CELL TYPE ACUTE LEUKAEMIA,175
PITUITARY CYST,77
VARICOCELE,233
LABIA ENLARGED,50
SEX CHROMOSOME ABNORMALITY,11
BLEPHARAL PAPILLOMA,10
SALIVA DISCOLOURATION,275
EYE EXCISION,119
DEFICIENCY ANAEMIA,78
POST PROCEDURAL HYPOTHYROIDISM,178
MEDICAL DEVICE CHANGE,446
BACTERIAL PYELONEPHRITIS,257
RETICULOCYTE COUNT DECREASED,281
PARANEOPLASTIC PEMPHIGUS,111
BREAST ENGORGEMENT,168
FACIAL ASYMMETRY,889
HERPES ZOSTER INFECTION NEUROLOGICAL,141
INCISION SITE ERYTHEMA,361
TRUNCUS ARTERIOSUS PERSISTENT,167
INTRAVENTRICULAR HAEMORRHAGE NEONATAL,370
METAL POISONING,349
ASBESTOSIS,192
PRODUCT USED FOR UNKNOWN INDICATION,1222
PNEUMOCOCCAL BACTERAEMIA,96
ADNEXA UTERI PAIN,1002
INTERVERTEBRAL DISC CALCIFICATION,74
SHUNT OCCLUSION,412
PSYCHOTHERAPY,23
MOANING,848
METASTASES TO PENIS,18
RETROPERITONEAL OEDEMA,24
YERSINIA INFECTION,80
DIRECTIONAL DOPPLER FLOW TESTS ABNORMAL,20
HYPOURICAEMIA,247
INFECTION MASKED,90
BLOOD UREA NITROGEN/CREATININE RATIO INCREASED,527
LARYNGEAL MASS,86
SCLERAL HYPERAEMIA,532
LEUKOCORIA,14
PANCREATIC CARCINOMA STAGE IV,3124
LARGE INTESTINE OPERATION,142
WITHDRAWAL BLEED,421
ANKLE IMPINGEMENT,27
LIPOMATOSIS,116
THYROXINE FREE INCREASED,531
TRI-IODOTHYRONINE FREE INCREASED,142
POSTURAL REFLEX IMPAIRMENT,40
OESOPHAGEAL MUCOSA ERYTHEMA,39
FEEDING DISORDER OF INFANCY OR EARLY CHILDHOOD,88
AGITATION NEONATAL,706
POST-TRAUMATIC EPILEPSY,57
NASAL OPERATION,623
ADNEXA UTERI CYST,125
HETEROTOPIC PREGNANCY,34
APNOEIC ATTACK,367
PERITONEAL EFFLUENT ABNORMAL,238
TONSILLAR CYST,34
THERAPEUTIC RESPONSE INCREASED,749
EPHELIDES,445
CERVIX NEOPLASM,113
CHARLES BONNET SYNDROME,93
LUPUS ENDOCARDITIS,57
SEASONAL AFFECTIVE DISORDER,284
ELECTROCARDIOGRAM RR INTERVAL PROLONGED,38
HLA MARKER STUDY POSITIVE,138
TRI-IODOTHYRONINE UPTAKE INCREASED,9
HYPERKINESIA,1815
OPISTHOTONUS,568
VOMITING NEONATAL,18
TARSAL TUNNEL SYNDROME,161
SEPTIC ARTHRITIS STREPTOCOCCAL,55
VULVAL DISORDER,519
CRANIAL NERVE INFECTION,24
HYPERPLASTIC CHOLECYSTOPATHY,101
THYROID CANCER METASTATIC,232
SUICIDE OF RELATIVE,6
DELUSION OF REFERENCE,95
VAGINAL INFLAMMATION,137
HYPOPROLACTINAEMIA,47
INFECTIVE SPONDYLITIS,207
ALCOHOL INTOLERANCE,566
PERFUME SENSITIVITY,534
LARGE INTESTINAL STRICTURE,2
ADENOVIRAL CONJUNCTIVITIS,21
INSULIN C-PEPTIDE INCREASED,109
JAW OPERATION,600
LIPOMA EXCISION,83
SARCOMA EXCISION,10
ALCOHOL PROBLEM,139
BUNION OPERATION,483
BLOOD IMMUNOGLOBULIN A DECREASED,551
ERYTHROLEUKAEMIA,51
CARBOHYDRATE INTOLERANCE,64
URINE MAGNESIUM DECREASED,11
DUPUYTREN'S CONTRACTURE,767
CYANOPSIA,312
THYMOMA MALIGNANT RECURRENT,11
BLOOD PRESSURE ORTHOSTATIC,100
EXERCISE ELECTROCARDIOGRAM ABNORMAL,38
CHLAMYDIA TEST POSITIVE,85
VERTEBRAL COLUMN MASS,251
COLLAGEN DISORDER,427
ABDOMINOPLASTY,270
BROWN-SEQUARD SYNDROME,53
BIOPSY BONE MARROW,431
CYSTITIS-LIKE SYMPTOM,57
PROGRESSIVE RELAPSING MULTIPLE SCLEROSIS,106
CARCINOMA IN SITU,125
HEPATIC CANCER STAGE IV,3681
PERIPHERAL PULSE DECREASED,82
OTOCEPHALY,3
BED REST,232
CEREBROSCLEROSIS,24
BLOOD TESTOSTERONE ABNORMAL,1019
EAR TUBE INSERTION,258
METASTASES TO BREAST,292
PANCREATIC LEAK,100
ACANTHOLYSIS,47
ASPIRATION BONE MARROW,105
TRICHORRHEXIS,2339
EYELID SKIN DRYNESS,1145
ACINETOBACTER TEST POSITIVE,148
ALPHA-1 ANTI-TRYPSIN ABNORMAL,10
IRON METABOLISM DISORDER,88
VITAMIN B1 INCREASED,32
COLORECTAL CANCER STAGE III,5032
REPERFUSION INJURY,99
DIABETIC HYPEROSMOLAR COMA,252
PSEUDODEMENTIA,72
SPERM CONCENTRATION DECREASED,309
TRACHEAL PAIN,84
VITREOUS ADHESIONS,104
INTESTINAL VARICES,29
AUTOIMMUNE NEUTROPENIA,236
RETAINED PRODUCTS OF CONCEPTION,163
TANDEM GAIT TEST ABNORMAL,57
EBSTEIN'S ANOMALY,88
RETINOGRAM ABNORMAL,215
YERSINIA TEST POSITIVE,21
GINGIVAL HYPERTROPHY,1344
GASTRIC CYST,138
VAGINAL CANCER,252
MATERNAL EXPOSURE DURING DELIVERY,945
NAIL BED BLEEDING,491
VAGINAL MUCOSAL BLISTERING,162
PROTEIN INDUCED BY VITAMIN K ABSENCE OR ANTAGONIST II INCREASED,57
DEVICE INTERACTION,102
CENTRAL NERVOUS SYSTEM NEOPLASM,123
GROWING PAINS,236
PLEURISY VIRAL,24
LENNOX-GASTAUT SYNDROME,213
BARTHOLINITIS,79
GALLBLADDER ADENOCARCINOMA,71
PANCREATIC CALCIFICATION,113
BLOOD PRODUCT TRANSFUSION,65
BREAST RECONSTRUCTION,287
ENDOCRINE GLAND OPERATION,10
LIGAMENT OPERATION,300
VAGAL NERVE STIMULATOR REMOVAL,9
"URINE PROTEIN, QUANTITATIVE",8
HEMIANOPIA HOMONYMOUS,522
CHOLESTATIC PRURITUS,28
MENISCUS OPERATION,303
NEURECTOMY,56
MUSCLE FLAP OPERATION,20
CORNEAL CYST,85
HEPATITIS C RNA POSITIVE,118
BLOOD CORTICOTROPHIN DECREASED,401
RADIATION SICKNESS SYNDROME,43
INFECTIVE PULMONARY EXACERBATION OF CYSTIC FIBROSIS,5296
CEPHALO-PELVIC DISPROPORTION,140
INTENTIONAL MEDICAL DEVICE REMOVAL BY PATIENT,973
BURSITIS INFECTIVE,461
URTICARIA PIGMENTOSA,37
PROSTATE INFECTION,809
BODY FAT DISORDER,450
RENAL ARTERIOSCLEROSIS,155
FUCHS' SYNDROME,68
GENITOURINARY OPERATION,39
MICROCOCCUS INFECTION,53
INCREASED VISCOSITY OF BRONCHIAL SECRETION,518
ORTHOSIS USER,236
VASECTOMY REVERSAL,7
TUMOUR PERFORATION,260
GINGIVAL PRURITUS,65
BASAL GANGLIA STROKE,137
DOCUMENTED HYPERSENSITIVITY TO ADMINISTERED DRUG,76
LIVING IN RESIDENTIAL INSTITUTION,1811
NEPHRECTOMY,1162
DISTRIBUTIVE SHOCK,2161
ACTINIC CHEILITIS,29
SPINDLE CELL SARCOMA,112
ROSEOLOVIRUS TEST POSITIVE,99
ISOSTHENURIA,22
FRACTURE OF PENIS,506
HYPOGONADISM MALE,188
XANTHOCHROMIA,22
WAXY FLEXIBILITY,110
NASAL NECROSIS,105
PHARYNGEAL NECROSIS,41
STOMATITIS NECROTISING,134
MENISCUS CYST,23
INJECTION SITE THROMBOSIS,248
PARKINSONIAN GAIT,483
DECREASED VIBRATORY SENSE,293
SERUM FERRITIN ABNORMAL,278
SLOW VIRUS INFECTION,4
MITOCHONDRIAL TOXICITY,654
ALKALOSIS HYPOCHLORAEMIC,117
SEBACEOUS GLAND INFECTION,43
AUTOPHOBIA,245
FLASHBACK,376
HYPORESPONSIVE TO STIMULI,1118
CREATININE RENAL CLEARANCE INCREASED,561
CARCINOID TUMOUR OF THE APPENDIX,33
CARDIAC STRESS TEST,92
ERYTHROPENIA,229
INTRA-UTERINE CONTRACEPTIVE DEVICE REMOVAL,199
SEGMENTED HYALINISING VASCULITIS,79
DRUG ABUSER,615
SPLENIC HAEMATOMA,233
CERVICAL FRIABILITY,26
UTERINE CERVICAL EROSION,25
SYNDESMOPHYTE,28
CATHETER SITE PRURITUS,851
RELAPSING FEVER,232
OVULATION PAIN,171
JEJUNOSTOMY REFASHIONING,3
SILICOSIS,49
TRYPTASE INCREASED,591
HYDROURETER,295
DEHYDROEPIANDROSTERONE DECREASED,77
AIDS RELATED COMPLICATION,31
EMBOLIA CUTIS MEDICAMENTOSA,715
CHOLANGITIS SUPPURATIVE,12
CONGENITAL ADRENAL GLAND HYPOPLASIA,8
RENAL HYPOPLASIA,162
KERATITIS FUNGAL,166
AMOEBIASIS,197
VASCULAR GRAFT COMPLICATION,105
ANTEROGRADE AMNESIA,481
PSEUDOPOLYP,305
NEUTRALISING ANTIBODIES NEGATIVE,37
SELF-INDUCED VOMITING,166
HISTOLOGY ABNORMAL,164
AEROMONA INFECTION,14
CEREBRAL DYSGENESIS,46
LOOP ELECTROSURGICAL EXCISION PROCEDURE,119
ENZYME INHIBITION,81
GASTROINTESTINAL ARTERIOVENOUS MALFORMATION,218
CONGENITAL ABDOMINAL HERNIA,17
PARKINSONIAN REST TREMOR,115
SYNOSTOSIS,64
KERATORHEXIS,97
INFECTED NEOPLASM,234
ACCELERATED IDIOVENTRICULAR RHYTHM,104
CLOSTRIDIUM DIFFICILE SEPSIS,57
MUSCLE FIBROSIS,49
IMPLANT SITE INFLAMMATION,242
IMPLANT SITE NECROSIS,68
MENINGITIS ENTEROVIRAL,70
IDIOPATHIC GENERALISED EPILEPSY,81
CONGENITAL SCOLIOSIS,118
ALTERED VISUAL DEPTH PERCEPTION,580
ANION GAP INCREASED,990
HIGH FREQUENCY ABLATION,365
HIGH DENSITY LIPOPROTEIN ABNORMAL,156
LOW DENSITY LIPOPROTEIN ABNORMAL,526
URINARY NITROGEN INCREASED,13
ADACTYLY,126
HIGH ARCHED PALATE,115
PROMINENT EPICANTHAL FOLDS,101
TOOTH DEVELOPMENT DISORDER,117
ANISOCYTOSIS,498
INFUSION SITE IRRITATION,1171
DELUSION OF REPLACEMENT,81
JOINT SURGERY,339
FIBROADENOMA OF BREAST,292
PARASITIC GASTROENTERITIS,175
CORNEAL ENDOTHELIITIS,88
CORNEAL HYPERTROPHY,6
PREMATURE AGEING,238
INJECTION SITE PARAESTHESIA,1335
GASTRECTOMY,856
HYPERCALCAEMIA OF MALIGNANCY,232
MYCOBACTERIUM ABSCESSUS INFECTION,658
EYE COMPLICATION ASSOCIATED WITH DEVICE,219
NECROSIS ISCHAEMIC,319
CARBUNCLE,223
ANAL FUNGAL INFECTION,72
ACUTE MYELOMONOCYTIC LEUKAEMIA,177
CAT SCRATCH DISEASE,357
PROSTATIC ABSCESS,225
ACIDOSIS HYPERCHLORAEMIC,522
ABDOMINAL WALL DISORDER,176
LUMBAR PUNCTURE ABNORMAL,55
RENAL ONCOCYTOMA,81
CHILLBLAINS,223
HISTAMINE LEVEL INCREASED,174
COMA ACIDOTIC,69
BLADDER INJURY,266
URETHRAL INJURY,119
COMPUTERISED TOMOGRAM THORAX ABNORMAL,615
FREEZING PHENOMENON,3455
PICA,139
"BLOOD 1,25-DIHYDROXYCHOLECALCIFEROL INCREASED",75
MARITAL PROBLEM,231
EYELID BLEEDING,137
SMALL CELL CARCINOMA OF THE CERVIX,6
VIBRATORY SENSE INCREASED,209
ANTINEUTROPHIL CYTOPLASMIC ANTIBODY POSITIVE,572
HYPOPHYSECTOMY,8
PRODUCT MEASURED POTENCY ISSUE,691
CORNEAL EXFOLIATION,81
IMPLANT SITE EROSION,252
IMPLANT SITE HYPERSENSITIVITY,88
C1 ESTERASE INHIBITOR DECREASED,11
COMPLEMENT FACTOR C4 DECREASED,134
HAPTOGLOBIN INCREASED,86
TRANSFERRIN SATURATION DECREASED,348
OXYGEN CONSUMPTION,149
CELLULITIS OF MALE EXTERNAL GENITAL ORGAN,98
GLUCOCORTICOIDS ABNORMAL,5
LIPID METABOLISM DISORDER,297
HORMONE-REFRACTORY PROSTATE CANCER,1158
LIGAMENT PAIN,476
ALLERGY TO ANIMAL,972
VISUAL BRIGHTNESS,270
AUTOIMMUNE ARTHRITIS,152
PITUITARY-DEPENDENT CUSHING'S SYNDROME,297
SLEEP STUDY,57
SARCOPENIA,409
PULMONARY TRICHOSPORONOSIS,21
FISTULA REPAIR,196
INTESTINAL FISTULA REPAIR,12
TRAUMATIC ARTHROPATHY,29
PANEL-REACTIVE ANTIBODY,8
VASCULAR OPERATION,325
FLUID REPLACEMENT,290
ASPIRATION JOINT,162
INFUSION SITE NECROSIS,146
INFUSION SITE PHLEBITIS,161
PATENT DUCTUS ARTERIOSUS REPAIR,35
SCINTILLATING SCOTOMA,158
TRANSFUSION RELATED COMPLICATION,96
JARISCH-HERXHEIMER REACTION,649
ESCHAR,511
RAPID EYE MOVEMENTS SLEEP ABNORMAL,318
"SCHIZOPHRENIA, DISORGANISED TYPE",19
GLUCOSE-6-PHOSPHATE DEHYDROGENASE DEFICIENCY,158
SMOOTH MUSCLE ANTIBODY POSITIVE,81
CHORIOCARCINOMA,58
MUSCLE HYPERTROPHY,292
LEUKAEMOID REACTION,209
ELECTROCARDIOGRAM U-WAVE ABNORMALITY,80
KUSSMAUL RESPIRATION,148
DIEULAFOY'S VASCULAR MALFORMATION,280
PNEUMONITIS CHEMICAL,308
SKIN TURGOR DECREASED,275
HAEMORRHAGIC INFARCTION,431
OPIATES POSITIVE,354
DERMO-HYPODERMITIS,550
THYROXINE FREE DECREASED,447
BACILLUS TEST POSITIVE,78
INTERSTITIAL GRANULOMATOUS DERMATITIS,150
DIVORCED,354
OPSOCLONUS MYOCLONUS,184
AORTIC EMBOLUS,60
ULTRASOUND LIVER ABNORMAL,98
PIGMENTATION BUCCAL,7
RETINAL PIGMENTATION,742
GLYCOGEN STORAGE DISORDER,25
SLEEP PARALYSIS,1367
PENILE EXFOLIATION,56
PERIPHLEBITIS,46
MULTIFOCAL MICRONODULAR PNEUMOCYTE HYPERPLASIA,30
CSF GLUCOSE DECREASED,58
"SCHIZOPHRENIA, CATATONIC TYPE",9
ALLOGENIC BONE MARROW TRANSPLANTATION THERAPY,23
PLEURAL NEOPLASM,137
IMPLANT SITE CELLULITIS,194
IMPLANT SITE OEDEMA,84
LIPIDOSIS,45
KERATITIS BACTERIAL,120
TYMPANOSCLEROSIS,42
CAPLAN'S SYNDROME,4
RIFT VALLEY FEVER,13
SPINAL EPIDURAL HAEMORRHAGE,58
TESTICULAR CANCER METASTATIC,77
BORDETELLA INFECTION,74
RED MAN SYNDROME,694
AUTOIMMUNE PROGESTERONE DERMATITIS,4
METAPNEUMOVIRUS INFECTION,713
CAPILLARY NAIL REFILL TEST ABNORMAL,94
ENCEPHALITIC INFECTION,10
LUPUS VASCULITIS,93
VICTIM OF SEXUAL ABUSE,394
NIPPLE SWELLING,209
LYMPHOCYTE PERCENTAGE INCREASED,258
NEUTROPHIL PERCENTAGE DECREASED,313
TUMOUR MARKER TEST,10
VANISHING TWIN SYNDROME,85
SODIUM RETENTION,147
TENDON NECROSIS,21
BRACHIAL PLEXOPATHY,178
BREAST CANCER STAGE IV,2779
AZOOSPERMIA,221
SEMEN DISCOLOURATION,237
SEMEN VOLUME DECREASED,674
APPLICATION SITE EXFOLIATION,3857
THOUGHT WITHDRAWAL,22
POST POLIO SYNDROME,64
WHITE BLOOD CELL ANALYSIS ABNORMAL,61
BRACHYDACTYLY,194
PHALANGEAL HYPOPLASIA,52
STREPTOCOCCAL URINARY TRACT INFECTION,183
METHYLENETETRAHYDROFOLATE REDUCTASE POLYMORPHISM,2
THYROID OPERATION,519
INFUSION SITE DISCOLOURATION,810
SHOULDER DEFORMITY,160
BASILAR ARTERY OCCLUSION,138
CREATININE URINE INCREASED,238
BLOOD CANNABINOIDS,20
PROTHROMBIN LEVEL ABNORMAL,79
PERITONITIS VIRAL,20
BLAST CELLS PRESENT,384
ORTHOPAEDIC EXAMINATION ABNORMAL,8
COMPLICATIONS OF TRANSPLANTED PANCREAS,24
ENDOLYMPHATIC HYDROPS,46
MALE SEXUAL DYSFUNCTION,491
B-CELL LYMPHOMA RECURRENT,505
INSULIN RESISTANCE SYNDROME,17
FUNGATING WOUND,48
ENTEROBACTER SEPSIS,273
INJECTION SITE MOVEMENT IMPAIRMENT,105
MILK-ALKALI SYNDROME,443
PRODUCT COATING ISSUE,945
CHEMICAL POISONING,261
CYTOGENETIC ANALYSIS ABNORMAL,1007
SINUSITIS ASPERGILLUS,119
BENIGN NEOPLASM OF EYELID,12
BONE MARROW RETICULIN FIBROSIS,135
HAEMORRHAGIC ASCITES,192
BILIARY CYST,129
VESSEL PUNCTURE SITE THROMBOSIS,17
OPTIC NERVE INFARCTION,71
PHARYNGOLARYNGEAL ABSCESS,16
PLEURAL DISORDER,414
KIDNEY SMALL,193
FEEDING TUBE COMPLICATION,124
BLOOD ANTIDIURETIC HORMONE INCREASED,53
ANOREXIA NERVOSA,251
HAIR TRANSPLANT,65
SCAR EXCISION,130
ESSENTIAL THROMBOCYTHAEMIA,303
HAEMATOMA EVACUATION,214
RESIDUAL URINE VOLUME INCREASED,105
STILL'S DISEASE ADULT ONSET,48
PLASMABLASTIC LYMPHOMA,310
RETINAL DYSTROPHY,207
EYE BURNS,431
ALBUMIN GLOBULIN RATIO ABNORMAL,34
INTRAOCULAR PRESSURE DECREASED,438
MEDIAL TIBIAL STRESS SYNDROME,294
THYROID NODULE REMOVAL,32
BIOPSY UTERUS,12
PROLAPSE REPAIR,47
NUCLEATED RED CELLS,94
PNEUMOCOCCAL SEPSIS,516
IMPLANT SITE HAEMATOMA,196
SELF ESTEEM INFLATED,102
FLIGHT OF IDEAS,225
EMBRYONAL RHABDOMYOSARCOMA,51
ANEURYSM ARTERIOVENOUS,9
PROSTATIC OPERATION,1003
SIGHT DISABILITY,171
BLOOD CREATINE ABNORMAL,405
PAPILLOPHLEBITIS,14
ACUTE PHASE REACTION,298
URINE PROTEIN/CREATININE RATIO INCREASED,835
URATE NEPHROPATHY,89
INJECTION SITE HYPERTROPHY,283
PRODUCT NAME CONFUSION,1064
HAEMORRHAGIC CYST,308
VAGINAL EXFOLIATION,42
IMPLANT SITE BRUISING,634
OLIGODENDROGLIOMA,89
SENSE OF OPPRESSION,949
POST PROCEDURAL DRAINAGE,96
ALOPECIA TOTALIS,261
HAEMORRHAGE CORONARY ARTERY,56
PHONOPHOBIA,359
ACARIASIS,8
CEREBELLAR ISCHAEMIA,155
DACTYLITIS,945
REACTION TO FOOD ADDITIVE,101
VERBIGERATION,60
ENDOMETRIAL CANCER RECURRENT,110
METASTASES TO MUSCLE,162
APPLICATION SITE CELLULITIS,51
APPLICATION SITE ECZEMA,72
RASH FOLLICULAR,114
THROMBOLYSIS,190
CONGENITAL PULMONARY VALVE DISORDER,64
PULMONARY VALVE SCLEROSIS,8
ATONIC URINARY BLADDER,119
HUMAN HERPESVIRUS 8 INFECTION,553
BURN OF INTERNAL ORGANS,97
EUSTACHIAN TUBE OBSTRUCTION,140
TRANSIENT ACANTHOLYTIC DERMATOSIS,249
CEREBRAL HAEMORRHAGE NEONATAL,131
SUBDURAL HAEMORRHAGE NEONATAL,12
MUCOCUTANEOUS ULCERATION,204
SPASTIC PARAPLEGIA,10
SUBACUTE COMBINED CORD DEGENERATION,156
CYTOMEGALOVIRUS GASTROENTERITIS,162
CHONDROSARCOMA,122
CLEAR CELL SARCOMA OF SOFT TISSUE,21
GASTROINTESTINAL TRACT MUCOSAL DISCOLOURATION,70
DEVICE MATERIAL ISSUE,1967
SINOBRONCHITIS,120
ADMINISTRATION RELATED REACTION,175
NON-HODGKIN'S LYMPHOMA STAGE III,76
UREAPLASMA TEST POSITIVE,13
POLIOMYELITIS,80
VAGINAL OPERATION,64
CATHETER SITE HAEMATOMA,199
PENILE BLISTER,186
BLOOD VISCOSITY INCREASED,455
URETHRAL STENT INSERTION,46
THERAPEUTIC PRODUCT INEFFECTIVE FOR UNAPPROVED INDICATION,404
MESENTERITIS,133
SLEEP-RELATED EATING DISORDER,753
CONTRACEPTION,21
DIABETIC END STAGE RENAL DISEASE,37
FULL BLOOD COUNT,53
NASAL ABSCESS,205
PARANASAL SINUS HAEMATOMA,19
INTESTINAL POLYP HAEMORRHAGE,15
JOINT ABSCESS,287
EPIDERMOLYSIS,317
ENCAPSULATION REACTION,75
DIFFUSE LARGE B-CELL LYMPHOMA RECURRENT,2080
ANAPHYLACTOID SHOCK,257
KAPOSI'S VARICELLIFORM ERUPTION,57
CEREBRAL SALT-WASTING SYNDROME,90
PROSTATECTOMY,447
PANCREATIC CARCINOMA RECURRENT,214
SUPERIOR MESENTERIC ARTERY SYNDROME,197
HYPERLIPASAEMIA,470
PANCREATIC DUCT OBSTRUCTION,136
NERVE ROOT COMPRESSION,436
MONONUCLEOSIS SYNDROME,144
HAEMOGLOBIN,115
EPIPHYSEAL FRACTURE,35
RESPIRATORY TRACT MALFORMATION,109
MEDICAL OBSERVATION ABNORMAL,18
BLADDER TRANSITIONAL CELL CARCINOMA RECURRENT,88
CRYPTOCOCCAL CUTANEOUS INFECTION,151
DERMATOPHYTOSIS,253
SOCIAL FEAR,139
GASTRODUODENAL ULCER,323
SEXUAL ACTIVITY INCREASED,79
SEXUALLY INAPPROPRIATE BEHAVIOUR,412
SUBENDOCARDIAL ISCHAEMIA,71
VENTRICULAR FLUTTER,67
PNEUMATOSIS,311
NEISSERIA TEST POSITIVE,26
BACILLARY ANGIOMATOSIS,124
SACCADIC EYE MOVEMENT,130
ABSTAINS FROM ALCOHOL,22
BIPOLAR DISORDER RELAPSE PROPHYLAXIS,4
EX-TOBACCO USER,42
HEPATIC INFILTRATION EOSINOPHILIC,40
GLUTATHIONE S-TRANSFERASE DECREASED,2
ALTERNARIA INFECTION,333
PHAEHYPHOMYCOSIS,99
BLOOD PRESSURE NORMAL,54
FEELING GUILTY,1098
SYMPATHECTOMY,12
ORTHOSTATIC INTOLERANCE,634
BILE DUCT CANCER,803
DECREASED EYE CONTACT,267
CEREBRAL HYPERPERFUSION SYNDROME,80
ARTERIAL GRAFT,14
RETINAL OPERATION,228
LEUKOERYTHROBLASTOSIS,94
GERM CELL CANCER,89
BLOOD COPPER DECREASED,68
MENINGITIS MENINGOCOCCAL,128
CITROBACTER TEST POSITIVE,55
AORTIC INJURY,69
CAMPBELL DE MORGAN SPOTS,12
DENTAL DISCOMFORT,688
KERATOPLASTY,34
MICROBIOLOGY TEST ABNORMAL,56
T-LYMPHOCYTE COUNT ABNORMAL,73
LUNG CARCINOMA CELL TYPE UNSPECIFIED STAGE III,817
NEUROLOGICAL EXAMINATION ABNORMAL,291
MYOCARDIAL STUNNING,133
BLOODY PERITONEAL EFFLUENT,902
PLATELET DISTRIBUTION WIDTH INCREASED,49
PITTED KERATOLYSIS,11
TOTAL CHOLESTEROL/HDL RATIO ABNORMAL,26
ECHOLALIA,250
BONE HYPERPIGMENTATION,81
INSPIRATORY CAPACITY DECREASED,247
NEUROSTIMULATOR IMPLANTATION,43
PINEALOBLASTOMA,83
OESOPHAGEAL IRRITATION,518
OVARIAN CYST TORSION,41
OVARIAN NECROSIS,46
BLOOD OSMOLARITY,14
CHEST WALL ABSCESS,161
RENAL VASCULITIS,234
INVESTIGATION,3070
VICTIM OF HOMICIDE,387
SUBSTANCE-INDUCED MOOD DISORDER,86
KIDNEY DUPLEX,218
JOINT CAPSULE RUPTURE,17
RECURRING SKIN BOILS,28
TREMATODE INFECTION,20
HYPOAESTHESIA TEETH,107
POSTPARTUM STRESS DISORDER,17
PITUITARY TUMOUR REMOVAL,52
DIAPHRAGMATIC RUPTURE,136
KIDNEY RUPTURE,160
SPINAL CORD INJURY CERVICAL,209
PRODUCT BARCODE ISSUE,363
EYELID THICKENING,280
IRIS HYPERPIGMENTATION,134
EYELID SENSORY DISORDER,155
THALASSAEMIA TRAIT,4
PLEOCYTOSIS,467
MENINGEAL NEOPLASM,36
ENDOCRINE TEST ABNORMAL,24
BURKITT'S LYMPHOMA RECURRENT,65
PERINEAL FISTULA,83
SWEAT DISCOLOURATION,118
BLOOD HIV RNA INCREASED,1622
ACQUIRED HAEMOPHILIA,891
LIVIDITY,255
PERIPHERAL BLOOD STEM CELL APHERESIS,11
URINARY TRACT INFECTION STAPHYLOCOCCAL,280
METASTASES TO CHEST WALL,299
PARKINSONISM HYPERPYREXIA SYNDROME,179
GENERAL PHYSICAL CONDITION NORMAL,20
ACANTHAMOEBA INFECTION,151
ACTIVATED PARTIAL THROMBOPLASTIN TIME ABNORMAL,146
BLOOD FOLATE,2
RENAL FAILURE NEONATAL,130
PRODUCT DOSAGE FORM ISSUE,458
SECONDARY IMMUNODEFICIENCY,1142
TOOTH RESORPTION,166
SPLENIC INJURY,188
MYOFASCITIS,54
CHVOSTEK'S SIGN,50
TROUSSEAU'S SIGN,73
INTERCEPTED DRUG ADMINISTRATION ERROR,372
VESTIBULAR DISORDER,881
TUBERCULOSIS OF GENITOURINARY SYSTEM,72
ALLERGIC GRANULOMATOUS ANGIITIS,190
ANALGESIC DRUG LEVEL ABOVE THERAPEUTIC,100
XANTHELASMA,103
BASOPHIL COUNT INCREASED,666
PRENATAL SCREENING TEST ABNORMAL,36
OVARIAN EPITHELIAL CANCER METASTATIC,17
PAPILLARY SEROUS ENDOMETRIAL CARCINOMA,19
UTERINE INFECTION,425
VULVAL CELLULITIS,42
PRODUCT DOSAGE FORM CONFUSION,115
CONSTRICTED AFFECT,48
HODGKIN'S DISEASE RECURRENT,292
LASEGUE'S TEST POSITIVE,19
BLADDER PAPILLOMA,62
SOMATIC HALLUCINATION,66
RECURRENCE OF NEUROMUSCULAR BLOCKADE,165
CYSTINOSIS,20
METABOLIC FUNCTION TEST,18
ULTRASOUND DOPPLER,15
X-RAY,24
BLAST CELL PROLIFERATION,35
DELAYED PUBERTY,209
HEREDITARY OPTIC ATROPHY,55
TOXIC OPTIC NEUROPATHY,398
PNEUMONIA CHLAMYDIAL,108
ELECTROCARDIOGRAM T WAVE AMPLITUDE INCREASED,61
FLUORIDE INCREASED,48
LEUKAEMIC INFILTRATION,116
CONGENITAL FOOT MALFORMATION,269
CONGENITAL UTERINE ANOMALY,91
URETEROCELE,33
AUTOSOMAL CHROMOSOME ANOMALY,35
DUODENAL ATRESIA,93
CONGENITAL UMBILICAL HERNIA,371
TOTAL CHOLESTEROL/HDL RATIO INCREASED,150
POLAND'S SYNDROME,21
PROGESTERONE ABNORMAL,39
BRAIN NATRIURETIC PEPTIDE DECREASED,75
HAND-FOOT-AND-MOUTH DISEASE,747
GENITAL NEOPLASM MALIGNANT FEMALE,98
CAPILLARITIS,234
PHLEBECTOMY,53
SEIZURE CLUSTER,788
LEUCINE AMINOPEPTIDASE INCREASED,13
NEUROPSYCHIATRIC SYNDROME,203
HAEMOGLOBINOPATHY,21
COMA SCALE,57
RABBIT SYNDROME,149
CEREBRAL DECOMPRESSION,5
VASCULAR SKIN DISORDER,72
MUCOSAL EXCORIATION,32
BLADDER GRANULOMA,7
OSTEOSARCOMA,380
POLYOMAVIRUS TEST POSITIVE,109
COMPLICATIONS OF TRANSPLANT SURGERY,230
ACUTE LUNG INJURY,1077
MESENTERIC OCCLUSION,6
PRODUCT IDENTIFICATION NUMBER ISSUE,132
AORTITIS,630
FEMOROACETABULAR IMPINGEMENT,118
PRODUCT COMPOUNDING QUALITY ISSUE,318
BIOPSY BONE MARROW ABNORMAL,193
VULVOVAGINAL ERYTHEMA,763
ROSAI-DORFMAN SYNDROME,65
OBSESSIVE-COMPULSIVE PERSONALITY DISORDER,194
CRYSTAL NEPHROPATHY,575
CARDIAC IMAGING PROCEDURE ABNORMAL,34
MULTIPLE GATED ACQUISITION SCAN ABNORMAL,25
ROCKY MOUNTAIN SPOTTED FEVER,171
VASCULAR ENDOTHELIAL GROWTH FACTOR ASSAY,2
INCREASED VISCOSITY OF NASAL SECRETION,54
VITAMIN D ABNORMAL,356
TOOTH DEMINERALISATION,96
EPIGLOTTIC OEDEMA,183
INJECTION SITE GRANULOMA,227
PHLEBITIS INFECTIVE,60
HYPOGLOBULINAEMIA,94
PSYCHOTIC DISORDER DUE TO A GENERAL MEDICAL CONDITION,127
RED BLOOD CELL SCHISTOCYTES PRESENT,161
HERPES ZOSTER DISSEMINATED,630
SALPINGITIS,214
BREECH DELIVERY,50
METASTASES TO NECK,246
NEUTROPHIL TOXIC GRANULATION PRESENT,103
PLATELET AGGREGATION,46
OESOPHAGITIS CHEMICAL,61
ALLERGY TO METALS,556
DEVICE COMPUTER ISSUE,269
OPPOSITIONAL DEFIANT DISORDER,275
MULTIPLE CHEMICAL SENSITIVITY,95
CRIME,223
LEPROSY,166
GAMBLING,787
IMMUNISATION REACTION,696
DECEREBRATION,28
ARTHRECTOMY,11
NEPHRECTASIA,19
BURKHOLDERIA CEPACIA COMPLEX INFECTION,260
ANKLE ARTHROPLASTY,345
EASTERN COOPERATIVE ONCOLOGY GROUP PERFORMANCE STATUS WORSENED,1206
BLADDER REPAIR,134
EMPTY SELLA SYNDROME,172
"DELUSIONAL DISORDER, MIXED TYPE",12
VIRILISM,88
UMBILICAL HAEMORRHAGE,134
PLASTIC SURGERY TO THE FACE,57
ORTHOPAEDIC PROCEDURE,508
COMPUTERISED TOMOGRAM HEAD,10
UMBILICAL ARTERY HYPOPLASIA,8
VERTEBRAL ARTERY STENOSIS,99
KIDNEY ABLATION,19
SOFT TISSUE CANCER,22
COMPUTERISED TOMOGRAM HEAD ABNORMAL,97
ASPARTATE AMINOTRANSFERASE DECREASED,429
NEURALGIC AMYOTROPHY,178
ORTHOSTATIC TREMOR,37
LARYNGITIS FUNGAL,118
VIRAL TITRE INCREASED,14
PLASMA VISCOSITY DECREASED,5
DRUG SCREEN,37
RESPIRATORY RATE,35
BLOOD IRON ABNORMAL,925
NO REACTION ON PREVIOUS EXPOSURE TO DRUG,269
BLOOD OSMOLARITY ABNORMAL,28
GENITAL DISORDER MALE,154
POST PROCEDURAL FISTULA,257
PSEUDOCHOLINESTERASE DEFICIENCY,53
RETINITIS PIGMENTOSA,185
SUPERNUMERARY TEETH,25
VOCAL CORD LEUKOPLAKIA,33
CERUMEN REMOVAL,30
POLYMORPHIC LIGHT ERUPTION,79
PERIUMBILICAL ABSCESS,59
BLOOD ZINC DECREASED,155
BALANITIS,10
THYROID GLAND SCAN ABNORMAL,34
FAT REDISTRIBUTION,190
NEUROLOGICAL COMPLICATION ASSOCIATED WITH DEVICE,25
PAIN MANAGEMENT,132
PNEUMOCEPHALUS,275
TONGUE EXFOLIATION,278
RETROGRADE EJACULATION,558
MAY-THURNER SYNDROME,156
BLOOD CATECHOLAMINES INCREASED,87
ELECTROCARDIOGRAM QT SHORTENED,236
CERVIX CARCINOMA RECURRENT,144
THALASSAEMIA BETA,70
OROPHARYNGEAL CANCER,203
EVANS SYNDROME,415
BLOOD BICARBONATE ABNORMAL,82
PNEUMONIA ADENOVIRAL,164
ACUTE HIV INFECTION,227
GASTROINTESTINAL FUNGAL INFECTION,432
APPLICATION SITE ANAESTHESIA,16
DIABETIC AUTONOMIC NEUROPATHY,21
SPINAL HAEMATOMA,20
SMALL INTESTINE CARCINOMA METASTATIC,75
ENDOSCOPY,470
BIOPSY MUCOSA ABNORMAL,4
HORNER'S SYNDROME,465
POLYNEUROPATHY IDIOPATHIC PROGRESSIVE,50
PUNCTURE SITE PAIN,214
HEPATITIS B SURFACE ANTIGEN POSITIVE,171
RENAL LYMPHOCELE,26
EXCESSIVE MASTURBATION,148
LYMPHOID TISSUE OPERATION,20
ABORTION COMPLICATED,2
PELVIC FLOOR REPAIR,53
UMBILICAL HERNIA REPAIR,230
EJACULATION DELAYED,442
RETICULOCYTOSIS,155
T-LYMPHOCYTE COUNT DECREASED,540
DRESSLER'S SYNDROME,84
CONGENITAL DIAPHRAGMATIC ANOMALY,20
KIDNEY MALROTATION,36
HYPERINSULINAEMIA,237
LUNG CARCINOMA CELL TYPE UNSPECIFIED STAGE 0,117
BILIARY ANASTOMOSIS,11
ELECTROCARDIOGRAM PQ INTERVAL PROLONGED,64
ECTROPION,268
TUBERCULOSIS OF CENTRAL NERVOUS SYSTEM,223
DYSCHEZIA,2933
GASTRIC STENOSIS,157
MYOPATHY TOXIC,475
BONE TUBERCULOSIS,324
INCISION SITE HYPOAESTHESIA,29
GENITAL CANDIDIASIS,175
ABDOMINAL EXPLORATION,10
RADICAL MASTECTOMY,26
GENITAL INFECTION FEMALE,145
ENLARGED UVULA,417
PREGNANCY TEST FALSE POSITIVE,328
OEDEMA DUE TO RENAL DISEASE,42
THYROTOXIC PERIODIC PARALYSIS,106
ABORTION SPONTANEOUS COMPLETE,24
UMBILICAL CORD THROMBOSIS,17
CONGENITAL HIATUS HERNIA,217
PRESENILE DEMENTIA,22
PARAPHILIA,94
CARDIOMYOPATHY ALCOHOLIC,38
BENIGN HEPATIC NEOPLASM,157
ANALGESIC ASTHMA SYNDROME,32
NASOPHARYNGEAL CANCER,315
ANASTOMOTIC ULCER HAEMORRHAGE,130
VENTOUSE EXTRACTION,21
MONOCYTE COUNT ABNORMAL,196
TRACHEOSTOMY TUBE REMOVAL,29
ENDARTERECTOMY,177
OESOPHAGEAL MOTILITY DISORDER,355
DEPENDENCE ON RESPIRATOR,355
APPLICATION SITE HYPERAESTHESIA,78
MACULAR PIGMENTATION,77
BRADYCARDIA NEONATAL,967
BLOOD CYANIDE INCREASED,12
CHOROIDAL EFFUSION,692
GRANULOMATOUS LIVER DISEASE,461
NEPHROCALCINOSIS,911
LUDWIG ANGINA,113
MINERAL METABOLISM DISORDER,139
NEOLOGISM,13
THOUGHT INSERTION,41
ARTHRITIS FUNGAL,57
RENAL ANEURYSM,179
SALT CRAVING,181
MILK ALLERGY,461
ULNAR TUNNEL SYNDROME,47
OPTIC DISC DISORDER,110
BLAST CELL COUNT DECREASED,64
HISTIOCYTOSIS,116
ELECTROCARDIOGRAM PR PROLONGATION,585
MULTIPLE-DRUG RESISTANCE,2899
PRODUCT DEPOSIT,1459
WALDENSTROM'S MACROGLOBULINAEMIA,491
CSF GRANULOCYTE COUNT ABNORMAL,5
REPETITIVE STRAIN INJURY,88
ASSISTED DELIVERY,18
ELECTROCARDIOGRAM T WAVE PEAKED,269
HUMAN CHORIONIC GONADOTROPIN POSITIVE,52
DREAMY STATE,218
VAGINAL ULCERATION,327
DIABETIC VASCULAR DISORDER,184
INFUSION SITE INDURATION,1357
ROTAVIRUS TEST POSITIVE,32
SHIGELLA INFECTION,93
PLATELET AGGREGATION INCREASED,88
THERMOHYPERAESTHESIA,37
STUBBORNNESS,401
URETERIC STENOSIS,607
CARDIAC CIRRHOSIS,73
HAEMATINURIA,26
TRANSITIONAL CELL CANCER OF THE RENAL PELVIS AND URETER,80
PEAK EXPIRATORY FLOW RATE ABNORMAL,66
VIRAL RASH,332
NON-INFECTIOUS ENDOPHTHALMITIS,840
OSMOTIC DEMYELINATION SYNDROME,605
CERVIX CARCINOMA STAGE IV,134
MECHANICAL VENTILATION COMPLICATION,120
PHARYNGEAL DYSKINESIA,27
SCHNITZLER'S SYNDROME,49
SIMPLE MASTECTOMY,21
URETHRAL FISTULA,54
INFECTION PROTOZOAL,48
EMBOLIC CEREBRAL INFARCTION,554
ENDOCARDITIS NONINFECTIVE,125
BURKITT'S LYMPHOMA STAGE II,7
OVARIAN CANCER STAGE III,334
MEGAKARYOCYTES ABNORMAL,74
TAENIASIS,34
GASTRIC CANCER RECURRENT,112
INTESTINAL CYST,242
METASTASES TO DIAPHRAGM,58
ASPIRATION TRACHEAL ABNORMAL,4
BACK CRUSHING,6
SUBMAXILLARY GLAND ENLARGEMENT,58
AMERICAN TRYPANOSOMIASIS,238
BLOOD CALCITONIN INCREASED,136
OEDEMATOUS PANCREATITIS,442
METASTASES TO SMALL INTESTINE,31
ARTERIOVENOUS FISTULA OPERATION,236
ABORTION INDUCED INCOMPLETE,32
TRUNCUS COELIACUS THROMBOSIS,32
CERVIX ENLARGEMENT,41
PLASMA PROTEIN METABOLISM DISORDER,24
VIRAL MYOSITIS,53
NEPHROGENIC DIABETES INSIPIDUS,863
IMPLANT SITE REACTION,286
COLECTOMY TOTAL,482
INFLAMMATORY CARCINOMA OF THE BREAST,90
SECONDARY HYPOGONADISM,280
EOSINOPHILIC FASCIITIS,295
KLUVER-BUCY SYNDROME,12
NEURILEMMOMA BENIGN,30
ATRIAL HYPERTROPHY,32
METASTASES TO OESOPHAGUS,78
CORNEAL REFLEX DECREASED,250
MICROGRAPHIC SKIN SURGERY,197
RENAL CELL CARCINOMA STAGE I,70
RECTAL SPASM,197
PETROSITIS,7
HYPERBILIRUBINAEMIA NEONATAL,453
HYPERTENSION NEONATAL,72
NEONATAL INFECTION,277
KIDNEY MALFORMATION,187
RECTOURETHRAL FISTULA,46
VENTRICLE RUPTURE,91
PLATELET COUNT,544
CHARGE SYNDROME,15
CONGENITAL INTESTINAL MALFORMATION,82
ERYTHROSIS,105
AESTHESIONEUROBLASTOMA,17
CARDIAC SARCOIDOSIS,215
GYNAECOLOGICAL CHLAMYDIA INFECTION,42
OVULATION DISORDER,89
STEROID WITHDRAWAL SYNDROME,942
ALLERGY TEST POSITIVE,382
MESOTHELIOMA,1086
BRONCHOSPASM PARADOXICAL,230
OESOPHAGEAL INFECTION,365
CALCULUS PROSTATIC REMOVAL,1
C-TELOPEPTIDE,11
OSTEOPETROSIS,128
ENCEPHALITIS FUNGAL,69
SALPINGECTOMY,541
IRIS INCARCERATION,7
KETOSIS,890
MUCOSAL NECROSIS,133
FAMILIAL MEDITERRANEAN FEVER,173
GASTRODUODENITIS HAEMORRHAGIC,23
DEVICE COLOUR ISSUE,384
MANTLE CELL LYMPHOMA RECURRENT,413
ECG P WAVE INVERTED,17
PROTHROMBIN TIME RATIO DECREASED,446
ANAL CANCER STAGE IV,11
ENDOTOXIC SHOCK,30
COR PULMONALE ACUTE,223
CORNEAL IRRITATION,79
CATHETER SITE PHLEBITIS,31
MOROSE,123
PSYCHIATRIC EVALUATION,68
DUCTUS ARTERIOSUS STENOSIS FOETAL,396
ARRHYTHMOGENIC RIGHT VENTRICULAR DYSPLASIA,54
MITOCHONDRIAL CYTOPATHY,283
PULMONARY SEQUESTRATION,43
SINUS RHYTHM,388
SENSORY LEVEL ABNORMAL,205
INABILITY TO CRAWL,43
REACTIVE ATTACHMENT DISORDER OF INFANCY OR EARLY CHILDHOOD,7
NEUTROPHIL COUNT,143
FORCED EXPIRATORY VOLUME INCREASED,52
ELDERLY,67
PAGET'S DISEASE OF NIPPLE,59
SEBACEOUS NAEVUS,20
PROTHROMBIN LEVEL INCREASED,199
EARLY RETIREMENT,55
EXTRAOCULAR MUSCLE PARESIS,345
OXYGEN SATURATION,223
LYMPHANGIOMA,112
ECLAMPSIA,268
SPERM CONCENTRATION ZERO,72
HAEMORRHAGIC VASCULITIS,126
ELBOW DEFORMITY,321
SPINAL CORD OPERATION,156
COAGULATION FACTOR VII LEVEL DECREASED,68
COAGULATION FACTOR VIII LEVEL DECREASED,83
IMPLANT SITE HAEMORRHAGE,330
INNER EAR INFARCTION,10
MALIGNANT HAEMANGIOPERICYTOMA,4
PSEUDALLESCHERIA INFECTION,14
CYTOMEGALOVIRUS ENTERITIS,313
RETINAL INFILTRATES,54
NEUROBLASTOMA,282
ANAEMIA NEONATAL,300
CONGENITAL LIMB HYPEREXTENSION,18
TRACHEAL FISTULA,140
EYEBALL AVULSION,26
BIOPSY BRAIN,25
MALIGNANT URINARY TRACT NEOPLASM,89
OXYGEN SATURATION INCREASED,320
TENDON GRAFT,13
COLPOSCOPY,50
OTORHINOLARYNGOLOGICAL SURGERY,37
NEPHROPTOSIS,28
BONE GIANT CELL TUMOUR,373
NOCTURNAL DYSPNOEA,1031
MIXED CONNECTIVE TISSUE DISEASE,330
MECONIUM IN AMNIOTIC FLUID,259
WHITE BLOOD CELL COUNT,213
SUBCORNEAL PUSTULAR DERMATOSIS,95
RENAL PAPILLARY NECROSIS,133
PITYRIASIS,75
CONJUNCTIVAL ULCER,108
GLOMERULAR FILTRATION RATE ABNORMAL,1322
CANDIDURIA,66
DIPHTHERIA,32
BLOOD MAGNESIUM INCREASED,666
RETICULOCYTE COUNT ABNORMAL,90
PH URINE ABNORMAL,37
CHEMOTHERAPEUTIC DRUG LEVEL INCREASED,143
MORNING GLORY SYNDROME,3
OCULOAURICULOVERTEBRAL DYSPLASIA,59
ICHTHYOSIS,211
FOETAL MACROSOMIA,222
MODERATE MENTAL RETARDATION,6
PAROXYSMAL NOCTURNAL HAEMOGLOBINURIA,381
PERITONSILLITIS,47
LOWER MOTOR NEURONE LESION,38
METABOLIC FUNCTION TEST ABNORMAL,286
ADENOIDITIS,108
DEEP BRAIN STIMULATION,564
RADIAL NERVE COMPRESSION,38
COW'S MILK INTOLERANCE,147
BONE DENSITOMETRY,36
CAST APPLICATION,123
NEOPLASM OF APPENDIX,93
ANTIBIOTIC THERAPY,921
ERUPTIVE PSEUDOANGIOMATOSIS,4
NARROW ANTERIOR CHAMBER ANGLE,80
INTERCOSTAL NEURALGIA,144
NEUROCRYPTOCOCCOSIS,56
ANTERIOR CHAMBER FLARE,222
CORNEAL GRAFT REJECTION,156
PUBIC PAIN,168
ANTICOAGULANT THERAPY,240
LOWER URINARY TRACT SYMPTOMS,340
CARCINOID TUMOUR OF THE GASTROINTESTINAL TRACT,96
SPINAL CORD INFARCTION,313
PRECURSOR T-LYMPHOBLASTIC LYMPHOMA/LEUKAEMIA,58
HEAVY EXPOSURE TO ULTRAVIOLET LIGHT,198
PUNCTURE SITE SWELLING,54
MITRAL VALVE REPLACEMENT,266
ENDOCARDITIS PSEUDOMONAL,10
PHYSICAL EXAMINATION ABNORMAL,267
HEPATIC ECHINOCOCCIASIS,41
ECHINOCOCCIASIS,56
SEROLOGY ABNORMAL,22
CAROTID INTIMA-MEDIA THICKNESS INCREASED,36
FEMALE SEXUAL AROUSAL DISORDER,68
CATHETER SITE CELLULITIS,218
HYPOFIBRINOGENAEMIA,950
ACCESSORY KIDNEY,5
TRANSVERSE PRESENTATION,71
RENAL AMYLOIDOSIS,189
ARTERY DISSECTION,287
HEART VALVE CALCIFICATION,146
LEFT ATRIAL HYPERTROPHY,37
VIRAL CARDIOMYOPATHY,65
MEDICAL DEVICE BATTERY REPLACEMENT,127
HYPOMETABOLISM,333
TESTICULAR CYST,140
URINE OSMOLARITY INCREASED,92
TINEA VERSICOLOUR,310
PROCTOCOLECTOMY,270
URINE ALCOHOL TEST POSITIVE,158
HERBAL INTERACTION,338
ADMINISTRATION SITE REACTION,348
BLOOD TRIGLYCERIDES DECREASED,261
CARDIAC PERFORATION,173
HYPERMAGNESAEMIA,524
SPINAL ARTERY THROMBOSIS,27
ANKYLOGLOSSIA ACQUIRED,10
TONGUE ATROPHY,29
ABDOMINAL BRUIT,15
TYMPANIC MEMBRANE ATROPHIC,5
SKIN MACERATION,110
SPASMODIC DYSPHONIA,242
LIGHT CHAIN ANALYSIS INCREASED,959
IMPLANT SITE PARAESTHESIA,125
GINGIVECTOMY,26
HYPERVITAMINOSIS D,104
EISENMENGER'S SYNDROME,14
PULMONARY VALVE REPLACEMENT,28
ANTIMITOCHONDRIAL ANTIBODY POSITIVE,69
SQUAMOUS CELL CARCINOMA OF THE VAGINA,49
OESOPHAGEAL ADENOCARCINOMA METASTATIC,8
PROSTATE CANCER RECURRENT,538
HUMAN CHORIONIC GONADOTROPIN ABNORMAL,54
HEAD BANGING,416
IMMUNOSUPPRESSANT DRUG LEVEL,26
COLON GANGRENE,50
FOETAL EXPOSURE DURING DELIVERY,673
OESOPHAGOBRONCHIAL FISTULA,131
LARYNGEAL OPERATION,44
OCULORESPIRATORY SYNDROME,1
PINGUECULA,81
VENOMOUS STING,32
ASYMMETRIC GLUTEAL FOLD,7
CHRONIC GASTROINTESTINAL BLEEDING,241
HAEMOPHILIA,183
MALIGNANT NERVOUS SYSTEM NEOPLASM,34
HYPERGLYCAEMIC UNCONSCIOUSNESS,123
ARM AMPUTATION,103
LUNG CARCINOMA CELL TYPE UNSPECIFIED STAGE I,940
CARTILAGE NEOPLASM,15
OESOPHAGEAL CARCINOMA STAGE 0,46
BLOOD STEM CELL HARVEST FAILURE,93
HEPATIC CYST INFECTION,90
EOSINOPHILIC COLITIS,301
BENIGN MEDIASTINAL NEOPLASM,13
DYSMYELINATION,10
FUNGAL RHINITIS,84
ELECTROCARDIOGRAM P WAVE ABNORMAL,153
SPERMATORRHOEA,11
MALIGNANT NEOPLASM OF PLEURA,108
CATHETERISATION CARDIAC ABNORMAL,176
NECK EXPLORATION,3
ATRIAL SEPTAL DEFECT REPAIR,153
RENIN DECREASED,58
PERIPHERAL NERVE OPERATION,168
TOOTH AVULSION,141
INJECTION,135
INTRADUCTAL PAPILLOMA OF BREAST,100
METASTASES TO ABDOMINAL WALL,171
BASE EXCESS NEGATIVE,18
NEUROMUSCULAR BLOCK PROLONGED,252
OLIGODIPSIA,166
RADIATION MUCOSITIS,85
LUNG ADENOCARCINOMA STAGE I,61
REFRACTORY ANAEMIA WITH RINGED SIDEROBLASTS,19
ANOVULATORY CYCLE,149
CHOLELITHIASIS OBSTRUCTIVE,125
DRUG CHEMICAL INCOMPATIBILITY,66
GASTRIC MUCOSAL HYPERTROPHY,182
GENITAL DISORDER FEMALE,157
ELLIPTOCYTOSIS,73
HYPOCHROMASIA,148
RED BLOOD CELL MICROCYTES PRESENT,13
LARYNGEAL NEOPLASM,100
CONGENITAL PYELOCALIECTASIS,91
EXTERNAL EAR PAIN,96
NETHERTON'S SYNDROME,14
MYCOBACTERIUM TEST POSITIVE,182
ADMINISTRATION SITE ABSCESS,30
ANTERIOR CHAMBER INFLAMMATION,529
DRUG HALF-LIFE INCREASED,89
EOSINOPHILIC PUSTULAR FOLLICULITIS,74
HEPATIC ENZYME,131
NEGLECT OF PERSONAL APPEARANCE,180
RESPIRATORY FATIGUE,209
NEUROCYSTICERCOSIS,24
LUNG SQUAMOUS CELL CARCINOMA STAGE I,30
THALASSAEMIA,140
SECONDARY SEQUESTRUM,8
ALLERGIC RESPIRATORY DISEASE,122
CATHETER REMOVAL,307
ABORTION EARLY,92
IMPLANT SITE VESICLES,135
RENAL CYST INFECTION,137
UTERINE CERVIX ATROPHY,26
BLOOD FOLLICLE STIMULATING HORMONE DECREASED,126
BLOOD LUTEINISING HORMONE DECREASED,125
DYSSOMNIA,148
ETHMOID SINUS SURGERY,14
HYALOSIS ASTEROID,33
INCISION SITE CELLULITIS,74
RHINOPLASTY,120
INTERNATIONAL NORMALISED RATIO NORMAL,5
MYASTHENIA GRAVIS CRISIS,1365
GASTRIC MUCOSA ERYTHEMA,296
BLOOD BILIRUBIN UNCONJUGATED,8
MACROGLOSSIA,459
RENAL HYPERTENSION,263
PALINDROMIC RHEUMATISM,133
INTRANASAL PARAESTHESIA,47
ANTI-GAD ANTIBODY POSITIVE,86
NITRITE URINE PRESENT,367
CRYSTAL URINE PRESENT,491
PAPILLITIS,119
SPLINTER HAEMORRHAGES,96
RETROGRADE AMNESIA,332
GLOMERULONEPHRITIS RAPIDLY PROGRESSIVE,968
ADJUSTMENT DISORDER WITH DEPRESSED MOOD,1945
TRANSAMINASES DECREASED,55
SKIN ULCER HAEMORRHAGE,316
POROKERATOSIS,154
AUTOIMMUNE NEUROPATHY,122
ALBUMIN GLOBULIN RATIO DECREASED,175
"FOLLICLE CENTRE LYMPHOMA, FOLLICULAR GRADE I, II, III",36
EPSTEIN-BARR VIRUS ASSOCIATED LYMPHOMA,578
STOMATOCOCCAL INFECTION,113
BREAST CANCER MALE,413
VENOUS PRESSURE JUGULAR INCREASED,215
DEVICE INEFFECTIVE,888
PRE-EXISTING DISEASE,279
VITAMIN B1 DECREASED,235
PLATELET MORPHOLOGY ABNORMAL,104
CORNEAL DEFECT,117
OCCUPATIONAL EXPOSURE TO PRODUCT,6382
HERPES SIMPLEX ENCEPHALITIS,446
"EAR, NOSE AND THROAT EXAMINATION ABNORMAL",41
TESTICULAR ABSCESS,110
RENAL VESSEL CONGENITAL ANOMALY,26
CONGENITAL KYPHOSCOLIOSIS,5
OVARIAN CANCER METASTATIC,523
CATECHOLAMINES URINE INCREASED,37
HUMAN T-CELL LYMPHOTROPIC VIRUS INFECTION,22
LENS DISCOLOURATION,8
XERODERMA,224
ALICE IN WONDERLAND SYNDROME,91
SYNOVIAL FLUID ANALYSIS ABNORMAL,23
UNDERSENSING,79
SICK RELATIVE,32
CENTRAL PAIN SYNDROME,237
LYMPHADENITIS BACTERIAL,131
MYCOBACTERIUM FORTUITUM INFECTION,158
BURSA INJURY,47
APPLICATION SITE PAPULES,882
APPLICATION SITE PARAESTHESIA,1150
MULTIPLE USE OF SINGLE-USE PRODUCT,5486
ADRENAL GLAND INJURY,40
MEDIASTINAL HAEMATOMA,131
INTESTINE TRANSPLANT REJECTION,72
IMPACTED FRACTURE,19
DISBACTERIOSIS,4
POIKILOCYTOSIS,209
OESOPHAGEAL POLYP,155
CILIARY HYPERAEMIA,85
DELUSIONAL PERCEPTION,319
CARDIOACTIVE DRUG LEVEL ABOVE THERAPEUTIC,32
LARYNGEAL DYSPNOEA,182
NEUROMUSCULAR BLOCKADE,167
VITREAL CELLS,195
PARENT-CHILD PROBLEM,24
CONJUNCTIVAL EROSION,89
CRANIAL NERVE INJURY,82
SICKLE CELL ANAEMIA,488
LARYNGEAL ULCERATION,96
OPTIC NERVE CUP/DISC RATIO INCREASED,15
PERITONEAL PERFORATION,132
LIPOEDEMA,350
CREATININE RENAL CLEARANCE ABNORMAL,419
HOFFMANN'S SIGN,44
NUTRITIONAL SUPPLEMENTATION,60
JOINT DISLOCATION POSTOPERATIVE,29
SCIMITAR SYNDROME,8
INTESTINAL POLYPECTOMY,32
GLARE,400
THORACOTOMY,102
ULTRASOUND SCAN,26
HEPATITIS C RNA DECREASED,15
AMNIOTIC BAND SYNDROME,88
"ANOMALY OF ORBIT, CONGENITAL",10
CONGENITAL LACRIMAL PASSAGE ANOMALY,3
MICROPHTHALMOS,199
UTERINE TENDERNESS,60
SOLILOQUY,747
PERIPHERAL ARTERY DISSECTION,24
MYOPERICARDITIS,606
PRODUCT LABEL ON WRONG PRODUCT,357
PIGMENT DISPERSION SYNDROME,74
TONGUE ABSCESS,63
ADJUSTMENT DISORDER WITH ANXIETY,48
PROTEIN DEFICIENCY ANAEMIA,7
OPTIC NERVE SHEATH HAEMORRHAGE,46
KIDNEY PERFORATION,23
NASAL NEOPLASM,232
COAGULATION FACTOR V LEVEL ABNORMAL,110
NITRITE URINE,20
CYSTATIN C INCREASED,116
CUTANEOUS CONTOUR DEFORMITY,17
ANTI-NEUTROPHIL CYTOPLASMIC ANTIBODY POSITIVE VASCULITIS,2331
CRYOGLOBULIN URINE PRESENT,1
POST TRANSPLANT DISTAL LIMB SYNDROME,166
VENOUS VALVE RUPTURED,25
TRANSURETHRAL PROSTATECTOMY,387
TRICUSPID VALVE SCLEROSIS,23
CSF GLUCOSE INCREASED,50
BENIGN MUSCLE NEOPLASM,21
OEDEMA NEONATAL,33
FOETAL ARRHYTHMIA,183
OBSTRUCTED LABOUR,138
OESOPHAGEAL ULCER HAEMORRHAGE,350
DRUG REHABILITATION,119
ADRENOCORTICOTROPIC HORMONE DEFICIENCY,861
BLOOD CULTURE,11
LARYNGEAL SQUAMOUS CELL CARCINOMA,108
SEMEN ANALYSIS ABNORMAL,155
DENTAL PULP DISORDER,64
BONE FORMATION DECREASED,109
HEPATIC INFECTION FUNGAL,91
PERIPHERAL ARTERY BYPASS,131
AMPHETAMINES POSITIVE,586
CANDIDA PNEUMONIA,224
IDIOGLOSSIA,2
BAROTRAUMA,73
ENTEROCOLITIS FUNGAL,23
ADNEXAL TORSION,313
ANTI-NEURONAL ANTIBODY,8
CREATININE URINE,7
ENVIRONMENTAL EXPOSURE,232
BLASTOCYSTIS INFECTION,68
PAIN THRESHOLD DECREASED,108
HEAD CIRCUMFERENCE ABNORMAL,103
PARENTERAL NUTRITION,197
CONVALESCENT,40
ANAEMIA OF MALIGNANT DISEASE,232
CERVICECTOMY,25
CONGENITAL CEREBROVASCULAR ANOMALY,41
CRANIOTOMY,336
URTICARIA THERMAL,121
LEGIONELLA TEST,5
HERNIA GANGRENOUS,3
FEMORAL ARTERY ANEURYSM,88
LEUKAEMIA CUTIS,122
CORONARY ARTERY REOCCLUSION,60
PANCREATOGENOUS DIABETES,55
BILIARY CIRRHOSIS,112
ARTERIOVENOUS FISTULA,387
HERPES OESOPHAGITIS,135
PERIARTICULAR DISORDER,32
CHRONIC GRANULOMATOUS DISEASE,63
UREA URINE INCREASED,30
PORTAL HYPERTENSIVE GASTROPATHY,445
BONE LESION EXCISION,91
PORTAL VENOUS GAS,293
ANTI FACTOR IX ANTIBODY POSITIVE,16
APPLICATION SITE ALOPECIA,54
GALLBLADDER ANOMALY CONGENITAL,7
LUNG CARCINOMA CELL TYPE UNSPECIFIED STAGE II,456
BRAIN TUMOUR OPERATION,162
ECHOCARDIOGRAM,102
OESTROGEN RECEPTOR POSITIVE BREAST CANCER,125
PHARYNGOTONSILLITIS,182
METASTATIC BRONCHIAL CARCINOMA,132
BREATH SOUNDS,118
MECHANICAL URTICARIA,425
BLADDER FIBROSIS,30
ELECTROCARDIOGRAM QRS COMPLEX SHORTENED,260
VAGINAL EROSION,135
PARESIS CRANIAL NERVE,38
POSTOPERATIVE RESPIRATORY DISTRESS,51
POLYMEDICATION,17
ENDOCARDITIS ENTEROCOCCAL,107
EYE OPERATION COMPLICATION,63
LICHEN STRIATUS,14
ANAL FISTULA EXCISION,7
TUBERCULOID LEPROSY,47
ANOMALY OF EXTERNAL EAR CONGENITAL,211
FOETAL MALPRESENTATION,92
MYCOTIC ANEURYSM,29
RED BLOOD CELLS CSF POSITIVE,7
DRUG WITHDRAWAL HEADACHE,322
MULTIPLE PREGNANCY,103
SENSITISATION,743
PURULENT PERICARDITIS,97
MYOKYMIA,93
RIGHT VENTRICULAR SYSTOLIC PRESSURE,24
MITRAL VALVE DISEASE MIXED,23
VISUAL FIELD TESTS ABNORMAL,66
HAEMORRHAGIC EROSIVE GASTRITIS,297
INJECTION SITE STREAKING,203
SIMILAR REACTION ON PREVIOUS EXPOSURE TO DRUG,131
ENTEROCOLITIS VIRAL,265
GLUCOSE URINE,109
VENOUS OXYGEN PARTIAL PRESSURE INCREASED,6
PROLONGED PREGNANCY,109
SPLEEN CONGESTION,67
GRANULAR CELL TUMOUR,39
LIP INFECTION,200
NEUROGENIC SHOCK,499
ERYTHROPOIESIS ABNORMAL,222
BACTERIAL LABYRINTHITIS,4
ACUTE HAEMORRHAGIC CONJUNCTIVITIS,21
OVERCONFIDENCE,39
OESOPHAGEAL OPERATION,196
ENDOTHELIAL DYSFUNCTION,191
BLOOD CORTISOL ABNORMAL,44
LEIOMYOSARCOMA,304
SMALL-FOR-SIZE LIVER SYNDROME,3
INTRAOCULAR MELANOMA,100
HEAT OEDEMA,43
LARYNGEAL CANCER STAGE IV,40
PHARYNGEAL CANCER RECURRENT,3
TEMPORAL LOBE EPILEPSY,301
ALCOHOLIC,141
ARTIFICIAL MENOPAUSE,82
MYOMETRITIS,10
VESICAL FISTULA,193
PORTAL VEIN PRESSURE INCREASED,30
SPERM GRANULOMA,1
THYROGLOBULIN DECREASED,56
DEPRESSIVE DELUSION,21
ENDOSCOPIC RETROGRADE CHOLANGIOPANCREATOGRAPHY,113
STENT REMOVAL,158
METASTASES TO PITUITARY GLAND,40
OCULAR NEOPLASM,384
IMPLANT SITE INDURATION,91
IMPLANT SITE URTICARIA,77
IMPLANT SITE ABSCESS,158
BACTERIAL ABSCESS CENTRAL NERVOUS SYSTEM,15
HYPOPHARYNGEAL CANCER,68
PLACENTA ACCRETA,180
MUNCHAUSEN'S SYNDROME,57
GINGIVAL CANCER,83
PERIDIVERTICULITIS,2
BILIARY FIBROSIS,26
BLADDER MALPOSITION ACQUIRED,12
URINARY STRAINING,133
ANGIOGRAM ABNORMAL,47
STAG HORN CALCULUS,78
PERIPHERAL NERVE SHEATH TUMOUR MALIGNANT,30
EYELID EXFOLIATION,689
PEPTOSTREPTOCOCCUS TEST POSITIVE,9
CONJUNCTIVAL DISCOLOURATION,82
THROMBIN TIME ABNORMAL,30
CONGENITAL HYPOTHYROIDISM,182
DEPENDENT PERSONALITY DISORDER,131
DERMATITIS PAPILLARIS CAPILLITII,16
PSEUDOFOLLICULITIS BARBAE,15
MAMMOGRAM,27
SPORTS INJURY,292
GENITAL CYST,90
JEJUNAL ULCER,153
IMPLANT SITE MASS,168
VIRAL VASCULITIS,102
LARYNGITIS VIRAL,98
BILATERAL BREAST BUDS,26
EPSTEIN-BARR VIRUS ANTIGEN POSITIVE,62
PANCREATIC STEATOSIS,263
PREGNANCY WITH ADVANCED MATERNAL AGE,44
PROCEDURAL DIZZINESS,281
LIPASE ABNORMAL,177
MUCOSAL PIGMENTATION,25
PREGNANCY WITH INJECTABLE CONTRACEPTIVE,58
MESENTERIC HAEMATOMA,86
VITAMIN K DECREASED,76
PSEUDOENDOPHTHALMITIS,66
PREMENSTRUAL CRAMPS,35
SKULL FRACTURED BASE,199
CONGENITAL AORTIC ANOMALY,122
BLOOD PROLACTIN DECREASED,143
BASAL GANGLIA INFARCTION,302
OROPHARYNGEAL NEOPLASM,28
ORAL PAPULE,59
VESSEL PUNCTURE SITE SWELLING,31
SALIVARY GLAND CYST,41
STAPHYLOCOCCAL PHARYNGITIS,28
SOLAR DERMATITIS,266
SPLEEN MALFORMATION,23
CONGENITAL MITRAL VALVE INCOMPETENCE,114
NEONATAL CARDIAC FAILURE,69
INTRA-ABDOMINAL PRESSURE INCREASED,137
VIRAL LABYRINTHITIS,31
BASE EXCESS,20
CEREBRAL HAEMORRHAGE FOETAL,34
HANGNAIL,152
HYPOSOMNIA,40
BILE OUTPUT INCREASED,82
ADRENAL HAEMORRHAGE,462
LYMPHOCYTE COUNT,73
PENILE CONTUSION,478
GASTROCARDIAC SYNDROME,11
NERVE ROOT INJURY,52
EYE INFECTION VIRAL,284
PLAQUE SHIFT,23
FEMALE SEXUAL DYSFUNCTION,183
NEOPLASM PROSTATE,233
CYTOMEGALOVIRUS MONONUCLEOSIS,17
FAILURE OF CHILD RESISTANT MECHANISM FOR PHARMACEUTICAL PRODUCT,410
PATERNAL DRUGS AFFECTING FOETUS,211
ANTIMICROBIAL SUSCEPTIBILITY TEST RESISTANT,232
LEUKAEMIC INFILTRATION BRAIN,13
ALVEOLAR SOFT PART SARCOMA METASTATIC,5
OESOPHAGITIS BACTERIAL,29
BLOOD FOLLICLE STIMULATING HORMONE ABNORMAL,43
MUSCLE GRAFT,6
PSYCHOGENIC PAIN DISORDER,72
ENZYME INDUCTION,38
BIOPSY CERVIX,44
VISUAL ACUITY REDUCED TRANSIENTLY,264
PERICARDITIS ADHESIVE,22
BLOOD CHLORIDE ABNORMAL,130
PCO2 ABNORMAL,40
INFECTIVE MYOSITIS,145
ARTERIAL STENT INSERTION,177
INTRASPINAL ABSCESS,26
MENINGIOMA SURGERY,53
STOMA CARE,23
NAIL BED INFLAMMATION,272
METABOLIC CARDIOMYOPATHY,12
AEROPHAGIA,144
EXPOSURE TO CONTAMINATED AIR,28
ORAL VIRAL INFECTION,96
RESPIRATORY SYNCYTIAL VIRUS BRONCHITIS,122
APPLICATION SITE FISSURE,83
ECZEMA EYELIDS,508
EPENDYMOMA,119
HERPES SIMPLEX SEROLOGY POSITIVE,26
INTESTINAL ULCER PERFORATION,51
APACHE II SCORE INCREASED,2
STAPHYLOCOCCAL PAROTITIS,10
LI-FRAUMENI SYNDROME,15
INSTILLATION SITE ERYTHEMA,505
NAIL BED INFECTION,192
SPERMATOZOA PROGRESSIVE MOTILITY DECREASED,97
INTRA-AORTIC BALLOON PLACEMENT,22
GASTROSPLENIC FISTULA,37
SCLERAL OEDEMA,65
MACULAR REFLEX ABNORMAL,10
INSTILLATION SITE PRURITUS,368
PHANTOM PAIN,162
ANAL POLYP,93
ALANINE AMINOTRANSFERASE,168
ASPARTATE AMINOTRANSFERASE,188
HYPOTRICHOSIS,221
OESTRADIOL ABNORMAL,53
LDL/HDL RATIO DECREASED,6
CONGENITAL EMPHYSEMA,18
PHARYNGEAL LEUKOPLAKIA,23
BLOOD CREATINE PHOSPHOKINASE,101
TINEA CAPITIS,96
TONSILLITIS STREPTOCOCCAL,117
INJECTION SITE CYST,250
NAIL PITTING,354
SUBMANDIBULAR MASS,40
TOOTH SOCKET HAEMORRHAGE,226
INJECTION SITE COLDNESS,732
TYMPANIC MEMBRANE HYPERAEMIA,47
LYMPHOCYTIC LYMPHOMA,60
FALSE POSITIVE TUBERCULOSIS TEST,230
TRANSGENDER HORMONAL THERAPY,10
RADIOALLERGOSORBENT TEST POSITIVE,20
BLOOD LUTEINISING HORMONE ABNORMAL,42
ANDROGENETIC ALOPECIA,238
FIBROUS HISTIOCYTOMA,284
VULVOVAGINAL INJURY,537
LABOUR ONSET DELAYED,1
VULVOVAGINAL HUMAN PAPILLOMA VIRUS INFECTION,19
DYSAESTHESIA PHARYNX,141
OCULAR FISTULA,13
MESENTERIC ARTERY EMBOLISM,90
UPPER RESPIRATORY TRACT IRRITATION,110
INFLUENZA A VIRUS TEST POSITIVE,408
CYST DRAINAGE,69
CONGENITAL HAIR DISORDER,26
SINUSITIS FUNGAL,666
AMYLASE ABNORMAL,117
BACTERIAL FOOD POISONING,58
EAR LOBE INFECTION,76
HABITUAL ABORTION,95
SEPSIS PASTEURELLA,13
WITHDRAWAL HYPERTENSION,179
COAGULATION FACTOR IX LEVEL DECREASED,36
COAGULATION FACTOR DECREASED,184
LEFT VENTRICLE OUTFLOW TRACT OBSTRUCTION,308
INFUSION SITE ULCER,78
MENINGOCELE,117
PANTOEA AGGLOMERANS INFECTION,75
ELECTROCARDIOGRAM Q WAVE ABNORMAL,155
NECROTISING RETINITIS,560
SINUSITIS BACTERIAL,1004
PULMONARY MICROEMBOLI,82
PACHYDERMOPERIOSTOSIS,4
AXILLARY NERVE INJURY,22
TONGUE NEOPLASM BENIGN,25
BLOOD IMMUNOGLOBULIN A ABNORMAL,34
FEMORAL NERVE PALSY,43
JOINT DISLOCATION REDUCTION,43
SPINAL NERVE STIMULATOR IMPLANTATION,309
PYROMANIA,40
ELECTROCARDIOGRAM Q WAVES,35
PLATELET AGGREGATION INHIBITION,80
HYPERTROPHY OF TONGUE PAPILLAE,102
THERAPEUTIC RESPONSE PROLONGED,84
COXSACKIE VIRAL INFECTION,111
EXPANDED DISABILITY STATUS SCALE SCORE INCREASED,1223
BLOOD CARBON MONOXIDE DECREASED,13
BRONCHIAL INJURY,47
LUNG ADENOCARCINOMA STAGE II,28
DENTAL PROSTHESIS PLACEMENT,234
MICROSPORUM INFECTION,21
VASCULAR FRAGILITY,138
INFUSION SITE WARMTH,1149
MONONUCLEOSIS HETEROPHILE TEST POSITIVE,28
NASAL CYST REMOVAL,6
PERIPHERAL NERVE TRANSPOSITION,33
SPINAL FUSION ACQUIRED,240
CRYPTOGENIC CIRRHOSIS,37
SEIZURE ANOXIC,21
CUTANEOUS SARCOIDOSIS,337
LIVER SARCOIDOSIS,57
MESENTERIC PANNICULITIS,254
ELECTROCARDIOGRAM ST-T SEGMENT DEPRESSION,33
BACTEROIDES INFECTION,171
ARRESTED LABOUR,156
CYTOMEGALOVIRUS TEST,22
CYTOMEGALOVIRUS DUODENITIS,60
GIARDIASIS,269
BLOOD PRESSURE ORTHOSTATIC ABNORMAL,95
SHUNT ANEURYSM,25
OSTEOMYELITIS FUNGAL,136
VENTRICULO-VASCULAR SHUNT,2
PULMONARY VALVE DISEASE,108
POST-TRAUMATIC HEADACHE,119
SEBACEOUS GLANDS OVERACTIVITY,26
URINARY TRACT INFLAMMATION,314
EPISCLERITIS,563
REBOUND PSORIASIS,571
ANTERIOR CHAMBER DISORDER,165
CATARACT OPERATION COMPLICATION,334
SYRINGOMYELIA,202
INTESTINAL ANASTOMOSIS,565
PYONEPHROSIS,62
HEREDITARY DISORDER,44
ANTIVIRAL DRUG LEVEL BELOW THERAPEUTIC,32
CONGENITAL HEARING DISORDER,130
WOLF-HIRSCHHORN SYNDROME,6
LEWIS-SUMNER SYNDROME,46
GASTROINTESTINAL AMYLOIDOSIS,63
SUPERINFECTION FUNGAL,74
BUNDLE BRANCH BLOCK BILATERAL,66
DISORDER OF GLOBE,27
PAPILLARY MUSCLE HAEMORRHAGE,5
GAS POISONING,64
VAGINAL POLYP,87
SQUAMOUS CELL CARCINOMA OF THE CERVIX,179
CERVIX CARCINOMA STAGE I,144
CORRECTIVE LENS USER,833
EXTRAMEDULLARY HAEMOPOIESIS,120
PURPURA NEONATAL,7
IMPLANT SITE THROMBOSIS,25
ATYPICAL MYCOBACTERIUM TEST POSITIVE,83
THYMUS ENLARGEMENT,93
BANDAEMIA,143
RHESUS INCOMPATIBILITY,114
XEROPHTHALMIA,527
TRENDELENBURG'S SYMPTOM,34
NEOVASCULARISATION,205
CARCINOID CRISIS,225
NUCLEAR MAGNETIC RESONANCE IMAGING,130
VULVAL LEUKOPLAKIA,5
TOTAL LUNG CAPACITY INCREASED,264
TRANSIENT PSYCHOSIS,51
CAPILLARY PERMEABILITY INCREASED,47
ANION GAP,618
BORDERLINE OVARIAN TUMOUR,55
CORNEAL THINNING,185
AMNIOTIC CAVITY DISORDER,27
INFECTED BUNION,39
PULMONARY FISTULA,86
PENILE OPERATION,39
ANTI-TRANSGLUTAMINASE ANTIBODY INCREASED,58
ANTINEUTROPHIL CYTOPLASMIC ANTIBODY INCREASED,138
GLIOMA,493
GRAFT COMPLICATION,355
FALLOPIAN TUBE ABSCESS,38
HYPERFIBRINOGENAEMIA,67
HISTAMINE INTOLERANCE,213
PRIMARY HYPOTHYROIDISM,179
PSEUDOHYPOPARATHYROIDISM,14
TURBINECTOMY,37
INTRAVENOUS CATHETER MANAGEMENT,2
TONSILLAR INFLAMMATION,272
SALPINGO-OOPHORECTOMY,88
SIGNET-RING CELL CARCINOMA,75
RETINAL ARTERY THROMBOSIS,139
"DELUSIONAL DISORDER, EROTOMANIC TYPE",36
HEPATIC ARTERY THROMBOSIS,208
THYROXIN BINDING GLOBULIN DECREASED,3
GROWTH HORMONE DEFICIENCY,349
LYMPHOCYTIC LEUKAEMIA,315
WOUND INFECTION PSEUDOMONAS,232
COMPLICATIONS OF INTESTINAL TRANSPLANT,16
EXPLORATIVE LAPAROTOMY,109
HYDROXYPROLINE INCREASED,5
OSTEOCALCIN INCREASED,31
HUMAN CHORIONIC GONADOTROPIN DECREASED,107
URINE SODIUM DECREASED,53
BLOOD HIV RNA,47
SQUAMOUS CELL CARCINOMA OF HEAD AND NECK,230
URINARY BLADDER ATROPHY,26
OESOPHAGEAL MASS,160
EYELID INJURY,159
SUPRAPUBIC PAIN,362
EOSINOPHIL PERCENTAGE ABNORMAL,14
PULMONARY VASCULITIS,470
CONGENITAL VITREOUS ANOMALY,6
GENITAL INFECTION,304
URINE OXALATE INCREASED,66
CYCLOTHYMIC DISORDER,116
ACUTE PROMYELOCYTIC LEUKAEMIA DIFFERENTIATION SYNDROME,177
PROMOTION OF PERIPHERAL CIRCULATION,6
CERVICAL ROOT PAIN,2
SEPTIC NECROSIS,27
PORTAL VEIN STENOSIS,38
MIDDLE EAR INFLAMMATION,90
OPTIC NERVE NEOPLASM,75
LATERAL MEDULLARY SYNDROME,92
DEVICE LEAD DAMAGE,37
EPIDIDYMAL DISORDER,15
SCROTAL MASS,60
ACUTE PULMONARY HISTOPLASMOSIS,118
SMALL INTESTINE OPERATION,129
NEUTROPHIL HYPERSEGMENTED MORPHOLOGY PRESENT,19
ABDOMINAL LYMPHADENOPATHY,847
ACID FAST BACILLI INFECTION,79
PULSE WAVEFORM ABNORMAL,22
NEPHROBLASTOMA,94
LIVER FUNCTION TEST,94
SYNOVIORTHESIS,9
BLOOD IMMUNOGLOBULIN E DECREASED,143
TRANSPLANT ABSCESS,36
NECROTISING OESOPHAGITIS,455
CENTRAL VENOUS PRESSURE INCREASED,58
GASTROINTESTINAL DISORDER POSTOPERATIVE,40
APPLICATION SITE NECROSIS,73
DIASTASIS RECTI ABDOMINIS,157
ORGANIC ERECTILE DYSFUNCTION,361
CSF PRESSURE,6
BIOPSY PROSTATE,81
VESTIBULOPLASTY,2
PSEUDOANGINA,9
PLAGUE,56
LIPOPROTEIN (A) INCREASED,250
ECG SIGNS OF VENTRICULAR HYPERTROPHY,12
BASOPHILIA,54
BLOOD CORTICOTROPHIN ABNORMAL,74
PLEURAL CALCIFICATION,86
SMOKE SENSITIVITY,296
DURAL TEAR,58
MYELOID MATURATION ARREST,44
PRESBYACUSIS,280
PULMONARY VALVE REPAIR,4
SURGICAL SKIN TEAR,21
VISCERAL ARTERIAL ISCHAEMIA,18
AMINO ACID METABOLISM DISORDER,25
ANTIDIURETIC HORMONE ABNORMALITY,51
POSTERIOR CAPSULE OPACIFICATION,285
CEREBRAL HAEMOSIDERIN DEPOSITION,16
PURGING,88
CONGENITAL MELANOCYTIC NAEVUS,40
LUNG OPERATION,737
UTERINE ATROPHY,48
NEONATAL RESPIRATORY ACIDOSIS,115
COOMBS TEST POSITIVE,141
ALCOHOLIC PANCREATITIS,138
PRIMARY HYPERALDOSTERONISM,112
OSTEOMYELITIS ACUTE,465
DIABETIC GANGRENE,234
APGAR SCORE ABNORMAL,87
MYOCARDIAL STRAIN,116
CYCLOPLEGIA,31
CYTOLOGY ABNORMAL,124
OCULAR VASCULITIS,152
RESPIRATORY FREMITUS,12
ERYTHROPSIA,73
HEPATITIS B ANTIBODY POSITIVE,115
PNEUMOCONIOSIS,159
HAEMOGLOBINURIA,894
BASOPHIL PERCENTAGE INCREASED,141
ENOSTOSIS,55
HYPOTHALAMIC ENLARGEMENT,4
DEJA VU,204
CSF LYMPHOCYTE COUNT ABNORMAL,23
CSF MONOCYTE COUNT DECREASED,3
CSF NEUTROPHIL COUNT INCREASED,12
GRANULOCYTE COUNT INCREASED,339
CSF PRESSURE INCREASED,158
ACUTE HAEMORRHAGIC OEDEMA OF INFANCY,32
HYPONATRAEMIC ENCEPHALOPATHY,173
VESSEL PUNCTURE SITE PAIN,87
VESSEL PUNCTURE SITE REACTION,19
CHOROIDAL HAEMORRHAGE,149
INTESTINAL HAEMATOMA,147
PHAGOPHOBIA,20
XANTHOPSIA,249
RESTRICTIVE CARDIOMYOPATHY,219
VITH NERVE DISORDER,66
PERFORATION BILE DUCT,102
EPENDYMOMA BENIGN,5
PERIPANCREATIC FLUID COLLECTION,122
FALSE NEGATIVE INVESTIGATION RESULT,655
FEMORAL ARTERY EMBOLISM,40
SLEEP ATTACKS,320
ILIAC ARTERY EMBOLISM,23
TRI-IODOTHYRONINE INCREASED,304
URETHRAL POLYP,34
BENIGN FAMILIAL PEMPHIGUS,58
PROTEIN TOTAL,28
ACUTE ENDOCARDITIS,39
CORNEAL BLEEDING,82
CYCLITIC MEMBRANE,10
MYOCARDITIS INFECTIOUS,71
HYPERTROPHIC OSTEOARTHROPATHY,54
MICROGENIA,43
BILIARY FISTULA,124
PERICORONITIS,65
THROMBOCYTOPENIA NEONATAL,332
COMPUTERISED TOMOGRAM ABDOMEN ABNORMAL,106
FIBRIN,31
VACCINATION SITE ERYTHEMA,207
VACCINATION SITE SWELLING,165
HEPATIC EMBOLISATION,65
LACRIMATION DISORDER,122
TESTICULAR OEDEMA,115
CONGENITAL AORTIC VALVE INCOMPETENCE,95
DIGEORGE'S SYNDROME,58
MOEBIUS II SYNDROME,55
CONGENITAL TONGUE ANOMALY,43
DELAYED FONTANELLE CLOSURE,50
STENT-GRAFT ENDOLEAK,51
CAFE AU LAIT SPOTS,71
OESOPHAGOGASTRODUODENOSCOPY,111
BIOPSY COLON,22
DRUG IMPLANTATION,11
BARBITURATES POSITIVE,40
HUMAN ANTICHIMERIC ANTIBODY TEST,3
ANORECTAL VARICES,39
SPLENIC VARICES,20
SCHOOL REFUSAL,104
CAMPYLOBACTER GASTROENTERITIS,549
EPIDERMAL NAEVUS,10
URTICARIA PAPULAR,169
LARYNGEAL GRANULOMA,28
SYSTEMIC MASTOCYTOSIS,262
CARBOHYDRATE DEFICIENT TRANSFERRIN INCREASED,10
VASCULAR NEOPLASM,80
DIABETIC BULLOSIS,36
PALLIATIVE CARE,1457
OVARIAN OPERATION,91
REACTION TO COLOURING,314
FRACTURED ISCHIUM,46
PERINEAL CYST,62
HEPATIC ARTERY ANEURYSM,78
CONGENITAL URETEROVESICAL JUNCTION ANOMALY,10
CONGENITAL URINARY TRACT OBSTRUCTION,16
CONGENITAL VESICOURETERIC REFLUX,71
UTERINE LEIOMYOSARCOMA,64
PSEUDOHERMAPHRODITISM FEMALE,2
ENOPHTHALMOS,74
ECTOPIC PREGNANCY TERMINATION,48
SENSITIVITY TO WEATHER CHANGE,5166
ANTIBIOTIC LEVEL ABOVE THERAPEUTIC,358
DERMATITIS HERPETIFORMIS,167
EYE INFECTION INTRAOCULAR,48
JOINT DEPOSIT,38
URINE PROTEIN/CREATININE RATIO ABNORMAL,138
BIRDSHOT CHORIORETINOPATHY,53
MALFORMATION VENOUS,53
ADMINISTRATION SITE PAIN,1076
ORTHODONTIC APPLIANCE USER,6
LUMBAR SPINE FLATTENING,19
INFUSION SITE DISCOMFORT,987
INFLUENZA B VIRUS TEST POSITIVE,178
FASCIOTOMY,75
MUSCLE OEDEMA,209
IMPLANTABLE DEFIBRILLATOR REPLACEMENT,55
OPTIC DISC DRUSEN,43
COMPLEMENT FACTOR ABNORMAL,95
NAEVUS HAEMORRHAGE,34
HAEMORRHOID INFECTION,48
RENOVASCULAR HYPERTENSION,65
NASAL CYST,108
HISTONE ANTIBODY,8
POST STREPTOCOCCAL GLOMERULONEPHRITIS,37
TRANSIENT TACHYPNOEA OF THE NEWBORN,300
BREAST DISCOLOURATION,123
DEVICE STIMULATION ISSUE,23
FIBROSARCOMA,62
OMPHALORRHEXIS,15
VIRAL LOAD,152
PREOPERATIVE CARE,10
PACHYMENINGITIS,228
CARBOHYDRATE ANTIGEN 15-3 INCREASED,697
BIOPSY LUNG ABNORMAL,65
DUODENAL FISTULA,13
FRACTURE REDUCTION,25
CONGENITAL NAEVUS,118
GINGIVITIS ULCERATIVE,169
RECTOSIGMOID CANCER,181
RESPIRATORY TRACT ULCERATION,21
BURSITIS INFECTIVE STAPHYLOCOCCAL,48
CIRCUMCISED,8
DIFFUSE VASCULITIS,75
TOXIC SHOCK SYNDROME STREPTOCOCCAL,159
LEPTOTRICHIA INFECTION,44
CASTLEMAN'S DISEASE,278
GASTROSTOMY,1458
ALEXIA,62
STRANGURY,136
ADRENALITIS,94
URAEMIC GASTROPATHY,9
APPLICATION SITE HAEMATOMA,85
CAMPTOCORMIA,222
MUSCLE CONTUSION,107
"BLADDER CANCER STAGE 0, WITH CANCER IN SITU",66
EPIPLOIC APPENDAGITIS,107
ACNE COSMETICA,8
ARTHROSCOPIC SURGERY,144
THYROGLOSSAL CYST,45
OVARIAN EPITHELIAL CANCER RECURRENT,41
LYMPHOMA TRANSFORMATION,335
HEPATITIS B ANTIBODY ABNORMAL,40
PULMONARY INTERSTITIAL EMPHYSEMA SYNDROME,108
EXAGGERATED STARTLE RESPONSE,146
PREMENSTRUAL HEADACHE,19
ADENOVIRUS TEST POSITIVE,79
EPINEPHRINE INCREASED,70
NOREPINEPHRINE INCREASED,85
ATHETOSIS,125
IMMUNE RECONSTITUTION INFLAMMATORY SYNDROME ASSOCIATED TUBERCULOSIS,329
VTH NERVE INJURY,37
DRUG TOXICITY PROPHYLAXIS,1
POLYMORPHONUCLEAR CHROMATIN CLUMPING,5
PERICHONDRITIS,93
GASTRIC HYPOMOTILITY,255
ACHLORHYDRIA,54
URINARY CONTROL NEUROSTIMULATOR IMPLANTATION,41
CATARACT CORTICAL,122
GASTRIN SECRETION DISORDER,13
URETHRAL INTRINSIC SPHINCTER DEFICIENCY,24
ABSCESS OF SALIVARY GLAND,37
NASAL MUCOSAL HYPERTROPHY,15
PERIPHERAL NERVE PARESIS,42
HYPERTENSIVE EMERGENCY,929
CORNEAL PIGMENTATION,43
REFLEX TEST ABNORMAL,13
AIDS DEMENTIA COMPLEX,48
TOXIC DILATATION OF INTESTINE,8
PHYLLODES TUMOUR,79
GRANULOCYTE COUNT,4
OESOPHAGEAL TUBERCULOSIS,13
ACTH STIMULATION TEST ABNORMAL,14
HIGH TURNOVER OSTEOPATHY,39
STREPTOCOCCUS TEST NEGATIVE,6
VIRAL TEST POSITIVE,305
GASTROINTESTINAL TRACT MUCOSAL PIGMENTATION,234
OVARIAN ABSCESS,127
INSTILLATION SITE FOREIGN BODY SENSATION,138
FLOPPY IRIS SYNDROME,183
LYMPHORRHOEA,127
PERIORBITAL FAT ATROPHY,39
GASTROINTESTINAL GANGRENE,20
SPLEEN PALPABLE,50
PORTAL SHUNT,70
INTERNATIONAL NORMALISED RATIO,75
MINI MENTAL STATUS EXAMINATION ABNORMAL,35
INTRAOCULAR HAEMATOMA,47
RENAL ARTERITIS,17
URINARY BLADDER POLYP,200
LEUKOERYTHROBLASTIC ANAEMIA,36
BLOOD ERYTHROPOIETIN INCREASED,56
PERIODONTAL DESTRUCTION,18
APHAKIA,37
FEMORAL NERVE INJURY,55
MESOTHELIOMA MALIGNANT,317
FUNGAL PARONYCHIA,12
MANIPULATION,18
BILOMA,111
BIOPSY LIVER ABNORMAL,94
ACQUIRED CYSTIC KIDNEY DISEASE,54
TESTICULAR NEOPLASM,86
PERICARDIAL DISEASE,212
TRACHEAL DEVIATION,75
ENDOMETRIAL HYPOPLASIA,15
SQUAMOUS CELL CARCINOMA OF THE VULVA,100
ACETONAEMIA,195
URETHRAL CANCER METASTATIC,11
OVARIAN FIBROSIS,17
MITRAL VALVE ATRESIA,69
SEVERE INVASIVE STREPTOCOCCAL INFECTION,42
IMPLANT SITE DISCOLOURATION,124
STIFF PERSON SYNDROME,329
LYMPHOMATOID PAPULOSIS,236
INJECTED LIMB MOBILITY DECREASED,123
DOUBLE STRANDED DNA ANTIBODY,51
BLOOD PRESSURE SYSTOLIC INSPIRATORY DECREASED,31
RETINAL ANEURYSM,148
TUMOUR THROMBOSIS,214
HEPATITIS E VIRUS TEST POSITIVE,45
MARBURG DISEASE,2
TYMPANIC MEMBRANE DISORDER,240
BONE MARROW GRANULOMA,44
LYMPHATIC SYSTEM NEOPLASM,108
IRIS ATROPHY,174
BENIGN NEOPLASM OF CERVIX UTERI,29
SCROTAL ERYTHEMA,125
GLUCOSE TOLERANCE DECREASED,26
AMOEBIC DYSENTERY,73
MESENTERIC NEOPLASM,124
GASTROENTERITIS YERSINIA,12
DISSECTING CORONARY ARTERY ANEURYSM,2
PHARYNGEAL CANCER,176
GLASSY EYES,692
AUDITORY NEUROPATHY SPECTRUM DISORDER,31
KERNICTERUS,15
"HALLUCINATION, SYNAESTHETIC",52
PSYCHOSEXUAL DISORDER,253
PUNCTATE BASOPHILIA,9
ENTEROPATHY-ASSOCIATED T-CELL LYMPHOMA,61
CARDIAC ARREST NEONATAL,104
BLOOD CARBON MONOXIDE INCREASED,56
ALLERGIC TRANSFUSION REACTION,134
OBSESSIVE RUMINATION,54
HEAD LAG,23
AUTOMATISM,129
URINE ALBUMIN/CREATININE RATIO ABNORMAL,92
RECTAL CANCER STAGE IV,49
HER-2 POSITIVE BREAST CANCER,141
URINARY TRACT MALFORMATION,63
BENIGN SMALL INTESTINAL NEOPLASM,33
REMOVAL OF FOREIGN BODY FROM EYE,11
KERATINISING SQUAMOUS CELL CARCINOMA OF NASOPHARYNX,22
NEISSERIA INFECTION,93
COAGULATION TIME ABNORMAL,158
ANTIVIRAL DRUG LEVEL ABOVE THERAPEUTIC,70
BACTERIAL DIARRHOEA,188
NATURAL KILLER-CELL LEUKAEMIA,31
SECONDARY AMYLOIDOSIS,131
ARTHRITIS VIRAL,29
APPLICATION SITE MASS,258
OPIATES NEGATIVE,17
IRIS COLOBOMA,71
GENITAL HERPES ZOSTER,55
HEPATECTOMY,255
VERY LOW DENSITY LIPOPROTEIN INCREASED,174
PERIANAL ERYTHEMA,94
ANALGESIC DRUG LEVEL INCREASED,1426
CONGENITAL FACIAL NERVE HYPOPLASIA,4
CERVIX INFLAMMATION,108
SUBDURAL HYGROMA,243
VAGINAL FLATULENCE,302
FOETAL HEART RATE DECREASED,476
EXTRA-OSSEOUS EWING'S SARCOMA,8
METATARSAL EXCISION,125
PERIPHERAL NERVE DECOMPRESSION,89
URETERIC CANCER METASTATIC,18
BLOOD COPPER INCREASED,135
FOETAL HEART RATE INCREASED,61
CHEST EXPANSION DECREASED,73
DYSKINESIA OESOPHAGEAL,51
PERITONEAL HAEMATOMA,123
WAARDENBURG SYNDROME,5
TESTICULAR FAILURE,124
INTERLEUKIN LEVEL DECREASED,17
HOMELESS,406
EXCESSIVE SEXUAL FANTASIES,30
EYELASH THICKENING,93
HEPATIC CANCER STAGE I,382
MYCOBACTERIUM TUBERCULOSIS COMPLEX TEST,40
TRANSFUSION ASSOCIATED GRAFT VERSUS HOST DISEASE,7
CONNECTIVE TISSUE INFLAMMATION,82
HEPATITIS C ANTIBODY NEGATIVE,1
IMPLANT SITE WARMTH,132
INFUSION SITE INFLAMMATION,630
NOSOPHOBIA,31
DEPILATION,26
ANASTOMOTIC FISTULA,71
DWARFISM,42
EXPIRATORY RESERVE VOLUME DECREASED,60
ULTRASOUND ANTENATAL SCREEN,87
CLINICALLY ISOLATED SYNDROME,92
VIPOMA,20
APPLICATION SITE PERSPIRATION,135
GENETIC POLYMORPHISM,56
SANDIFER'S SYNDROME,15
MEAN CELL HAEMOGLOBIN,78
RESIDUAL URINE VOLUME,4
EHLERS-DANLOS SYNDROME,439
LOW INCOME,15
TOURNIQUET APPLICATION,4
PARASITIC TEST POSITIVE,9
SKIN GRAFT FAILURE,73
BREAST PROSTHESIS IMPLANTATION,75
PARAPSORIASIS,203
BABESIOSIS,250
ADRENALECTOMY,79
VOCAL CORD NODULE REMOVAL,7
SCLERAL HAEMORRHAGE,151
POST INFLAMMATORY PIGMENTATION CHANGE,374
UTERINE HYPOTONUS,98
BALINT'S SYNDROME,29
AMYOTROPHY,243
PAINFUL EJACULATION,224
RENAL CANCER STAGE I,2610
HYPOCOMPLEMENTAEMIA,137
HAMARTOMA,56
MESENTERIC ABSCESS,63
BENIGN VAGINAL NEOPLASM,32
BLAST CELLS,43
ADRENOCORTICAL CARCINOMA,76
MARFAN'S SYNDROME,54
GASTROINTESTINAL ENDOSCOPIC THERAPY,57
LONG QT SYNDROME CONGENITAL,78
CARCINOMA IN SITU OF SKIN,82
PERIORBITAL ABSCESS,40
STAPHYLOCOCCUS TEST,53
GAS GANGRENE,289
CARCINOID TUMOUR OF THE PROSTATE,13
CARDIOACTIVE DRUG LEVEL DECREASED,43
CARDIORENAL SYNDROME,543
REFUSAL OF TREATMENT BY RELATIVE,125
INCUBATOR THERAPY,31
PROSTATIC ATROPHY,22
HEPATITIS B E ANTIGEN POSITIVE,25
NODULAR FASCIITIS,13
UNDIFFERENTIATED CONNECTIVE TISSUE DISEASE,115
NEAR DROWNING,139
VENOUS OPERATION,167
CORNEAL ENDOTHELIAL CELL LOSS,67
ELECTROPHORESIS PROTEIN ABNORMAL,34
EYELID PTOSIS CONGENITAL,75
MICROPENIS,87
EUTHYROID SICK SYNDROME,70
GRANULOCYTOSIS,148
INTERTRIGO CANDIDA,12
BRONCHOPULMONARY DISEASE,76
DEVELOPMENTAL GLAUCOMA,57
CALICIVIRUS TEST POSITIVE,2
NASAL VESTIBULITIS,63
ORCHIDECTOMY,126
GONADAL DYSGENESIS,7
PSEUDOMENINGOCELE,127
HYPERGLYCAEMIC SEIZURE,44
EPINEPHRINE DECREASED,21
RETINAL NEOVASCULARISATION,210
GASTRIC PH INCREASED,90
GAIT SPASTIC,297
TOTAL CHOLESTEROL/HDL RATIO DECREASED,79
MEDIAN NERVE INJURY,40
ACOUSTIC NEURITIS,14
TRICHOPHYTOSIS,199
CONGENITAL NEUROLOGICAL DISORDER,72
EXPANDED DISABILITY STATUS SCALE,76
CONFLUENT AND RETICULATE PAPILLOMATOSIS,11
DERMATITIS EXFOLIATIVE GENERALISED,3358
YELLOW NAIL SYNDROME,35
MICROLITHIASIS,29
LABELLED DRUG-DISEASE INTERACTION MEDICATION ERROR,570
TONSILLOLITH,132
HAEMOPHILUS BACTERAEMIA,43
ORAL ALLERGY SYNDROME,105
CATHETER SITE ABSCESS,166
AURICULAR PERICHONDRITIS,6
SPHINCTER OF ODDI DYSFUNCTION,348
ANGIOGENESIS BIOMARKER INCREASED,2
ANTIPSYCHOTIC DRUG LEVEL DECREASED,525
VERTEBRAL WEDGING,75
DUODENOGASTRIC REFLUX,252
ALLERGIC HEPATITIS,39
SOFT TISSUE ATROPHY,63
PEAK EXPIRATORY FLOW RATE DECREASED,295
CONTINUOUS POSITIVE AIRWAY PRESSURE,198
OROPHARYNGEAL CANCER STAGE IV,9
BREATH SOUNDS ABSENT,83
OFFICE VISIT,19
MYCOTIC ENDOPHTHALMITIS,186
MALIGNANT DYSPHAGIA,49
VIBRIO TEST POSITIVE,11
COMBINED IMMUNODEFICIENCY,145
TRACHEAL ATRESIA,17
BLADDER AGENESIS,52
PLATELET ADHESIVENESS DECREASED,8
NEUROLOGICAL INFECTION,88
CRANIAL NERVE PALSIES MULTIPLE,102
TONSILLAR NEOPLASM,40
PLEURODESIS,73
METASTASES TO LARYNX,13
LACTATE DEHYDROGENASE URINE INCREASED,8
SPINA BIFIDA OCCULTA,76
ANAPLASTIC LARGE CELL LYMPHOMA T- AND NULL-CELL TYPES REFRACTORY,9
CD4/CD8 RATIO DECREASED,176
CUTANEOUS SPOROTRICHOSIS,46
TRICHOPHYTIC GRANULOMA,42
5Q MINUS SYNDROME,147
CORYNEBACTERIUM TEST POSITIVE,59
DEXAMETHASONE SUPPRESSION TEST POSITIVE,6
FEMALE REPRODUCTIVE NEOPLASM,38
TROPONIN,37
ENDOCRINE NEOPLASM,52
CAMPYLOBACTER TEST POSITIVE,66
FEMALE REPRODUCTIVE TRACT CARCINOMA IN SITU,1
AMPULLA OF VATER STENOSIS,7
GARDNERELLA INFECTION,49
BLOOD TESTOSTERONE FREE DECREASED,107
BLOOD TESTOSTERONE FREE INCREASED,49
CONJUNCTIVAL DEPOSIT,38
PARATHYROID GLAND ENLARGEMENT,95
BLOOD GLUCOSE FALSE POSITIVE,17
LUPUS ENTERITIS,55
WEIGHT CONTROL,47
CONGENITAL PIGMENTATION DISORDER,21
STEROID ACTIVITY,9
SPINAL ANAESTHESIA,61
BLOOD MERCURY ABNORMAL,82
REFRACTORY ANAEMIA WITH AN EXCESS OF BLASTS,184
END-TIDAL CO2 DECREASED,34
NASOPHARYNGEAL CANCER STAGE III,11
CARDIAC PACEMAKER REMOVAL,57
INGUINAL HERNIA STRANGULATED,44
GENERALISED NON-CONVULSIVE EPILEPSY,19
IMPLANT SITE DERMATITIS,16
PAROPHTHALMIA,166
OPHTHALMIA NEONATORUM,26
CYTOMEGALOVIRUS MUCOCUTANEOUS ULCER,58
HAMARTOMA VASCULAR,3
RABIES,73
VACCINATION FAILURE,1628
CANDIDA ENDOPHTHALMITIS,108
EXPOSURE VIA DIRECT CONTACT,937
CYTOMEGALOVIRUS GASTROINTESTINAL INFECTION,253
HEPATITIS CHRONIC ACTIVE,94
BLOOD TESTOSTERONE,15
BIOPSY BONE ABNORMAL,27
CARDIAC MALPOSITION,42
CONGENITAL EPIGLOTTAL ANOMALY,10
RETINOPATHY CONGENITAL,8
FINGERPRINT LOSS,156
PYOMETRA,57
PRODUCT FRIABLE,83
SPIROMETRY ABNORMAL,554
URETHRAL CANCER RECURRENT,2
CONJUNCTIVAL NEOPLASM,19
BIOPSY LYMPH GLAND ABNORMAL,32
MYOPATHY ENDOCRINE,8
UTERINE MALPOSITION,93
COMA SCALE NORMAL,9
FACTITIOUS DISORDER,105
METASTASES TO THORAX,224
LARGE GRANULAR LYMPHOCYTOSIS,285
MORGANELLA TEST POSITIVE,19
BENZODIAZEPINE DRUG LEVEL,29
SEMENURIA,49
HEPATIC ARTERIOVENOUS MALFORMATION,24
INTRAHEPATIC PORTAL HEPATIC VENOUS FISTULA,10
RECTAL FISTULA REPAIR,10
MALIGNANT RESPIRATORY TRACT NEOPLASM,35
BLOOD GONADOTROPHIN DECREASED,16
GASTROENTERITIS CRYPTOSPORIDIAL,143
BENIGN NEOPLASM OF SPINAL CORD,67
METASTASES TO THE MEDIASTINUM,350
DUODENAL OBSTRUCTION,234
METASTASES TO EYE,198
TRANSURETHRAL RESECTION SYNDROME,19
SCEDOSPORIUM INFECTION,618
REFRACTORY CYTOPENIA WITH MULTILINEAGE DYSPLASIA,75
EXTERNAL EAR CELLULITIS,105
MALIGNANT FIBROUS HISTIOCYTOMA METASTATIC,1
NEONATAL BEHAVIOURAL SYNDROME,288
TURNER'S SYNDROME,87
LOSS OF DREAMING,116
ALBUMIN URINE PRESENT,272
LACRIMAL GLAND ENLARGEMENT,55
ORAL CAVITY CANCER METASTATIC,12
TOOTH DELAMINATION,6
FIBROSING COLONOPATHY,33
PEDAL PULSE DECREASED,36
URETERAL NEOPLASM,67
OCHRONOSIS,63
COLON CANCER STAGE 0,34
BLOOD FOLATE ABNORMAL,23
VITAMIN B12 ABNORMAL,179
TUMOUR ULCERATION,210
IRIS VASCULAR DISORDER,11
PUPILLARY BLOCK,33
PULMONARY VENOUS THROMBOSIS,135
PLATELET TOXICITY,74
PANCREATIC HAEMORRHAGE,91
HELMINTHIC INFECTION,211
PSEUDOPAPILLOEDEMA,90
ULNAR NERVE INJURY,182
CHANGE IN SUSTAINED ATTENTION,262
BLOOD FOLATE INCREASED,132
RENAL CANCER RECURRENT,135
ENTEROBIASIS,133
MEDICATION OVERUSE HEADACHE,844
PRODUCT CLOSURE ISSUE,525
SPERM CONCENTRATION INCREASED,6
ADENOID CYSTIC CARCINOMA,106
ANTI-THYROID ANTIBODY POSITIVE,359
CARCINOMA IN SITU OF EYE,9
GILBERT'S SYNDROME,277
UNIVENTRICULAR HEART,75
REVERSIBLE AIRWAYS OBSTRUCTION,495
BLAST CELL CRISIS,280
LYMPHOPLASMACYTOID LYMPHOMA/IMMUNOCYTOMA RECURRENT,19
METASTASES TO SOFT TISSUE,231
URETERAL NECROSIS,29
URINARY FISTULA,86
METASTASES TO BLADDER,241
EYELID VASCULAR DISORDER,20
ULTRASOUND BREAST,2
CEREBRAL HYGROMA,31
SHUNT STENOSIS,272
METASTASES TO THYROID,81
INFANTILE COLIC,47
ROSEOLA,59
URETHRAL SPASM,31
REMOVAL OF AMBULATORY PERITONEAL CATHETER,6
OCULAR ROSACEA,190
LESION EXCISION,100
MALIGNANT NEOPLASM OF AMPULLA OF VATER,105
CONGENITAL JOINT MALFORMATION,37
ABORTION OF ECTOPIC PREGNANCY,111
GESTATIONAL TROPHOBLASTIC DETACHMENT,21
CORONARY NO-REFLOW PHENOMENON,21
CHROMOBLASTOMYCOSIS,76
NEUROFIBROSARCOMA,100
BLOOD CREATININE,100
ENTEROVIRUS INFECTION,812
MYOCARDITIS POST INFECTION,20
RHEUMATOID FACTOR QUANTITATIVE INCREASED,16
HEPATITIS B SURFACE ANTIGEN,10
BLOOD ACID PHOSPHATASE INCREASED,21
BLOOD COPPER ABNORMAL,11
PERIPORITIS STAPHYLOGENES,2
COOMBS NEGATIVE HAEMOLYTIC ANAEMIA,147
SOMATOFORM DISORDER CARDIOVASCULAR,5
COGAN'S SYNDROME,57
RETICULOCYTOPENIA,118
OVERSENSING,57
DIABETIC HYPERGLYCAEMIC COMA,228
SCHIZOPHRENIA SIMPLE,2
HEPATOPULMONARY SYNDROME,128
HYSTEROPEXY,3
BONE ABSCESS,363
SAPHO SYNDROME,208
URINE BARBITURATES INCREASED,4
VASCULAR RESISTANCE PULMONARY INCREASED,73
THERAPEUTIC EMBOLISATION,254
HEREDITARY NON-POLYPOSIS COLORECTAL CANCER SYNDROME,67
BRUCELLA TEST POSITIVE,9
BRUCELLOSIS,122
RESPIRATORY DYSKINESIA,58
MAMMARY FISTULA,9
ACTH STIMULATION TEST,1
HEPATITIS B DNA ASSAY POSITIVE,103
WITHDRAWAL HEPATITIS,16
METASTASES TO PROSTATE,61
CHRONIC PAROXYSMAL HEMICRANIA,10
HYPOGLOSSAL NERVE PARALYSIS,51
RADIOSENSITISATION THERAPY,7
CHILDHOOD DISINTEGRATIVE DISORDER,12
ARRHYTHMIA NEONATAL,91
CHOLESTEATOMA,226
TRI-IODOTHYRONINE FREE ABNORMAL,42
KERION,8
LYMPHOMA AIDS RELATED,5
BLOOD CREATINE PHOSPHOKINASE MB,22
VACCINATION SITE REACTION,123
ULTRASOUND BREAST ABNORMAL,17
INFUSION SITE GRANULOMA,23
HEART ALTERNATION,69
EPIDIDYMAL TENDERNESS,6
CARDIAC INDEX DECREASED,65
PASTEURELLA INFECTION,117
RENAL GLYCOSURIA,52
FLAT ANTERIOR CHAMBER OF EYE,118
GRAFT ISCHAEMIA,34
LOEFFLER'S SYNDROME,29
PERONEAL MUSCULAR ATROPHY,27
SUBCHORIONIC HAEMATOMA,169
IMMOBILISATION PROLONGED,105
ALPHA HYDROXYBUTYRATE DEHYDROGENASE INCREASED,68
BIOPSY LYMPH GLAND,83
LOBULAR BREAST CARCINOMA IN SITU,93
PRODUCT PACKAGING COUNTERFEIT,45
BLOOD METHAEMOGLOBIN,14
HEPATITIS A VIRUS TEST POSITIVE,68
WRONG DEVICE USED,633
EAR INFECTION STAPHYLOCOCCAL,107
HASHITOXICOSIS,14
ARTERIOVENOUS GRAFT SITE INFECTION,36
BALLOON ATRIAL SEPTOSTOMY,43
MEGAKARYOCYTE DESTRUCTION INCREASED,1
VENTRICULAR SEPTAL DEFECT REPAIR,27
SLEEP INERTIA,81
RENAL VASCULAR THROMBOSIS,169
FIBRINOLYSIS INCREASED,18
VASCULAR RESISTANCE SYSTEMIC DECREASED,69
EYELASH HYPERPIGMENTATION,50
MYCOSIS FUNGOIDES RECURRENT,25
GINGIVAL OPERATION,167
LARYNGOSCOPY,16
PRODUCT QUALITY CONTROL ISSUE,198
PULMONARY ARTERY ANEURYSM,140
POIKILODERMA,101
ONCOCYTOMA,40
VIRAL SINUSITIS,190
STRABISMUS CORRECTION,12
PERITONEAL NECROSIS,10
EXCESSIVE SKIN,247
GENITAL ABSCESS,379
LEUKOSTASIS,3
CEREBELLAR EMBOLISM,25
VERTEBRAL ARTERY DISSECTION,194
RADIATION FIBROSIS,48
COMPULSIVE HANDWASHING,24
SEMINAL VESICULAR DISORDER,21
EXPOSURE VIA BLOOD,34
SEMEN VISCOSITY DECREASED,78
FEMINISATION ACQUIRED,42
CHOROIDAL INFARCTION,97
RETINOPATHY HYPERTENSIVE,208
RETINAL PERIVASCULAR SHEATHING,103
RETINAL ARTERY SPASM,12
PELIOSIS HEPATIS,107
TRI-IODOTHYRONINE FREE DECREASED,231
CYCLOSPORIDIUM INFECTION,28
PREHYPERTENSION,64
CARDIAC AMYLOIDOSIS,989
AGITATED DEPRESSION,244
EXOCRINE PANCREATIC FUNCTION TEST ABNORMAL,14
HODGKIN'S DISEASE MIXED CELLULARITY STAGE UNSPECIFIED,37
PSEUDOEPITHELIOMATOUS HYPERPLASIA,9
SIALOMETAPLASIA,11
VIRAL HEPATITIS CARRIER,54
CAUDAL REGRESSION SYNDROME,120
CONUS MEDULLARIS SYNDROME,44
CORONARY ARTERY PERFORATION,61
COUGH DECREASED,106
DROPPED HEAD SYNDROME,384
ANTI FACTOR X ANTIBODY,2
BRONCHIAL OEDEMA,55
BUTTOCK CRUSHING,13
GENITAL CANCER MALE,15
LARYNGEAL CANCER STAGE I,40
BLOOD PRESSURE DIASTOLIC ABNORMAL,2526
INDUCTION AND MAINTENANCE OF ANAESTHESIA,2
DNA ANTIBODY,19
HEPATOBLASTOMA,66
RESPIROVIRUS TEST POSITIVE,59
MANGANESE DECREASED,17
RETINAL PIGMENT EPITHELIOPATHY,311
BLOOD PREGNENOLONE INCREASED,2
APOLIPOPROTEIN B INCREASED,31
PRODUCT CONTAMINATION WITH BODY FLUID,196
ACQUIRED PORPHYRIA,60
PORPHYRIN METABOLISM DISORDER,3
CHROMOSOME ANALYSIS ABNORMAL,124
POLYPOIDAL CHOROIDAL VASCULOPATHY,260
MALIGNANT NEOPLASM OF EYELID,68
CARDIAC FAILURE HIGH OUTPUT,209
SPERMATIC CORD DISORDER,14
RADIAL NERVE INJURY,69
CATHETER SITE BRUISE,286
INFUSION SITE COLDNESS,96
LICE INFESTATION,140
ANORECTAL VARICES HAEMORRHAGE,30
TYPE 2 LEPRA REACTION,183
BLADDER CANCER STAGE II,1597
ILLOGICAL THINKING,136
NEUTROPENIA NEONATAL,150
MECONIUM STAIN,100
SALIVARY DUCT INFLAMMATION,17
TESTICULAR RETRACTION,49
B-CELL SMALL LYMPHOCYTIC LYMPHOMA RECURRENT,21
ACUTE MEGAKARYOCYTIC LEUKAEMIA,37
ANTINEUTROPHIL CYTOPLASMIC ANTIBODY NEGATIVE,11
SUBACUTE HEPATIC FAILURE,107
ACQUIRED SYRINGOMYELIA,25
SCLEROEDEMA,43
PERSISTENT GENERALISED LYMPHADENOPATHY,12
CHORIORETINAL SCAR,67
AMNIORRHEXIS,53
ILEOCOLOSTOMY,26
C-TELOPEPTIDE INCREASED,95
HYPOCALCAEMIC SEIZURE,74
TROUSSEAU'S SYNDROME,134
PERICARDITIS CONSTRICTIVE,324
LEIOMYOSARCOMA METASTATIC,58
NAIL DISCOMFORT,109
URINE PHOSPHORUS DECREASED,39
PERITONEAL CARCINOMA METASTATIC,60
RHODOCOCCUS INFECTION,140
SYNOVIAL SARCOMA METASTATIC,18
COELIAC ARTERY OCCLUSION,45
HEPATIC VEIN DILATATION,63
GENITAL PARAESTHESIA,276
SEMEN VISCOSITY INCREASED,8
MEDICAL DEVICE ENTRAPMENT,73
CALLUS FORMATION DELAYED,29
PSEUDOPORPHYRIA,268
HOLOPROSENCEPHALY,109
EYE HAEMANGIOMA,23
HAEMOPHILIC ARTHROPATHY,227
LYMPHOPLASMACYTOID LYMPHOMA/IMMUNOCYTOMA,84
PERITONEAL HERNIA,24
CHRONIC GRAFT VERSUS HOST DISEASE IN LIVER,355
BENIGN NEOPLASM OF PROSTATE,33
GYNAECOLOGICAL EXAMINATION ABNORMAL,37
RETINOPATHY HAEMORRHAGIC,52
PANIC DISORDER WITH AGORAPHOBIA,29
BLOOD URIC ACID,24
INCLUSION BODY MYOSITIS,117
SMALLPOX,26
OESOPHAGEAL INJURY,300
METASTASES TO MOUTH,19
SPINAL VASCULAR DISORDER,23
GLOMERULAR FILTRATION RATE,63
METASTASES TO SALIVARY GLAND,46
ANHIDROSIS,303
SEXUAL RELATIONSHIP CHANGE,69
METASTASES TO PERIPHERAL VASCULAR SYSTEM,20
PHARYNGEAL LESION,48
EPIGLOTTIC CARCINOMA,18
METASTASES TO BILIARY TRACT,37
HEPATOBILIARY CANCER,59
METASTASES TO GALLBLADDER,42
WHITE BLOOD CELLS STOOL POSITIVE,21
VON WILLEBRAND'S FACTOR ANTIGEN INCREASED,17
DOUBLE URETER,28
PERITONEAL CANDIDIASIS,10
INFUSION SITE SCAR,419
CARBAMOYL PHOSPHATE SYNTHETASE DEFICIENCY,11
ACUTE INTERSTITIAL PNEUMONITIS,465
ACTIVATED PROTEIN C RESISTANCE,16
FOETAL ACIDOSIS,47
FOETAL MALNUTRITION,118
CARDIAC COMPLICATION ASSOCIATED WITH DEVICE,40
JOINT PROSTHESIS USER,88
LIMB PROSTHESIS USER,42
CEREBROSPINAL FLUID RETENTION,97
BLOOD TESTOSTERONE NORMAL,8
PARANOID PERSONALITY DISORDER,101
ANXIETY POSTOPERATIVE,3
ANAL DILATION PROCEDURE,17
BILIARY ANASTOMOSIS COMPLICATION,80
SINGLE PHOTON EMISSION COMPUTERISED TOMOGRAM ABNORMAL,6
TUBEROUS SCLEROSIS,30
BLOOD CHROMIUM INCREASED,20
URINE CHROMIUM INCREASED,2
MALE GENITAL ATROPHY,101
EOSINOPHILIC CELLULITIS,175
AMINO ACID LEVEL DECREASED,309
PERIOSTITIS,372
EPENDYMOMA MALIGNANT,31
FRACTURE TREATMENT,138
HYPERTENSIVE ANGIOPATHY,38
DEVICE LEAD ISSUE,20
NONINFECTIOUS MYELITIS,80
PROTEIN ALBUMIN RATIO,11
ADRENAL GLAND OPERATION,24
BENIGN OESOPHAGEAL NEOPLASM,27
RESPIRATORY THERAPY,68
FAT INTOLERANCE,57
BONE MARROW MYELOGRAM ABNORMAL,126
COAGULATION FACTOR X LEVEL DECREASED,43
FACTOR II DEFICIENCY,14
MENINGORADICULITIS,89
SPLENIC NEOPLASM MALIGNANCY UNSPECIFIED,108
JUVENILE MYOCLONIC EPILEPSY,60
FLUOROSIS,70
CYTARABINE SYNDROME,69
LIVER PALPABLE SUBCOSTAL,12
TRICUSPID VALVE REPAIR,33
ALLERGIC MYOCARDITIS,63
GAIT DEVIATION,78
COMPULSIVE HOARDING,310
LOSS OF VISUAL CONTRAST SENSITIVITY,47
BRAIN NATRIURETIC PEPTIDE,27
MECONIUM PERITONITIS,16
LIMBAL STEM CELL DEFICIENCY,76
HAND-EYE COORDINATION IMPAIRED,165
LUMBOSACRAL PLEXUS LESION,19
MALIGNANT FIBROUS HISTIOCYTOMA,96
SYSTEMIC LEAKAGE,15
PANCREATIC ENZYMES DECREASED,115
POSTERIOR CAPSULE RUPTURE,66
PURPURA SENILE,96
CORONARY ARTERY DILATATION,128
ANTI-ERYTHROCYTE ANTIBODY,10
ABDOMINAL WALL CYST,84
BONE MARROW TRANSPLANT REJECTION,122
PYOGENIC STERILE ARTHRITIS PYODERMA GANGRENOSUM AND ACNE SYNDROME,12
FOETAL HAEMOGLOBIN INCREASED,7
KERATITIS VIRAL,36
VIRAL UVEITIS,89
HUMIDITY INTOLERANCE,391
BURNING FEET SYNDROME,240
ACRODERMATITIS ENTEROPATHICA,19
APERT'S SYNDROME,5
LOOSE ASSOCIATIONS,42
ASTROVIRUS TEST POSITIVE,29
APPLICATION SITE TELANGIECTASIA,8
MYOCARDIAL DEPRESSION,213
INSTILLATION SITE IRRITATION,1041
MARCHIAFAVA-BIGNAMI DISEASE,17
TRACHEAL INFLAMMATION,94
GAIT APRAXIA,38
INFUSION SITE ABSCESS,446
RETROVIRAL INFECTION,19
HEPATOJUGULAR REFLUX,97
TYMPANOPLASTY,67
HYPERANDROGENISM,82
SECONDARY ALDOSTERONISM,12
BACTERIAL TRANSLOCATION,309
OSTEOSARCOMA METASTATIC,74
SEX HORMONE BINDING GLOBULIN DECREASED,24
RHABDOMYOMA,31
VICTIM OF SPOUSAL ABUSE,45
CAPNOCYTOPHAGA TEST POSITIVE,10
POST PROCEDURAL OEDEMA,190
VENOGRAM NORMAL,1
PENETRATING ABDOMINAL TRAUMA,5
SKIN MALFORMATION,36
ANTI-PLATELET ANTIBODY,22
RECTOVAGINAL SEPTUM ABSCESS,20
CD4/CD8 RATIO INCREASED,37
MYCOSIS FUNGOIDES STAGE III,6
MYCOSIS FUNGOIDES STAGE I,17
MODIFIED RADICAL MASTECTOMY,36
MYOFASCIAL SPASM,26
PAROTID GLAND INFLAMMATION,8
BREAST MILK DISCOLOURATION,15
DYSGLOBULINAEMIA,9
RETINAL TELANGIECTASIA,24
CRI DU CHAT SYNDROME,2
BLAST INJURY,19
TETRAHYDROBIOPTERIN DEFICIENCY,5
FOETAL CARDIAC DISORDER,187
CONGENITAL MUSCLE ABSENCE,35
CHILD NEGLECT,189
ANAEMIA OF PREGNANCY,146
TRACHEOBRONCHIAL STENT INSERTION,9
MENSTRUAL DISCOMFORT,101
RASH NEONATAL,27
TROPONIN NORMAL,4
BLOOD 25-HYDROXYCHOLECALCIFEROL INCREASED,38
INTRAVASCULAR PAPILLARY ENDOTHELIAL HYPERPLASIA,25
ANORECTAL OPERATION,194
SKIN GRAFT INFECTION,47
SARCOMA METASTATIC,119
CHILD ABUSE,172
SMALL INTESTINE ADENOCARCINOMA,174
MALIGNANT MELANOMA STAGE I,244
CONTRALATERAL BREAST CANCER,10
LIGAMENT CALCIFICATION,49
BIOPSY THYROID GLAND,42
COLLATERAL CIRCULATION,113
SUDDEN VISUAL LOSS,233
EDENTULOUS,54
NON-HODGKIN'S LYMPHOMA UNSPECIFIED HISTOLOGY INDOLENT,21
LIVER AND SMALL INTESTINE TRANSPLANT,2
RENAL AND PANCREAS TRANSPLANT,4
URINARY BLADDER VARICES,1
GALLBLADDER CHOLESTEROLOSIS,98
AUTONOMIC DYSREFLEXIA,140
DEVICE-DEVICE INCOMPATIBILITY,26
MITOCHONDRIAL ENCEPHALOMYOPATHY,65
GALLBLADDER CANCER RECURRENT,7
SPINAL CORD ISCHAEMIA,122
PROPIONIBACTERIUM TEST POSITIVE,17
PLATELET AGGREGATION DECREASED,40
OSTEORRHAGIA,85
COMPUTERISED TOMOGRAM CORONARY ARTERY ABNORMAL,63
BIOPSY TONGUE ABNORMAL,2
CONJUNCTIVITIS BACTERIAL,293
PHLEBITIS DEEP,37
BLOOD ELECTROLYTES INCREASED,92
BIOPSY CHEST WALL ABNORMAL,2
BRONCHIAL NEOPLASM,107
CERVICAL RADICULOPATHY,709
SCROTAL CYST,76
MACULAR CYST,69
NON-SMALL CELL LUNG CANCER RECURRENT,247
HERNIA CONGENITAL,34
ADRENAL CORTEX NECROSIS,47
PNEUMOCYSTIS JIROVECII PNEUMONIA,9865
OLFACTORY NERVE DISORDER,31
HYPERDYNAMIC LEFT VENTRICLE,218
AMNIOTIC FLUID VOLUME INCREASED,138
POST VIRAL FATIGUE SYNDROME,216
SEBACEOUS HYPERPLASIA,103
RETROPLACENTAL HAEMATOMA,128
SERUM SICKNESS-LIKE REACTION,551
FOETAL NON-STRESS TEST ABNORMAL,59
ASPERGILLUS INFECTION,6400
CONJUNCTIVAL ABRASION,38
PREALBUMIN DECREASED,96
ERYTHEMA INDURATUM,115
INTESTINAL ATRESIA,83
ANGELMAN'S SYNDROME,8
CHONDRODYSTROPHY,46
CLINODACTYLY,199
MILD MENTAL RETARDATION,14
MIXED RECEPTIVE-EXPRESSIVE LANGUAGE DISORDER,2
PERINATAL BRAIN DAMAGE,11
RUBINSTEIN-TAYBI SYNDROME,3
STAPHYLOCOCCAL MEDIASTINITIS,17
ADRENAL INSUFFICIENCY NEONATAL,26
CEREBELLAR HYPOPLASIA,118
HYPOPITUITARISM FOETAL,11
SEPTUM PELLUCIDUM AGENESIS,51
BRAIN STEM GLIOMA,121
CONGENITAL OESOPHAGEAL WEB,1
METASTASES TO RETROPERITONEUM,148
ORAL PAPILLOMA,58
TONSILLAR HAEMORRHAGE,134
DEVELOPMENTAL HIP DYSPLASIA,823
POSTPARTUM HYPOPITUITARISM,18
IODINE DEFICIENCY,44
N-TELOPEPTIDE URINE INCREASED,24
DELAYED EFFECTS OF RADIATION,14
NEUROGENIC BOWEL,195
SPONDYLITIC MYELOPATHY,57
HODGKIN'S DISEASE NODULAR SCLEROSIS STAGE IV,18
MECONIUM PLUG SYNDROME,16
RECTAL CANCER STAGE 0,5
FOETAL CYSTIC HYGROMA,47
NEUROTRANSMITTER LEVEL ALTERED,160
EXTENSIVE SWELLING OF VACCINATED LIMB,18
ALBINISM,13
CHRONIC ACTINIC DERMATITIS,35
COPROPORPHYRINOGEN INCREASED,4
NICOTINIC ACID DEFICIENCY,94
HOMANS' SIGN POSITIVE,15
HERPES SIMPLEX PNEUMONIA,126
APNOEA NEONATAL,259
ANORECTAL CELLULITIS,44
AMNIOTIC INFECTION SYNDROME OF BLANE,4
CONGENITAL GENITAL MALFORMATION,111
KLINEFELTER'S SYNDROME,32
SUBARACHNOID HAEMORRHAGE NEONATAL,13
DENERVATION ATROPHY,18
"FOLLICLE CENTRE LYMPHOMA, FOLLICULAR GRADE I, II, III RECURRENT",19
GLEICH'S SYNDROME,3
AORTIC DISSECTION RUPTURE,58
OROPHARYNGEAL SQUAMOUS CELL CARCINOMA,143
THERMOHYPOAESTHESIA,62
RECTAL ULCER HAEMORRHAGE,199
PREPUCE REDUNDANT,33
OSTEOMYELITIS VIRAL,7
COAGULATION FACTOR DEFICIENCY,148
THYROIDITIS FIBROUS CHRONIC,3
POVERTY OF THOUGHT CONTENT,56
ANTI-INSULIN ANTIBODY INCREASED,43
CANDIDA INFECTION,16467
VIRAL TONSILLITIS,47
PLEURAL RUB,24
REMOVAL OF INTERNAL FIXATION,168
WOUND DECOMPOSITION,118
TRIMETHYLAMINURIA,39
AORTO-DUODENAL FISTULA,17
ADRENAL ATROPHY,45
UROGENITAL ATROPHY,8
URETHRAL CARUNCLE,48
URINE POTASSIUM INCREASED,59
FOLLICULAR MUCINOSIS,17
PELVIC CYST,136
URETHRAL CANCER,202
PNEUMONIA ESCHERICHIA,275
RENAL VESSEL DISORDER,123
METATARSUS PRIMUS VARUS,9
AUTOIMMUNE HAEMOLYTIC ANAEMIA,3366
LYMPHATIC OBSTRUCTION,65
HERPES ZOSTER CUTANEOUS DISSEMINATED,228
POSTPARTUM DISORDER,67
RADIATION HEPATITIS,20
LARGE INTESTINAL STENOSIS,1952
LEUKAEMIA GRANULOCYTIC,15
PSEUDORADICULAR SYNDROME,22
PALMAR FASCIITIS,15
BIOPSY ARTERY,11
ENDOSCOPY GASTROINTESTINAL ABNORMAL,11
FOETAL ALCOHOL SYNDROME,60
ANTIDEPRESSANT DRUG LEVEL ABOVE THERAPEUTIC,184
CREATINE URINE INCREASED,23
SMALL INTESTINE LEIOMYOSARCOMA,2
PARATRACHEAL LYMPHADENOPATHY,95
DUANE'S SYNDROME,19
CYSTOGRAM ABNORMAL,2
HAIR FOLLICLE TUMOUR BENIGN,93
TRICUSPID VALVE PROLAPSE,19
URETHRAL CYST,26
SPLENIC VEIN OCCLUSION,36
ADENOSQUAMOUS CELL LUNG CANCER,36
ARTERIAL INSUFFICIENCY,133
SINUS PERFORATION,59
METASTASES TO REPRODUCTIVE ORGAN,20
RENAL ARTERY FIBROMUSCULAR DYSPLASIA,16
AORTIC VALVE DISEASE MIXED,62
EXTRACORPOREAL MEMBRANE OXYGENATION,30
PHARYNGEAL MASS,455
PERITONITIS PNEUMOCOCCAL,18
PROCEDURAL INTESTINAL PERFORATION,266
LARYNGITIS BACTERIAL,48
CONGENITAL PNEUMONIA,70
PENILE ADHESION,26
CONGENITAL MEGACOLON,96
ABNORMAL PALMAR/PLANTAR CREASES,136
NEURODEVELOPMENTAL DISORDER,596
HAEMODILUTION,70
COR TRIATRIATUM,13
ADENOVIRAL UPPER RESPIRATORY INFECTION,22
DEFECT CONDUCTION INTRAVENTRICULAR,321
IRIDOTOMY,21
TENDON SHEATH LESION EXCISION,17
MUCOCUTANEOUS FLAP OPERATION,3
AMMONIA,39
RENAL EMBOLISM,137
AIRWAY COMPLICATION OF ANAESTHESIA,208
MINERAL SUPPLEMENTATION,424
VESICOURETERAL REFLUX SURGERY,11
ADIPONECTIN INCREASED,3
ENDOCRINE PANCREATIC DISORDER,40
KERATOSIS FOLLICULAR,65
ANTI-GLOMERULAR BASEMENT MEMBRANE ANTIBODY POSITIVE,16
CARDIAC OUTPUT,9
SKIN DEGENERATIVE DISORDER,75
PANCREATIC ENZYME ABNORMALITY,89
SPINAL MENINGEAL CYST,79
BLOOD INSULIN,7
VITREOUS DEGENERATION,124
RABIES IMMUNISATION,9
CIRCULATING ANTICOAGULANT POSITIVE,14
NUCLEAR MAGNETIC RESONANCE IMAGING BREAST ABNORMAL,6
INCREASED ANTEROPOSTERIOR CHEST DIAMETER,7
PAROTID LIPOMATOSIS,7
ORAL DYSAESTHESIA,157
CALCIUM IONISED,2
HYPOPHOSPHATASIA,107
BONE CALLUS EXCESSIVE,61
BREAST ADENOMA,30
ANGIOKERATOMA,74
PHYSIOTHERAPY,461
AORTIC VALVE PROLAPSE,32
METANEPHRINE URINE INCREASED,30
NORMETANEPHRINE URINE INCREASED,24
PLACENTAL TRANSFUSION SYNDROME,83
SPINAL X-RAY ABNORMAL,52
DENTAL EXAMINATION ABNORMAL,10
HERPES SIMPLEX MENINGOENCEPHALITIS,87
FAILED TRIAL OF LABOUR,11
BONE MARROW DONATION,2
ARACHNODACTYLY,54
PACHYGYRIA,29
PENILE TORSION,27
SHWACHMAN-DIAMOND SYNDROME,6
PAEDIATRIC AUTOIMMUNE NEUROPSYCHIATRIC DISORDERS ASSOCIATED WITH STREPTOCOCCAL INFECTION,26
LIGAMENT LAXITY,98
THROMBIN-ANTITHROMBIN III COMPLEX ABNORMAL,2
TRISOMY 14,5
ISCHAEMIC NEPHROPATHY,66
BENIGN BILIARY NEOPLASM,6
VASCULAR PAIN,936
MEDIASTINAL SHIFT,57
"SLEEP DISORDER DUE TO GENERAL MEDICAL CONDITION, HYPERSOMNIA TYPE",94
LABORATORY TEST,118
BLOOD THYROID STIMULATING HORMONE NORMAL,816
LUNG LOBECTOMY,265
MALIGNANT OVARIAN CYST,11
MEDIASTINOSCOPY,7
PROSTATE CANCER STAGE IV,3483
VAGINAL DYSPLASIA,53
CSF VIRUS IDENTIFIED,54
MASTOID EFFUSION,44
VERTEBRAL ARTERY HYPOPLASIA,39
MEDICATION RESIDUE PRESENT,4777
EYE INFECTION TOXOPLASMAL,334
ENDOMETRIAL ATROPHY,88
HEART BLOCK CONGENITAL,91
PHARYNGEAL POLYP,75
URINE KETONE BODY,145
CERVICAL CONISATION,60
HEPATO-LENTICULAR DEGENERATION,90
URINE COPPER INCREASED,31
ANORECTAL HUMAN PAPILLOMA VIRUS INFECTION,30
APPLICATION SITE ATROPHY,23
INTESTINAL STRANGULATION,123
CARDIAC FUNCTION DISTURBANCE POSTOPERATIVE,50
DUPUYTREN'S CONTRACTURE OPERATION,24
PRECEREBRAL ARTERY OCCLUSION,10
ENDOSCOPY ABNORMAL,82
MICROCOCCUS TEST POSITIVE,25
ANAL CANCER STAGE 0,25
CITRIC ACID URINE DECREASED,5
EXTRACORPOREAL SHOCK WAVE THERAPY,3
NEONATAL HYPOTENSION,252
EOSINOPHIL COUNT,102
ENTEROSTOMY CLOSURE,21
INCISIONAL HERNIA REPAIR,49
ANTIFUNGAL PROPHYLAXIS,2
AMALGAM TATTOO,2
ORAL NEOPLASM BENIGN,34
TONGUE GEOGRAPHIC,196
INFUSION SITE PARAESTHESIA,85
ABSCESS SOFT TISSUE,107
ARTHROTOMY,17
INFUSION SITE OEDEMA,780
POSTOPERATIVE THORACIC PROCEDURE COMPLICATION,67
ORGAN TRANSPLANT,76
VULVAL POLYP,6
TRANSITIONAL CELL CANCER OF THE RENAL PELVIS AND URETER LOCALISED,5
HIV PERIPHERAL NEUROPATHY,16
LANGERHANS' CELL HISTIOCYTOSIS,318
CYSTOCELE REPAIR,34
ATTENTION-SEEKING BEHAVIOUR,111
BANKRUPTCY,414
POVERTY,20
MALIGNANT GLIOMA,108
PANCREATIC STENT PLACEMENT,103
VOCAL CORD POLYPECTOMY,8
MYCOBACTERIUM KANSASII INFECTION,126
HIGH GRADE B-CELL LYMPHOMA BURKITT-LIKE LYMPHOMA,12
MUCINOUS CYSTADENOCARCINOMA OVARY,6
TONSILLAR ATROPHY,6
FEAR OF INJECTION,6888
GLOMERULONEPHRITIS CHRONIC,152
LAMINAPLASTY,11
INFUSION SITE SCAB,121
MILIARIA,1673
THERAPY CHANGE,9517
RETINOBLASTOMA,87
VENTRICULAR TACHYARRHYTHMIA,282
BEREAVEMENT,25
GENITAL LABIAL ADHESIONS,46
OTITIS MEDIA VIRAL,8
OPHTHALMIC HERPES ZOSTER,1764
DEAFNESS CONGENITAL,153
EAR CANAL ABRASION,9
MICROSOMIA,11
ADENOCARCINOMA OF THE CERVIX,130
BLOOD HIV RNA DECREASED,8
BABINSKI REFLEX TEST,2
FORCED EXPIRATORY VOLUME ABNORMAL,133
ABSCESS OF EXTERNAL AUDITORY MEATUS,7
URETERECTOMY,11
COCCYGECTOMY,15
ACQUIRED PHIMOSIS,109
HYPOPHOSPHATAEMIC RICKETS,24
URINE CALCIUM/CREATININE RATIO INCREASED,54
UVULECTOMY,12
INFANTILE ASTHMA,11
HYPOSPERMIA,33
TERATOSPERMIA,26
INSULIN RESISTANT DIABETES,92
COLD TYPE HAEMOLYTIC ANAEMIA,200
AQUEOUS HUMOUR LEAKAGE,23
PO2 ABNORMAL,38
PENILE ABSCESS,80
GRAFT HAEMORRHAGE,62
URETHROTOMY,8
ANAPLASTIC LARGE-CELL LYMPHOMA,236
CONFUSION POSTOPERATIVE,103
LIP REPAIR,7
PENOSCROTAL TRANSPOSITION,13
ANTERIOR CHAMBER PIGMENTATION,17
CONJUNCTIVAL BLEB,44
IRIS HAEMORRHAGE,38
CONGENITAL FLAT FEET,27
RHABDOMYOSARCOMA RECURRENT,31
BLADDER NECK OPERATION,17
NOTALGIA PARAESTHETICA,20
ADRENOCORTICAL STEROID THERAPY,6
ORTHODONTIC PROCEDURE,44
SLEEP DISORDER THERAPY,182
DIVERTICULUM GASTRIC,18
EXPOSURE TO EXTREME TEMPERATURE,164
HUERTHLE CELL CARCINOMA,47
URINE OUTPUT,53
INTESTINAL VILLI ATROPHY,391
DEVICE BATTERY ISSUE,638
COMPUTERISED TOMOGRAM KIDNEY ABNORMAL,18
BLOOD LACTATE DEHYDROGENASE,58
MONOCYTOPENIA,92
BLADDER TRANSITIONAL CELL CARCINOMA STAGE IV,11
BLADDER TELANGIECTASIA,5
LIPAEMIA RETINALIS,7
THYROID CANCER RECURRENT,113
BONE DEBRIDEMENT,47
CAROTID REVASCULARISATION,9
SKIN COSMETIC PROCEDURE,55
FRACTURE DEBRIDEMENT,15
BONE ATROPHY,137
CEREBROVASCULAR OPERATION,9
BACTERIAL TOXAEMIA,88
POLYMERASE CHAIN REACTION,82
RETINAL DEPIGMENTATION,260
ARTERITIS CORONARY,32
VASODILATION PROCEDURE,30
PERIPHERAL NERVE INFECTION,39
HEPATIC ARTERY STENOSIS,90
PELVI-URETERIC OBSTRUCTION,193
CEMENTOPLASTY,23
LUPUS HEPATITIS,21
BRAIN TERATOMA,14
IMPLANT SITE NODULE,29
TENOTOMY,100
TONGUE OPERATION,56
TRANSFERRIN DECREASED,180
PYOMYOSITIS,252
BRONCHITIS CHEMICAL,16
ENDOCARDIAL FIBROSIS,27
EAR SWELLING,2078
STRESS ECHOCARDIOGRAM ABNORMAL,22
FLAVIVIRUS TEST POSITIVE,5
CONGENITAL CYST,51
LYMPHANGIOSARCOMA,3
RED BLOOD CELL MORPHOLOGY ABNORMAL,114
DEFORMITY THORAX,124
REDUCED BLADDER CAPACITY,60
CONTRACTED BLADDER,74
JEJUNOSTOMY,155
UTERINE FISTULA,27
CHONDROSIS,17
N-TERMINAL PROHORMONE BRAIN NATRIURETIC PEPTIDE DECREASED,28
PTOSIS REPAIR,10
TERATOMA BENIGN,46
PERIPHERAL ARTERY ANGIOPLASTY,31
SEMEN VOLUME INCREASED,116
GOODPASTURE'S SYNDROME,92
CHOANAL ATRESIA,61
STAPES MOBILISATION,1
URETERAL STENT REMOVAL,35
T-CELL LYMPHOMA RECURRENT,45
ELECTROCARDIOGRAM AMBULATORY,33
PANCREATIC DUCT STENOSIS,76
IRIS CYST,18
NASAL MUCOSAL DISCOLOURATION,140
MYRINGOTOMY,45
HEAT CRAMPS,11
LUMBARISATION,9
MUSCLE RELAXANT THERAPY,17
RIB HYPOPLASIA,18
URINE LEUKOCYTE ESTERASE,53
TRISOMY 13,66
GROWTH HORMONE-PRODUCING PITUITARY TUMOUR,28
IRIS HYPOPIGMENTATION,84
HAEMOFILTRATION,185
ACROCHORDON EXCISION,26
HEPATITIS C RNA FLUCTUATION,19
FASCIAL INFECTION,39
BRAIN STEM THROMBOSIS,40
PNEUMONIA INFLUENZAL,1105
BONE MARROW LEUKAEMIC CELL INFILTRATION,65
BASAL GANGLION DEGENERATION,77
HAEMOSTASIS,139
SUBCHORIONIC HAEMORRHAGE,134
RED CELL DISTRIBUTION WIDTH DECREASED,433
DISTAL INTESTINAL OBSTRUCTION SYNDROME,321
INFUSION SITE HAEMATOMA,264
DESMOPLASTIC SMALL ROUND CELL TUMOUR,82
FELTY'S SYNDROME,127
LARGE INTESTINE BENIGN NEOPLASM,157
CONGENITAL AORTIC DILATATION,21
BLOOD PRESSURE SYSTOLIC ABNORMAL,2433
SLIPPING RIB SYNDROME,34
CONGENITAL ANOMALY OF INNER EAR,14
ILIAC ARTERY RUPTURE,34
HYPOTONIC URINARY BLADDER,101
T-CELL CHRONIC LYMPHOCYTIC LEUKAEMIA,13
TRACHEOBRONCHITIS MYCOPLASMAL,4
BORRELIA TEST POSITIVE,52
HENOCH-SCHONLEIN PURPURA NEPHRITIS,79
MESENTERIC VASCULAR INSUFFICIENCY,73
ANOREXIA AND BULIMIA SYNDROME,11
HAEMODIALYSIS-INDUCED SYMPTOM,7
PALPABLE PURPURA,220
CERVICAL NEURITIS,5
CRYSTAL URINE,118
PRECURSOR T-LYMPHOBLASTIC LYMPHOMA/LEUKAEMIA STAGE IV,3
SYMPATHOMIMETIC EFFECT,200
RETROPERITONEAL NEOPLASM METASTATIC,29
MAGNESIUM DEFICIENCY,425
VAGINITIS CHLAMYDIAL,15
BIOPSY TONGUE,28
CSF CULTURE POSITIVE,65
MYOGLOBINAEMIA,58
UTERINE TUMOUR EXCISION,7
OVARIAN INFECTION,1
PROTEIN C INCREASED,60
CARDIAC OUTPUT INCREASED,148
ELECTROCAUTERISATION,22
FEMALE GENITAL OPERATION,97
RECTAL POLYPECTOMY,17
KIDNEY CONTUSION,65
RETINAL IMPLANT,3
DILUTIONAL COAGULOPATHY,2
BILIARY NEOPLASM,59
BREAST CYST DRAINAGE,5
NECK PLASTIC SURGERY,5
SKIN IMPLANT,6
BED BUG INFESTATION,119
HEARING AID USER,402
METASTATIC UTERINE CANCER,100
TRANSAMINASES,54
BENIGN ANORECTAL NEOPLASM,21
MYOTONIC DYSTROPHY,73
RADIOTHERAPY TO THYROID,6
INTERMEDIATE UVEITIS,7
OCULAR SARCOIDOSIS,105
URINE CALCIUM,35
LYMPHOMA CUTIS,13
DIVERTICULAR FISTULA,26
NEUTROPHILIC DERMATOSIS,393
DECIDUAL CAST,45
RADIOACTIVE IODINE THERAPY,29
ERYSIPELOTHRIX INFECTION,12
PYLOROSPASM,20
PNEUMOTHORAX SPONTANEOUS,672
PITYRIASIS RUBRA PILARIS,202
ANTERIOR CHAMBER CLEAVAGE SYNDROME,41
CHROMOSOMAL DELETION,122
LEUKAEMIC RETINOPATHY,7
SKELETAL TRACTION,4
TOBACCO POISONING,75
BOWEL PREPARATION,12
CATHETERISATION VENOUS,51
ANTI-SS-A ANTIBODY POSITIVE,7
MUIR-TORRE SYNDROME,20
SEBACEOUS CARCINOMA,106
SCHISTOSOMIASIS LIVER,3
PATELLECTOMY,12
CAROTID SINUS SYNDROME,50
TYPICAL AURA WITHOUT HEADACHE,97
NAIL BED TENDERNESS,90
GALACTOSTASIS,40
DUODENECTOMY,15
BLOOD IMMUNOGLOBULIN M ABNORMAL,96
TROPICAL SPASTIC PARESIS,17
PHARYNGEAL FISTULA,30
TANGENTIALITY,110
BIOPSY HEART ABNORMAL,11
SIGMOIDECTOMY,96
ELECTROCARDIOGRAM ST-T SEGMENT ELEVATION,17
BILIRUBIN URINE,26
PRADER-WILLI SYNDROME,38
X-RAY GASTROINTESTINAL TRACT ABNORMAL,40
EPIDURITIS,6
PANCREATECTOMY,486
RECTAL CANCER RECURRENT,64
PERICARDITIS TUBERCULOUS,70
DIFFUSE ALOPECIA,1846
MESENTERIC ARTERY STENOSIS,91
TRABECULOPLASTY,33
OPHTHALMIC HERPES SIMPLEX,566
ANAL SPHINCTER HYPERTONIA,22
MACULAR OPACITY,18
GASTROINTESTINAL TELANGIECTASIA,31
RENAL FUSION ANOMALY,140
PELVIC DEFORMITY,110
PUBERTY,49
BAKER'S CYST EXCISION,10
DURAL FISTULA,2
REFLUX NEPHROPATHY,51
ORBITAL INFECTION,81
STASIS SYNDROME,18
LEUKOCYTE VACUOLISATION,13
FEMORAL HERNIA REPAIR,7
MUSCLE HERNIA,15
MUSCLE OPERATION,89
PERINEAL OPERATION,12
SPINAL CORPECTOMY,25
PALMOPLANTAR KERATODERMA,711
LIDDLE'S SYNDROME,5
RENAL TUMOUR EXCISION,38
HAND AMPUTATION,56
MENINGOCOCCAL BACTERAEMIA,82
UTERINE CERVICAL LACERATION,70
BLOOD GLUCAGON DECREASED,9
PSYCHOLOGICAL FACTOR AFFECTING MEDICAL CONDITION,37
ABDOMINAL WALL OPERATION,39
EPILEPSY CONGENITAL,40
DELIRIUM FEBRILE,79
PERICARDIAL EXCISION,63
DYSBACTERIOSIS,214
LISTERIA ENCEPHALITIS,93
DIABETIC KETOACIDOTIC HYPERGLYCAEMIC COMA,150
PERSONALITY DISORDER OF CHILDHOOD,7
STRAWBERRY TONGUE,37
CATHETER SITE EROSION,83
POSTERIOR SEGMENT OF EYE ANOMALY,4
GLOMERULONEPHRITIS ACUTE,139
TUBERCULOSIS LIVER,62
FIBROMUSCULAR DYSPLASIA,130
INFECTIVE ANEURYSM,472
PHLEBOSCLEROSIS,58
BIOPSY BLADDER ABNORMAL,6
BLADDER TRANSITIONAL CELL CARCINOMA METASTATIC,27
EXCESSIVE DIETARY SUPPLEMENT INTAKE,9
INTRATHECAL PUMP INSERTION,77
HEPATIC INFECTION BACTERIAL,63
SENSORY LEVEL NORMAL,2
BLOOD OESTROGEN ABNORMAL,153
ANEURYSMECTOMY,10
EPIDURAL ANALGESIA,32
CONGENITAL LARGE INTESTINAL ATRESIA,14
RECTAL ATRESIA,12
HAND-ARM VIBRATION SYNDROME,14
IRIS TRANSILLUMINATION DEFECT,169
SKIN NEOPLASM BLEEDING,48
UPPER RESPIRATORY TRACT INFECTION BACTERIAL,191
GLIAL SCAR,6
PROGRESSIVE FACIAL HEMIATROPHY,25
DILATATION INTRAHEPATIC DUCT CONGENITAL,8
DUCHENNE MUSCULAR DYSTROPHY,65
IMPLANT SITE CALCIFICATION,14
HEPATOSPLENOMEGALY NEONATAL,34
NEONATAL RESPIRATORY FAILURE,385
ECZEMA IMPETIGINOUS,32
LENS DISLOCATION,177
BLOOD IMMUNOGLOBULIN E ABNORMAL,85
DURAL ABSCESS,11
TONSIL CANCER METASTATIC,16
SERUM AMYLOID A PROTEIN INCREASED,149
VENOGRAM ABNORMAL,8
DIET NONCOMPLIANCE,358
CORONA VIRUS INFECTION,421
PROSTATIC DYSPLASIA,44
EXANTHEMA SUBITUM,27
URETHRAL ATROPHY,4
PRIMARY ADRENAL INSUFFICIENCY,283
SUBRETINAL HAEMATOMA,43
SPINAL EPIDURAL HAEMATOMA,557
CHOLESTEROSIS,50
THERMOANAESTHESIA,27
UTERINE CARCINOMA IN SITU,13
VITAMIN B6 DECREASED,221
BLOOD HEAVY METAL INCREASED,52
AORTICOPULMONARY SEPTAL DEFECT,28
HIV ASSOCIATED NEPHROPATHY,47
DIFFUSE LAMELLAR KERATITIS,40
CORNEAL STRIAE,62
ATRIAL RUPTURE,18
CEREBRAL CIRCULATORY FAILURE,44
COLONIC HAEMATOMA,54
BARIUM ENEMA ABNORMAL,4
DIABETIC GASTROPATHY,22
NECROBIOSIS LIPOIDICA DIABETICORUM,52
PROSTATIC CYST,26
MUSCLE NEOPLASM,43
INTERMITTENT EXPLOSIVE DISORDER,71
GASTRIC CANCER STAGE II,745
EPILEPTIC PSYCHOSIS,37
FACE PRESENTATION,45
CNS GERMINOMA,10
VASCULAR PSEUDOANEURYSM RUPTURED,206
HEPATIC ANGIOSARCOMA,70
BURSAL OPERATION,10
SUBCLAVIAN STEAL SYNDROME,36
NAIL BED INFECTION BACTERIAL,13
OTITIS EXTERNA BACTERIAL,25
GENITAL TRACT INFLAMMATION,178
PARASPINAL ABSCESS,139
HIGH RISK SEXUAL BEHAVIOUR,153
URINARY TRACT INFECTION VIRAL,90
VITH NERVE PARESIS,61
STENOTROPHOMONAS SEPSIS,76
BLOOD THYROID STIMULATING HORMONE,462
PNEUMONECTOMY,150
URINE SODIUM ABNORMAL,20
CARDIOSPASM,518
CARDIAC VALVE PROSTHESIS USER,14
GASTRIC ADENOMA,47
CARCINOGENICITY,241
BRONCHOGENIC CYST,19
NEUROSURGERY,156
CHONDROLYSIS,200
EOSINOPHIL COUNT ABNORMAL,684
ANTICIPATORY ANXIETY,253
CHOROID MELANOMA,85
MALIGNANT MELANOMA STAGE III,187
SALIVARY DUCT OBSTRUCTION,107
PHARYNGEAL HAEMATOMA,103
INFANTILE SPITTING UP,451
T-CELL DEPLETION,11
FAECALURIA,45
PNEUMATURIA,78
ALBUMIN URINE,28
RHEUMATOID FACTOR,97
URINE ARSENIC INCREASED,8
THYROID STIMULATING IMMUNOGLOBULIN INCREASED,77
SYSTEMIC SCLEROSIS PULMONARY,52
STROKE VOLUME DECREASED,16
PINEAL GLAND CYST,125
URINARY TRACT NEOPLASM,52
PRODUCT PACKAGE ASSOCIATED INJURY,2188
PROCTITIS HAEMORRHAGIC,62
TUMOUR EMBOLISM,152
RUBELLA ANTIBODY POSITIVE,27
EASTERN COOPERATIVE ONCOLOGY GROUP PERFORMANCE STATUS,90
"UMBILICAL HERNIA, OBSTRUCTIVE",34
ATYPICAL FIBROXANTHOMA,64
PERICARDITIS URAEMIC,39
"ACQUIRED HAEMOPHILIA WITH ANTI FVIII, XI, OR XIII",16
B-LYMPHOCYTE ABNORMALITIES,131
CALCIUM IONISED ABNORMAL,13
RETINAL CYST,137
TEETHING,276
PETROLEUM DISTILLATE POISONING,3
B-CELL LYMPHOMA STAGE III,24
LEUKOPENIA NEONATAL,49
ACTION TREMOR,156
RIB EXCISION,28
NECROBIOSIS,27
ACUTE HAEMOLYTIC TRANSFUSION REACTION,26
FIBRIN INCREASED,17
VESTIBULAR ATAXIA,24
HYPOCAPNIA,291
ANAESTHESIA REVERSAL,4
PROGRESSIVE EXTERNAL OPHTHALMOPLEGIA,105
SPINAL CORD HAEMORRHAGE,345
PLEUROPERITONEAL COMMUNICATION,131
PANIC DISORDER WITHOUT AGORAPHOBIA,8
ROSS SYNDROME,3
ANAPHYLACTOID SYNDROME OF PREGNANCY,73
BROWN TUMOUR,46
HYPERPARATHYROIDISM TERTIARY,58
OSTEODYSTROPHY,32
GALLSTONE ILEUS,31
RENAL SCAN ABNORMAL,55
CONGENITAL LYMPHOEDEMA,16
ACOUSTIC SHOCK,2
ASYMPTOMATIC HIV INFECTION,3
FOETAL WARFARIN SYNDROME,45
WOUND TREATMENT,117
CONTRAINDICATION TO VACCINATION,180
ATYPICAL FRACTURE,605
POST ABORTION COMPLICATION,18
PANCOAST'S SYNDROME,10
MENINGITIS COCCIDIOIDES,27
TRACHEAL DILATATION,18
THERAPEUTIC AGENT URINE POSITIVE,15
WARM TYPE HAEMOLYTIC ANAEMIA,74
TONGUE CANCER RECURRENT,34
BLOOD IMMUNOGLOBULIN E,24
OMENTECTOMY,32
INTERVENTRICULAR SEPTUM RUPTURE,48
INTESTINAL ANGINA,29
HYPOKALAEMIC SYNDROME,66
ADULT T-CELL LYMPHOMA/LEUKAEMIA RECURRENT,40
VENOUS ANEURYSM,34
PHYSICAL ABUSE,115
FIGHT IN SCHOOL,36
COPROLALIA,33
BLOOD ERYTHROPOIETIN ABNORMAL,52
INTRAOCULAR PRESSURE FLUCTUATION,162
BLOOD LOSS ANAEMIA NEONATAL,6
BLADDER STENOSIS,58
AIRWAY PEAK PRESSURE INCREASED,140
DACRYOCYSTORHINOSTOMY,22
CARDIAC VENTRICULOGRAM LEFT,4
CONGENITAL BRAIN DAMAGE,56
CONGENITAL TOXOPLASMOSIS,41
NEUTROPHIL CHEMOTAXIS ABNORMAL,4
ACUTE BIPHENOTYPIC LEUKAEMIA,84
OXALOSIS,71
PARATHYROID HAEMORRHAGE,11
OLFACTO GENITAL DYSPLASIA,8
BRONCHOALVEOLAR LAVAGE ABNORMAL,71
ANTI FACTOR VIII ANTIBODY TEST,40
EPIDIDYMITIS TUBERCULOUS,20
INCREASED STEROID ACTIVITY,16
URETERIC OPERATION,14
UNEMPLOYMENT,105
EXTUBATION,50
GASTROINTESTINAL TUBE REMOVAL,44
GASTROLITHIASIS,28
SYMPATHICOTONIA,9
HAEMOPHILUS TEST POSITIVE,106
TRICHOMEGALY,80
PARASITE STOOL TEST POSITIVE,31
TEMPERATURE DIFFERENCE OF EXTREMITIES,66
VULVAL CANCER METASTATIC,21
ACOUSTIC STIMULATION TESTS ABNORMAL,124
PARKINSONIAN CRISIS,90
SINUS TARSI SYNDROME,21
PSEUDOHYPONATRAEMIA,125
CELL-MEDIATED CYTOTOXICITY,46
PUNCTURE SITE REACTION,49
RASH SCARLATINIFORM,128
BASILAR ARTERY THROMBOSIS,151
ERYTHEMA ELEVATUM DIUTINUM,42
BILE OUTPUT DECREASED,20
RADIATION ASSOCIATED HAEMORRHAGE,56
TESTICULAR NECROSIS,33
PRODUCT CLOSURE REMOVAL DIFFICULT,985
ALBUMIN CSF INCREASED,8
ALPHA-2 MACROGLOBULIN INCREASED,5
RETINOSCHISIS,119
BLOOD ALCOHOL ABNORMAL,23
INSTILLATION SITE DISCOMFORT,131
FIBRIN D DIMER,30
LARYNGEAL INFLAMMATION,152
VASCULITIS GASTROINTESTINAL,74
ANTI-PLATELET ANTIBODY POSITIVE,67
IDEAS OF REFERENCE,66
PLASMODIUM FALCIPARUM INFECTION,74
ANALGESIC DRUG LEVEL BELOW THERAPEUTIC,8
PANCREATIC INFARCTION,11
PROGRESSIVE MUSCULAR ATROPHY,23
BLEPHAROCHALASIS,44
MALARIA ANTIBODY TEST POSITIVE,6
COMA URAEMIC,13
INCORRECT DOSAGE ADMINISTERED,4846
INJECTION SITE PHOTOSENSITIVITY REACTION,13
COMPENSATORY SWEATING,23
DRUG HALF-LIFE REDUCED,44
DIABETIC GLAUCOMA,32
BLOUNT'S DISEASE,9
MUCOCUTANEOUS RASH,120
CERVIX OEDEMA,29
ATHLETIC HEART SYNDROME,4
BREAST ANGIOSARCOMA,25
SEROLOGY POSITIVE,25
ACQUIRED HYDROCELE,75
ABDOMINAL WALL MASS,99
DEVICE TOXICITY,38
IMPLANT SITE HYPERTROPHY,9
EYE INFECTION SYPHILITIC,39
BOREDOM,290
HYPONATRAEMIC SYNDROME,306
CORNEAL FLAP COMPLICATION,15
EXPOSURE VIA INHALATION,209
PLEOMORPHIC ADENOMA,69
DIABETIC MICROANGIOPATHY,32
BENIGN PLEURAL NEOPLASM,6
UROGENITAL PROLAPSE,13
STOMACH LESION EXCISION,4
PROSTHESIS USER,66
POLYMENORRHAGIA,63
INSTILLATION SITE LACRIMATION,241
CANCER GENE CARRIER,15
BONE GIANT CELL TUMOUR MALIGNANT,54
TUMOUR FISTULISATION,60
ENDOMETRIOSIS ABLATION,32
PSEUDO-BARTTER SYNDROME,67
HERPES ZOSTER MENINGITIS,179
RED BLOOD CELL ANALYSIS ABNORMAL,49
MENINGITIS ENTEROCOCCAL,67
PRIMARY CILIARY DYSKINESIA,35
IVTH NERVE PARALYSIS,167
HAEMORRHAGIC URTICARIA,30
VENTILATION PERFUSION MISMATCH,257
PULMONARY ARTERIAL PRESSURE,36
DYSCALCULIA,194
WANDERING PACEMAKER,34
CALCIUM METABOLISM DISORDER,137
BURSA REMOVAL,66
URINARY TRACT OPERATION,63
PSEUDOSEPSIS,12
GASTROINTESTINAL MUCOSAL NECROSIS,116
ANGIOGRAM RETINA ABNORMAL,21
HAEMATIDROSIS,23
RADIATION ASSOCIATED PAIN,181
GASTROENTERITIS CLOSTRIDIAL,282
CONGENITAL BOWING OF LONG BONES,57
CEREBRAL ARTERIOVENOUS MALFORMATION HAEMORRHAGIC,29
GLOBULINURIA,4
HYPERPHOSPHATURIA,99
HUMAN ANTI-HUMAN ANTIBODY TEST,25
PATIENT ISOLATION,206
MESENTERIC ARTERIOSCLEROSIS,16
HEART VALVE STENOSIS,299
HUMAN EHRLICHIOSIS,165
HEART RATE,304
WINGED SCAPULA,33
BAND NEUTROPHIL COUNT INCREASED,96
PASSIVE SMOKING,25
ANTISOCIAL PERSONALITY DISORDER,85
SPERM ANALYSIS ABNORMAL,12
URINE BILIRUBIN DECREASED,20
CONGENITAL ECTOPIC BLADDER,36
EPISPADIAS,41
SYMPHYSIOLYSIS,49
BLOOD PH ABNORMAL,49
ENDOSCOPY UPPER GASTROINTESTINAL TRACT ABNORMAL,30
INTESTINAL MUCOSAL ATROPHY,72
COPPER DEFICIENCY,107
INTESTINAL FISTULA INFECTION,54
ISOIMMUNE HAEMOLYTIC DISEASE,35
MEDICAL DEVICE SITE REACTION,103
SUPERFICIAL SPREADING MELANOMA STAGE IV,6
EPISIOTOMY,14
FUNGAL CYSTITIS,62
FULL BLOOD COUNT NORMAL,10
IMMUNISATION,421
TRANSFUSION-ASSOCIATED DYSPNOEA,70
N-TELOPEPTIDE URINE ABNORMAL,2
HYDROCELE OPERATION,37
SWOLLEN TEAR DUCT,93
CARDIAC MONITORING,100
DIVERTICULUM OESOPHAGEAL,89
CRANIAL NERVE PARALYSIS,391
VICTIM OF ELDER ABUSE,13
PRIMARY AMYLOIDOSIS,238
CEREBRAL MALARIA,11
TRICHOMONIASIS,102
BONE MARROW TUMOUR CELL INFILTRATION,84
PRIMARY EFFUSION LYMPHOMA,70
DENTAL DISORDER PROPHYLAXIS,13
HBV-DNA POLYMERASE INCREASED,10
GASTROENTERITIS ADENOVIRUS,128
THYROID THERAPY,7
VULVOVAGINAL ADHESION,26
COLPOSCOPY ABNORMAL,13
PARALYTIC LAGOPHTHALMOS,9
EYE ULCER,562
OESOPHAGEAL VARICEAL LIGATION,61
SUPERNUMERARY NIPPLE,63
PHARYNGEAL CYST,99
LE CELLS,5
BIRTH MARK,184
REACTION TO PREVIOUS EXPOSURE TO ANY VACCINE,13
BURSAL FLUID ACCUMULATION,54
PERIPARTUM CARDIOMYOPATHY,140
ERYSIPELOID,28
LIVER INDURATION,20
SENILE ANKYLOSING VERTEBRAL HYPEROSTOSIS,10
ACHILLES TENDON DISCOMFORT,9
PERENNIAL ALLERGY,24
CONJUNCTIVAL VASCULAR DISORDER,12
PERITONEAL NEOPLASM,73
LACRIMAL DUCT PIGMENTATION,3
INSTILLATION SITE REACTION,1068
GASTRITIS VIRAL,104
LARYNGEAL HAEMORRHAGE,92
PATELLA REPLACEMENT,33
CALCIUM PHOSPHATE PRODUCT INCREASED,9
PREALBUMIN INCREASED,20
OVARIAN GRANULOSA-THECA CELL TUMOUR,7
NOCARDIA TEST POSITIVE,18
GLYCOGEN STORAGE DISEASE TYPE I,6
URTICARIA CHOLINERGIC,83
CONGENITAL MULTIPLEX ARTHROGRYPOSIS,164
VITAMIN E DEFICIENCY,37
PNEUMOCYSTIS JIROVECII INFECTION,1138
GALLBLADDER EMPYEMA,65
PRODUCT GEL FORMATION,114
VIRAL SKIN INFECTION,90
FLUID INTAKE RESTRICTION,81
ALLERGY TO VACCINE,290
HISTRIONIC PERSONALITY DISORDER,105
POLYMORPHIC ERUPTION OF PREGNANCY,27
RED BLOOD CELL ANISOCYTES PRESENT,9
NEONATAL MULTI-ORGAN FAILURE,38
CENTRAL NERVOUS SYSTEM ABSCESS,38
LID MARGIN DISCHARGE,25
CARDIAC PSEUDOANEURYSM,55
SPERMATOZOA PROGRESSIVE MOTILITY ABNORMAL,15
TESTICULAR OPERATION,43
PARANEOPLASTIC DERMATOMYOSITIS,86
BUDD-CHIARI SYNDROME,172
GASTRODUODENAL HAEMORRHAGE,119
HAEMOGLOBINAEMIA,142
URINE COTININE TEST POSITIVE,3
PLEURAL INFECTION BACTERIAL,35
KAPOSI'S SARCOMA AIDS RELATED,20
OCCUPATIONAL EXPOSURE TO DUST,48
PATIENT RESTRAINT,57
RETINAL LASER COAGULATION,22
HEMIANOPIA HETERONYMOUS,59
SUGGESTIBILITY,5
PLATELET DYSFUNCTION,275
PERIORBITAL DISORDER,152
INFUSION SITE MASS,991
ANTIFUNGAL TREATMENT,8
ERYTHROBLASTOSIS,31
CONGENITAL ANOMALY OF ADRENAL GLAND,8
SALIVARY GLAND CANCER RECURRENT,13
VITREOUS INJURY,26
VITREOUS LOSS,44
PSEUDOHYPERKALAEMIA,31
NECROTISING BRONCHIOLITIS,15
C-REACTIVE PROTEIN,865
SPINA BIFIDA CYSTICA,7
URINE CALCIUM DECREASED,54
HYPERURICOSURIA,31
TRIGEMINO-CARDIAC REFLEX,81
VASCULAR WALL HYPERTROPHY,54
URINE ALBUMIN/CREATININE RATIO INCREASED,424
MACULAR VASOSPASM,1
MICROGRAPHIA,31
MYOGLOBIN BLOOD,2
ENZYME ACTIVITY INCREASED,31
MYOGLOBIN BLOOD DECREASED,6
POSTRESUSCITATION ENCEPHALOPATHY,54
MUCOSA VESICLE,60
ANTICOAGULATION DRUG LEVEL,13
NEUROLOGIC NEGLECT SYNDROME,544
EUSTACHIAN TUBE STENOSIS,6
ADRENOMEGALY,190
VIIITH NERVE INJURY,60
MERYCISM,252
AQUEDUCTAL STENOSIS,33
POSTOPERATIVE RESPIRATORY FAILURE,103
TOBACCO INTERACTION,105
PUNCTURE SITE DISCHARGE,27
INJECTION SITE JOINT REDNESS,2
PLASMODIUM VIVAX INFECTION,22
NEONATAL HEPATOMEGALY,26
RED BLOOD CELL SEDIMENTATION RATE,271
PELVIC POUCH PROCEDURE,29
CHRONIC LYMPHOCYTIC LEUKAEMIA REFRACTORY,88
CARBOXYHAEMOGLOBIN INCREASED,37
TRABECULECTOMY,74
TUBERCULIN TEST,45
PROTHROMBIN CONSUMPTION TIME SHORTENED,1
URINE VISCOSITY ABNORMAL,20
SEMEN LIQUEFACTION ABNORMAL,10
OPHTHALMOLOGICAL EXAMINATION ABNORMAL,129
SPINAL SUBDURAL HAEMATOMA,129
SINUSITIS NONINFECTIVE,27
ABORTION SPONTANEOUS COMPLICATED,4
TOLOSA-HUNT SYNDROME,28
LARYNGECTOMY,66
INTESTINAL CONGESTION,89
IMMUNOLOGY TEST ABNORMAL,109
SINONASAL PAPILLOMA,29
PURPURA NON-THROMBOCYTOPENIC,59
CERVIX ERYTHEMA,12
VACCINATION SITE PAIN,559
DENTAL CLEANING,130
CELLULITIS STREPTOCOCCAL,119
ANTIBIOTIC PROPHYLAXIS,31
ADENOVIRAL HAEMORRHAGIC CYSTITIS,138
CIRCULATING ANTICOAGULANT,12
KAOLIN CEPHALIN CLOTTING TIME ABNORMAL,2
ANAL FISTULA INFECTION,138
MALIGNANT MELANOMA STAGE IV,260
BILE ACID MALABSORPTION,263
INSTILLATION SITE DRYNESS,128
HAEMATOCRIT,41
ACNE CONGLOBATA,66
UMBILICAL ERYTHEMA,54
CONGENITAL COAGULOPATHY,5
CONGENITAL TERATOMA,66
COLONIC ABSCESS,837
TRI-IODOTHYRONINE ABNORMAL,100
GLYCOSYLATED HAEMOGLOBIN,157
UNEVALUABLE INVESTIGATION,163
ACANTHOSIS NIGRICANS,145
BLOOD TEST,165
BLOOD PRESSURE AMBULATORY INCREASED,42
UNWANTED PREGNANCY,105
CULTURE THROAT POSITIVE,15
CAFFEINE CONSUMPTION,37
LARYNGITIS ALLERGIC,23
ANGIOSARCOMA NON-METASTATIC,1
PAPILLARY MUSCLE RUPTURE,47
HYPER IGE SYNDROME,110
HYPERVITAMINOSIS,103
SCLERAL CYST,11
HEPATIC CANCER RECURRENT,281
EPIPHYSES PREMATURE FUSION,282
HYPOPARATHYROIDISM SECONDARY,108
INFERTILITY TESTS,6
WEDGE RESECTION TOENAIL,9
INSTILLATION SITE PARAESTHESIA,42
BLOOD LACTIC ACID,118
RENAL ARTERY STENT REMOVAL,5
URETHRAL PERFORATION,39
UROGENITAL INFECTION BACTERIAL,42
NAIL PTERYGIUM,13
AMIMIA,66
PRESUMED OCULAR HISTOPLASMOSIS SYNDROME,16
BLOOD ANTIDIURETIC HORMONE DECREASED,18
FRONTAL SINUS OPERATION,20
HYGROMA COLLI,22
CORNEAL IMPLANT,20
VACCINATION ERROR,35
BLOOD GOLD INCREASED,2
PUNCTURE SITE INDURATION,19
ELECTIVE SURGERY,157
EYE MUSCLE OPERATION,16
EMPYEMA DRAINAGE,7
INTERNAL FIXATION OF SPINE,19
DECREASED BRONCHIAL SECRETION,36
APPLICATION SITE ODOUR,129
HIV TEST FALSE POSITIVE,29
VOLUME BLOOD INCREASED,42
SUBDURAL EMPYEMA,28
HYMENOLEPIASIS,7
CROSS INFECTION,10
LARYNGEAL DYSPLASIA,22
INFANT,11
PERSONALITY CHANGE DUE TO A GENERAL MEDICAL CONDITION,92
MEDICATION CRYSTALS IN URINE,11
FACIAL OPERATION,140
LYMPH NODE ABSCESS,83
SERONEGATIVE ARTHRITIS,1065
CROUP NONINFECTIOUS,4
INJECTION SITE JOINT SWELLING,43
AVOIDANT PERSONALITY DISORDER,40
RECTAL EXAMINATION ABNORMAL,8
URETHRAL OPERATION,44
INTERFERON ALPHA LEVEL,1
WEIGHT LOSS DIET,51
BLOOD IMMUNOGLOBULIN M,13
BENIGN ROLANDIC EPILEPSY,21
CORNEAL LEUKOMA,42
ADENOVIRAL HEPATITIS,156
BONE SARCOMA,40
BLEEDING TIME,6
BLOOD CALCIUM,12
BLOOD POTASSIUM,31
PHARYNGEAL EXUDATE,42
ENZYME LEVEL DECREASED,126
PFAPA SYNDROME,11
GRANULOMATOUS PNEUMONITIS,83
HYPOTHALAMIC PITUITARY ADRENAL AXIS SUPPRESSION,350
FOETAL-MATERNAL HAEMORRHAGE,35
NEONATAL PNEUMONIA,186
ANAESTHETIC COMPLICATION NEUROLOGICAL,825
DRUG DELIVERY DEVICE REMOVAL,10
NECROSIS OF ARTERY,35
ILIAC VEIN OCCLUSION,36
PREGNANCY OF UNKNOWN LOCATION,17
MECONIUM ILEUS,44
MATERNAL HYPERTENSION AFFECTING FOETUS,7
NASAL DECONGESTION THERAPY,4
MISCARRIAGE OF PARTNER,29
NEUROGLYCOPENIA,86
DIFFUSE LARGE B-CELL LYMPHOMA STAGE IV,274
CHEMICAL PERITONITIS,171
COAGULATION FACTOR X LEVEL INCREASED,19
MYRINGITIS,62
ANOMALOUS ATRIOVENTRICULAR EXCITATION,7
BLOOD TRYPSIN INCREASED,6
FACIOSCAPULOHUMERAL MUSCULAR DYSTROPHY,6
POST ABORTION HAEMORRHAGE,125
ORBITAL APEX SYNDROME,74
EXPOSURE TO MOULD,124
THROMBIN TIME SHORTENED,15
BLOOD TRIGLYCERIDES,33
JANUS KINASE 2 MUTATION,89
THORACIC CAVITY DRAINAGE,192
CENTRAL NERVOUS SYSTEM FUNGAL INFECTION,212
TOTAL LUNG CAPACITY ABNORMAL,361
AIRWAY PEAK PRESSURE,5
SMALL INTESTINE TRANSPLANT,8
POST-ANOXIC MYOCLONUS,42
PSEUDOALDOSTERONISM,169
EMERGENCY CARE EXAMINATION ABNORMAL,8
BIOPSY BLADDER,31
NECROTISING SCLERITIS,128
LIPIDURIA,26
NAIL TOXICITY,273
TRACHEAL MASS,56
SCRUB TYPHUS,12
UTERINE OBSTRUCTION,15
SPECIFIC GRAVITY URINE DECREASED,135
SPIDER NAEVUS,120
CERULOPLASMIN INCREASED,18
THELITIS,1
KORSAKOFF'S SYNDROME,28
FORAMEN MAGNUM STENOSIS,85
NEUROBLASTOMA RECURRENT,178
PROTHROMBIN CONSUMPTION TIME PROLONGED,15
BURNS FOURTH DEGREE,26
GONADOTROPHIN DEFICIENCY,27
FREE FATTY ACIDS ABNORMAL,1
CREATININE URINE DECREASED,133
MALIGNANT ANORECTAL NEOPLASM,64
GANGLIONEUROMA,51
VASOACTIVE INTESTINAL POLYPEPTIDE INCREASED,9
TRISOMY 8,38
AMPUTATION OF PENIS,11
BLOOD CHROMIUM,3
ANGIOTENSIN CONVERTING ENZYME DECREASED,10
SCHIZOAFFECTIVE DISORDER DEPRESSIVE TYPE,34
UPPER AIRWAY RESISTANCE SYNDROME,36
URINE COPPER DECREASED,5
ATRIOVENTRICULAR CONDUCTION TIME SHORTENED,16
BLOOD PYRUVIC ACID INCREASED,20
CHLOROPSIA,106
POSTPERICARDIOTOMY SYNDROME,20
RASH MACULOVESICULAR,42
ANTI-CYCLIC CITRULLINATED PEPTIDE ANTIBODY,659
ANTIBIOTIC LEVEL BELOW THERAPEUTIC,92
KINEMATIC IMBALANCES DUE TO SUBOCCIPITAL STRAIN,23
BILEVEL POSITIVE AIRWAY PRESSURE,83
ANTI FACTOR X ANTIBODY POSITIVE,11
AUTOPSY,12
MELANOSIS,85
ENCEPHALITIS AUTOIMMUNE,1264
TRACHEOSTOMY INFECTION,108
SUNCT SYNDROME,17
INJECTION SITE JOINT MOVEMENT IMPAIRMENT,8
BLOOD KETONE BODY,274
DIABETES WITH HYPEROSMOLARITY,26
CENTRAL-ALVEOLAR HYPOVENTILATION,22
DENTAL EXAMINATION,6
LEPROMATOUS LEPROSY,66
PSEUDOPARALYSIS,32
TUBULOINTERSTITIAL NEPHRITIS AND UVEITIS SYNDROME,228
EOSINOPHILIC CYSTITIS,77
ARTERIOVENOUS FISTULA SITE HAEMORRHAGE,155
PNEUMONIA TOXOPLASMAL,16
HYPOTELORISM OF ORBIT,41
FULMINANT TYPE 1 DIABETES MELLITUS,1007
NARCISSISTIC PERSONALITY DISORDER,34
FALSE NEGATIVE PREGNANCY TEST,23
SCHISTOSOMIASIS,48
ANAL SPHINCTEROTOMY,13
NERVE ROOT INJURY CERVICAL,18
BLADDER NECK SCLEROSIS,5
ALLERGIC CYSTITIS,2
URETHRAL ATRESIA,20
ACNE FULMINANS,172
PUNCTURE SITE INFECTION,46
XANTHOGRANULOMA,62
PROSTATITIS ESCHERICHIA COLI,40
ARTERIOVENOUS GRAFT,22
HODGKIN'S DISEASE STAGE III,36
ENTERITIS LEUKOPENIC,5
HEAD AND NECK CANCER METASTATIC,42
CONGENITAL ABSENCE OF BILE DUCTS,52
PARATHYROID TUMOUR MALIGNANT,116
SUBDURAL HAEMATOMA EVACUATION,56
SOLAR URTICARIA,109
NEOPLASM OF ORBIT,30
CARDIAC SIDEROSIS,19
REACTIVE PSYCHOSIS,40
DELAYED SLEEP PHASE,62
BLOOD CAFFEINE INCREASED,39
DERMAL ABSORPTION IMPAIRED,273
INTELLIGENCE INCREASED,11
NUCLEAR MAGNETIC RESONANCE IMAGING BRAIN,7
MEDULLOBLASTOMA RECURRENT,81
SPLEEN SCAN ABNORMAL,25
GALACTOSE INTOLERANCE,5
PAGET-SCHROETTER SYNDROME,14
MAXILLOFACIAL OPERATION,45
GASTROINTESTINAL STOMA NECROSIS,34
VENOUS PRESSURE JUGULAR DECREASED,28
"FEMORAL HERNIA, OBSTRUCTIVE",6
DIASTOLIC HYPOTENSION,145
TATTOO EXCISION,6
PERITONEAL MESOTHELIOMA MALIGNANT,174
NAIL PIGMENTATION,208
VENOUS ULCER PAIN,8
HYPEROXIA,33
BELL'S PHENOMENON,6
HYPOSIDERAEMIA,59
IMPLANT SITE CYST,24
CEREBRAL SEPTIC INFARCT,2
CSF WHITE BLOOD CELL COUNT POSITIVE,29
BLADDER INSTILLATION PROCEDURE,26
INSTILLATION SITE WARMTH,9
TESTICULAR SEMINOMA (PURE),93
SPLENIC INFECTION,66
TESTIS DISCOMFORT,82
SECONDARY TRANSMISSION,19
EARLY MENARCHE,6
PENILE DISCHARGE,207
BLOOD TESTOSTERONE FREE ABNORMAL,9
OSTEOARTHROPATHY,59
MYOSITIS OSSIFICANS,40
STERILISATION,19
ILLITERACY,133
PREMENSTRUAL PAIN,122
PREDISPOSITION TO DISEASE,8
COMPLEMENT FACTOR C3 DECREASED,186
BLOOD GONADOTROPHIN INCREASED,20
IMPLANT SITE PAPULES,16
MENARCHE,17
TESTICULAR HYPERTROPHY,37
HAEMORRHAGE NEONATAL,36
AUTOANTIBODY TEST,13
RETRACTED NIPPLE,77
CORYNEBACTERIUM SEPSIS,59
RETROVIRAL REBOUND SYNDROME,20
APICECTOMY,18
URINARY TRACT INFECTION NEONATAL,41
MACROANGIOPATHY,115
ACUTE RIGHT VENTRICULAR FAILURE,144
SPINAL MYELOGRAM,8
COAGULATION TEST NORMAL,2
RHINITIS ATROPHIC,25
FOETAL PLACENTAL THROMBOSIS,78
TISSUE ANOXIA,6
URETHRAL MEATUS STENOSIS,40
VISUAL TRACKING TEST ABNORMAL,21
OPHTHALMOLOGICAL EXAMINATION,11
PYROGLUTAMATE INCREASED,121
DIAPHRAGM MUSCLE WEAKNESS,133
SPEECH REHABILITATION,33
BENIGN MESENTERIC NEOPLASM,7
NON-SMALL CELL LUNG CANCER STAGE III,28
RATHKE'S CLEFT CYST,58
NATURAL KILLER T CELL COUNT INCREASED,10
SELECTIVE IGA IMMUNODEFICIENCY,121
THROMBOCYTOPENIA-ABSENT RADIUS SYNDROME,9
CONGENITAL LARYNGEAL STRIDOR,26
EYEBALL RUPTURE,7
OXYGEN SATURATION NORMAL,17
BLOOD URINE ABSENT,2
HEPATITIS B DNA DECREASED,7
LARGE INTESTINAL OBSTRUCTION REDUCTION,3
HEPARIN-INDUCED THROMBOCYTOPENIA TEST POSITIVE,75
URETERAL SPASM,9
IDIOPATHIC NEUTROPENIA,21
SCROTAL HAEMATOCOELE,62
OPTICAL COHERENCE TOMOGRAPHY,10
IMMUNOLOGY TEST,11
CONGENITAL CORNEAL ANOMALY,2
MICROENCEPHALY,28
LEVATOR SYNDROME,36
PERICARDITIS INFECTIVE,108
MATERNAL DISTRESS DURING LABOUR,17
DEVICE ALLERGY,250
REFUSAL OF EXAMINATION,101
RADICAL CYSTECTOMY,35
SELECTIVE MUTISM,74
NEUROMUSCULAR TOXICITY,333
X-LINKED LYMPHOPROLIFERATIVE SYNDROME,33
PNEUMONIA PARAINFLUENZAE VIRAL,150
EPITHELIOID SARCOMA,25
PROTEIN S INCREASED,21
PLATELET FACTOR 4 INCREASED,3
VAGINAL OEDEMA,39
BLOOD ERYTHROPOIETIN DECREASED,42
CHLAMYDIA TEST,1
PREGNANCY TEST,13
TOE WALKING,109
NEONATAL THYROTOXICOSIS,23
BILE DUCT NECROSIS,27
BACTERIAL PERICARDITIS,52
CERVIX CERCLAGE PROCEDURE,68
TENDON TRANSFER,32
CRANIECTOMY,66
URINARY TRACT INJURY,41
GLUCOSE-6-PHOSPHATE DEHYDROGENASE,2
BLOOD METHAEMOGLOBIN PRESENT,39
HEPARIN-INDUCED THROMBOCYTOPENIA TEST,39
CERVIX ADENOMATOUS POLYP,4
DUODENAL SCARRING,2
PARINAUD SYNDROME,28
ABDOMINAL TRANSPOSITION,22
URINARY GLYCOSAMINOGLYCANS INCREASED,26
ANTI FACTOR V ANTIBODY POSITIVE,26
BENIGN NEOPLASM OF URETER,5
SUBRETINAL FIBROSIS,117
VITREOUS HAEMATOMA,6
VARICOSE VEINS PELVIC,30
LEUKAEMIA MONOCYTIC,19
DEVICE INFORMATION OUTPUT ISSUE,7212
LARYNGOTRACHEAL OEDEMA,31
CARDIOACTIVE DRUG LEVEL BELOW THERAPEUTIC,6
INTRACARDIAC MASS,146
URETHRAL DILATATION,43
INFECTED LYMPHOCELE,60
CSF GLUCOSE ABNORMAL,15
CSF PROTEIN ABNORMAL,29
MALIGNANT PALATE NEOPLASM,55
MYCOBACTERIUM ULCERANS INFECTION,51
GOITRE CONGENITAL,28
SPIROCHAETAL INFECTION,41
TREPOPNOEA,6
NEUROLYSIS,27
ELECTROCARDIOGRAM P PULMONALE,8
PANCREATIC NEUROENDOCRINE TUMOUR METASTATIC,224
GASTRITIS FUNGAL,91
OVARIAN FIBROMA,45
PHENYLKETONURIA,38
URETHRAL REPAIR,32
FUNISITIS,31
SOFT TISSUE NEOPLASM,111
ACUTE VESTIBULAR SYNDROME,54
THYROID MALFORMATION,3
CYTOKINE STORM,613
VENTRICULAR ASYSTOLE,124
URTICARIA PRESSURE,55
SCIATIC NERVE PALSY,64
NIH STROKE SCALE ABNORMAL,30
LYMPHANGIECTASIA INTESTINAL,41
PERONEAL NERVE INJURY,91
ANEURYSMAL BONE CYST,24
BONE GIANT CELL TUMOUR BENIGN,56
CONJUNCTIVAL GRANULOMA,26
EXFOLIATION GLAUCOMA,28
VENOUS LAKE,2
AEROMONAS TEST POSITIVE,31
AUTOIMMUNE INNER EAR DISEASE,25
PROPIONIBACTERIUM INFECTION,85
PLATELET FUNCTION TEST NORMAL,2
PENILE PROSTHESIS INSERTION,33
CHRONIC PIGMENTED PURPURA,192
UVULOPALATOPHARYNGOPLASTY,21
TOOTH PULP HAEMORRHAGE,43
FETISHISM,2
MOOD DISORDER DUE TO A GENERAL MEDICAL CONDITION,164
VICTIM OF CHEMICAL SUBMISSION,579
VESTIBULAR NYSTAGMUS,25
DEVICE INVERSION,68
THORACIC OUTLET SYNDROME,198
PACEMAKER SYNDROME,11
APPLICATION SITE ABSCESS,38
CHEMOTHERAPY TOXICITY ATTENUATION,28
INTESTINAL FIBROSIS,216
FRACTURED SKULL DEPRESSED,13
BLOOD PHOSPHORUS,11
SPINAL MUSCULAR ATROPHY,241
CHEMOTHERAPEUTIC DRUG LEVEL ABOVE THERAPEUTIC,51
TACITURNITY,75
BLOOD SMEAR TEST ABNORMAL,40
ACUTE FOCAL BACTERIAL NEPHRITIS,15
FOETAL MONITORING ABNORMAL,159
ALAGILLE SYNDROME,11
MIRROR SYNDROME,9
ALPHA 2 GLOBULIN DECREASED,16
IRON BINDING CAPACITY TOTAL DECREASED,160
URINE URIC ACID INCREASED,55
ABO INCOMPATIBILITY,36
BLINDNESS CONGENITAL,31
VON WILLEBRAND'S FACTOR INHIBITION,33
MELAS SYNDROME,196
VAGINAL SEPTUM,1
GIANT CELL TUMOUR OF TENDON SHEATH,35
SUBVALVULAR AORTIC STENOSIS,25
OXYGEN SATURATION IMMEASURABLE,80
SPHEROCYTIC ANAEMIA,45
SPINAL CORD HERNIATION,127
INFECTIOUS THYROIDITIS,101
LIMB REATTACHMENT SURGERY,5
TEAR DISCOLOURATION,36
NOCTURNAL FEAR,125
CORTICAL DYSPLASIA,53
EXPIRATORY RESERVE VOLUME INCREASED,3
CONGENITAL DEFORMITY OF CLAVICLE,5
GLUTAMATE DEHYDROGENASE INCREASED,70
CLUTTERING,4
THROMBOEMBOLECTOMY,69
BENIGN NEOPLASM OF EYE,40
METASTATIC CUTANEOUS CROHN'S DISEASE,57
PLATELET ADHESIVENESS INCREASED,11
POSTURAL TREMOR,285
SECRETION GASTRIC ABSENT,3
BLOOD IMMUNOGLOBULIN G ABNORMAL,151
CD4 LYMPHOCYTES,5
BLOOD ARSENIC INCREASED,27
PANCREAS ISLET CELL TRANSPLANT,17
ADRENERGIC SYNDROME,71
TRISOMY 17,12
SUBCLAVIAN ARTERY EMBOLISM,19
SUBCLAVIAN ARTERY THROMBOSIS,82
VISCERAL PAIN,80
GENITAL INJURY,116
DIABETIC ENDORGAN DAMAGE,12
URETERIC PERFORATION,39
HEPATITIS C RNA,43
SPLENITIS,110
CORNEAL EPITHELIAL MICROCYSTS,152
PROSTATIC MASS,107
HYPEREXPLEXIA,51
ULTRASOUND ABDOMEN ABNORMAL,72
OTOACOUSTIC EMISSIONS TEST ABNORMAL,5
PEAK EXPIRATORY FLOW RATE INCREASED,17
PENOSCROTAL FUSION,32
LABYRINTHINE FISTULA,14
CARCINOID TUMOUR OF THE SMALL BOWEL,83
UTERINE CERVIX ULCER,11
PHALANGEAL AGENESIS,26
CONJUNCTIVAL FOLLICLES,27
ARTIFICIAL BLADDER IMPLANTATION,1
GENERAL ANAESTHESIA,419
PSEUDOVASCULITIS,8
PROCTITIS FUNGAL,6
MILK SOY PROTEIN INTOLERANCE,20
ANGIOGRAM PERIPHERAL ABNORMAL,6
SPINOCEREBELLAR DISORDER,41
BENIGN CONGENITAL HYPOTONIA,24
CONGENITAL URETHRAL ANOMALY,26
HYPOPIGMENTATION OF EYELID,18
PIGMENT NEPHROPATHY,76
CRYPTOCOCCAL FUNGAEMIA,126
COXIELLA TEST POSITIVE,3
BLOOD PRESSURE ORTHOSTATIC INCREASED,18
VAGINAL NEOPLASM,57
BENIGN TUMOUR EXCISION,73
FAECAL CALPROTECTIN INCREASED,3077
BLOOD CANNABINOIDS INCREASED,14
VOCAL CORD CYST,76
OESOPHAGOGASTRODUODENOSCOPY ABNORMAL,28
"BLOOD 1,25-DIHYDROXYCHOLECALCIFEROL DECREASED",65
EXOPHTHALMOS CONGENITAL,6
DEVICE USE ERROR,33630
ANTIGLIADIN ANTIBODY POSITIVE,16
MESENTERIC FIBROSIS,11
MUCKLE-WELLS SYNDROME,41
BENIGN EAR NEOPLASM,46
LYSSAVIRUS TEST POSITIVE,1
PELVIC FLOOR DYSSYNERGIA,36
LIMB HYPOPLASIA CONGENITAL,95
GRAFT DELAMINATION,27
GRAFT OVERGROWTH,18
NERVE STIMULATION TEST ABNORMAL,26
MEDIASTINAL FIBROSIS,32
ELECTROCARDIOGRAM,41
LACK OF SATIETY,216
POSTOPERATIVE HETEROTOPIC CALCIFICATION,21
FACTOR II MUTATION,19
URETHRAL DILATION PROCEDURE,13
ECTROPION OF CERVIX,37
ANAPLASTIC OLIGODENDROGLIOMA,19
TRANSFERRIN SATURATION,17
ALBUMIN GLOBULIN RATIO INCREASED,121
NON-HIGH-DENSITY LIPOPROTEIN CHOLESTEROL INCREASED,258
HYPONATRAEMIC SEIZURE,251
RED CELL FRAGMENTATION SYNDROME,48
FIBRIN D DIMER DECREASED,29
PULMONARY OIL MICROEMBOLISM,107
EMERGENCY CARE EXAMINATION,653
ST. LOUIS ENCEPHALITIS,5
VIBRATION TEST ABNORMAL,26
VITAMIN B6 INCREASED,184
MENTAL STATUS CHANGES POSTOPERATIVE,79
ARACHNOPHOBIA,5
LIGHT CHAIN ANALYSIS ABNORMAL,191
PSYCHOGENIC ERECTILE DYSFUNCTION,15
ANAL SPASM,63
EYE IRRIGATION,16
TRAUMATIC SHOCK,78
LACRIMAL GLAND OPERATION,7
SEQUESTRECTOMY,164
NEUTROPHIL MORPHOLOGY ABNORMAL,36
NEUTROPHIL PELGER-HUET ANOMALY PRESENT,103
MITOCHONDRIAL DNA DELETION,10
CULTURE,7
ISCHIORECTAL HERNIA,17
EAR CANAL ERYTHEMA,46
CHEST WALL NECROSIS,9
ELSCHNIG'S BODIES,13
UVULITIS,78
BENIGN GASTROINTESTINAL NEOPLASM,66
RETROPERITONEAL CANCER,64
OVARIAN ATROPHY,34
METASTASES TO NERVOUS SYSTEM,150
CALCIFICATION METASTATIC,75
DYSTROPHIC CALCIFICATION,87
INTRAOSSEOUS ANGIOMA,3
PROSTATIC ACID PHOSPHATASE INCREASED,3
BREAST INJURY,139
GLYCOGEN STORAGE DISEASE TYPE II,70
FAILED INDUCTION OF LABOUR,132
BLOOD IMMUNOGLOBULIN G,27
TERMINAL DRIBBLING,34
ADRENAL CALCIFICATION,17
SPHINGOMONAS PAUCIMOBILIS INFECTION,44
OVARIAN CANCER STAGE II,116
PHARYNGEAL STENOSIS,71
ALCOHOL DETOXIFICATION,60
ALVEOLAR LUNG DISEASE,189
INCISION SITE PRURITUS,74
APICAL GRANULOMA,40
BLISTER RUPTURE,726
VARICELLA ZOSTER PNEUMONIA,165
HAEMATOTYMPANUM,79
NEUROSYPHILIS,134
ORAL CAVITY NEOPLASM SURGERY,2
21-HYDROXYLASE DEFICIENCY,8
PULMONARY PHYSICAL EXAMINATION ABNORMAL,26
ANTI-INTERFERON ANTIBODY POSITIVE,99
LYMPH NODES SCAN ABNORMAL,103
CELLULITIS ENTEROCOCCAL,21
HYPOPHARYNGEAL NEOPLASM,7
GLOSSOPHARYNGEAL NERVE PARALYSIS,33
VIIITH NERVE LESION,19
VAGUS NERVE PARALYSIS,23
ANORECTAL STENOSIS,39
RHESUS HAEMOLYTIC DISEASE OF NEWBORN,10
LARGE CELL LUNG CANCER,23
GASTROINTESTINAL MUCOSAL EXFOLIATION,106
HERPES SIMPLEX HEPATITIS,218
GASTRIC ATONY,32
METHYLOBACTERIUM INFECTION,3
NEONATAL COMPLICATIONS OF SUBSTANCE ABUSE,12
TESTICULAR SEMINOMA (PURE) STAGE III,1
APPLICATION SITE PALLOR,29
PARANASAL SINUS MUCOSAL HYPERTROPHY,103
PERIPHERAL ARTERIAL REOCCLUSION,11
BASE EXCESS INCREASED,57
PROCTOPARALYSIS,5
CIRCUMCISION,120
CONGENITAL ACROCHORDON,45
B-CELL LYMPHOMA STAGE II,13
MENINGITIS STREPTOCOCCAL,128
HERPANGINA,68
BASOPHIL PERCENTAGE DECREASED,32
SINUS POLYP DEGENERATION,26
CONGENITAL HEPATOBILIARY ANOMALY,18
RENAL AND PANCREAS TRANSPLANT REJECTION,27
INFUSION SITE FIBROSIS,17
CONGENITAL PSEUDARTHROSIS,8
INJURY TO BRACHIAL PLEXUS DUE TO BIRTH TRAUMA,14
CUTANEOUS AMYLOIDOSIS,76
LACRIMAL STRUCTURAL DISORDER,31
GLAUCOMATOCYCLITIC CRISES,14
CORYNEBACTERIUM TEST NEGATIVE,2
OSTEOSYNTHESIS,67
FUNDOSCOPY ABNORMAL,65
CHRONIC INFANTILE NEUROLOGICAL CUTANEOUS AND ARTICULAR SYNDROME,16
GASTRIC STAPLING,11
ORBITOTOMY,6
UMBILICAL GRANULOMA,14
IRIDODONESIS,4
FUNCTIONAL RESIDUAL CAPACITY DECREASED,47
ACQUIRED PROTEIN S DEFICIENCY,11
COAGULATION FACTOR VIII LEVEL INCREASED,77
HYPERPATHIA,36
BRAIN NATRIURETIC PEPTIDE ABNORMAL,192
BLOOD ANTIDIURETIC HORMONE ABNORMAL,11
BASILAR MIGRAINE,48
TRISOMY 22,10
CAUTERY TO NOSE,39
"REPRODUCTIVE TRACT HYPOPLASIA, MALE",18
UMBILICAL CORD COMPRESSION,29
RED BLOOD CELL MORPHOLOGY NORMAL,1
AORTIC ANEURYSM REPAIR,88
EPIDURAL FIBROSIS,10
ISCHAEMIC LIMB PAIN,47
VULVAR DYSPLASIA,83
CHOLERA,34
MULTI-VITAMIN DEFICIENCY,37
SUBDIAPHRAGMATIC ABSCESS,78
ANDROPAUSE,50
INFERIORITY COMPLEX,30
CHOLESTEATOMA REMOVAL,4
KERATOSIS OBTURANS,3
BETA-N-ACETYL-D-GLUCOSAMINIDASE,2
CRYOPYRIN ASSOCIATED PERIODIC SYNDROME,189
CARPAL COLLAPSE,9
TRAUMATIC ULCER,45
B-CELL LYMPHOMA STAGE I,21
PERIODONTAL INFLAMMATION,38
INCISION SITE VESICLES,72
OPTIC GLIOMA,99
TWIDDLER'S SYNDROME,19
LUNG SQUAMOUS CELL CARCINOMA METASTATIC,67
MOSAICISM,17
RECTOCELE REPAIR,39
FALSE LABOUR,27
VENOUS STENT INSERTION,60
NEURORRHAPHY,9
RADICAL NECK DISSECTION,10
SOFT TISSUE FLAP OPERATION,15
BRONCHIAL ULCERATION,26
OTOSALPINGITIS,21
TRAUMATIC ARTHRITIS,33
ADJUSTMENT DISORDER WITH MIXED DISTURBANCE OF EMOTION AND CONDUCT,16
STRANGULATED HERNIA REPAIR,4
ARTICULAR DISC DISORDER,24
URETHRAL PROLAPSE,47
MENINGIOMA MALIGNANT,48
MITOCHONDRIAL DNA DEPLETION,17
VITAMIN B6 DEFICIENCY,218
DOLICHOCOLON,73
LEGIONELLA TEST POSITIVE,23
EYE NAEVUS,96
RENAL VEIN OCCLUSION,11
AGONAL RHYTHM,49
CONGENITAL CEREBELLAR AGENESIS,28
INFUSION SITE EROSION,35
EMPHYSEMATOUS CYSTITIS,199
LISSENCEPHALY,35
PRIMARY MEDIASTINAL LARGE B-CELL LYMPHOMA REFRACTORY,5
VASCULAR SHUNT,43
XXXY SYNDROME,1
ERYTHROPLASIA,5
PLEURAL MESOTHELIOMA MALIGNANT,278
GASTROINTESTINAL STROMAL CANCER,42
SKIN GRAFT SCAR,7
COAGULATION FACTOR V LEVEL INCREASED,20
BENCE JONES PROTEINURIA,23
UREAPLASMA INFECTION,386
FALLOPIAN TUBE OBSTRUCTION,61
PANCREATOBILIARY SPHINCTEROTOMY,8
CEREBRAL ATAXIA,32
PARASITE BLOOD TEST POSITIVE,29
TUBERCULOSIS OF INTRATHORACIC LYMPH NODES,13
URETEROSCOPY,6
PULMONARY ARTERY WALL HYPERTROPHY,17
FEAR OF CROWDED PLACES,57
TOOTH ANKYLOSIS,11
DEPRESSION POSTOPERATIVE,28
ERYTHRASMA,26
IMMUNE-MEDIATED NECROTISING MYOPATHY,540
GALACTOCELE,3
CSF LYMPHOCYTE COUNT INCREASED,44
CSF MONOCYTE COUNT INCREASED,1
BILE DUCT ADENOCARCINOMA,60
BIOPSY ENDOMETRIUM,23
CHRONIC SPONTANEOUS URTICARIA,1088
PHONOLOGICAL DISORDER,6
BREAST FIBROMA,27
FOOT AND MOUTH DISEASE,52
"DRUG DEPENDENCE, ANTEPARTUM",47
DERMAL SINUS,45
COLON CANCER STAGE I,144
VASCULAR STENT INSERTION,85
RETINOPEXY,52
CARCINOID TUMOUR OF THE DUODENUM,17
PSEUDOPOLYPOSIS,124
BILIARY CAST SYNDROME,7
OCULAR SURFACE DISEASE,251
PARTIAL LUNG RESECTION,37
GALLBLADDER CANCER STAGE I,29
ERYTHEMA TOXICUM NEONATORUM,8
RENAL CELL CARCINOMA STAGE II,15
MALE GENITAL TRACT TUBERCULOSIS,7
FUMBLING,90
DIFFUSE PANBRONCHIOLITIS,42
HEAD LAG ABNORMAL,16
SOMATOFORM DISORDER NEUROLOGIC,6
NON-SMALL CELL LUNG CANCER STAGE IIIB,28
ALVEOLOPLASTY,9
EAR TUBE REMOVAL,25
MASTOIDECTOMY,27
CYTOMEGALOVIRUS SYNDROME,147
NECROLYTIC MIGRATORY ERYTHEMA,33
DEVELOPMENTAL COORDINATION DISORDER,115
PROLACTIN-PRODUCING PITUITARY TUMOUR,187
INTRA-CEREBRAL ANEURYSM OPERATION,26
ALPHA-1 ANTI-TRYPSIN DEFICIENCY,59
NONINFECTIVE BRONCHITIS,19
STERNOTOMY,29
NON-HODGKIN'S LYMPHOMA STAGE II,44
DERMATOLOGIC EXAMINATION ABNORMAL,18
COLD EXPOSURE INJURY,13
FEMORAL PULSE ABNORMAL,12
PANCREATIC CARCINOMA STAGE I,465
SPUTUM DECREASED,40
BIOPSY ENDOMETRIUM ABNORMAL,9
MEGAKARYOCYTES DECREASED,58
TRANSFUSION-RELATED CIRCULATORY OVERLOAD,232
CEREBRAL FUNGAL INFECTION,225
DIFFERENTIAL WHITE BLOOD CELL COUNT NORMAL,2
CHEMICAL SUBMISSION,244
CARDIAC PACEMAKER EVALUATION,19
HERPES SIMPLEX MENINGITIS,71
MALIGNANT TRANSFORMATION,424
EXTRASKELETAL MYXOID CHONDROSARCOMA,11
HERPES SIMPLEX DNA TEST POSITIVE,4
ACQUIRED CARDIAC SEPTAL DEFECT,44
HAEMORRHAGE SUBEPIDERMAL,35
MENINGITIS STAPHYLOCOCCAL,105
BRONCHIAL LESION EXCISION,3
LIPOINJECTION,6
URINE OXALATE,15
SMALL SIZE PLACENTA,40
B-CELL SMALL LYMPHOCYTIC LYMPHOMA STAGE III,4
VITAMIN A DECREASED,141
ACUTE MONOCYTIC LEUKAEMIA,138
URINARY BLADDER ABSCESS,37
CONGENITAL SYPHILIS,51
ENDOSCOPY SMALL INTESTINE,20
UMBILICAL CORD PROLAPSE,93
LYMPHOSTASIS,46
PROTEIN ALBUMIN RATIO DECREASED,20
EMPHYSEMATOUS PYELONEPHRITIS,173
PHOBIA OF DRIVING,113
FIBRIN DEPOSITION ON LENS POSTOPERATIVE,20
GINGIVAL CYST,63
ELECTROCARDIOGRAM LOW VOLTAGE,53
FRUCTOSE INTOLERANCE,90
GASTROPLEURAL FISTULA,38
BILIARY TRACT INFECTION VIRAL,4
EXFOLIATION SYNDROME,26
HEPATIC CANDIDIASIS,55
STERNAL INJURY,58
FORAMINOTOMY,32
B-CELL SMALL LYMPHOCYTIC LYMPHOMA STAGE IV,5
FUNCTIONAL RESIDUAL CAPACITY ABNORMAL,15
BLEPHAROSYNECHIA,7
ONYCHOMALACIA,114
ANTITHROMBIN III INCREASED,18
VAGAL NERVE STIMULATOR IMPLANTATION,284
REYNOLD'S SYNDROME,87
BILIARY TRACT DILATION PROCEDURE,18
ENDOMETRIAL NEOPLASM,53
BIOPSY THYROID GLAND ABNORMAL,17
VITAMIN B6 ABNORMAL,31
PSEUDOMYXOMA PERITONEI,62
FIBRINOLYSIS,34
CENTRAL AUDITORY PROCESSING DISORDER,50
TATTOO,13
B-CELL LYMPHOMA REFRACTORY,87
CARTILAGE DEVELOPMENT DISORDER,14
POSITIONAL PLAGIOCEPHALY,8
HERMAPHRODITISM,7
BRONCHIAL ANASTOMOSIS COMPLICATION,23
PERIPORTAL SINUS DILATATION,50
MYRINGITIS BULLOUS,3
RENAL IMPAIRMENT NEONATAL,78
VEIN WALL HYPERTROPHY,14
SMALL CELL LUNG CANCER RECURRENT,49
BIRTH TRAUMA,51
LUNG SQUAMOUS CELL CARCINOMA RECURRENT,33
PERIORBITAL INFECTION,79
COAGULATION TEST,7
TESTICULAR TORSION,121
PENICILLIOSIS,5
TESTICULAR INFARCTION,56
IMPLANT SITE ULCER,23
BLOOD HOMOCYSTEINE ABNORMAL,20
ERYTHROPHAGOCYTOSIS,15
LACTESCENT SERUM,14
HEREDITARY SPHEROCYTOSIS,12
VISUAL PATHWAY DISORDER,96
ENDOCRINE NEOPLASM MALIGNANT,25
PARAGANGLION NEOPLASM MALIGNANT,29
CERVICITIS CYSTIC,5
MALNUTRITION-INFLAMMATION-ATHEROSCLEROSIS SYNDROME,8
VASCULAR BYPASS DYSFUNCTION,34
SPERMATIC CORD MASS,7
IRON BINDING CAPACITY UNSATURATED DECREASED,15
B-CELL LYMPHOMA STAGE IV,62
GERSTMANN'S SYNDROME,11
RED BLOOD CELL BURR CELLS PRESENT,36
SPUR CELL ANAEMIA,62
AUDIOGRAM ABNORMAL,26
OSTEOCALCIN DECREASED,26
LICHEN NITIDUS,34
FONTANELLE BULGING,66
RUBELLA,91
ERYTHROBLAST COUNT ABNORMAL,12
BLOOD PRESSURE DIFFERENCE OF EXTREMITIES,51
LUNG NEOPLASM SURGERY,52
GASTRIC ILEUS,43
NIH STROKE SCALE SCORE INCREASED,80
GASTROINTESTINAL ULCER PERFORATION,75
BENIGN FEMALE REPRODUCTIVE TRACT NEOPLASM,8
CONGENITAL OESOPHAGEAL STENOSIS,4
ANIRIDIA,9
CONGENITAL NYSTAGMUS,89
CONGENITAL OPTIC NERVE ANOMALY,15
MICROCORNEA,7
RETINAL ANOMALY CONGENITAL,15
BETA GLOBULIN INCREASED,32
PAGET'S DISEASE OF THE VULVA,20
AUDITORY MEATUS EXTERNAL EROSION,5
INTRINSIC FACTOR DEFICIENCY,16
CEREBELLAR ARTERY OCCLUSION,18
ASPERGILLOSIS ORAL,17
ADMINISTRATION SITE INFECTION,87
PENILE NECROSIS,84
LOSS OF BLADDER SENSATION,146
RECTOSIGMOID CANCER METASTATIC,36
PNEUMORRHACHIS,20
PANCOAST'S TUMOUR,23
COLITIS EROSIVE,121
CESTODE INFECTION,66
CONGENITAL GENITAL MALFORMATION MALE,28
PORTAL TRIADITIS,2
VENTRICULAR ASSIST DEVICE INSERTION,77
SALIVARY GLAND FISTULA,14
SURGICAL STAPLING,16
MENOPAUSAL DISORDER,104
LACTASE DEFICIENCY,15
ISCHAEMIC GASTRITIS,38
POSTICTAL PSYCHOSIS,151
RESPIRATORY DEPTH DECREASED,45
BLOOD BRAIN BARRIER DEFECT,119
MICROCOCCAL SEPSIS,18
SPINAL CORD PARALYSIS,68
HYPERKERATOSIS LENTICULARIS PERSTANS,5
EROSIVE BALANITIS,13
QUEYRAT ERYTHROPLASIA,2
SWEAT GLAND INFECTION,88
CONGENITAL PHARYNGEAL ANOMALY,20
FOETAL DAMAGE,50
MYOCARDITIS BACTERIAL,26
HEPATITIS A ANTIBODY,8
HEPATITIS B CORE ANTIBODY,17
HEPATITIS B SURFACE ANTIBODY,14
INFLAMMATORY MYOFIBROBLASTIC TUMOUR,122
EAR CANAL STENOSIS,49
DRAIN REMOVAL,58
URETERAL POLYP,25
MALIGNANT NEOPLASM OF THORAX,54
PARESIS ANAL SPHINCTER,11
PNEUMONIA MORAXELLA,71
URETERONEOCYSTOSTOMY,4
UMBILICAL HERNIA GANGRENOUS,1
OCCUPATIONAL DERMATITIS,50
OCCUPATIONAL ASTHMA,57
MEDIASTINAL EFFUSION,23
PERIPARTUM HAEMORRHAGE,38
RENAL HAEMANGIOMA,796
DISLOCATION OF STERNUM,9
VACCINATION SITE INDURATION,27
VACCINATION SITE SCAB,1
HELICOBACTER SEPSIS,9
RECTAL CANCER STAGE II,35
DIABETIC BLINDNESS,82
PARADOXICAL PAIN,23
LARYNGEAL HAEMATOMA,63
DRUG METABOLISING ENZYME TEST ABNORMAL,19
NON-HODGKIN'S LYMPHOMA REFRACTORY,46
METASTASES TO URINARY TRACT,28
PSEUDOBULBAR PALSY,45
CENTRAL NERVOUS SYSTEM FUNCTION TEST ABNORMAL,31
PERITONEAL EFFLUENT LEUKOCYTE COUNT INCREASED,44
GASTRIC BANDING REVERSAL,31
OLIGOASTROCYTOMA,29
DRUG PHYSIOLOGIC INCOMPATIBILITY,12
FEAR OF ANIMALS,14
NON-HODGKIN'S LYMPHOMA STAGE I,33
COAGULATION FACTOR INCREASED,47
EPIPHYSES DELAYED FUSION,48
EXTRACORPOREAL CIRCULATION,11
GITELMAN'S SYNDROME,103
URETHRAL NEOPLASM,37
SALIVARY GLAND RESECTION,13
PASTEURELLA TEST POSITIVE,5
PROSTATE EXAMINATION ABNORMAL,84
AUTOTRANSFUSION,1
BLOOD SELENIUM DECREASED,18
HYPOZINCAEMIA,55
TRACE ELEMENT DEFICIENCY,8
SQUAMOUS CELL CARCINOMA OF PHARYNX,41
NOCTIPHOBIA,14
SPLEEN TUBERCULOSIS,36
NUCLEAR MAGNETIC RESONANCE IMAGING SPINAL,1
ENEMA ADMINISTRATION,36
IMMUNE RECONSTITUTION INFLAMMATORY SYNDROME ASSOCIATED KAPOSI'S SARCOMA,78
CERVICITIS STREPTOCOCCAL,2
BLOOD KETONE BODY PRESENT,149
INBORN ERROR OF METABOLISM,19
PHENYLALANINE SCREEN POSITIVE,1
LUPUS PNEUMONITIS,93
GEOTRICHUM INFECTION,197
LUNG ADENOCARCINOMA STAGE III,74
ENDOMETRITIS DECIDUAL,27
END-TIDAL CO2 INCREASED,32
THYROID FUNCTION TEST,17
CEREBELLAR COGNITIVE AFFECTIVE SYNDROME,14
VASCULAR TEST,5
COCHLEA IMPLANT,114
STEATOCYSTOMA MULTIPLEX,10
DISSOCIATIVE AMNESIA,112
ALPERS' DISEASE,10
MITOCHONDRIAL HEPATOPATHY,3
BIOPSY STOMACH,19
ANTIBODY TEST NEGATIVE,193
HOMOCYSTINURIA,9
LIVER CARCINOMA RUPTURED,207
PROTHROMBIN LEVEL,2
GLAUCOMATOUS OPTIC DISC ATROPHY,18
OPTIC DISC VASCULAR DISORDER,13
CEREBROVASCULAR STENOSIS,115
IN VITRO FERTILISATION,150
DIHYDROTESTOSTERONE INCREASED,19
AQUAGENIC PRURITUS,74
X-RAY LIMB ABNORMAL,56
HYPERKALIURIA,47
CYTOMEGALOVIRUS GASTRITIS,214
MUELLER'S MIXED TUMOUR,7
HEART SOUNDS,95
NEGATIVE CARDIAC INOTROPIC EFFECT,26
SLEEP STUDY ABNORMAL,38
PO2,7
PHYSICAL EXAMINATION NORMAL,2
FAHR'S DISEASE,11
MUCOSAL MEMBRANE HYPERPLASIA,36
MICROSTOMIA,32
CARDIAC VEIN PERFORATION,10
HEPATIC CYST RUPTURED,32
NEURONE-SPECIFIC ENOLASE INCREASED,42
SMALL INTESTINAL ANASTOMOSIS,37
CARCINOMA IN SITU OF PENIS,10
PENILE CANCER,130
RENAL FUNCTION TEST,26
PERINEAL INFECTION,184
DELAYED DELIVERY,114
GLUCOCORTICOIDS DECREASED,5
REACTIVE PERFORATING COLLAGENOSIS,32
LUNG SQUAMOUS CELL CARCINOMA STAGE II,23
KERATITIS INTERSTITIAL,42
BAND NEUTROPHIL COUNT DECREASED,49
CELLULITIS LARYNGEAL,2
PERIPHERAL T-CELL LYMPHOMA UNSPECIFIED RECURRENT,64
GLOSSECTOMY,33
MALIGNANT NEOPLASM OF ISLETS OF LANGERHANS,12
TUBERCULOSIS OF EYE,62
CIRCUMSTANTIALITY,7
DIAGNOSTIC PROCEDURE,126
SUBDURAL EFFUSION,60
SKIN FLAP NECROSIS,26
BUCCOGLOSSAL SYNDROME,12
SKIN TEST,7
ABORTION SPONTANEOUS INCOMPLETE,66
EXERCISE ADEQUATE,8
EMETOPHOBIA,9
NECROTISING PANNICULITIS,40
IMPLANTABLE DEFIBRILLATOR REMOVAL,8
ALDOLASE ABNORMAL,8
HAEMOGLOBIN URINE PRESENT,176
MYOGLOBIN BLOOD PRESENT,10
CONTRAINDICATION TO SURGERY,12
CATECHOLAMINES URINE,8
JOINT LAXITY,292
BURKHOLDERIA INFECTION,79
BRAIN LOBECTOMY,49
VENOUS OXYGEN SATURATION INCREASED,11
URTICARIA PHYSICAL,17
PUNCTATE KERATOSIS,6
BURKHOLDERIA TEST POSITIVE,114
HYMENECTOMY,4
HOIGNE'S SYNDROME,50
DIALYSIS DEVICE INSERTION,86
CYSTITIS GLANDULARIS,22
INFUSION SITE MOBILITY DECREASED,18
COMPLEMENT FACTOR INCREASED,71
PORTAL VEIN DILATATION,86
PULMONARY DYSMATURITY SYNDROME,10
ANAESTHETIC COMPLICATION CARDIAC,33
HEPATITIS B E ANTIBODY POSITIVE,19
INTRANASAL HYPOAESTHESIA,77
IMMUNOGLOBULIN THERAPY,59
CONGENITAL NEPHROGENIC DIABETES INSIPIDUS,6
CITROBACTER SEPSIS,29
DEAF MUTISM,10
DEPENDENT RUBOR,11
POST-INJECTION DELIRIUM SEDATION SYNDROME,854
ASPIRATION JOINT ABNORMAL,9
SMALL INTESTINE GANGRENE,35
KERATOLYSIS EXFOLIATIVA ACQUIRED,30
BLOOD CHLORIDE,5
INFUSION SITE DERMATITIS,25
POPLITEAL PULSE,4
CHOROIDAL RUPTURE,14
ANTI-VGKC ANTIBODY,2
ILEAL GANGRENE,3
VENTRICULAR PARASYSTOLE,8
CYCLITIS,30
URINE AMPHETAMINE,4
VERTIGO LABYRINTHINE,29
VACCINATION SITE NECROSIS,3
ATYPICAL TERATOID/RHABDOID TUMOUR OF CNS,32
SCROTAL GANGRENE,33
PLATYBASIA,9
BODY FLUID ANALYSIS,4
OSSICLE DISORDER,28
INFUSION SITE NERVE DAMAGE,29
EXPOSURE TO BODY FLUID,31
HYPNOPOMPIC HALLUCINATION,106
ACCESSORY AURICLE,59
CONGENITAL AURAL FISTULA,8
ARTERIAL FIBROSIS,34
EGOCENTRISM,28
CHITOTRIOSIDASE INCREASED,34
AORTIC SURGERY,101
BLOOD LEAD INCREASED,41
ALOPECIA SCARRING,147
BENIGN VASCULAR NEOPLASM,6
ANGIOLYMPHOID HYPERPLASIA WITH EOSINOPHILIA,31
ISCHAEMIC NEUROPATHY,36
HYPERINSULINISM,44
NON-RENAL CELL CARCINOMA OF KIDNEY,22
ARTHRITIS SALMONELLA,23
LIPIDS,13
SEXUAL TRANSMISSION OF INFECTION,15
MUCOCUTANEOUS CANDIDIASIS,76
SYNOVIAL SARCOMA,81
FILARIASIS,21
MALIGNANT MELANOMA STAGE II,141
MYOGLOBIN URINE,21
BLOOD PROLACTIN,18
PAROTIDECTOMY,27
CALCIUM INTOXICATION,10
BIOPSY PARATHYROID GLAND ABNORMAL,1
BARIUM IMPACTION,17
JOINT RESURFACING SURGERY,20
TONGUE NECROSIS,63
HAEMATOLOGY TEST NORMAL,5
LEUKAEMIC INFILTRATION RENAL,22
LIP AND/OR ORAL CAVITY CANCER RECURRENT,8
ILEAL OPERATION,17
OESOPHAGEAL MANOMETRY,3
VAGINAL PH ABNORMAL,37
ECCRINE CARCINOMA,30
COAGULATION FACTOR VII LEVEL INCREASED,11
SCHIZOAFFECTIVE DISORDER BIPOLAR TYPE,204
POOR SANITATION,6
CONJUNCTIVAL PIGMENTATION,38
PERIORBITAL FAT HERNIATION,14
MALIGNANT MELANOMA OF SITES OTHER THAN SKIN,35
HYPOTHYROIDIC GOITRE,19
THYROID HAEMORRHAGE,54
SEMEN VISCOSITY ABNORMAL,42
CD8 LYMPHOCYTES INCREASED,45
CATHETER SITE EFFUSION,2
MALIGNANT OLIGODENDROGLIOMA,18
PROGESTERONE INCREASED,96
PRETERM PREMATURE RUPTURE OF MEMBRANES,1176
HODGKIN'S DISEASE MIXED CELLULARITY STAGE IV,3
VACCINATION SITE DISCOMFORT,12
MEAN ARTERIAL PRESSURE INCREASED,60
ADRENAL HAEMATOMA,58
UTERINE INVERSION,9
GASTROENTERITIS PSEUDOMONAS,27
B-LYMPHOCYTE COUNT INCREASED,166
MENINGITIS EXSEROHILUM,4
TESTICULAR GERM CELL TUMOUR MIXED,34
MULTIPLE ORGAN TRANSPLANT REJECTION,10
POST PROCEDURAL CONTUSION,317
VARICOCELE UTERO-OVARIAN,1
DIAPHRAGM NEOPLASM,21
ANIMAL PHOBIA,8
ORGAN DONOR,18
PALMOMENTAL REFLEX,13
BILE DUCT STENT INSERTION,327
POLYGLANDULAR AUTOIMMUNE SYNDROME TYPE II,52
SPERM CONCENTRATION ABNORMAL,28
OCCULT BLOOD NEGATIVE,5
SIRENOMELIA,36
UMBILICAL MALFORMATION,11
TRICHINIASIS,10
RADIATION INTERACTION,70
NEURITIS CRANIAL,55
HEART RATE NORMAL,21
CARDIAC FUNCTION TEST,22
KNUCKLE PADS,23
INTRAPERICARDIAL THROMBOSIS,27
PSYCHOGENIC TREMOR,16
THYROID CANCER STAGE IV,231
PSEUDOPRECOCIOUS PUBERTY,22
OTITIS MEDIA BACTERIAL,30
CD4 LYMPHOCYTES ABNORMAL,183
LDL/HDL RATIO INCREASED,34
LIVER PROLAPSE,3
PRIMARY IMMUNODEFICIENCY SYNDROME,76
MYCOSIS FUNGOIDES REFRACTORY,5
EPIDIDYMECTOMY,4
CARDIAC FIBROMA,7
NEUROPATHIC ULCER,34
ABDOMINAL WALL NEOPLASM BENIGN,2
HEPATITIS B ANTIBODY NEGATIVE,11
STERNITIS,24
COMBINED HYPERLIPIDAEMIA,1
HEPATOBILIARY NEOPLASM,9
INTERFERON GAMMA LEVEL,2
CHOROID PLEXUS CARCINOMA,11
CHORDOMA,91
INFERIOR VENA CAVA SYNDROME,68
ANTI-THYROID ANTIBODY,62
DRUG THERAPY ENHANCEMENT,22
RETT'S DISORDER,5
IRON BINDING CAPACITY UNSATURATED,2
CHONDROSARCOMA METASTATIC,25
BLEEDING ANOVULATORY,2
GIANT PAPILLARY CONJUNCTIVITIS,38
RHABDOID TUMOUR OF THE KIDNEY,8
INSULIN-LIKE GROWTH FACTOR,4
DRUG LEVEL THERAPEUTIC,15
SPONTANEOUS CEREBROSPINAL FLUID LEAK SYNDROME,15
BREAST MILK SUBSTITUTE INTOLERANCE,12
"DELUSIONAL DISORDER, SOMATIC TYPE",13
NEONATAL HYPONATRAEMIA,89
COMPLEMENT SPLIT PRODUCTS INCREASED,4
ANGIOIMMUNOBLASTIC T-CELL LYMPHOMA RECURRENT,24
SPINAL CORD INJURY THORACIC,71
PRODUCT DISTRIBUTION ISSUE,8739
BRACHYTHERAPY,23
TUBAL RUPTURE,42
GLOMUS JUGULARE TUMOUR,8
CONGENITAL SPINAL FUSION,17
HYPERVITAMINOSIS A,33
THYROGLOBULIN INCREASED,146
HYDRANENCEPHALY,24
MALACOPLAKIA VESICAE,33
MITOCHONDRIAL NEUROGASTROINTESTINAL ENCEPHALOPATHY,10
BLOOD PRESSURE AMBULATORY,2
"HIATUS HERNIA, OBSTRUCTIVE",6
CARDIAC SEPTAL DEFECT REPAIR,29
BIOPSY HEART,10
BRUTON'S AGAMMAGLOBULINAEMIA,1
FACTOR XIII INHIBITION,19
RENAL LIPOMATOSIS,9
VESSEL PUNCTURE SITE INFECTION,5
PUPILLARY LIGHT REFLEX TESTS NORMAL,2
VON WILLEBRAND'S FACTOR ACTIVITY ABNORMAL,3
PROTEIN DEFICIENCY,295
URODYNAMICS MEASUREMENT ABNORMAL,8
BLADDER TRANSITIONAL CELL CARCINOMA STAGE III,28
VULVOVAGINAL DISORDER,48
ANASTOMOTIC ULCER PERFORATION,15
PRESCRIBED UNDERDOSE,19685
MONONUCLEAR CELL COUNT ABNORMAL,72
BLOOD GLUCAGON INCREASED,39
MYCOBACTERIAL PERITONITIS,95
URINE DELTA AMINOLEVULINATE,4
URINE PORPHOBILINOGEN INCREASED,14
CELIBACY,2
BREAST MALFORMATION,10
DELTARETROVIRUS TEST POSITIVE,12
CATHETER SITE NECROSIS,25
HOLMES TREMOR,18
ANGIOSCLEROSIS,39
INDUCED ABORTION HAEMORRHAGE,22
AUTOMATISM EPILEPTIC,30
OSTEOMYELITIS DRAINAGE,5
INJECTION SITE HYPERAESTHESIA,193
BODY HEIGHT ABNORMAL,110
PREGNANCY TEST URINE POSITIVE,18
TRUANCY,7
ARTIFICIAL RUPTURE OF MEMBRANES,5
BIOPSY PHARYNX,10
FALLOPIAN TUBE NEOPLASM,20
PROMISCUITY,28
CHORIOMENINGITIS LYMPHOCYTIC,40
PULMONARY ENDARTERECTOMY,146
GLOSSOPHARYNGEAL NERVE DISORDER,28
PLACENTAL NECROSIS,20
POST PROCEDURAL PERSISTENT DRAIN FLUID,46
LATENT TETANY,5
ANAL CANCER RECURRENT,17
CEREBRAL INFARCTION FOETAL,8
OEDEMATOUS KIDNEY,262
PERIPROSTHETIC OSTEOLYSIS,8
TAY-SACHS DISEASE,10
OCULAR DYSMETRIA,26
HYPOVENTILATION NEONATAL,48
SCHIZENCEPHALY,44
NAEVUS FLAMMEUS,132
DEFICIENCY OF BILE SECRETION,83
HEPATOBILIARY INFECTION,30
MAGNESIUM METABOLISM DISORDER,41
DYSACUSIS,77
ALCALIGENES INFECTION,21
CONGENITAL CYTOMEGALOVIRUS INFECTION,129
DAWN PHENOMENON,84
IMPLANT SITE HYPOAESTHESIA,178
EOSINOPHILIC BRONCHITIS,197
TRACHEAL OPERATION,39
MEDICAL OBSERVATION,92
TORULOPSIS INFECTION,22
THYMOMA MALIGNANT,57
ANTI-GLOMERULAR BASEMENT MEMBRANE ANTIBODY,11
PLASMA EXPANDER TRANSFUSION,1
HYPOTHROMBINAEMIA,9
CONGENITAL INTESTINAL OBSTRUCTION,14
LEUKAEMIC LYMPHOMA,33
SEPTIC RASH,54
TANNING,125
MALACOPLAKIA GASTROINTESTINAL,85
BRCA1 GENE MUTATION,87
MALIGNANT MELANOMA OF EYELID,25
PARAGONIMIASIS,7
LIP NEOPLASM,47
PCO2,3
CONGENITAL ARTERIOVENOUS FISTULA,8
HEPATITIS E ANTIGEN POSITIVE,2
INJECTION SITE ECZEMA,173
CONGENITAL SMALL INTESTINAL ATRESIA,23
POST EMBOLISATION SYNDROME,102
CENTRAL NERVOUS SYSTEM MASS,80
DEAFNESS TRAUMATIC,21
HTLV-1 TEST POSITIVE,21
COAGULATION FACTOR XI LEVEL DECREASED,8
HYPOGLOSSAL NERVE PARESIS,25
EXPOSURE VIA INGESTION,2519
XITH NERVE PARALYSIS,2
LACRIMAL HAEMORRHAGE,53
INTRADUCTAL PAPILLARY-MUCINOUS CARCINOMA OF PANCREAS,65
PITUITARY HYPERPLASIA,10
HYPOCALVARIA,116
FIBRILLARY GLOMERULONEPHRITIS,52
INFLUENZA IMMUNISATION,78
MALIGNANT ATROPHIC PAPULOSIS,35
NEONATAL HYPOPARATHYROIDISM,6
NEURONAL NEUROPATHY,20
PERITONEAL CHLAMYDIA INFECTION,1
PULMONARY AMYLOIDOSIS,84
REVERSE TRI-IODOTHYRONINE INCREASED,22
METHYLENETETRAHYDROFOLATE REDUCTASE DEFICIENCY,25
MACROPHAGES INCREASED,52
SARCOMATOID MESOTHELIOMA,72
SCLERAL THINNING,91
SUBCLAVIAN ARTERY OCCLUSION,91
HAEMOGLOBIN URINE,34
COMPULSIVE LIP BITING,77
NONKETOTIC HYPERGLYCINAEMIA,4
RETINAL FIBROSIS,68
REMNANT-LIKE LIPOPROTEIN PARTICLES INCREASED,2
AORTIC STENT INSERTION,40
ANAL DILATATION,16
IRIS INJURY,24
ACTINOMYCOTIC PULMONARY INFECTION,62
TIBIAL TORSION,31
FUSOBACTERIUM TEST POSITIVE,11
AUTOIMMUNE PANCYTOPENIA,64
UMBILICAL SEPSIS,2
ACQUIRED EPILEPTIC APHASIA,15
ABDOMINAL WALL ANOMALY,62
BLEBITIS,38
PROTEIN BOUND IODINE INCREASED,7
LUNG SQUAMOUS CELL CARCINOMA STAGE III,53
WITHDRAWAL OF LIFE SUPPORT,63
VIRAL TITRE DECREASED,33
UREA RENAL CLEARANCE INCREASED,3
CONTRAST ENCEPHALOPATHY,265
HYPERCAPNIC COMA,140
SCHIZOTYPAL PERSONALITY DISORDER,13
MALE GENITAL TRACT FISTULA,20
PARADOXICAL EMBOLISM,89
CSF NEUTROPHIL COUNT POSITIVE,3
OSTEOSARCOMA RECURRENT,57
AUTOPHONY,65
HYPERPHOSPHATASAEMIA,85
CENTRAL NERVOUS SYSTEM VIRAL INFECTION,121
SCLEROMALACIA,57
BILIARY ABSCESS,28
UNDIFFERENTIATED NASOPHARYNGEAL CARCINOMA,5
GENITAL LABIAL OPERATION,9
TONSILLITIS FUNGAL,14
ENCEPHALITIS RICKETTSIAL,1
TENON'S CYST,18
VITAL CAPACITY ABNORMAL,36
ANAESTHETIC COMPLICATION PULMONARY,62
KAOLIN CEPHALIN CLOTTING TIME PROLONGED,4
RED BLOOD CELL SPHEROCYTES PRESENT,37
OVARIAN GERM CELL TERATOMA,80
CANAVAN DISEASE,1
PELVIC SEPSIS,30
CAROTID PULSE DECREASED,31
FEMUR-FIBULA-ULNA COMPLEX,15
ORAL TOXICITY,52
SEPTIC PHLEBITIS,7
CAPNOGRAM ABNORMAL,10
HISTAMINE ABNORMAL,65
SEVERE ACUTE RESPIRATORY SYNDROME,182
ANTI-SS-B ANTIBODY POSITIVE,2
THYROIDITIS CHRONIC,45
HYPOTHERMIA NEONATAL,85
BENIGN NEOPLASM OF ISLETS OF LANGERHANS,3
CHOLEDOCHAL CYST,10
DYSPONESIS,11
INFECTIOUS COLITIS,523
EXTRADURAL NEOPLASM,54
PROSTATISM,89
BRACHIOCEPHALIC VEIN STENOSIS,10
BROW PTOSIS,652
HAEMORRHOIDS THROMBOSED,301
ACCESSORY SPLEEN,76
SYMBOLIC DYSFUNCTION,14
PENILE WART,19
VERTEBRAL OSTEOPHYTE,414
SKELETAL SURVEY ABNORMAL,5
NASAL TURBINATE ABNORMALITY,83
MACROGENIA,3
SARCOMA OF SKIN,75
BENIGN LARYNGEAL NEOPLASM,22
STAPHYLOMA,20
PANNICULITIS LOBULAR,62
ORAL MUCOSAL HYPERTROPHY,27
MYOCARDIAL NECROSIS,232
CONGO-CRIMEAN HAEMORRHAGIC FEVER,2
MALIGNANT MAST CELL NEOPLASM,15
BENIGN NEOPLASM OF BLADDER,96
RADIATION NEUROPATHY,29
UTERINE FIBROSIS,57
PLASMA CELL MYELOMA IN REMISSION,52
BLADDER TRABECULATION,74
CONJUNCTIVOCHALASIS,31
EPIDERMAL GROWTH FACTOR RECEPTOR INCREASED,2
INTERVERTEBRAL DISC ANNULAR TEAR,104
LARGE INTESTINE FIBROMA,8
BLADDER WALL CALCIFICATION,27
BREAST PROSTHESIS USER,46
INTRA-ABDOMINAL HAEMANGIOMA,10
SKULL X-RAY ABNORMAL,11
CAECUM OPERATION,8
PNEUMONIA PSEUDOMONAL,1500
URETERAL CYST,8
BACTERIAL VAGINOSIS,1530
RECTAL INJURY,112
VENTRICULAR DYSSYNCHRONY,106
ANKLE BRACHIAL INDEX DECREASED,20
FAECES SOFT,7142
PERICARDIAL CYST,71
THERMOMETRY ABNORMAL,7
DELAYED CLOSURE OF CRANIAL SUTURES,6
BENIGN PERICARDIUM NEOPLASM,1
CHRONIC PULMONARY HISTOPLASMOSIS,5
PREMATURE CLOSURE OF CRANIAL SUTURES,11
FASCIAL HERNIA,3
PULMONARY VEIN OCCLUSION,74
RESPIRATORY COMPLICATION ASSOCIATED WITH DEVICE,12
CARDIAC VENTRICULAR THROMBOSIS,1247
HERPES SIMPLEX OTITIS EXTERNA,6
STOMA SITE ABSCESS,239
STOMA SITE PAIN,1444
ORTHOPAEDIC EXAMINATION,2
AMOEBIC COLITIS,71
MOYAMOYA DISEASE,174
PLEURECTOMY,9
MYCOBACTERIUM TUBERCULOSIS COMPLEX TEST NEGATIVE,9
PERICARDITIS RHEUMATIC,14
BRAIN STEM AUDITORY EVOKED RESPONSE ABNORMAL,28
LANGUAGE DISORDER,2132
GLOMUS TUMOUR,24
ECTOPIC PREGNANCY WITH CONTRACEPTIVE DEVICE,1682
GLOTTIS CARCINOMA,34
PERITONEAL CYST,41
CERVIX CARCINOMA STAGE II,92
PELVIC KIDNEY,92
SPINAL ROD REMOVAL,6
PHOBIC AVOIDANCE,14
WRONG PATIENT RECEIVED MEDICATION,2733
PUDENDAL HERNIA,1
KERATECTOMY,6
LARGE INTESTINAL POLYPECTOMY,164
GLUCOSE TOLERANCE INCREASED,20
EXUDATIVE RETINOPATHY,48
BONE PROSTHESIS INSERTION,32
RADIATION PROCTITIS,185
LUNG INDURATION,15
"BLADDER CANCER STAGE I, WITHOUT CANCER IN SITU",19
EXTRA DOSE ADMINISTERED,39373
TONGUE MOVEMENT DISTURBANCE,847
FRAGILE X SYNDROME,26
NEUROECTODERMAL NEOPLASM,17
MATERNAL DEATH AFFECTING FOETUS,15
TANDEM GAIT TEST,2
IMMUNE THROMBOCYTOPENIC PURPURA,2832
IMPLANT SITE EXTRAVASATION,768
DRUG DISPENSED TO WRONG PATIENT,931
DEVICE DEFECTIVE,15971
FAMILIAL HYPOCALCIURIC HYPERCALCAEMIA,8
LATERAL PATELLAR COMPRESSION SYNDROME,7
TRAUMATIC RENAL INJURY,61
IRIDOCELE,39
GASTRITIS HYPERTROPHIC,37
BENIGN LYMPH NODE NEOPLASM,71
CONGENITAL CENTRAL HYPOVENTILATION SYNDROME,24
PREPYLORIC STENOSIS,19
POST-TRAUMATIC OSTEOPOROSIS,5
ABDOMINAL WALL NEOPLASM MALIGNANT,16
DIABETES MELLITUS MANAGEMENT,47
ANORECTAL SWELLING,223
TENDON DISCOMFORT,745
ALPHA 1 FOETOPROTEIN ABNORMAL,51
JOINT IRRIGATION,17
EMBEDDED DEVICE,9719
VENOUS LIGATION,16
SINUS ANTROSTOMY,12
CANCER SURGERY,944
CHEST WALL OPERATION,21
LACRIMAL DUCT PROCEDURE,35
NASAL MUCOSA ATROPHY,13
TRANSPLANT DYSFUNCTION,1738
HAEMANGIOMA REMOVAL,7
VASCULAR COMPLICATION ASSOCIATED WITH DEVICE,24
SPERMATOGENESIS ABNORMAL,47
GASTROINTESTINAL POLYP HAEMORRHAGE,594
PEPTIC ULCER HELICOBACTER,19
MAXILLOFACIAL SINUS NEOPLASM,8
SUBACUTE CUTANEOUS LUPUS ERYTHEMATOSUS,1741
NERVOUS SYSTEM NEOPLASM,37
SUPERIOR VENA CAVA OCCLUSION,126
FASCIECTOMY,9
STOMACH SCAN ABNORMAL,24
HYPERSENSITIVITY VASCULITIS,2622
OCULOMOTOR STUDY ABNORMAL,8
IMPLANT TISSUE NECROSIS,15
FACTOR XIII DEFICIENCY,46
SYMPATHETIC POSTERIOR CERVICAL SYNDROME,21
THROMBOSIS PROPHYLAXIS,51
ANGIOCENTRIC LYMPHOMA STAGE II,1
CHOLECYSTOENTEROSTOMY,2
CHOLEDOCHOENTEROSTOMY,10
PLASMINOGEN INCREASED,4
MASTOID OPERATION,5
OCCUPATIONAL EXPOSURE TO TOXIC AGENT,234
TYMPANIC MEMBRANE SCARRING,14
OCCUPATIONAL PHYSICAL PROBLEM,21
JAW LESION EXCISION,3
MALIGNANT MESENTERIC NEOPLASM,62
POCKET EROSION,94
VACCINATION SITE BRUISING,38
CLOSTRIDIUM BACTERAEMIA,190
BILE DUCT STENT REMOVAL,25
FASCIA RELEASE,8
FACETECTOMY,7
NAIL BED INFECTION FUNGAL,2
INFUSION SITE HYPERSENSITIVITY,108
NEUTROPHIL PERCENTAGE ABNORMAL,44
SEBACEOUS CYST EXCISION,10
LARGE CELL LUNG CANCER STAGE IV,10
PIGMENTARY GLAUCOMA,31
ENCEPHALITIS POST VARICELLA,7
STOMA SITE INFLAMMATION,734
RADIOTHERAPY TO PANCREAS,18
HEPATITIS VIRUS-ASSOCIATED NEPHROPATHY,8
APPLICATION SITE LACERATION,406
CARBOHYDRATE METABOLISM DISORDER,46
ATLANTOAXIAL INSTABILITY,100
HUMORAL IMMUNE DEFECT,356
CONGENITAL OSTEODYSTROPHY,26
CATHETER SITE OEDEMA,73
ACQUIRED GENE MUTATION,1299
RETROPERITONEAL NEOPLASM,47
PILONIDAL SINUS REPAIR,20
"BRIEF PSYCHOTIC DISORDER, WITH POSTPARTUM ONSET",59
CATHETER SITE EXTRAVASATION,395
LENTICULAR PIGMENTATION,20
BURKHOLDERIA PSEUDOMALLEI INFECTION,108
TRICHODYSPLASIA SPINULOSA,372
BLOOD BETA-D-GLUCAN ABNORMAL,12
HODGKIN'S DISEASE REFRACTORY,107
LACRIMAL DUCT NEOPLASM,13
VENTRICULO-PERITONEAL SHUNT,99
BIOPSY PALATE ABNORMAL,1
APPLICATION SITE HYPOAESTHESIA,231
PENILE SQUAMOUS CELL CARCINOMA,63
SPECIFIC GRAVITY URINE INCREASED,106
VITAMIN K INCREASED,11
BLOOD LACTIC ACID ABNORMAL,100
CONJUNCTIVAL DEGENERATION,4
CYSTIC FIBROSIS RELATED DIABETES,138
BIOPSY VULVA,4
MAPLE SYRUP DISEASE,7
CARDIAC NEOPLASM MALIGNANT,64
SUBRETINAL FLUID,1042
EXPIRED DEVICE USED,3226
HEPARIN RESISTANCE,108
MUSCLE TONE DISORDER,311
CHOROID PLEXUS PAPILLOMA,8
CORTICOSTEROID BINDING GLOBULIN INCREASED,5
RENAL TRANSPLANT FAILURE,976
GASTRIC CANCER STAGE I,1053
STOMA SITE HAEMORRHAGE,1502
FOETAL HEART RATE DECELERATION ABNORMALITY,694
ALPHA GLOBULIN DECREASED,3
INTRAOPERATIVE CEREBRAL ARTERY OCCLUSION,2
BIOPSY PANCREAS,22
MESENTERIC VENOUS OCCLUSION,24
TRAUMATIC HAEMOTHORAX,270
BILE DUCT CANCER RECURRENT,19
PLATELET ANISOCYTOSIS,19
RADIOTHERAPY TO PROSTATE,24
UTERINE ABSCESS,39
FEBRILE NONHAEMOLYTIC TRANSFUSION REACTION,181
POST PROCEDURAL INFLAMMATION,594
MUCINOUS BREAST CARCINOMA,38
CHOLANGITIS CHRONIC,32
PYELOPLASTY,11
GASTRIC CANCER STAGE III,813
VULVECTOMY,25
BLOOD GLUCOSE NORMAL,32
CONGENITAL GASTRIC ANOMALY,38
CARDIAC ENZYMES,1
ASTHMA LATE ONSET,65
WOUND CONTAMINATION,28
URINE MAGNESIUM INCREASED,11
PITUITARY INFARCTION,25
VECTOR-BORNE TRANSMISSION OF INFECTION,5
FOETAL MONITORING,7
SHARED PSYCHOTIC DISORDER,48
CARTILAGE GRAFT,9
IMPERFORATE HYMEN,11
PUERPERAL PYREXIA,42
URETHRAL PAPILLOMA,3
CHORDAE TENDINAE RUPTURE,70
CONGENITAL CLEFT HAND,14
PARANASAL SINUS NECROSIS,12
CONGENITAL URETERIC ANOMALY,43
TRAUMATIC AMPUTATION,10
CAROTENE INCREASED,6
INVASIVE PAPILLARY BREAST CARCINOMA,36
VAGINAL ATRESIA,7
VENTRICULAR INTERNAL DIAMETER ABNORMAL,74
TONGUE TIE OPERATION,12
ADENOLYMPHOMA,7
FIBULA AGENESIS,15
ADENOCARCINOMA OF SALIVARY GLAND,39
BENIGN SPLEEN TUMOUR,38
CRANIAL OPERATION,62
SEROCONVERSION TEST POSITIVE,38
PERIPHERAL ARTERY STENT INSERTION,48
ANAPLASTIC MENINGIOMA,26
GASTRIC SARCOMA,11
BIOPSY BILE DUCT ABNORMAL,4
SURFACTANT PROTEIN INCREASED,33
PANCREATIC LESION EXCISION,10
DIAPHRAGMATIC INJURY,57
FATTY ACID DEFICIENCY,74
B PRECURSOR TYPE ACUTE LEUKAEMIA,351
PACEMAKER GENERATED ARRHYTHMIA,30
LYMPHANGIOPATHY,20
INSERTION OF AMBULATORY PERITONEAL CATHETER,14
CARDIAC ASTHMA,94
TORSION OF THE URETHRA,1
CONGENITAL NEUROPATHY,21
LUNG INFECTION PSEUDOMONAL,124
ENDOMETRIAL STROMAL SARCOMA,49
AUTOIMMUNE LYMPHOPROLIFERATIVE SYNDROME,52
ATAXIA TELANGIECTASIA,11
BENIGN NEOPLASM OF SCROTUM,6
PHYSICAL EXAMINATION,29
CHROMOSOMAL MUTATION,44
PROSTATE ABLATION,37
URINE PHOSPHORUS,4
URETHRITIS CHLAMYDIAL,9
URINE CYTOLOGY ABNORMAL,14
CULTURE NEGATIVE,23
LACTATION PUERPERAL INCREASED,49
MENINGITIS EOSINOPHILIC,24
UROGENITAL INFECTION FUNGAL,23
PREMATURE OVULATION,77
NOCARDIA SEPSIS,43
ULTRASOUND PELVIS ABNORMAL,7
GASTRIC DYSPLASIA,42
URINARY ANASTOMOTIC LEAK,16
FAT TISSUE DECREASED,376
STENT EMBOLISATION,1
GERM CELL CANCER METASTATIC,12
SENILE PSYCHOSIS,5
DACRYOCANALICULITIS,103
URINE ANALYSIS,28
DRUG METABOLISING ENZYME INCREASED,29
TESTICULAR HAEMORRHAGE,72
ACNE INFANTILE,9
LEUKOSTASIS SYNDROME,127
STREPTOBACILLUS INFECTION,41
CHRONIC MYELOID LEUKAEMIA (IN REMISSION),20
OVULATION INDUCTION,8
BRAIN EMPYEMA,55
ANAPHYLACTIC TRANSFUSION REACTION,17
SHRINKING LUNG SYNDROME,61
CELL MARKER DECREASED,27
HYPERSOMNIA-BULIMIA SYNDROME,20
TRIFASCICULAR BLOCK,90
CONGENITAL EYELID MALFORMATION,61
OSTECTOMY,53
INJECTION SITE HYPOAESTHESIA,1392
CONGENITAL CHOROIDAL ANOMALY,4
ASPERMIA,17
PSYCHOMOTOR SEIZURES,11
PURE WHITE CELL APLASIA,59
MYOCARDIAL REPERFUSION INJURY,30
NON-HODGKIN'S LYMPHOMA STAGE IV,147
TRANSITIONAL CELL CANCER OF RENAL PELVIS AND URETER METASTATIC,13
TESTICULAR MALIGNANT TERATOMA STAGE II,1
SMALL CELL LUNG CANCER EXTENSIVE STAGE,85
TRAUMATIC DELIVERY,42
OESTRIOL ABNORMAL,1
UPPER AIRWAY NECROSIS,18
TOXIC SHOCK SYNDROME STAPHYLOCOCCAL,19
MALIGNANT SPLENIC NEOPLASM,103
ALVEOLAR SOFT PART SARCOMA,36
RENAL VEIN EMBOLISM,16
POLYMICROGYRIA,45
DENYS-DRASH SYNDROME,6
DEPENDENCE ON ENABLING MACHINE OR DEVICE,9
NEONATAL NEUROBLASTOMA,13
RADIAL PULSE DECREASED,28
CONGENITAL CUTIS LAXA,16
GANGLIOGLIOMA,48
BLOOD CALCITONIN ABNORMAL,7
COAGULATION FACTOR X LEVEL ABNORMAL,9
TROPONIN I,7
VESSEL PUNCTURE SITE ERYTHEMA,28
PNEUMORETROPERITONEUM,72
DELAYED SEROLOGIC TRANSFUSION REACTION,5
TUBERCULIN TEST FALSE POSITIVE,133
MASTOPTOSIS,18
INTESTINAL DIAPHRAGM DISEASE,240
INFECTION TRANSMISSION VIA PERSONAL CONTACT,38
PROGNATHISM,82
MESENTERIC ARTERIAL OCCLUSION,141
CONGENITAL SKIN DISORDER,24
GLOBOTRIAOSYLCERAMIDE INCREASED,101
IATROGENIC INFECTION,57
JAUNDICE EXTRAHEPATIC OBSTRUCTIVE,7
UNILATERAL BRONCHOSPASM,6
SOMATOSENSORY EVOKED POTENTIALS ABNORMAL,41
ALLERGIC OTITIS MEDIA,2
COAGULATION FACTOR XII LEVEL DECREASED,7
PHOTOELECTRIC CONJUNCTIVITIS,8
BRAIN STEM HAEMATOMA,46
HISTAMINE LEVEL DECREASED,7
DUODENAL PAPILLITIS,11
PULMONARY HAEMATOMA,102
ELASTOSIS PERFORANS,14
ANTITHROMBIN III,15
CONGENITAL HYPOPARATHYROIDISM,5
NECROTISING FASCIITIS STAPHYLOCOCCAL,23
THORACOPLASTY,3
PERIHEPATIC DISCOMFORT,80
BLOOD PRESSURE AMBULATORY ABNORMAL,12
PANCREATIC CARCINOMA STAGE III,698
PROLYMPHOCYTIC LEUKAEMIA,30
ADRENOGENITAL SYNDROME,99
ALVEOLAR-ARTERIAL OXYGEN GRADIENT INCREASED,16
ALPHA 1 FOETOPROTEIN AMNIOTIC FLUID INCREASED,6
LENTICULAR INJURY,17
SUCROSE INTOLERANCE,32
ATRIAL NATRIURETIC PEPTIDE INCREASED,37
TRANSITIONAL CELL CARCINOMA METASTATIC,105
PINEAL NEOPLASM,27
CARDIAC AUTONOMIC NEUROPATHY,46
CARTILAGE HYPERTROPHY,18
MENOPAUSAL DEPRESSION,16
COMMOTIO RETINAE,3
SMALL INTESTINE POLYP,80
DURAL ARTERIOVENOUS FISTULA,103
ELECTROCONVULSIVE THERAPY,74
BLINDNESS DAY,20
FIRST TRIMESTER PREGNANCY,23
NODULAR VASCULITIS,47
SEX HORMONE BINDING GLOBULIN INCREASED,46
EXHIBITIONISM,51
OESOPHAGEAL PAPILLOMA,22
PACEMAKER GENERATED RHYTHM,33
RADIAL HEAD DISLOCATION,18
DIFFUSE AXONAL INJURY,57
TESTICULAR APPENDAGE TORSION,5
BLOOD CREATINE PHOSPHOKINASE MB ABNORMAL,29
METHAEMOGLOBIN URINE PRESENT,4
GALACTOSAEMIA,19
PROSTATIC HYPOPLASIA,2
GLOBULIN ABNORMAL,50
JOINT STABILISATION,46
BLOOD KETONE BODY DECREASED,37
VAGINAL HYPERPLASIA,9
UTERINE APLASIA,6
DISEASE PRODROMAL STAGE,40
CONSTRICTED EAR DEFORMITY,8
PROTUBERANT EAR,4
HEPATOSPLENIC CANDIDIASIS,114
CRYOTHERAPY,64
ANAL NEOPLASM,31
SEDATIVE THERAPY,43
TRI-IODOTHYRONINE UPTAKE ABNORMAL,5
ACUTE UNDIFFERENTIATED LEUKAEMIA,3
MILIARY PNEUMONIA,20
FLOPPY EYELID SYNDROME,34
GENITAL INFECTION BACTERIAL,61
CSF PRESSURE DECREASED,17
EXCHANGE BLOOD TRANSFUSION,10
ECTOPIC HYPERTHYROIDISM,1
PERIPHERAL ARTERY RESTENOSIS,10
CREATININE URINE ABNORMAL,123
SCROTAL HAEMATOMA,70
MUMPS ANTIBODY TEST POSITIVE,6
UTERINE LEIOMYOMA EMBOLISATION,18
ALCOHOLIC HANGOVER,56
HELICOBACTER TEST,7
ANTIRETROVIRAL THERAPY,1
BLOOD GROUPING,3
RED BLOOD CELL AGGLUTINATION,30
BLOOD INSULIN ABNORMAL,169
FEAR OF CLOSED SPACES,11
FEAR OF OPEN SPACES,21
MICROVASCULAR CORONARY ARTERY DISEASE,207
PARAMNESIA,68
LOWN-GANONG-LEVINE SYNDROME,5
HUMAN T-CELL LYMPHOTROPIC VIRUS TYPE I INFECTION,58
ANAESTHESIA DOLOROSA,6
BENIGN NEOPLASM OF THYMUS,7
HUMAN IMMUNODEFICIENCY VIRUS TRANSMISSION,166
HODGKIN'S DISEASE MIXED CELLULARITY STAGE III,11
CELLS IN URINE,55
CONGENITAL APLASTIC ANAEMIA,26
SUBSTANCE ABUSER,204
BONE MARROW EOSINOPHILIC LEUKOCYTE COUNT INCREASED,23
POST TRANSFUSION PURPURA,8
DRUG LEVEL,40
NON-HODGKIN'S LYMPHOMA METASTATIC,30
ENDOCARDIAL FIBROELASTOSIS,33
CERVICAL LEUKOPLAKIA,1
MYELODYSPLASTIC SYNDROME UNCLASSIFIABLE,31
INTELLECTUALISATION,5
INADEQUATE LUBRICATION,57
B-CELL TYPE ACUTE LEUKAEMIA,696
HEPATITIS B SURFACE ANTIBODY NEGATIVE,15
MUCOPOLYSACCHARIDOSIS II,36
PROTHROMBIN TIME RATIO ABNORMAL,16
AFRICAN TRYPANOSOMIASIS,26
BLADDER NECROSIS,36
SEROCONVERSION TEST,3
NUCLEAR MAGNETIC RESONANCE IMAGING THORACIC ABNORMAL,8
EXTRAGONADAL PRIMARY EMBRYONAL CARCINOMA,1
ENDOCARDITIS CANDIDA,55
PERIPHERAL NERVOUS SYSTEM NEOPLASM,11
ARTERIAL BYPASS OPERATION,50
DEVICE MATERIAL OPACIFICATION,42
ANTIDEPRESSANT DRUG CLEARANCE DECREASED,16
HEPATIC AMOEBIASIS,57
POSTERIOR FOSSA SYNDROME,9
IRON BINDING CAPACITY TOTAL INCREASED,68
TINEA FACIEI,20
PREALBUMIN ABNORMAL,13
HUMAN ANAPLASMOSIS,77
BENIGN DUODENAL NEOPLASM,9
PRIMARY MEDIASTINAL LARGE B-CELL LYMPHOMA RECURRENT,44
IMPLANT SITE EXFOLIATION,6
HODGKIN'S DISEASE STAGE II,27
PALPATORY FINDING ABNORMAL,16
PLASMA CELLS INCREASED,55
GLOMERULAR VASCULAR DISORDER,113
CARCINOID TUMOUR OF THE PANCREAS,20
JOINT TUBERCULOSIS,86
ACQUIRED PIGMENTED RETINOPATHY,54
PERICARDITIS MALIGNANT,98
MENINGOENCEPHALITIS AMOEBIC,53
SPONTANEOUS HAEMORRHAGE,994
PELVIC ORGAN INJURY,67
PSYCHOLOGICAL ABUSE,30
DERMABRASION,29
EXTRASKELETAL OSTEOSARCOMA,9
CARDIAC MASSAGE,26
RECTAL CANCER STAGE I,17
SPLINT APPLICATION,31
NEUROTROPHIC KERATOPATHY,48
CHLAMYDIAL PELVIC INFLAMMATORY DISEASE,14
SPINAL CORD INJURY LUMBAR,61
HEPATITIS B ANTIGEN POSITIVE,31
PRODUCT CLEANING INADEQUATE,2627
DRAIN PLACEMENT,241
PSEUDOLOGIA,15
LYMPHOGRANULOMA VENEREUM,24
LIP HAEMATOMA,27
CILIARY MUSCLE SPASM,27
GNATHOSTOMIASIS,1
CSF LACTATE INCREASED,19
INFECTION PROPHYLAXIS,25
SUPERIOR VENA CAVA STENOSIS,34
HYPOSTHENURIA,29
AMYLOIDOMA,17
ELECTROCARDIOGRAM P WAVE BIPHASIC,5
HYPOPHONESIS,20
ANTI-ERYTHROPOIETIN ANTIBODY NEGATIVE,78
PULSE VOLUME DECREASED,15
BLOOD ALCOHOL,10
BLOOD CAFFEINE DECREASED,2
CHEST WALL TUMOUR,119
SKIN GRAFT REJECTION,48
GLUCOSE TOLERANCE TEST,5
OVARIAN CLEAR CELL CARCINOMA,38
ORBITAL DECOMPRESSION,22
RESPITE CARE,32
INFECTED SEROMA,72
FERTILITY INCREASED,12
LARGE CELL LUNG CANCER STAGE II,2
CONGENITAL OVARIAN ANOMALY,14
TRICHOSTASIS SPINULOSA,6
PANCREATIC ISLETS HYPERPLASIA,13
ELECTROENCEPHALOGRAM,48
PHOTODYNAMIC DIAGNOSTIC PROCEDURE,1
ALCOHOL REHABILITATION,33
PROFOUND MENTAL RETARDATION,8
IRON BINDING CAPACITY TOTAL ABNORMAL,17
FUNCTIONAL RESIDUAL CAPACITY INCREASED,39
STOMA SITE IRRITATION,540
IDIOPATHIC ANGIOEDEMA,99
ANTINEUTROPHIL CYTOPLASMIC ANTIBODY DECREASED,28
OPTIC NERVE CUP/DISC RATIO,3
INDUCED ABORTION FAILED,89
EXPOSURE TO CHEMICAL POLLUTION,1481
RETICULIN INCREASED,28
LIGAMENTITIS,61
METAPLASTIC BREAST CARCINOMA,39
ANTI-ERYTHROPOIETIN ANTIBODY,13
SUBCLAVIAN CORONARY STEAL SYNDROME,2
BLOOD SODIUM,10
DACRYOADENITIS ACQUIRED,45
REPLACEMENT OF AMBULATORY PERITONEAL CATHETER,4
HYDROGEN BREATH TEST ABNORMAL,5
MUTAGENIC EFFECT,28
PARATYPHOID FEVER,8
GASTROINTESTINAL DILATION PROCEDURE,47
GALLBLADDER CANCER STAGE IV,135
VITH NERVE INJURY,5
CARDIAC VENTRICULOGRAM,6
BACTERASCITES,20
OCULOFACIAL PARALYSIS,6
APHERESIS,47
SPLEEN OPERATION,65
REMOVAL OF FOREIGN BODY FROM THROAT,15
CYSTOSTOMY,41
TROPICAL INFECTIOUS DISEASE,16
SMOKING CESSATION THERAPY,12
ACCESSORY NERVE DISORDER,7
PULMONARY HAEMOSIDEROSIS,56
ASCARIASIS,27
ALCOHOL SEPTAL ABLATION,4
ANTINUCLEAR ANTIBODY NEGATIVE,33
AVIAN INFLUENZA,58
ANAESTHETIC COMPLICATION NEONATAL,5
SCLERAL GRAFT,2
PROSTATE CANCER STAGE I,3809
APPLICATION SITE ACNE,471
PHLEBOTOMY,57
CHILD-PUGH-TURCOTTE SCORE INCREASED,83
INFLAMMATORY CARCINOMA OF BREAST RECURRENT,2
MUCOEPIDERMOID CARCINOMA OF SALIVARY GLAND,57
EWING'S SARCOMA RECURRENT,36
BIOPSY SITE UNSPECIFIED ABNORMAL,63
STRUCK BY LIGHTNING,30
CLITORIS ABSCESS,13
HIPPUS,9
MESOBLASTIC NEPHROMA,8
CILIARY BODY HAEMORRHAGE,4
SKIN ULCER EXCISION,6
RENAL CANCER STAGE III,1835
BLOOD HIV RNA BELOW ASSAY LIMIT,13
ANTINEUTROPHIL CYTOPLASMIC ANTIBODY,74
SOMATOFORM DISORDER PREGNANCY,15
IMPLANT SITE PHLEBITIS,3
SILICON GRANULOMA,13
PLATELETCRIT DECREASED,63
INFUSION SITE HYPOAESTHESIA,94
STOMATITIS RADIATION,9
VENOMOUS BITE,6
METABOLIC MYOPATHY,37
HYPODONTIA,22
YELLOW FEVER,30
NATURAL KILLER CELL COUNT DECREASED,86
STOMA SITE INFECTION,1276
CUTANEOUS COCCIDIOIDOMYCOSIS,13
CARDIAC REHABILITATION THERAPY,73
PALATAL SWELLING,237
SPINAL VESSEL CONGENITAL ANOMALY,4
IMPLANT SITE COLDNESS,9
DUCTUS VENOSUS AGENESIS,17
OVARIAN REMNANT SYNDROME,5
KLIPPEL-FEIL SYNDROME,14
COXSACKIE VIRUS TEST POSITIVE,17
ENTEROVIRUS TEST POSITIVE,164
PNEUMOVIRUS TEST POSITIVE,25
ACUTE HAEMORRHAGIC LEUKOENCEPHALITIS,30
VENOUS PRESSURE JUGULAR,12
GASTRIC OCCULT BLOOD POSITIVE,27
FAMILIAL HAEMOPHAGOCYTIC LYMPHOHISTIOCYTOSIS,31
VENOUS REPAIR,12
CONGENITAL HYPEREXTENSION OF SPINE,3
PYLORIC SPHINCTER INSUFFICIENCY,7
INCISION SITE INFLAMMATION,113
BURGLARY VICTIM,5
SECONDARY SYPHILIS,85
POST COITAL CONTRACEPTION,11
PHOTODYNAMIC THERAPY,5
VENTRICULAR REMODELING,2
PULMONARY FUNCTION CHALLENGE TEST ABNORMAL,11
MENINGITIS NONINFECTIVE,54
NASAL FLARING,94
PULMONARY VASCULAR RESISTANCE ABNORMALITY,72
CHOLEDOCHOTOMY,2
ANTERIOR CHAMBER OPACITY,12
ALVEOLAR RHABDOMYOSARCOMA,44
INFLAMMATORY PSEUDOTUMOUR,60
CORTISOL FREE URINE ABNORMAL,5
DEAFNESS PERMANENT,185
STREPTOBACILLUS TEST POSITIVE,6
LATE ONSET HYPOGONADISM SYNDROME,12
BLADDER ADENOCARCINOMA RECURRENT,5
BLADDER ADENOCARCINOMA STAGE UNSPECIFIED,35
BLOOD UREA NITROGEN/CREATININE RATIO DECREASED,117
PSYCHIATRIC EVALUATION ABNORMAL,9
ILEUS SPASTIC,5
OESOPHAGEAL STENT INSERTION,5
ACUTE CUTANEOUS LUPUS ERYTHEMATOSUS,142
MUCOCUTANEOUS LEISHMANIASIS,118
ANAL PAP SMEAR ABNORMAL,2
INJECTION SITE PLAQUE,204
STAPHYLOCOCCAL IMPETIGO,38
HAEMOPHOBIA,13
OLIGOSPERMIA,103
PROPHYLACTIC CHEMOTHERAPY,2
DENNIE-MORGAN FOLD,5
RED BLOOD CELL ROULEAUX FORMATION PRESENT,13
URINE ELECTROPHORESIS ABNORMAL,3
PLEOMORPHIC LIPOSARCOMA,11
MANTLE CELL LYMPHOMA REFRACTORY,58
RETICULOCYTE PERCENTAGE DECREASED,14
ROUX LOOP CONVERSION,6
FREE PROSTATE-SPECIFIC ANTIGEN POSITIVE,8
BIOPSY STOMACH ABNORMAL,11
STOMA SITE ULCER,176
BILIARY TRACT INFECTION BACTERIAL,17
LIPASE,14
FAMILIAL PERIODIC PARALYSIS,202
LATENT SYPHILIS,22
METAPHYSEAL DYSPLASIA,6
MENINGITIS LEPTOSPIRAL,13
BARTONELLA TEST POSITIVE,29
PHOTOTHERAPY,25
DEVICE ELECTRICAL FINDING,678
TESTICULAR MALIGNANT TERATOMA,14
CEREBELLAR MICROHAEMORRHAGE,38
CLOT RETRACTION ABNORMAL,6
INTERCEPTED WRONG PATIENT SELECTED,57
BAND NEUTROPHIL PERCENTAGE INCREASED,44
CORTISOL FREE URINE INCREASED,52
PANTOEA AGGLOMERANS TEST POSITIVE,8
HYPERGEUSIA,51
RADICAL HYSTERECTOMY,31
METASTASES TO THE RESPIRATORY SYSTEM,16
PENILE VEIN THROMBOSIS,39
METASTATIC PULMONARY EMBOLISM,9
GASTROENTERITIS AEROMONAS,26
BLOOD CHOLESTEROL ESTERASE INCREASED,6
MENINGITIS CANDIDA,66
NEONATAL OVERSEDATION,21
METAMYELOCYTE PERCENTAGE INCREASED,18
PERINEAL INDURATION,6
VULVAL OEDEMA,57
SURGICAL VASCULAR SHUNT,27
ANTHRAX,13
TUBERCULOSIS OF PERIPHERAL LYMPH NODES,6
ENDOCARDITIS FIBROPLASTICA,36
PROCALCITONIN,17
MALIGNANT NEOPLASM OF SEMINAL VESICLE,4
INJECTION SITE JOINT PAIN,93
MYOCARDITIS SEPTIC,19
CAROTID PULSE ABNORMAL,41
MUCINOUS CYSTADENOCARCINOMA OF PANCREAS,7
RHINOSCLEROMA,6
URETERIC FISTULA,38
WERNICKE-KORSAKOFF SYNDROME,50
HAEMORRHAGIC THYROID CYST,12
VENOM POISONING,19
VAGINAL HAEMATOMA,55
ABORTED PREGNANCY,32
CONGENITAL CEREBRAL CYST,95
17-HYDROXYPROGESTERONE INCREASED,33
KYPHOSIS POSTOPERATIVE,5
ALCOHOL TEST FALSE POSITIVE,94
PULSE PRESSURE ABNORMAL,10
HASHIMOTO'S ENCEPHALOPATHY,75
THYROID SIZE DECREASED,14
HLA-B*5701 ASSAY,1
ALSTROEM SYNDROME,2
TREPONEMA TEST POSITIVE,46
CORNEAL LIGHT REFLEX TEST ABNORMAL,8
LEFT VENTRICULAR HEAVE,3
VITAMIN E DECREASED,48
RADIATION DYSPHAGIA,24
LUTEAL PHASE DEFICIENCY,6
XANTHOMATOSIS,10
PSEUDOCROUP,7
RECTOSIGMOID CANCER STAGE I,1
SUCCINYLACETONE INCREASED,35
ELDER ABUSE,5
CLOSTRIDIUM TEST,28
LARYNGEAL LEUKOPLAKIA,14
ABDOMEN CRUSHING,9
ELECTROPHORESIS ABNORMAL,16
SCAN BONE MARROW ABNORMAL,17
DISACCHARIDE METABOLISM DISORDER,4
PAROTID DUCT OBSTRUCTION,17
PRIMARY HYPOGONADISM,98
MEAN CELL HAEMOGLOBIN CONCENTRATION,55
LIGHT CHAIN ANALYSIS,21
OS TRIGONUM SYNDROME,3
PROTEIN URINE ABSENT,12
UROGRAM,5
LIP AND/OR ORAL CAVITY CANCER STAGE 0,10
GRANULOCYTES MATURATION ARREST,31
KWASHIORKOR,18
BIOPSY GINGIVAL,2
ENCEPHALITIS POST MEASLES,3
PROSTATE INDURATION,16
MALIGNANT PERICARDIAL NEOPLASM,9
INTRACRANIAL HAEMANGIOMA,24
SACRALISATION,12
HOMOCYSTINAEMIA,13
NASAL NEOPLASM BENIGN,18
LACTATE PYRUVATE RATIO INCREASED,16
CAROTID ARTERY RESTENOSIS,9
MACULAR PSEUDOHOLE,20
HAEMOGLOBIN DISTRIBUTION WIDTH DECREASED,5
OROPHARYNGEAL CANCER STAGE III,3
TIME PERCEPTION ALTERED,356
URINE PROTEIN/CREATININE RATIO DECREASED,31
ACCIDENTAL DEVICE INGESTION,44
SPLENIC MARGINAL ZONE LYMPHOMA,66
BROW PRESENTATION,3
FEMORAL ANTEVERSION,23
IRON BINDING CAPACITY UNSATURATED INCREASED,10
MONOFILAMENT PRESSURE PERCEPTION TEST ABNORMAL,4
URINE VISCOSITY DECREASED,7
MUSCULAR SARCOIDOSIS,11
PUDENDAL CANAL SYNDROME,74
ARTERIAL CATHETERISATION,60
CAROTIDYNIA,45
PTERYGIUM COLLI,16
HYPOTENSIVE TRANSFUSION REACTION,63
PAGET'S DISEASE OF SKIN,1
PALLIDOTOMY,4
TRACHEAL PAPILLOMA,3
GASTROPLASTY,7
COMPUTERISED TOMOGRAM THORAX,57
FAMILIAL RISK FACTOR,5
MENINGITIS NEONATAL,37
CONVULSION IN CHILDHOOD,12
APOLIPOPROTEIN B DECREASED,13
AUTOLOGOUS BONE MARROW TRANSPLANTATION THERAPY,24
DIAPHRAGMATIC OPERATION,31
VISION CORRECTION OPERATION,11
FOREIGN TRAVEL,8
BLOOD COUNT,14
NON-CONSUMMATION,66
BORDERLINE MENTAL IMPAIRMENT,5
AKINAESTHESIA,7
LARYNGEAL ERYTHEMA,30
VITAL DYE STAINING CORNEA PRESENT,32
DIAGNOSTIC ASPIRATION,21
CERVIX CAUTERY,4
HOOKWORM INFECTION,30
NEMATODIASIS,29
LYMPHOMA OPERATION,12
BLOOD UREA,19
MANDIBULOFACIAL DYSOSTOSIS,10
STICKLER'S SYNDROME,9
RENAL ADENOMA,39
BONE MARROW ISCHAEMIA,7
BLADDER POLYPECTOMY,13
RENAL LESION EXCISION,5
PERIPHERAL NERVE NEUROSTIMULATION,28
DUCTAL ADENOCARCINOMA OF PANCREAS,272
MALIGNANT LYMPHOID NEOPLASM,35
LIPOSARCOMA RECURRENT,16
LOSS OF ANATOMICAL ALIGNMENT AFTER FRACTURE REDUCTION,10
EXCISION OF PALATAL LESION,2
BLOOD CREATINE,15
PORTAL FIBROSIS,209
SPASTIC DIPLEGIA,3
EGOBRONCHOPHONY,4
VIRAL MYELITIS,69
HYPOINSULINAEMIA,27
ARTERIOSCLEROSIS MOENCKEBERG-TYPE,4
EXERCISE TEST,1
BLOOD CORTICOSTERONE DECREASED,10
EOSINOPHIL CATIONIC PROTEIN DECREASED,2
VULVAL NEOPLASM,31
CRYOGLOBULINS,4
PAPILLA OF VATER STENOSIS,21
VASCULAR MALFORMATION PERIPHERAL,1
BARREL CHEST,16
PINEAL PARENCHYMAL NEOPLASM MALIGNANT,12
MOLAR ABORTION,2
CARBOHYDRATE ANTIGEN 125,26
BIOPSY BONE MARROW NORMAL,6
RUSSELL'S VIPER VENOM TIME ABNORMAL,15
INCISION SITE DERMATITIS,4
FINGER REPAIR OPERATION,27
SELENIUM DEFICIENCY,37
MALIGNANT CRANIAL NERVE NEOPLASM,24
PANCREATIC SPHINCTEROTOMY,7
PHOTOCOAGULATION,14
CONGENITAL GENERALISED LIPODYSTROPHY,9
PYLORUS DILATATION,16
ASPIRATION BREAST,4
TRACHEOBRONCHOMEGALY,19
RENAL CYST RUPTURED,113
BACTEROIDES BACTERAEMIA,49
"FOLLICLE CENTRE LYMPHOMA, FOLLICULAR GRADE I, II, III REFRACTORY",7
CEREBRAL VENTRICULOGRAM ABNORMAL,4
ANOPHTHALMOS,25
HISTOPLASMOSIS CUTANEOUS,35
CRIGLER-NAJJAR SYNDROME,3
ELECTROCARDIOGRAM T WAVE NORMAL,1
NEONATAL INTESTINAL PERFORATION,36
POLYNEUROPATHY ALCOHOLIC,12
UMBILICAL DISCHARGE,83
LISTERIA TEST POSITIVE,21
ANTI-MUSCLE SPECIFIC KINASE ANTIBODY POSITIVE,5
RETINAL MELANOMA,17
EAR TUBERCULOSIS,3
DIFFUSE LARGE B-CELL LYMPHOMA STAGE I,32
ARGYLL-ROBERTSON PUPILS,1
FIBROUS CORTICAL DEFECT,7
CONGENITAL BRONCHOMALACIA,5
SCAN MYOCARDIAL PERFUSION,8
RADICAL PROSTATECTOMY,76
CHOROID NEOPLASM,13
GLIONEURONAL TUMOUR,52
CONGENITAL TRICUSPID VALVE STENOSIS,20
INHIBITING ANTIBODIES,52
ARTERIAL BRUIT,9
SYSTEMIC-PULMONARY ARTERY SHUNT,27
NEONATAL CHOLESTASIS,71
INTENTIONAL UNDERDOSE,7192
BILIARY CANCER METASTATIC,34
PULMONARY OSSIFICATION,30
MANTLE CELL LYMPHOMA STAGE IV,52
DIABETIC FOETOPATHY,53
COOMBS DIRECT TEST,5
UTERINE ADHESIONS,126
THERAPEUTIC ASPIRATION,47
EARLY INFANTILE EPILEPTIC ENCEPHALOPATHY WITH BURST-SUPPRESSION,12
DERAILMENT,38
BIOPSY RECTUM,5
DEVICE SIGNAL DETECTION ISSUE,13
EXPANDED DISABILITY STATUS SCALE SCORE DECREASED,23
RADIOISOTOPE SCAN ABNORMAL,662
ATROPHODERMA OF PASINI AND PIERINI,2
BLOOD CULTURE NEGATIVE,70
THROMBOSIS CORPORA CAVERNOSA,18
VAGINAL CANCER STAGE II,3
INFLAMMATION OF LACRIMAL PASSAGE,43
PROSTATE CANCER STAGE III,2628
ECCRINE SQUAMOUS SYRINGOMETAPLASIA,36
SPERMATOCELE,44
NERVE GRAFT,8
NATURAL KILLER T CELL COUNT DECREASED,10
HIV INFECTION WHO CLINICAL STAGE III,6
COAGULATION FACTOR IX LEVEL INCREASED,8
DONOR LEUKOCYTE INFUSION,22
HETEROCHROMIA IRIDIS,27
LICHEN SPINULOSUS,10
CHILDHOOD PSYCHOSIS,10
CAMPYLOBACTER SEPSIS,31
DIVERTICULAR HERNIA,3
BILE DUCT CANCER STAGE IV,37
PARANEOPLASTIC ENCEPHALOMYELITIS,43
GASTROINTESTINAL PROTOZOAL INFECTION,25
GROUP B STREPTOCOCCUS NEONATAL SEPSIS,13
SKIN CYST EXCISION,15
LIGHT ANAESTHESIA,4
RENAL ARTERY ANGIOPLASTY,17
BLOOD CARBON MONOXIDE ABNORMAL,15
EXPOSURE TO ALLERGEN,295
PARASYSTOLE,1
BODY SURFACE AREA INCREASED,128
ANDROGENS INCREASED,17
ENDOSCOPIC ULTRASOUND ABNORMAL,6
CHRONIC LYMPHOCYTIC LEUKAEMIA (IN REMISSION),9
PLASMA CELL DISORDER,40
PENILE HAEMATOMA,230
FREE HAEMOGLOBIN PRESENT,8
ASTRINGENT THERAPY,26
PULMONARY FUNCTION TEST,55
RETICULAR ERYTHEMATOUS MUCINOSIS,6
ENDOCARDIAL DISEASE,18
RETINITIS HISTOPLASMA,4
TRANSFERRIN ABNORMAL,22
ECCENTRIC FIXATION,4
PLATELET COUNT NORMAL,14
LARYNGEAL CANCER METASTATIC,20
SIALOCELE,8
PRIMARY MEDIASTINAL LARGE B-CELL LYMPHOMA STAGE III,4
ACRAL LENTIGINOUS MELANOMA,42
BREAST SARCOMA,13
BRANCHIAL CLEFT SINUS,10
CATHETER SITE URTICARIA,28
SPONDYLOEPIPHYSEAL DYSPLASIA,11
MYOCARDIAL BRIDGING,57
DACRYOLITH,13
BORRELIA TEST NEGATIVE,3
ADVERSE EVENT FOLLOWING IMMUNISATION,53
INJECTION SITE DYSAESTHESIA,20
EPIPHYSEAL INJURY,31
JOINT DISLOCATION PATHOLOGICAL,10
ENDOSCOPY GASTROINTESTINAL,33
CSF SHUNT OPERATION,58
HYPERKERATOSIS FOLLICULARIS ET PARAFOLLICULARIS,13
PSEUDOXANTHOMA ELASTICUM,14
FLAVOBACTERIUM TEST POSITIVE,2
BASOPHIL COUNT ABNORMAL,48
HIP DISARTICULATION,10
KARNOFSKY SCALE WORSENED,29
ALLERGIC PHARYNGITIS,28
HEPATITIS B TEST NEGATIVE,2
BREAST ULCERATION,138
HERPES SIMPLEX OESOPHAGITIS,179
BLOOD BICARBONATE,5
STARGARDT'S DISEASE,15
17 KETOSTEROIDS URINE DECREASED,1
HODGKIN'S DISEASE NODULAR SCLEROSIS STAGE III,27
ADRENOLEUKODYSTROPHY,29
MAXIMAL VOLUNTARY VENTILATION DECREASED,13
THIRD STAGE POSTPARTUM HAEMORRHAGE,23
CORROSIVE GASTRITIS,14
CARDIOVASCULAR FUNCTION TEST ABNORMAL,19
OROPHARYNGEAL GONOCOCCAL INFECTION,27
THYROID TUBERCULOSIS,11
CIRCUMSTANCE OR INFORMATION CAPABLE OF LEADING TO DEVICE USE ERROR,2322
VISUAL PERSEVERATION,147
HAND-FOOT-GENITAL SYNDROME,30
MEDICAL OBSERVATION NORMAL,3
ANAEMIA HEINZ BODY,14
TONGUE CYST,24
GASTRITIS HERPES,8
VACCINATION SITE RASH,40
GASTROENTERITIS BACILLUS,9
MINERALOCORTICOID DEFICIENCY,25
VENTRICULO-CARDIAC SHUNT,4
REFRACTORY CANCER,207
NUCLEAR MAGNETIC RESONANCE IMAGING ABDOMINAL ABNORMAL,6
MALIGNANT NEOPLASM OF LACRIMAL DUCT,5
SMOOTH MUSCLE ANTIBODY,8
BLOOD PRESSURE SYSTOLIC,63
ECTOPIA CORDIS,37
MACULAR RUPTURE,28
NASOPHARYNGEAL SURGERY,9
URINE VISCOSITY INCREASED,43
PORPHYRINS STOOL INCREASED,17
ADRENAL GLAND TUBERCULOSIS,3
TESTICULAR INJURY,35
ORAL MUCOSA ATROPHY,7
MESENTERIC VASCULAR OCCLUSION,48
TUBULAR BREAST CARCINOMA,35
BLOOD CATECHOLAMINES DECREASED,47
PRODUCT PHYSICAL CONSISTENCY ISSUE,5397
HIV WASTING SYNDROME,12
FREE FATTY ACIDS,2
MAGICAL THINKING,22
INFUSION SITE HYPERTROPHY,22
EXTRAVASATION OF URINE,18
VERY LOW DENSITY LIPOPROTEIN ABNORMAL,10
URINE DELTA AMINOLEVULINATE INCREASED,15
RIGHT VENTRICULAR HEAVE,7
ADENOCARCINOMA OF APPENDIX,65
ANTIDEPRESSANT DRUG LEVEL DECREASED,12
URINE ZINC,3
BLOOD ZINC INCREASED,20
BOTULINUM TOXIN INJECTION,21
STURGE-WEBER SYNDROME,8
RADIOTHERAPY TO BRAIN,56
TRACHEAL DIVERTICULUM,8
DYSPROSODY,14
RED BLOOD CELL VACUOLISATION,19
PATHOLOGIC MYOPIA,27
UNRELATED DONOR BONE MARROW TRANSPLANTATION THERAPY,7
HAEMOLYTIC TRANSFUSION REACTION,41
MYELOCYTE PRESENT,23
ENDOMETRIUM ARRESTED STAGE,2
HYPERCATABOLISM,26
ACANTHAMOEBA KERATITIS,32
CONGENITAL URETEROCELE,27
CONJUNCTIVAL FILTERING BLEB LEAK,37
THYROID B-CELL LYMPHOMA,11
DECOMPRESSION SICKNESS,43
MENOPAUSE DELAYED,21
CONGENITAL LABIA PUDENDI ADHESIONS,6
OCULOCEREBRORENAL SYNDROME,3
RESPIRATORY TRACT HAEMORRHAGE NEONATAL,6
CONTRACEPTIVE IMPLANT,30
VAGINAL CELLULITIS,30
BLOOD FIBRINOGEN ABNORMAL,42
AMYLASE,10
DELLEN,15
REMOVAL OF TRANSPLANTED ORGAN,8
URINE CHLORIDE INCREASED,7
ENDOSALPINGIOSIS,10
COTARD'S SYNDROME,85
SERUM PROCOLLAGEN TYPE III N-TERMINAL PROPEPTIDE INCREASED,18
CONGENITAL ANOMALIES OF EAR OSSICLES,2
HYPERTENSIVE CARDIOMEGALY,20
EGFR GENE MUTATION,373
CAROTID BODY TUMOUR,21
EXPOSURE TO UNSPECIFIED AGENT,195
COMPLICATED FRACTURE,42
CATHETER MANAGEMENT,891
THOUGHT BROADCASTING,14
AMMONIA DECREASED,56
CENTRAL VENOUS PRESSURE ABNORMAL,8
BLADDER CATHETER PERMANENT,17
GLABELLAR REFLEX ABNORMAL,16
GENITAL HERPES SIMPLEX,208
INSTILLATION SITE COMPLICATION,20
USHER'S SYNDROME,7
RED BLOOD CELL NUCLEATED MORPHOLOGY PRESENT,80
ARTHRITIS ALLERGIC,18
MYOCARDIAC ABSCESS,45
LEFT VENTRICULAR END-DIASTOLIC PRESSURE DECREASED,15
NEUROMYOTONIA,65
ECHOPRAXIA,52
ROUND CELL LIPOSARCOMA,3
N-TERMINAL PROHORMONE BRAIN NATRIURETIC PEPTIDE ABNORMAL,77
IMMUNOGLOBULIN G4 RELATED SCLEROSING DISEASE,18
MODIFIED RANKIN SCORE INCREASED,113
MALE GENITAL EXAMINATION ABNORMAL,22
X-RAY WITH CONTRAST UPPER GASTROINTESTINAL TRACT,9
CONGENITAL HYPERTRICHOSIS,6
ABNORMAL LABOUR AFFECTING FOETUS,12
MUCINOUS ADENOCARCINOMA OF APPENDIX,33
ELECTROCARDIOGRAM QRS COMPLEX,34
CONGENITAL MITOCHONDRIAL CYTOPATHY,8
STOMA SITE ERYTHEMA,1846
ORTHOSTATIC HEART RATE RESPONSE INCREASED,15
GASTRIC LAVAGE ABNORMAL,4
IVTH NERVE INJURY,4
PULMONARY HILAR ENLARGEMENT,44
POSTPARTUM VENOUS THROMBOSIS,17
VON WILLEBRAND'S FACTOR ACTIVITY DECREASED,16
VON WILLEBRAND'S FACTOR ANTIGEN DECREASED,5
PRE-ENGRAFTMENT IMMUNE REACTION,78
ICHTHYOSIS ACQUIRED,47
ELECTROCARDIOGRAM QT INTERVAL,125
EYE LASER SCAR,21
MALIGNANT HYPERTENSIVE HEART DISEASE,2
RETINAL NEOPLASM,20
COLORECTAL CANCER STAGE II,2813
HEPATITIS B CORE ANTIBODY NEGATIVE,4
HEPATITIS B SURFACE ANTIGEN NEGATIVE,6
LOCHIAL INFECTION,6
VAGINITIS GARDNERELLA,50
NATURAL KILLER-CELL LYMPHOBLASTIC LYMPHOMA,33
MENINGITIS ASPERGILLUS,11
SECONDARY HYPERTHYROIDISM,90
ORNITHINE TRANSCARBAMOYLASE DEFICIENCY,35
GALLBLADDER CANCER STAGE III,29
NON-SECRETORY ADENOMA OF PITUITARY,6
MICROVILLOUS INCLUSION DISEASE,74
INTESTINAL CALCIFICATION,20
CHOLANGIECTASIS ACQUIRED,12
BIOPSY TRACHEA ABNORMAL,2
ANGIOGRAM CEREBRAL ABNORMAL,8
VISION ABNORMAL NEONATAL,396
PHOSPHORUS METABOLISM DISORDER,39
COX-MAZE PROCEDURE,8
PYOPNEUMOTHORAX,46
CATHETER SITE SCAB,103
ANTIDEPRESSANT THERAPY,37
TOCOLYSIS,2
SMOOTH MUSCLE CELL NEOPLASM,396
AIR-BORNE TRANSMISSION,4
PYRUVATE KINASE INCREASED,8
SYMPATHETIC OPHTHALMIA,12
THUMB SUCKING,16
ACUTE PAINFUL NEUROPATHY OF RAPID GLYCAEMIC CONTROL,33
PUERPERAL INFECTION,18
ENTERAL FEEDING INTOLERANCE,6
UMBILICAL CORD HAEMORRHAGE,9
CARDIOVASCULAR EVALUATION,24
HIGH FOETAL HEAD,6
CEREBRAL LOBOTOMY,17
BONE MARROW PLASMACYTE COUNT INCREASED,7
BLOOD BROMIDE INCREASED,20
GIARDIA TEST POSITIVE,9
SJOGREN-LARSSON SYNDROME,3
TRAUMATIC ARTHROSIS,2
OTITIS EXTERNA CANDIDA,9
CORNEAL THICKENING,58
SMALL FIBRE NEUROPATHY,721
OROTICACIDURIA,13
TRI-IODOTHYRONINE FREE,5
FLATBACK SYNDROME,17
"INCISIONAL HERNIA, OBSTRUCTIVE",13
MONOCYTE COUNT,13
TRIGEMINAL NEURITIS,24
TICK-BORNE FEVER,61
CATHETER SITE VESICLES,189
IVTH NERVE PARESIS,8
SLEEP SEX,44
VISCERAL OEDEMA,38
KAYSER-FLEISCHER RING,8
GRAM STAIN NEGATIVE,11
EPIGLOTTIS ULCER,25
PSEUDOHYPERPHOSPHATAEMIA,9
HAEMORRHAGIC TUMOUR NECROSIS,32
PNEUMONIA MEASLES,14
NON-SMALL CELL LUNG CANCER STAGE II,17
METACHROMATIC LEUKODYSTROPHY,7
MUSCULOSKELETAL INJURY,239
MENINGITIS SALMONELLA,7
NUCLEAR MAGNETIC RESONANCE IMAGING SPINAL ABNORMAL,36
OVARIAN PROLAPSE,4
EXPOSURE VIA CONTAMINATED DEVICE,44
HYPOTENSIVE ANAESTHESIA PROCEDURE,1
CATHETER SITE HYPERTROPHY,9
PROSTATIC SPECIFIC ANTIGEN,39
FACTOR I DEFICIENCY,10
BILIRUBIN CONJUGATED,18
UNDIFFERENTIATED SARCOMA,44
ANTI FACTOR VII ANTIBODY POSITIVE,13
LAURENCE-MOON-BARDET-BIEDL SYNDROME,7
OSMOLAR GAP ABNORMAL,31
FIBRIN DECREASED,8
THORACOSTOMY,51
CINCHONISM,28
UMBILICAL HERNIA PERFORATION,25
PITUITARY HYPOPLASIA,3
ACQUIRED PYRIMIDINE METABOLISM DISORDER,3
CILIARY BODY DISORDER,72
TUMOUR OF AMPULLA OF VATER,11
FALLOPIAN TUBE LESION EXCISION,2
ENTERITIS NECROTICANS,22
COLONY STIMULATING FACTOR THERAPY,203
REMOVAL OF FOREIGN BODY FROM GASTROINTESTINAL TRACT,4
CONGENITAL ECTODERMAL DYSPLASIA,9
PAROTID GLAND HAEMORRHAGE,13
INFERTILITY TESTS ABNORMAL,2
PROLONGED RUPTURE OF MEMBRANES,46
CONGENITAL DIAPHRAGMATIC EVENTRATION,20
PLATELET-DERIVED GROWTH FACTOR RECEPTOR OVEREXPRESSION,1
HAEMANGIOPERICYTOMA,12
OROPHARYNGEAL CANCER RECURRENT,4
ELECTROCARDIOGRAM AMBULATORY ABNORMAL,38
CD4 LYMPHOCYTE PERCENTAGE DECREASED,44
ILEOCOLIC BYPASS,7
TILT TABLE TEST POSITIVE,10
VENTRICULAR PRE-EXCITATION,23
MEIGE'S SYNDROME,59
MYELOMA CAST NEPHROPATHY,142
SCAN ADRENAL GLAND ABNORMAL,9
DRUG ADMINISTRATION MONITORING PROCEDURE INCORRECTLY PERFORMED,3
HUMAN METAPNEUMOVIRUS TEST POSITIVE,117
LEUKOENCEPHALOMYELITIS,3
DRY LUNG SYNDROME,17
ENTROPION CONGENITAL,1
DIFFUSE MESANGIAL SCLEROSIS,27
HEPATITIS CHRONIC PERSISTENT,12
METASTASES TO PERINEUM,10
HYDROCELE FEMALE,9
HERPES ZOSTER MENINGOENCEPHALITIS,356
BLOOD ETHANAL INCREASED,3
KNEE IMPINGEMENT SYNDROME,5
SEVERE MYOCLONIC EPILEPSY OF INFANCY,30
ANTIACETYLCHOLINE RECEPTOR ANTIBODY POSITIVE,60
ACUPUNCTURE,20
REVERSED HOT-COLD SENSATION,45
UROBILINOGEN URINE,23
PEUTZ-JEGHERS SYNDROME,9
GASTROINTESTINAL STOMA OUTPUT ABNORMAL,142
LOCALISED COOLING THERAPY,1
BROMHIDROSIS,18
BLOOD ANDROSTENEDIONE INCREASED,16
BIOPSY COLON ABNORMAL,28
DEFORMITY OF ORBIT,23
CERVICAL DIATHERMY,1
VULVOVAGINAL ULCERATION,37
BENIGN CARDIAC NEOPLASM,23
PERITONEAL FIBROSIS,26
SCAN WITH CONTRAST,18
UTERINE CERVICAL LESION EXCISION,3
TRICUSPID VALVE CALCIFICATION,10
MYCOTOXICOSIS,33
LUPUS ENCEPHALITIS,33
SCAN PARATHYROID,3
PERINEAL ERYTHEMA,52
MUCOSAL INDURATION,9
TRACHOMA,5
PULMONARY ARTERY THERAPEUTIC PROCEDURE,37
CRONKHITE-CANADA SYNDROME,14
IRIDOPLEGIA,3
TERTIARY HYPOTHYROIDISM,2
VAGINAL OBSTRUCTION,9
CRANIAL NERVE OPERATION,9
SCLEROTHERAPY,35
BLOOD METHANOL INCREASED,13
TRISOMY 15,10
MOUTH CYST EXCISION,3
PARAOESOPHAGEAL ABSCESS,3
EXTENSIVE INTERDIALYTIC WEIGHT GAIN,4
CAPILLARY FRAGILITY ABNORMAL,2
PULMONARY ARTERIAL PRESSURE DECREASED,76
ACANTHOMA,41
ALCOHOL INDUCED PERSISTING DEMENTIA,17
CILIARY BODY DEGENERATION,7
SEMEN VOLUME ABNORMAL,11
BLADDER CALCULUS REMOVAL,16
CRYPTOCOCCUS TEST POSITIVE,42
ULTRASOUND ABDOMEN,4
ISCHAEMIC PANCREATITIS,12
MITRAL PERFORATION,16
PENILE NEOPLASM,8
PYTHIUM INSIDIOSUM INFECTION,9
STOMA CLOSURE,298
HEREDITARY PANCREATITIS,8
CRUSHING INJURY OF TRUNK,4
SOMATOFORM DISORDER GASTROINTESTINAL,1
POSTERIOR SEGMENT OF EYE ANOMALY CONGENITAL,2
SOLUBLE FIBRIN MONOMER COMPLEX INCREASED,3
ANAPLASTIC THYROID CANCER,120
LARYNGEAL WEB,9
SPERMATOZOA MORPHOLOGY ABNORMAL,30
PYODERMA STREPTOCOCCAL,24
CSF OLIGOCLONAL BAND,8
NEUROLOGICAL EXAMINATION NORMAL,20
CSF CELL COUNT INCREASED,93
VITAMIN B2 DEFICIENCY,18
OVARIAN GRANULOSA CELL TUMOUR,72
CHOROIDAL COLOBOMA,30
RETINAL COLOBOMA,52
FREE THYROXINE INDEX DECREASED,6
EWING'S SARCOMA METASTATIC,28
APPLICATION SITE FOLLICULITIS,66
EXPOSURE TO CONTAMINATED WATER,29
OVARIAN GERM CELL CANCER STAGE II,12
ENDOTHELIN ABNORMAL,2
BIOPSY OVARY,3
WOUND HEALING NORMAL,17
SWAN GANZ CATHETER PLACEMENT,11
TUMOUR NECROSIS FACTOR RECEPTOR-ASSOCIATED PERIODIC SYNDROME,52
CARCINOID HEART DISEASE,85
LACK OF INJECTION SITE ROTATION,1700
MULTIPLE ENDOCRINE NEOPLASIA TYPE 2A,3
OESOPHAGEAL COMPRESSION,73
MECONIUM ABNORMAL,32
PREMATURE RECOVERY FROM ANAESTHESIA,25
URINE POTASSIUM ABNORMAL,10
RADIATION UNDERDOSE,3
ATRIAL SEPTAL DEFECT ACQUIRED,31
PLATELETPHERESIS,1
WEIGHT,42
OESOPHAGEAL SQUAMOUS CELL CARCINOMA STAGE II,4
BIOPSY LUNG NORMAL,3
POSTOPERATIVE CARE,27
URAEMIA ODOUR,8
GASTROINTESTINAL SUBMUCOSAL TUMOUR,45
EOSINOPHILIC LEUKAEMIA,8
HEPATIC CANCER STAGE II,394
ANAL CANCER STAGE II,25
FACTOR XII DEFICIENCY,8
CONGENITAL DERMAL SINUS,6
DOUGLAS' POUCH MASS,2
GIGANTISM,9
ENOPHTHALMOS TRAUMATIC,1
HYPOPLASTIC ANAEMIA,32
DIHYDROTESTOSTERONE DECREASED,30
GLUCOCORTICOID DEFICIENCY,410
BODY SURFACE AREA DECREASED,81
WEIGHT NORMAL,5
RHABDOID TUMOUR,50
ALLERGY TEST,15
PERICARDITIS FUNGAL,56
ACCESSORY BREAST,8
TONGUE CARCINOMA STAGE 0,10
SOCIAL STAY HOSPITALISATION,45
DYSTONIC TREMOR,86
HAEMOGLOBIN NORMAL,9
ENCEPHALITIS TOXIC,65
ARGININOSUCCINATE LYASE INCREASED,3
EPIDERMODYSPLASIA VERRUCIFORMIS,157
FOETAL RETINOID SYNDROME,9
HYPERAMMONAEMIC CRISIS,105
PLACENTAL CHORIOANGIOMA,14
OROPHARYNGEAL SURGERY,43
LARGE CELL LUNG CANCER METASTATIC,15
AFTERBIRTH PAIN,16
LACRIMAL STRUCTURE INJURY,373
VENOUS OXYGEN SATURATION DECREASED,65
LUNG ADENOCARCINOMA RECURRENT,86
VARICOSE VEINS OF ABDOMINAL WALL,18
CONJUNCTIVAL CYST,51
LIPOGRANULOMA,23
ALVEOLAR AERATION EXCESSIVE,7
BENIGN MESOTHELIOMA,3
GIANT CELL EPULIS,12
ORAL SUBMUCOSAL FIBROSIS,16
RADIATION FIBROSIS - LUNG,45
BENCE JONES PROTEIN URINE PRESENT,8
CHEMODECTOMA,1
SMEAR SITE UNSPECIFIED ABNORMAL,13
OCULAR CANCER METASTATIC,17
CENTRAL CORE DISEASE,7
EYE PROSTHESIS INSERTION,35
BLADDER CATHETER TEMPORARY,7
PSEUDOSTRABISMUS,6
5-HYDROXYINDOLACETIC ACID DECREASED,5
ANGINA BULLOSA HAEMORRHAGICA,229
IMMUNOSUPPRESSANT DRUG THERAPY,19
RADIOTHERAPY TO LUNG,12
ABO HAEMOLYTIC DISEASE OF NEWBORN,5
HAEMOLYTIC ANAEMIA ENZYME SPECIFIC,1
FACE AND MOUTH X-RAY ABNORMAL,15
TULARAEMIA,73
EPSTEIN-BARR VIRUS TEST,6
BIOPSY INTESTINE ABNORMAL,24
BIOPSY PERIPHERAL NERVE,3
BARTHOLIN'S CYST REMOVAL,8
PROCOAGULANT THERAPY,749
N-RAS GENE MUTATION,14
CULTURE TISSUE SPECIMEN POSITIVE,10
THORACIC SPINE FLATTENING,2
CHONDROMATOSIS,25
CONGENITAL ABSENCE OF VERTEBRA,21
URETHRAL BULKING AGENT INJECTION,5
ELECTIVE PROCEDURE,24
BLADDER ADENOCARCINOMA STAGE III,2
PHAEOCHROMOCYTOMA MALIGNANT,25
FEMALE SEX HORMONE LEVEL ABNORMAL,38
PSYCHOSIS POSTOPERATIVE,2
HEAD CIRCUMFERENCE,1
SPINAL MYELOGRAM ABNORMAL,13
URAEMIC NEUROPATHY,4
PURULENT SYNOVITIS,7
BLADDER DYSPLASIA,15
FAECAL CALPROTECTIN ABNORMAL,402
INSTILLATION SITE INFECTION,46
HYPERCALCAEMIC NEPHROPATHY,11
HEAD AND NECK CANCER STAGE IV,33
CARDIAC ELECTROPHYSIOLOGIC STUDY ABNORMAL,10
COLORECTOSTOMY,32
DUODENOSTOMY,8
OVARIAN FAILURE POSTOPERATIVE,4
PROCTITIS HERPES,9
BAND NEUTROPHIL PERCENTAGE DECREASED,23
SCAN BRAIN,11
APOCRINE BREAST CARCINOMA,25
KYPHOSIS CONGENITAL,20
BLOOD CARBON MONOXIDE,8
FOOT PROSTHESIS USER,15
PHOBIA OF FLYING,6
OESOPHAGEAL SQUAMOUS CELL CARCINOMA METASTATIC,14
SEVERE MENTAL RETARDATION,5
ARTERIOVENOUS FISTULA ANEURYSM,32
PARAMETRIC ABSCESS,1
FASCIAL OPERATION,10
INTESTINAL TRANSPLANT,22
PALATAL OPERATION,8
PERONEAL NERVE PALSY POSTOPERATIVE,14
TEMPOROMANDIBULAR JOINT SURGERY,19
NEPHRITIS AUTOIMMUNE,7
ANAESTHESIA PROCEDURE,17
VARICOSE VEINS SUBLINGUAL,8
MULTIPLE EPIPHYSEAL DYSPLASIA,19
MARBURG'S VARIANT MULTIPLE SCLEROSIS,17
DIABETIC CARDIOMYOPATHY,15
OCULOMOTOR STUDY,1
CULTURE TISSUE SPECIMEN,2
HOLMES-ADIE PUPIL,25
EPIDEMIC POLYARTHRITIS,9
PSITTACOSIS,9
ECTOPIC ANTIDIURETIC HORMONE SECRETION,4
PNEUMOCENTESIS,12
NON-SMALL CELL LUNG CANCER STAGE I,28
BARTONELLOSIS,57
CAPILLARY FRAGILITY DECREASED,2
PROCTITIS INFECTIOUS,17
HORMONE-SECRETING OVARIAN TUMOUR,6
SALIVARY GLAND OPERATION,26
B-CELL UNCLASSIFIABLE LYMPHOMA LOW GRADE,10
PHYSICAL THYROID EXAMINATION ABNORMAL,4
VIRAL OESOPHAGITIS,14
URETERIC REPAIR,12
FALLOPIAN TUBE CANCER METASTATIC,16
PLACENTAL HYPERTROPHY,37
ALBUMIN URINE ABSENT,3
ANOMALOUS ARRANGEMENT OF PANCREATICOBILIARY DUCT,7
DEVICE END OF SERVICE,35
LEFT-HANDEDNESS,4
VULVAL HAEMORRHAGE,66
PAPILLARY TUMOUR OF RENAL PELVIS,9
CHEST X-RAY,26
PERITONEAL PERMEABILITY INCREASED,7
SUPERFICIAL SPREADING MELANOMA STAGE III,11
PSEUDOMONAS AERUGINOSA MENINGITIS,39
THROMBIN TIME,6
RADIOTHERAPY TO LYMPH NODES,11
FONTANELLE DEPRESSED,13
SEPTAL PANNICULITIS,61
GLUCOSE-6-PHOSPHATE DEHYDROGENASE ABNORMAL,12
MICROEMBOLISM,113
ACTINOMYCOTIC ABDOMINAL INFECTION,10
WAGNER'S DISEASE,23
HODGKIN'S DISEASE LYMPHOCYTE PREDOMINANCE STAGE II SITE UNSPEC,8
OPTIC PATHWAY INJURY,13
LYMPHOCYTE PERCENTAGE ABNORMAL,64
ARTERIOGRAM CAROTID ABNORMAL,3
ANTASTHMATIC DRUG LEVEL ABOVE THERAPEUTIC,6
BENIGN CARTILAGE NEOPLASM,3
SEPTO-OPTIC DYSPLASIA,64
BLOOD CORTISOL,8
MYCETOMA MYCOTIC,115
PERIPANCREATIC VARICES,4
ANDROGENS DECREASED,12
VAGINAL CANCER METASTATIC,12
N-TERMINAL PROHORMONE BRAIN NATRIURETIC PEPTIDE,30
ENZYME ACTIVITY ABNORMAL,14
BURKHOLDERIA CEPACIA COMPLEX SEPSIS,23
GASTROSTOMY TUBE REMOVAL,47
ANTI-ANDROGEN WITHDRAWAL SYNDROME,20
PLATELET ADHESIVENESS ABNORMAL,6
"DELUSIONS, MIXED",1
ABDOMINAL MIGRAINE,67
ADRENAL GLAND CANCER METASTATIC,58
INSTILLATION SITE VESICLES,16
EAR ABRASION,5
BLADDER TRANSITIONAL CELL CARCINOMA STAGE 0,23
METASTATIC OCULAR MELANOMA,23
RENAL MALPOSITION,11
DECREASED INSULIN REQUIREMENT,43
TESTICULAR MICROLITHIASIS,23
LYMPH NODE HAEMORRHAGE,32
MALIGNANT MEDIASTINAL NEOPLASM,101
HEPATITIS C ANTIBODY,10
COAGULATION FACTOR V LEVEL,3
ERYTHEMA MARGINATUM,16
HYPERMAGNESURIA,7
POLYGLANDULAR DISORDER,53
HYALURONIC ACID INCREASED,6
PERICARDIAL NEOPLASM,11
CATHETER SITE ULCER,28
INJECTION SITE JOINT INFLAMMATION,12
GASTROINTESTINAL STOMA OUTPUT INCREASED,457
DUODENAL OPERATION,23
GLIOMATOSIS CEREBRI,16
ADULT T-CELL LYMPHOMA/LEUKAEMIA STAGE IV,3
SKELETAL MUSCLE ENZYMES,5
NIPPLE INFLAMMATION,41
SQUAMOUS CELL CARCINOMA OF THE HYPOPHARYNX,28
INTESTINAL TRANSIT TIME INCREASED,30
ACQUIRED DYSFIBRINOGENAEMIA,8
LEUCONOSTOC INFECTION,35
SYNOVIAL FLUID RED BLOOD CELLS POSITIVE,3
X-LINKED CHROMOSOMAL DISORDER,5
SEZARY CELLS INCREASED,4
METASTATIC CHORIOCARCINOMA,11
EXPOSURE TO LEAD,7
INTRAOPERATIVE CARE,1
INJECTION SITE JOINT WARMTH,17
NEPHROSTOMY TUBE REMOVAL,17
VACCINATION SITE VESICLES,21
AIRWAY BURNS,38
INTRAPARTUM HAEMORRHAGE,69
EHRLICHIA TEST POSITIVE,5
KAOLIN CEPHALIN CLOTTING TIME SHORTENED,1
RETROPERITONEAL EFFUSION,10
VASA PRAEVIA,19
PANCREATIC SPHINCTERECTOMY,3
PALATAL PALSY,11
URINARY LIPIDS PRESENT,10
SPLENORENAL SHUNT,27
COOMBS TEST NEGATIVE,6
RESPIRATORY DEPTH INCREASED,13
CLEFT LIP REPAIR,6
HERPES SIMPLEX PHARYNGITIS,24
RENAL ARTERIOVENOUS MALFORMATION,3
GLUCOCORTICOIDS INCREASED,16
CONGENITAL THROMBOCYTE DISORDER,24
AIRWAY PEAK PRESSURE DECREASED,5
BLINDNESS TRAUMATIC,16
HOMOSEXUALITY,53
TROPICAL SPRUE,12
NEUTROPHIL FUNCTION TEST ABNORMAL,4
CONGENITAL HIV INFECTION,16
ALPORT'S SYNDROME,35
NEURONAL CEROID LIPOFUSCINOSIS,9
SKIN SCAR CONTRACTURE,9
HELICOBACTER TEST NEGATIVE,4
PARAMETRITIS,30
RASMUSSEN ENCEPHALITIS,30
HAEMATOPOIETIC STEM CELL MOBILISATION,51
COLD AGGLUTININS POSITIVE,34
AMBLYOPIA CONGENITAL,8
ACQUIRED AMINOACIDURIA,41
GASTROOESOPHAGEAL HETEROTOPIA,4
BLOOD ALDOSTERONE DECREASED,51
ENDOCRINOPATHY DIENCEPHALIC,6
PARIETAL CELL ANTIBODY POSITIVE,9
CAREGIVER,7
BARIUM SWALLOW ABNORMAL,6
AMNIOTIC FLUID INDEX ABNORMAL,6
URINE TRANSITIONAL CELLS PRESENT,5
FLEA INFESTATION,8
LID LAG,51
NONTHERAPEUTIC AGENT URINE POSITIVE,99
EXSEROHILUM INFECTION,8
PUNCTAL PLUG INSERTION,66
BIOPSY MUSCLE,15
PAPILLARY MUSCLE INFARCTION,7
SPINOCEREBELLAR ATAXIA,18
FIBROSARCOMA METASTATIC,10
CLEAR CELL SARCOMA OF THE KIDNEY,3
WHITE BLOOD CELL SCAN,2
PARAGANGLION NEOPLASM BENIGN,1
CHOROIDAL DYSTROPHY,23
AORTIC INTRAMURAL HAEMATOMA,124
BENIGN MIDDLE EAR NEOPLASM,1
ANTIDEPRESSANT DRUG LEVEL,5
LYMPHATIC FISTULA,97
NEONATAL RESPIRATORY ALKALOSIS,1
EXPOSURE TO NOISE,13
HEPATITIS B ANTIGEN,2
EYELID BOIL,38
ALLERGY TO FERMENTED PRODUCTS,21
EXTERNAL CEPHALIC VERSION,1
RANULA,2
HEPATIC DYSPLASIA,9
INFECTIVE CHONDRITIS,14
LEYDIG CELL TUMOUR OF THE TESTIS,14
CRANIORACHISCHISIS,26
JOB CHANGE,13
OESOPHAGEAL SQUAMOUS CELL CARCINOMA RECURRENT,11
METHYLMALONIC ACIDURIA,8
GLUCOSE TOLERANCE IMPAIRED IN PREGNANCY,33
STOMA SITE REACTION,663
ANTIINFLAMMATORY THERAPY,4
DRY SKIN PROPHYLAXIS,3
LARGE INTESTINAL ULCER PERFORATION,31
CARDIOPLEGIA,26
NEUROPSYCHIATRIC LUPUS,103
RETROPERITONEAL INFECTION,15
ANTI-INSULIN RECEPTOR ANTIBODY POSITIVE,4
IMMUNOBLASTIC LYMPHOMA,8
APOLIPOPROTEIN E ABNORMAL,4
DIVERTICULITIS MECKEL'S,14
OIL ACNE,14
HERPES ZOSTER PHARYNGITIS,8
VESICOCUTANEOUS FISTULA,6
CHOROIDAL SCLEROSIS,9
STROKE VOLUME INCREASED,12
HAEMATURIA TRAUMATIC,61
NASAL ASPIRATION,3
PREMENARCHE,2
LARYNGEAL CANCER RECURRENT,17
PULMONARY ARTERIOPATHY,38
DETRUSOR SPHINCTER DYSSYNERGIA,22
HYPOGLOSSAL NERVE DISORDER,16
THYROID CANCER STAGE III,152
PANCREATITIS BACTERIAL,11
TACHYCARDIA INDUCED CARDIOMYOPATHY,107
KERNIG'S SIGN,17
SYSTEMIC LUPUS ERYTHEMATOSUS DISEASE ACTIVITY INDEX INCREASED,20
MYELOBLAST COUNT INCREASED,63
WHITE BLOOD CELL MORPHOLOGY ABNORMAL,31
EXPIRATORY RESERVE VOLUME ABNORMAL,4
CHRONIC CUTANEOUS LUPUS ERYTHEMATOSUS,431
BLADDER CATHETER REMOVAL,25
IIIRD NERVE INJURY,12
BURIED PENIS SYNDROME,17
SPLENIC CANDIDIASIS,20
VULVAL CANCER STAGE 0,44
HYPERKINETIC HEART SYNDROME,40
HIV TEST,6
EXCESSIVE OCULAR CONVERGENCE,8
OPTICAL COHERENCE TOMOGRAPHY ABNORMAL,648
ANAL CANCER STAGE III,40
AFFERENT LOOP SYNDROME,4
ATRIAL PRESSURE INCREASED,58
RESPIRATORY TRACT NEOPLASM,16
GENITALS ENLARGED,17
CONGENITAL HYPERTHYROIDISM,20
CONGENITAL MALARIA,3
UTERINE HYPOPLASIA,11
MYCOBACTERIUM TEST,5
SYNOVIAL FLUID CRYSTAL PRESENT,15
ARTERIOVENOUS FISTULA SITE HAEMATOMA,13
ADENOSQUAMOUS CARCINOMA OF THE CERVIX,14
HEPATOBILIARY SCAN,1
ENCEPHALOPATHY NEONATAL,54
HEMIHYPERTROPHY,11
KLIPPEL-TRENAUNAY SYNDROME,6
ADENOSINE DEAMINASE INCREASED,18
VENTRICULAR SEPTAL DEFECT ACQUIRED,10
RHINOLARYNGITIS,5
SMALL CELL LUNG CANCER LIMITED STAGE,8
ERYTHROID MATURATION ARREST,20
DRUG ADMINISTRATION MONITORING PROCEDURE NOT PERFORMED,1
CATHETER SITE PAPULE,46
TEMPERATURE PERCEPTION TEST ABNORMAL,18
MUCOPOLYSACCHARIDOSIS,11
RETIREMENT,23
RADIATION OSTEITIS,2
THYROXINE THERAPY,2
ADJUSTMENT DISORDER WITH DISTURBANCE OF CONDUCT,13
ARTERIAL WALL HYPERTROPHY,21
DYSMETROPSIA,55
BIOPSY VAGINA,5
GASTROINTESTINAL EXAMINATION ABNORMAL,28
PRECURSOR B-LYMPHOBLASTIC LYMPHOMA,36
EPIPHYSEAL SURGERY,1
RAYMOND-CESTAN SYNDROME,4
REACTION TO FOOD COLOURING,25
NIPPLE INFECTION,27
PARONYCHIA DRAINAGE,2
TROCHANTERIC SYNDROME,1
INFUSION SITE ANAESTHESIA,2
TOXICOLOGIC TEST,14
HEPATITIS SYPHILITIC,17
RED CELL DISTRIBUTION WIDTH,9
ENCEPHALITIS MENINGOCOCCAL,16
GORHAM'S DISEASE,6
SUPEROVULATION,7
GRIP STRENGTH,221
BIOPSY PROSTATE ABNORMAL,12
STREPTOCOCCAL ENDOCARDITIS,95
ANTIMETROPIA,1
ENDOMETRIAL DYSPLASIA,17
OCCUPATIONAL PROBLEM ENVIRONMENTAL,51
MALIGNANT SWEAT GLAND NEOPLASM,54
OPHTHALMIC FLUID DRAINAGE,18
ORAL CONTRACEPTION,7
PAPILLOMA EXCISION,44
RED BLOOD CELL TARGET CELLS PRESENT,26
AURAL POLYP,58
GESTATIONAL OEDEMA,7
BECKWITH-WIEDEMANN SYNDROME,9
KOEBNER PHENOMENON,74
DISABLED RELATIVE,16
MASTITIS BACTERIAL,62
NON-HODGKIN'S LYMPHOMA UNSPECIFIED HISTOLOGY INDOLENT STAGE IV,6
LEUKOPLAKIA OF PENIS,2
LEUKAEMIC INFILTRATION PULMONARY,24
CONJOINED TWINS,78
STOMA SITE RASH,81
MULTIPLE ENDOCRINE NEOPLASIA TYPE 1,21
DEATH OF COMPANION,16
INTESTINAL NEURONAL DYSPLASIA,4
ELECTRIC INJURY,12
CERVICAL PLEXUS LESION,10
COMPLEMENT FACTOR C4 INCREASED,49
PORTAL VEIN CAVERNOUS TRANSFORMATION,41
EPIDURAL HAEMORRHAGE,127
CYSTOSCOPY ABNORMAL,25
TYRAMINE REACTION,4
MEAN CELL VOLUME,21
RED BLOOD CELL MACROCYTES PRESENT,24
COLD AGGLUTININS,23
INTENTIONAL PRODUCT MISUSE,85733
THERAPEUTIC RESPONSE CHANGED,6141
GENERALISED TONIC-CLONIC SEIZURE,16150
PERIPHERAL SWELLING,151428
TRIGEMINAL PALSY,35
EXPIRED PRODUCT ADMINISTERED,32744
IRIS MELANOMA,14
MOUTH SWELLING,5674
INCARCERATED HERNIA,304
"BLADDER CANCER STAGE I, WITH CANCER IN SITU",215
PERIPHERAL VENOUS DISEASE,3942
URETHRAL STRICTURE POSTOPERATIVE,12
CATHETER SITE INJURY,209
HYPERPITUITARISM,29
SKIN ABRASION,4614
GRAFT VERSUS HOST DISEASE IN GASTROINTESTINAL TRACT,2101
ENDOCRINE HYPERTENSION,8
PRODUCT ORIGIN UNKNOWN,37
CATARRH,879
CONJUNCTIVAL ADHESION,13
FIBRINOLYSIS ABNORMAL,2
PARTIAL LIPODYSTROPHY,13
EPSTEIN-BARR VIRUS ASSOCIATED LYMPHOPROLIFERATIVE DISORDER,1227
SARCOMATOSIS,15
ASTROCYTOMA MALIGNANT,81
INCARCERATED INGUINAL HERNIA,122
EPIGLOTTIC MASS,10
EOSINOPHILIC RHINITIS,4
TYPE II HYPERSENSITIVITY,103
CHRONIC GASTRITIS,2207
ANTI-TRANSGLUTAMINASE ANTIBODY,14
PHARYNGEAL ENANTHEMA,60
DUMPING SYNDROME,255
LIMB FRACTURE,150
CLITORAL ENGORGEMENT,22
BLOOD ELASTASE INCREASED,3
CONGENITAL CLAW TOE,4
EMPHYSEMATOUS CHOLECYSTITIS,43
OESOPHAGEAL MUCOSAL DISSECTION,38
ANAL PARAESTHESIA,28
LEIOMYOSARCOMA RECURRENT,21
BENIGN NEOPLASM OF TESTIS,8
BLOOD HEAVY METAL ABNORMAL,13
THALASSAEMIA ALPHA,26
PENILE PLAQUE,29
CONGENITAL HYPERCOAGULATION,10
NON-OBSTRUCTIVE CARDIOMYOPATHY,24
INSTILLATION SITE BURN,43
DEVICE ADHESION ISSUE,14860
EOSINOPHILIA MYALGIA SYNDROME,17
LIVER GRAFT LOSS,27
THYMIC CANCER METASTATIC,30
HAEMOSIDERINURIA,6
ALLOIMMUNISATION,41
PENILE BURNING SENSATION,280
TRANSFUSION-RELATED IMMUNOMODULATION REACTION,3
MYOCARDIAL NECROSIS MARKER INCREASED,1602
TYMPANOMETRY ABNORMAL,4
CORNEAL OPERATION,83
NONREASSURING FOETAL HEART RATE PATTERN,221
CHOLANGITIS INFECTIVE,259
CYSTITIS ULCERATIVE,31
CULTURE URINE NEGATIVE,8
UVULA APLASIA,5
BILE DUCT T-TUBE INSERTION,3
SPERMATIC CORD FUNICULITIS,8
INFLAMMATORY CARCINOMA OF BREAST STAGE IV,7
AICARDI'S SYNDROME,5
NECROTISING HERPETIC RETINOPATHY,66
CARNITINE PALMITOYLTRANSFERASE DEFICIENCY,21
WOUND INFECTION HELMINTHIC,4
EPIPHYSITIS,3
HYPOCARNITINAEMIA,16
PYELOCYSTITIS,8
PORTAL VEIN FLOW DECREASED,32
VALSALVA MANEUVER,4
CHROMOSOME BANDING ABNORMAL,4
CENTRAL NERVOUS SYSTEM LEUKAEMIA,361
HAEMOPERFUSION,7
BURKITT'S LEUKAEMIA,15
SKIN ANGIOSARCOMA,26
CONGENITAL IRIS ANOMALY,8
INULIN RENAL CLEARANCE DECREASED,3
POSITRON EMISSION TOMOGRAM NORMAL,3
ASPIRIN-EXACERBATED RESPIRATORY DISEASE,617
ACTH-PRODUCING PITUITARY TUMOUR,9
IMMUNE TOLERANCE INDUCTION,63
ANTERIOR CHAMBER DEGENERATION,2
ANOVULVAR FISTULA,7
CONGENITAL MONORCHIDISM,13
NASAL CANDIDIASIS,11
HYPEROXALAEMIA,10
INTRA-OCULAR INJECTION,50
OLIGODENDROGLIOMA BENIGN,3
PALISADED NEUTROPHILIC GRANULOMATOUS DERMATITIS,34
LUNG ADENOCARCINOMA STAGE 0,10
UBIQUINONE DECREASED,29
MATERNAL DEATH DURING CHILDBIRTH,9
BRAIN STEM MICROHAEMORRHAGE,22
RETROPERITONEUM CYST,6
BLOOD CADMIUM DECREASED,3
SAPOVIRUS TEST POSITIVE,6
OPTIC DISCS BLURRED,43
SCROTAL IRRITATION,35
CAECECTOMY,10
LEUKAEMIC INFILTRATION EXTRAMEDULLARY,230
DENTAL COSMETIC PROCEDURE,7
VEIN COLLAPSE,751
MACROAMYLASAEMIA,7
KRABBE'S DISEASE,3
HYPERCHROMASIA,20
VACCINATION SITE WARMTH,57
BLOOD GONADOTROPHIN ABNORMAL,2
BALAMUTHIA INFECTION,29
WOLFF-PARKINSON-WHITE SYNDROME CONGENITAL,16
LYMPHOCYTE STIMULATION TEST,3
MENSTRUAL CYCLE MANAGEMENT,6
LEAD DISLODGEMENT,28
PANCREATIC CYST RUPTURE,20
ENDOCARDITIS VIRAL,12
BLOOD HYPOSMOSIS,35
HYPERSTHENURIA,7
SPOTTED FEVER RICKETTSIA TEST POSITIVE,2
BIOPSY TRACHEA,2
RAOULTELLA TEST POSITIVE,13
ANAEMIC HYPOXIA,14
DRUG TITRATION ERROR,2554
OPHTHALMOLOGIC TREATMENT,9
KERATITIS-ICHTHYOSIS-DEAFNESS SYNDROME,4
CSF SHUNT REMOVAL,6
SMALL INTESTINAL ULCER PERFORATION,24
PRODUCT PACKAGING CONFUSION,2403
BURN DEBRIDEMENT,3
FIRST USE SYNDROME,1
PHOTOKERATITIS,18
PLASMODIUM MALARIAE INFECTION,8
RHODOCOCCUS TEST POSITIVE,2
MONORCHIDISM,5
LIGHT CHAIN ANALYSIS DECREASED,67
REBOUND TACHYCARDIA,30
INCREASED VENTRICULAR PRELOAD,24
PULMONARY PAIN,2834
HAEMATOCOELE,19
VASCULAR RESISTANCE SYSTEMIC,22
BLOOD ANTIMONY INCREASED,3
FAECAL FAT INCREASED,15
PAO2/FIO2 RATIO DECREASED,35
BENIGN NEOPLASM OF ORBIT,4
PHARYNX RADIATION INJURY,13
CRANIOFACIAL DEFORMITY,233
MEDICATION MONITORING ERROR,217
ANTICONVULSANT DRUG LEVEL,4
DIABETIC AMYOTROPHY,19
POSTPARTUM UTERINE SUBINVOLUTION,5
EXPOSURE TO VIOLENT EVENT,17
X-RAY DENTAL,6
CORD BLOOD TRANSPLANT THERAPY,25
OVARIAN GERM CELL TERATOMA STAGE II,1
OESOPHAGEAL ATONY,8
INCISION SITE ULCER,48
ALPHA 2 GLOBULIN ABNORMAL,2
HYPERTENSIVE HYDROCEPHALUS,22
DRUG EFFECT VARIABLE,1133
DISEASE SUSCEPTIBILITY,271
MASTOCYTOMA,16
DELAYED MENARCHE,14
FRUCTOSAMINE INCREASED,19
AMPHETAMINES NEGATIVE,50
BLOOD VISCOSITY ABNORMAL,95
CATHETER SITE MASS,128
MUCOSAL PAIN,81
CATHETER SITE DRYNESS,38
HEPATIC VASCULAR THROMBOSIS,186
HTLV TEST POSITIVE,10
ACRAL OVERGROWTH,26
GASTROINTESTINAL ANASTOMOTIC COMPLICATION,33
INSULIN C-PEPTIDE ABNORMAL,15
NASAL POLYPECTOMY,137
VASCULAR CATHETERISATION,27
OPTIC DISC HYPERAEMIA,21
POST INFECTION GLOMERULONEPHRITIS,82
MULTIPLE ENDOCRINE NEOPLASIA,23
RET GENE MUTATION,29
METASTASES TO PHARYNX,20
BLOOD ACID PHOSPHATASE DECREASED,2
BLOOD VISCOSITY DECREASED,332
CONGENITAL MYOPATHY,12
NASOGASTRIC OUTPUT HIGH,6
UTERINE HYPERSTIMULATION,100
CHIROPRACTIC,7
RENAL ARTERY DISSECTION,30
BLOOD MAGNESIUM,9
ULTRASOUND DOPPLER ABNORMAL,103
LIPECTOMY,8
BRONCHIAL METAPLASIA,7
CARBOHYDRATE ANTIGEN 19-9,7
BILE OUTPUT ABNORMAL,51
GINGIVAL POLYP,8
ANORECTAL AGENESIS,6
BIOPSY PLEURA,3
BRONCHITIS FUNGAL,21
AUTOSCOPY,529
ECTOPIC PREGNANCY UNDER HORMONAL CONTRACEPTION,55
SOMOGYI PHENOMENON,8
EMBOLIC PNEUMONIA,17
HEYDE'S SYNDROME,14
PLASMINOGEN DECREASED,4
NEONATAL CANDIDA INFECTION,36
PRODUCT DIFFICULT TO REMOVE,60
FAMILIAL COLD AUTOINFLAMMATORY SYNDROME,17
NEOADJUVANT THERAPY,4
UNABLE TO AFFORD PRESCRIBED MEDICATION,71
INTRACRANIAL GERM CELL TUMOUR,9
STRANGULATED HERNIA,227
THYROID FUNCTION TEST NORMAL,11
TRANSPLANTATION COMPLICATION,411
DENTAL GANGRENE,6
URINE PROTEIN/CREATININE RATIO,7
"FOLLICLE CENTRE LYMPHOMA, FOLLICULAR GRADE I, II, III STAGE II",2
SOFT TISSUE SARCOMA,345
URINE IODINE INCREASED,24
MALIGNANT FIBROUS HISTIOCYTOMA RECURRENT,2
ANTICOAGULATION DRUG LEVEL INCREASED,321
WEBER-CHRISTIAN DISEASE,7
CSF PRESSURE ABNORMAL,12
EPULIS,21
ANNULAR PANCREAS,12
ROUTINE HEALTH MAINTENANCE,10
DIABETIC NEUROPATHIC ULCER,18
ERYTHROID SERIES ABNORMAL,9
INCISION SITE RASH,59
EXTRARENAL PELVIS,9
INSTILLATION SITE ODOUR,7
ALPHA GLOBULIN INCREASED,7
BETA GLOBULIN ABNORMAL,2
TONGUE CARCINOMA STAGE I,27
INCISIONAL HERNIA GANGRENOUS,3
ESCHERICHIA PYELONEPHRITIS,248
CRANIAL NERVE NEOPLASM BENIGN,7
URETERIC HAEMORRHAGE,63
SPONTANEOUS EJACULATION,62
PERINEPHRITIS,17
BLOOD OESTROGEN,2
DRUG-DISEASE INTERACTION,702
CONGENITAL RETINOBLASTOMA,15
GENERALISED RESISTANCE TO THYROID HORMONE,14
RICHTER'S HERNIA,7
OVARIAN GERM CELL ENDODERMAL SINUS TUMOUR,5
LYMPHOCYTOPENIA NEONATAL,27
BORDERLINE LEPROSY,30
URINE AMPHETAMINE NEGATIVE,27
NECROTISING MYOSITIS,854
VELO-CARDIO-FACIAL SYNDROME,13
NEONATAL INTESTINAL DILATATION,12
GRANULOCYTOPENIA NEONATAL,19
DIABETIC CHEIROPATHY,2
BLADDER NECK RESECTION,2
HEPATOBLASTOMA RECURRENT,9
GASTROINTESTINAL EXAMINATION,15
MATRIX METALLOPROTEINASE-3 INCREASED,28
HAEMORRHAGIC HEPATIC CYST,91
HERPES ZOSTER NECROTISING RETINOPATHY,22
ARTHROPOD-BORNE DISEASE,29
URINE ANALYSIS NORMAL,6
"SLEEP DISORDER DUE TO GENERAL MEDICAL CONDITION, MIXED TYPE",18
INFECTIVE AORTITIS,59
VIRAL TEST,7
MALIGNANT GENITOURINARY TRACT NEOPLASM,60
ANGIOGENESIS BIOMARKER,1
HYPERKINESIA NEONATAL,2
INCISION SITE SWELLING,300
LARYNGEAL CANCER STAGE 0,10
PARURESIS,8
BASELINE FOETAL HEART RATE VARIABILITY DISORDER,53
LIPOFIBROMA,6
BACILLUS BACTERAEMIA,109
PROSOPAGNOSIA,159
PERISTALSIS VISIBLE,43
SPLENIC ARTERY THROMBOSIS,74
APPENDICITIS NONINFECTIVE,53
PANCREATIC FIBROSIS,49
PRODUCT PROCESS CONTROL ISSUE,12
CILIARY ZONULAR DEHISCENCE,10
ANDROGEN RECEPTOR GENE OVEREXPRESSION,6
BLOOD STEM CELL HARVEST,33
PHOTON RADIATION THERAPY TO PROSTATE,2
SPLENIC THROMBOSIS,165
ANTICOAGULATION DRUG LEVEL ABNORMAL,149
ANTI A ANTIBODY POSITIVE,55
PAPILLOMA CONJUNCTIVAL,7
LUPUS PLEURISY,38
BAROTITIS MEDIA,12
DIABETIC METABOLIC DECOMPENSATION,1367
CATHETER SITE DERMATITIS,36
TRANSMYOCARDIAL REVASCULARISATION,2
ALIEN LIMB SYNDROME,17
ARTERIOGRAM ABNORMAL,3
FORCED EXPIRATORY FLOW DECREASED,96
FUNGAL TEST NEGATIVE,1
GESTATIONAL TROPHOBLASTIC TUMOUR,35
EGFR STATUS ASSAY,11
PHOTALGIA,2
LYMPHADENITIS VIRAL,35
BREAST DISCHARGE INFECTED,10
MACROPHAGE ACTIVATION,23
MULTIPLE DRUG THERAPY,691
EYELID RASH,931
ARTERIOVENOUS GRAFT ANEURYSM,3
TYROSINAEMIA,11
COMPUTER VISION SYNDROME,8
SKIN HYPERPLASIA,56
BONE MARROW INFILTRATION,381
CAROTENE DECREASED,4
VERTEBRAL LESION,503
PARASITE ALLERGY,13
CYCLIC NEUTROPENIA,41
CERVICITIS TRICHOMONAL,1
IRIS CONVEX,1
HAEMODYNAMIC REBOUND,7
CERVICAL POLYPECTOMY,10
CRYPTOPHTHALMOS,1
WALLERIAN DEGENERATION,16
PLACENTAL DYSPLASIA,1
POGOSTA DISEASE,1
PHAEOCHROMOCYTOMA CRISIS,189
SIGMOIDOSCOPY,13
OVARIAN CALCIFICATION,9
REVERSAL OF ILEOJEJUNAL BYPASS,1
EXTERNAL NOSE LESION EXCISION,5
LE CELLS PRESENT,38
INFUSION SITE CYST,29
GREY SYNDROME NEONATAL,7
INTESTINAL STENT INSERTION,29
CYTOREDUCTIVE SURGERY,47
EYELID HAEMANGIOMA,8
NEPHROURETERECTOMY,21
BILE DUCT EXPLORATION,6
PERFORMANCE FEAR,40
MIXED DEAFNESS,68
SUBEPENDYMAL NODULAR HETEROTOPIA,1
URINARY INCONTINENCE SURGERY,11
CHOLANGIOGRAM ABNORMAL,1
PYLOROPLASTY,4
CATARACT TRAUMATIC,34
APOLIPOPROTEIN A-I DECREASED,10
ULTRASOUND UTERUS ABNORMAL,48
SKIN CRYOTHERAPY,3
ASSISTED FERTILISATION,5
VARICOCELE REPAIR,11
SEBACEOUS ADENOMA,20
MYXOID LIPOSARCOMA,34
TESTICULAR FAILURE PRIMARY,3
SCROTAL VARICOSE VEINS,8
BIOPSY TESTES,2
CATHETER SITE DISCOLOURATION,115
RADIOTHERAPY TO BONE,26
UTERINE SCAR,224
THYMUS HYPOPLASIA,165
DRUG METABOLISING ENZYME DECREASED,51
GLUTATHIONE S-TRANSFERASE INCREASED,1
VENA CAVA EMBOLISM,57
MINI MENTAL STATUS EXAMINATION,4
PH BODY FLUID DECREASED,25
TYPE IIA HYPERLIPIDAEMIA,221
COLON FISTULA REPAIR,2
NEONATAL DIABETES MELLITUS,12
PENILE REPAIR,3
ARTHRITIS CLIMACTERIC,3
ARTHROPOD INFESTATION,62
METAMYELOCYTE COUNT DECREASED,7
BENIGN VULVAL NEOPLASM,7
OSTEOMYELITIS SALMONELLA,36
FORCED VITAL CAPACITY DECREASED,640
PHOTON RADIATION THERAPY TO PANCREAS,1
NEONATAL GASTROINTESTINAL HAEMORRHAGE,35
ENDOMETRIAL CANCER STAGE IV,31
POSTOPERATIVE STITCH SINUS,5
TRACTION,11
ABORTION INDUCED COMPLICATED,5
CLOT RETRACTION TIME SHORTENED,1
EYE LUXATION,29
NIPPLE NEOPLASM,4
ACINAR CELL CARCINOMA OF PANCREAS,25
OVARIAN AGENESIS,2
BILE DUCT CANCER STAGE 0,3
CALCULUS PROSTATIC,35
MENINGITIS BORRELIA,8
BOTRYOMYCOSIS,39
TRACHEAL OBSTRUCTION EXTRINSIC,10
ELECTROCARDIOGRAM T WAVE BIPHASIC,40
SCAN GALLIUM ABNORMAL,36
ANTIANDROGEN THERAPY,35
ABORTION INFECTED,33
PULMONARY ARTERIAL WEDGE PRESSURE ABNORMAL,3
EPINEPHRINE ABNORMAL,11
EYELID HAEMATOMA,68
VENA CAVA FILTER REMOVAL,33
DUODENAL SPHINCTEROTOMY,10
ANTERIOR CAPSULE CONTRACTION,8
ADENOID CYSTIC CARCINOMA OF SALIVARY GLAND,7
CHIMERISM,72
HEPATIC FIBROSIS MARKER ABNORMAL,5
ADRENAL GLAND ABSCESS,9
POST PROCEDURAL URINE LEAK,72
ACTIVATED PROTEIN C RESISTANCE TEST POSITIVE,2
SMEAR VAGINAL ABNORMAL,12
PERIHEPATITIS,19
RESPIRATORY SYNCYTIAL VIRUS TEST NEGATIVE,5
GASTRIC HYPERMOTILITY,27
FOETAL MEGACYSTIS,44
BLOOD CHROMOGRANIN A,8
ARTERIOVENOUS GRAFT SITE ABSCESS,2
RED BLOOD CELL HYPERCHROMIC MORPHOLOGY PRESENT,1
DRUG WITHDRAWAL MAINTENANCE THERAPY,128
ISCHAEMIC ENTERITIS,95
GENITAL INFECTION MALE,53
ADRENOCORTICAL INSUFFICIENCY NEONATAL,4
RENAL CANCER STAGE II,1816
PENIS CARCINOMA METASTATIC,5
TYPE 3 DIABETES MELLITUS,66
CONGENITAL MALIGNANT NEOPLASM,5
RETRO-ORBITAL NEOPLASM,49
IMMUNE COMPLEX LEVEL INCREASED,5
TROPONIN T,7
LIVER IRON CONCENTRATION INCREASED,81
CORNEAL DIAMETER DECREASED,2
LARYNGEAL NECROSIS,46
INTRA-UTERINE CONTRACEPTIVE DEVICE INSERTION,54
GASTROINTESTINAL STOMA OUTPUT DECREASED,140
RADIOFREQUENCY ABLATION OF OESOPHAGUS,4
RENAL PELVIS FISTULA,9
ENCEPHALOPATHY ALLERGIC,1
INCARCERATED UMBILICAL HERNIA,83
PERITONEOVENOUS SHUNT,5
THERAPEUTIC DRUG MONITORING ANALYSIS NOT PERFORMED,294
PITUITARY GONADOTROPIN HYPERFUNCTION,3
PAPILLARY MUSCLE DISORDER,13
FAILED FORCEPS DELIVERY,3
CYSTADENOCARCINOMA OVARY,6
ALVEOLAR BONE RESORPTION,59
OVARIAN EPITHELIAL CANCER STAGE III,11
VASCULAR MALFORMATION,210
X-RAY LIMB,4
ANGIOSARCOMA RECURRENT,12
DUODENAL ULCER REPAIR,25
PROCEDURAL ANXIETY,669
ANTIMITOCHONDRIAL ANTIBODY,6
CHYLURIA,7
EOSINOPENIA,116
HTLV-2 TEST POSITIVE,6
OVARIAN EPITHELIAL CANCER STAGE IV,2
CAROTID ANGIOPLASTY,9
BODY MASS INDEX ABNORMAL,228
NONKERATINISING CARCINOMA OF NASOPHARYNX,5
EXTRANODAL MARGINAL ZONE B-CELL LYMPHOMA (MALT TYPE) STAGE I,6
STAPEDECTOMY,10
VITAL SIGNS MEASUREMENT,15
ERYTHROBLAST COUNT DECREASED,13
TESTICULAR SEMINOMA (PURE) STAGE II,7
MONOMELIC AMYOTROPHY,2
STOMA OBSTRUCTION,226
RETROGRADE PORTAL VEIN FLOW,16
PSEUDOMONONUCLEOSIS,3
MANUAL LYMPHATIC DRAINAGE,11
HLA-B*1502 ASSAY POSITIVE,4
POSTMASTECTOMY LYMPHOEDEMA SYNDROME,19
HEPATICOJEJUNOSTOMY,6
PANCREATICOJEJUNOSTOMY,6
PROSTATIC FIBROSIS,5
GASTROINTESTINAL SCAN,2
GRADENIGO'S SYNDROME,18
UTERINE NECROSIS,24
ABDOMINAL HERNIA PERFORATION,24
CYSTIC FIBROSIS RESPIRATORY INFECTION SUPPRESSION,888
WEAN FROM VENTILATOR,12
INTRACEREBRAL HAEMATOMA EVACUATION,8
CHITOTRIOSIDASE ABNORMAL,2
BARIUM SWALLOW,6
LUPUS CYSTITIS,6
CHRONIC MYELOID LEUKAEMIA RECURRENT,541
SEPTIC VASCULITIS,18
APOPTOTIC COLONOPATHY,81
ENDOCARDITIS Q FEVER,25
INSTILLATION SITE HAEMORRHAGE,38
PRIMARY MEDIASTINAL LARGE B-CELL LYMPHOMA STAGE IV,7
EYELID FOLLICULITIS,15
PHYSIOTHERAPY CHEST,12
GENITAL ATROPHY,141
GASTRIC FISTULA REPAIR,6
DIAPHRAGMATIC SPASM,139
CHOROIDAL HAEMATOMA,10
CHELATION THERAPY,13
PARKINSON'S DISEASE PSYCHOSIS,229
VENOUS OXYGEN PARTIAL PRESSURE DECREASED,9
OCCUPATIONAL THERAPY,43
ASPARTATE AMINOTRANSFERASE NORMAL,2
RADIATION PERICARDITIS,8
MECONIUM CYST,4
SHUNT BLOOD FLOW EXCESSIVE,12
INTERNAL CAROTID ARTERY KINKING,4
DEEP DISSECTING HAEMATOMA,20
GRAM STAIN,4
EPIGLOTTITIS OBSTRUCTIVE,8
DENTOFACIAL ANOMALY,16
INFUSION SITE PUSTULE,122
HEPATITIS C TEST NEGATIVE,2
NASAL IRRIGATION,14
MYOLIPOMA,3
BREATH ALCOHOL TEST,4
CARDIAC SEPTAL DEFECT RESIDUAL SHUNT,6
"FOLLICLE CENTRE LYMPHOMA, FOLLICULAR GRADE I, II, III STAGE I",3
BLADDER HYDRODISTENSION,6
LIVER FUNCTION TEST NORMAL,13
EXERCISE TOLERANCE INCREASED,40
DIABETIC ENCEPHALOPATHY,9
BACTERIAL RHINITIS,56
PROTEIN C,1
ATYPICAL MYCOBACTERIAL LYMPHADENITIS,27
ANAL CHLAMYDIA INFECTION,10
NEUROMUSCULAR BLOCKING THERAPY,30
NECROTISING FASCIITIS FUNGAL,24
PUPIL DILATION PROCEDURE,11
METHYLENETETRAHYDROFOLATE REDUCTASE GENE MUTATION,48
CRONOBACTER TEST POSITIVE,1
LIGNEOUS CONJUNCTIVITIS,7
BLEEDING TIME SHORTENED,13
CAPILLARY FRAGILITY TEST,17
INTERNAL HAEMORRHAGE,11297
MONOCLONAL B-CELL LYMPHOCYTOSIS,112
CHIKUNGUNYA VIRUS INFECTION,557
ARGYRIA,12
PERIPHERAL PRIMITIVE NEUROECTODERMAL BONE TUMOUR,1
NEONATAL ALLOIMMUNE THROMBOCYTOPENIA,22
COLLODION BABY,3
CONGENITAL HERPES SIMPLEX INFECTION,20
HAEMOGLOBIN S INCREASED,8
BLAU SYNDROME,26
ORGANIC ACID ANALYSIS ABNORMAL,4
LARYNGOTRACHEITIS OBSTRUCTIVE,4
PREOPERATIVE HORMONE TREATMENT,1
METASTASES TO PLACENTA,2
NITRITURIA,23
NONINFECTIVE ENCEPHALITIS,706
CEREBELLOPONTINE ANGLE TUMOUR,11
SPINAL CORD INJURY CAUDA EQUINA,11
STRICTUROPLASTY,41
FRENULUM BREVE,19
PARACENTESIS EYE,8
ALPHA 1 MICROGLOBULIN,1
FEMORAL ARTERY DISSECTION,24
URETHRAL ULCER,12
AIRWAY SECRETION CLEARANCE THERAPY,15
B-CELL SMALL LYMPHOCYTIC LYMPHOMA STAGE I,1
JEJUNECTOMY,37
PERINATAL STROKE,49
SCROTAL OPERATION,21
SPINAL SHOCK,55
CHRONIC EOSINOPHILIC LEUKAEMIA,20
SECRETORY ADENOMA OF PITUITARY,7
CELLULITIS PHARYNGEAL,28
CATHETER SITE WARMTH,149
HYPOOSMOLAR STATE,122
NAIL-PATELLA SYNDROME,6
RECTAL LESION EXCISION,4
BETA-2 GLYCOPROTEIN ANTIBODY POSITIVE,26
BRUNNER'S GLAND HYPERPLASIA,22
HISTOLOGY,1
POST-THORACOTOMY PAIN SYNDROME,5
STOMA COMPLICATION,1007
ASHERMAN'S SYNDROME,44
BIOPSY INTESTINE,6
HYPOGONADISM FEMALE,14
OPHTHALMIC VEIN THROMBOSIS,239
LUNG VOLUME REDUCTION SURGERY,15
VESTIBULAR FUNCTION TEST ABNORMAL,10
COLITIS PSYCHOGENIC,5
CATHETER SITE FIBROSIS,9
ANOMALY OF MIDDLE EAR CONGENITAL,8
SUBACUTE SCLEROSING PANENCEPHALITIS,35
MENINGOENCEPHALITIS VIRAL,178
FACTOR XI DEFICIENCY,11
HYPERGONADISM,10
VACCINATION SITE INFECTION,14
CONGENITAL VISUAL ACUITY REDUCED,10
HEPATITIS E ANTIGEN NEGATIVE,1
CYSTITIS PSEUDOMONAL,11
LARYNGEAL NERVE DYSFUNCTION,16
ANTI-INTERFERON ANTIBODY,8
PLASMINOGEN ACTIVATOR INHIBITOR POLYMORPHISM,2
ENDOSCOPY SMALL INTESTINE ABNORMAL,8
PUNCTURE SITE OEDEMA,19
CAROTID ANEURYSM RUPTURE,28
FLOATING PATELLA,29
WHOLE BODY SCAN,1
ADAMTS13 ACTIVITY ABNORMAL,90
MENTALLY LATE DEVELOPER,10
OSTEOCHONDRAL FRACTURE,6
ASPIRATION BURSA,6
ALPHA-1 ACID GLYCOPROTEIN INCREASED,4
CHOLANGIOSTOMY,17
MYALGIA INTERCOSTAL,50
CYSTATIN C,1
DESMOPLASTIC MELANOMA,27
INSTILLATION SITE SCAB,6
PERIARTHRITIS CALCAREA,34
VOYEURISM,15
PITUITARY CANCER METASTATIC,16
BENIGN ETHNIC NEUTROPENIA,126
METASTASES TO TRACHEA,17
FALLOPIAN TUBE ENLARGEMENT,18
RENAL FUNCTION TEST NORMAL,7
BACTERIAL IRITIS,2
IMPLANTABLE CARDIAC MONITOR INSERTION,106
MIGRAINOUS INFARCTION,19
OESOPHAGEAL ULCER PERFORATION,18
SERUM FERRITIN NORMAL,2
TRANSCRANIAL MAGNETIC STIMULATION,7
POSTERIOR FOSSA DECOMPRESSION,12
CHOROID TUBERCLES,4
MELANAEMIA,14
HOODED PREPUCE,6
JEJUNAL ULCER PERFORATION,36
URETERAL CATHETERISATION,15
SHOSHIN BERIBERI,25
HYPERALUMINAEMIA,2
LACTATE PYRUVATE RATIO ABNORMAL,6
OESOPHAGEAL SQUAMOUS CELL CARCINOMA STAGE III,8
ENDOMETRITIS BACTERIAL,11
CATHETER SITE SCAR,56
BLOOD PARATHYROID HORMONE,12
PUNCTURE SITE ERYTHEMA,84
HANTAVIRUS PULMONARY INFECTION,7
VITREOUS PROLAPSE,17
DIRECT INFECTION TRANSMISSION,5
OSMOLAR GAP,62
SPLEEN CONTUSION,17
PHOTOPHERESIS,16
MYXOFIBROSARCOMA,53
CALYCEAL DIVERTICULUM,6
CHOLINESTERASE INHIBITION,3
MACLEOD'S SYNDROME,9
BOUTONNEUSE FEVER,8
REGIONAL CHEMOTHERAPY,6
CLANG ASSOCIATIONS,11
K-RAS GENE MUTATION,78
FOOD CONTAMINATION,33
ANAL ULCER HAEMORRHAGE,26
NEUROLOGICAL EXAMINATION,15
SUPERFICIAL SPREADING MELANOMA STAGE II,20
EPIGLOTTIC CYST,9
MACROGNATHIA,13
ORTHOPOX VIRUS INFECTION,6
RENIN ABNORMAL,6
CONJUNCTIVAL STAINING,6
HOMOCYSTEINE URINE PRESENT,5
THYROXIN BINDING GLOBULIN INCREASED,3
OBSTRUCTIVE SHOCK,107
ADDUCTOR VOCAL CORD WEAKNESS,4
FOETOR HEPATICUS,6
NECROTISING GASTRITIS,29
CARDIAC TELEMETRY,3
FACET JOINT BLOCK,31
ADAMTS13 ACTIVITY DECREASED,252
UREA RENAL CLEARANCE DECREASED,21
PLASMA CELLS DECREASED,42
MELORHEOSTOSIS,3
PROSTATIC PERFORATION,8
DEVICE THERAPY,8
VASCULAR TEST ABNORMAL,8
VACCINIA VIRUS INFECTION,3
SMALL INTESTINAL INTUSSUSCEPTION REDUCTION,1
OESOPHAGOENTEROSTOMY,4
TRACHEAL FISTULA REPAIR,7
BRACHIOCEPHALIC ARTERY OCCLUSION,9
STERILE PYURIA,63
KARNOFSKY SCALE,2
ANAESTHETIC COMPLICATION FOETAL,2
CUPULOLITHIASIS,14
BECKER'S NAEVUS,3
HEPATITIS B CORE ANTIGEN POSITIVE,21
OVULATION DELAYED,19
RENAL REPLACEMENT THERAPY,128
DRUG MONITORING PROCEDURE NOT PERFORMED,1758
BRACHYTHERAPY TO PROSTATE,11
ABNORMAL PRODUCT OF CONCEPTION,13
FALSE LUMEN DILATATION OF AORTIC DISSECTION,3
SINUS BAROTRAUMA,4
ALPHA 1 GLOBULIN DECREASED,11
URETERIC CANCER RECURRENT,15
CANDIDA OSTEOMYELITIS,30
NEUROENDOCRINE BREAST TUMOUR,18
LEPTIN LEVEL INCREASED,9
NONINFECTIVE SIALOADENITIS,157
SKIN DYSTROPHY,41
MYELOID LEUKAEMIA IN REMISSION,2
EXTRINSIC ILIAC VEIN COMPRESSION,4
SCHIZOID PERSONALITY DISORDER,10
ALLERGY TO IMMUNOGLOBULIN THERAPY,102
TRACHEOBRONCHIAL DYSKINESIA,2
VULVAL CANCER RECURRENT,11
VAGINAL CANCER STAGE 0,13
CHROMOPERTUBATION,2
COELIAC ARTERY COMPRESSION SYNDROME,71
ULNOCARPAL ABUTMENT SYNDROME,7
MATERNAL USE OF ILLICIT DRUGS,19
CAROTID ARTERY BYPASS,21
IVTH NERVE DISORDER,18
ALEUKAEMIC LEUKAEMIA,5
CATHETER SITE VASCULITIS,4
ABDOMINAL INCARCERATED HERNIA,47
INFRAPATELLAR FAT PAD INFLAMMATION,21
BLOOM SYNDROME,5
KOILONYCHIA,19
CONGENITAL AQUEDUCTAL STENOSIS,17
THYROID GLAND ABSCESS,45
HERPES SIMPLEX NECROTISING RETINOPATHY,9
STOMA SITE DISCOMFORT,220
TOXOPLASMA SEROLOGY POSITIVE,41
PHARMACOPHOBIA,73
XIITH NERVE INJURY,14
RESPIRATORY PAPILLOMA,49
ENLARGED CEREBRAL PERIVASCULAR SPACES,22
SPERMATIC CORD INFLAMMATION,9
COOMBS INDIRECT TEST POSITIVE,65
FAMILIAL HYPERTRIGLYCERIDAEMIA,5
NONINFECTIVE CONJUNCTIVITIS,86
NAIL CANDIDA,21
PHOTOREFRACTIVE KERATECTOMY,13
FIBROUS DYSPLASIA OF JAW,14
INSULIN TOLERANCE TEST ABNORMAL,2
VARICELLA POST VACCINE,25
INFANTILE VOMITING,194
HAEMORRHAGIC FEVER WITH RENAL SYNDROME,10
PARALYTIC DISABILITY,7
GASTRITIS ALCOHOLIC,15
ANTI-NMDA ANTIBODY POSITIVE,12
PERCUSSION TEST ABNORMAL,24
JC VIRUS GRANULE CELL NEURONOPATHY,54
ANOPLASTY,11
ENDOCERVICAL CURETTAGE,12
SPHENOID SINUS OPERATION,6
CRANIOPLASTY,42
GARDNERELLA TEST POSITIVE,27
ENDOCRINE TOXICITY,97
PLEURAL SARCOMA,6
VAGINAL FISTULA REPAIR,1
DEVICE EMBOLISATION,287
LYMPH NODE FIBROSIS,15
THORACIC OUTLET SURGERY,6
ANTERIOR SPINAL ARTERY SYNDROME,69
PROCTOSCOPY,5
MYOCARDIAL NECROSIS MARKER,8
FACIAL LESION EXCISION,6
BIOPSY CHEST WALL,3
RADIATION MYELOPATHY,34
OPHTHALMOPLEGIC MIGRAINE,18
SEMEN LIQUEFACTION,31
MITOCHONDRIAL ENZYME DEFICIENCY,44
PROTEIN S ABNORMAL,8
PLASMINOGEN ACTIVATOR INHIBITOR INCREASED,7
MAXIMAL VOLUNTARY VENTILATION,2
T-CELL LYMPHOMA STAGE II,2
DRUG DOSE TITRATION NOT PERFORMED,1700
LARSEN SYNDROME,6
METASTASES TO TESTICLE,27
PROGRESSIVE CEREBELLAR DEGENERATION,7
NON-IMMUNE HEPARIN ASSOCIATED THROMBOCYTOPENIA,6
PELVIC LAPAROSCOPY,2
DE LANGE'S SYNDROME,2
GALLBLADDER VARICES,1
NEOPLASM OF CORNEA UNSPECIFIED MALIGNANCY,2
APPENDICEAL MUCOCOELE,28
FREE PROSTATE-SPECIFIC ANTIGEN INCREASED,24
CERVICAL RIB,2
VAGINAL STRICTURE,34
ESCHERICHIA VAGINITIS,15
APPENDICOLITH,376
SMALL INTESTINE CARCINOMA RECURRENT,12
TRAUMATIC LUMBAR PUNCTURE,47
KIDNEY HYPERMOBILITY,5
UTERINE REPAIR,4
MASTITIS POSTPARTUM,15
CEREBRAL REVASCULARISATION,4
ABDOMINAL PANNICULECTOMY,34
CORONAVIRUS TEST POSITIVE,1026
LUMBOPERITONEAL SHUNT,8
THROMBIN-ANTITHROMBIN III COMPLEX DECREASED,2
BLOOD HOMOCYSTEINE DECREASED,6
ANTI A ANTIBODY,8
COLLOID BRAIN CYST,45
ANAL LESION EXCISION,4
ARTERECTOMY WITH GRAFT REPLACEMENT,5
MESENTERIC ARTERY STENT INSERTION,8
SCLERODERMA ASSOCIATED DIGITAL ULCER,28
CERVIX WARTS,8
ACID-BASE BALANCE DISORDER MIXED,63
ILEAL ATRESIA,9
NASAL CAVITY PACKING,34
ANTICOAGULATION DRUG LEVEL DECREASED,121
SERUM PROCOLLAGEN TYPE I N-TERMINAL PROPEPTIDE INCREASED,25
URINE ALBUMIN/CREATININE RATIO DECREASED,33
URINE HOMOCYSTINE PRESENT,1
SEIZURE,113256
PRODUCT USE ISSUE,184496
ACUTE KIDNEY INJURY,150311
NEOVASCULAR AGE-RELATED MACULAR DEGENERATION,1366
CHRONIC KIDNEY DISEASE,75643
THYROID HORMONES INCREASED,1039
REMOVAL OF FOREIGN BODY FROM OESOPHAGUS,5
PANCREATIC CALCULUS REMOVAL,2
FIBROBLAST GROWTH FACTOR 23 INCREASED,60
INTENTIONAL PRODUCT USE ISSUE,86794
TESTICULAR SEMINOMA (PURE) STAGE I,37
CYTOPENIA,11794
SINUS NODE DYSFUNCTION,1807
BILIRUBIN EXCRETION DISORDER,10
ALLERGIC COLITIS,37
ALLERGIC GASTROENTERITIS,16
CORTICAL LAMINAR NECROSIS,23
ADMINISTRATION SITE ERYTHEMA,277
ADMINISTRATION SITE INFLAMMATION,86
LARYNGEAL POLYPECTOMY,1
NONINFECTIVE GINGIVITIS,1422
INTESTINAL SCARRING,182
CARDIAC RESYNCHRONISATION THERAPY,69
HIV ANTIBODY POSITIVE,41
ELECTROMAGNETIC INTERFERENCE,7
CHAD2DS2-VASC SCORE INCREASED,2
SALIVARY GLAND MUCOCOELE,43
BENIGN NEOPLASM OF CONJUNCTIVA,1
ADENOSQUAMOUS CELL LUNG CANCER STAGE IV,8
NEUTROPHIL FUNCTION DISORDER,28
REVERSIBLE CEREBRAL VASOCONSTRICTION SYNDROME,1937
UTERINE CYSTECTOMY,3
"DELUSIONAL DISORDER, GRANDIOSE TYPE",6
ECHOENCEPHALOGRAM ABNORMAL,2
REACTIVE GASTROPATHY,378
PELVIC FIBROSIS,3
LACTATE DEHYDROGENASE URINE,1
GASTROINTESTINAL CARCINOMA IN SITU,7
INVASIVE BREAST CARCINOMA,408
BURKHOLDERIA GLADIOLI INFECTION,18
REMOVAL OF INERT MATTER FROM SKIN OR SUBCUTANEOUS TISSUE,13
PLASMINOGEN ACTIVATOR INHIBITOR DECREASED,2
NASAL PRURITUS,1225
PANCREATIC STENT REMOVAL,11
BLOOD UREA NITROGEN/CREATININE RATIO,15
POLYNEUROPATHY IN MALIGNANT DISEASE,75
CEREBRAL ANEURYSM PERFORATION,10
PARANEOPLASTIC RETINOPATHY,25
TESTICULAR EMBRYONAL CARCINOMA,18
PH BODY FLUID INCREASED,17
BLOOD ALUMINIUM DECREASED,1
PAPILLARY CYSTADENOMA LYMPHOMATOSUM,79
DIAPEDESIS,13
CEREBROVASCULAR ACCIDENT PROPHYLAXIS,3
VENTILATION/PERFUSION SCAN,3
VULVAL LACERATION,7
SPINAL CORD HAEMATOMA,210
INJECTION SITE JOINT EFFUSION,5
MEASLES ANTIBODY POSITIVE,11
MALIGNANT MUSCLE NEOPLASM,13
ORAL MUCOSA HAEMATOMA,72
LIVER PALPABLE,70
BENIGN ENDOCRINE NEOPLASM,3
LEUKOCYTE ALKALINE PHOSPHATASE INCREASED,6
FACTOR IX DEFICIENCY,26
APPLICATION SITE COLDNESS,83
DYSMORPHOPHOBIA,5
STOMA SITE INDURATION,118
MESENTERIC TRACTION SYNDROME,4
LIPOMATOUS HYPERTROPHY OF THE INTERATRIAL SEPTUM,1
STEWART-TREVES SYNDROME,4
JAPANESE SPOTTED FEVER,13
FUNGAL RETINITIS,7
ICTERUS INDEX INCREASED,14
HEAVY CHAIN DISEASE,23
ENDOSCOPY LARGE BOWEL,9
NONINFECTIVE RETINITIS,23
FAECAL ELASTASE CONCENTRATION DECREASED,37
ACQUIRED THALASSAEMIA,6
URINARY BLADDER TOXICITY,24
REMOVAL OF FOREIGN BODY FROM RESPIRATORY TRACT,4
ACCIDENTAL UNDERDOSE,14371
OSTEOPOROSIS PROPHYLAXIS,3
DENTAL CYST,121
DOCUMENTED HYPERSENSITIVITY TO ADMINISTERED PRODUCT,809
CUTANEOUS CALCIFICATION,181
VITAMIN D,5
EPIGLOTTIC ERYTHEMA,16
VULVOVAGINAL WARTS,30
FEMORAL HERNIA INCARCERATED,72
ARGINASE DEFICIENCY,3
GENOTYPE DRUG RESISTANCE TEST ABNORMAL,3
OSTEOPROTEGERIN DECREASED,1
PYRIDINOLINE URINE INCREASED,2
HYPEROSMOLAR HYPERGLYCAEMIC STATE,140
CONGENITAL NEPHROTIC SYNDROME,7
REEXPANSION PULMONARY OEDEMA,11
ERYTHEMA DYSCHROMICUM PERSTANS,48
ATOPIC KERATOCONJUNCTIVITIS,35
BRONCHOPLASTY,23
FEMORAL HERNIA STRANGULATED,8
MYELOID METAPLASIA,6
MYELOBLAST PERCENTAGE INCREASED,21
PARATHYROID HORMONE-RELATED PROTEIN INCREASED,19
INCEST,2
INTRAOCULAR LENS EXTRACTION,1
SUPERIOR VENA CAVA DILATATION,7
INNER EAR OPERATION,11
SCROTAL INFLAMMATION,59
PROTEUS SYNDROME,2
CHOLELITHIASIS MIGRATION,26
MYECTOMY,9
PORTAL TRACT INFLAMMATION,125
LAXATIVE SUPPORTIVE CARE,2
ASPIRATION PLEURAL CAVITY ABNORMAL,7
BILIARY HAMARTOMA,19
ACUTE FATTY LIVER OF PREGNANCY,31
DISORGANISED SPEECH,1785
BILIRUBIN CONJUGATED DECREASED,20
IRIDODIALYSIS,4
CHILD MALTREATMENT SYNDROME,12
MITOCHONDRIAL MYOPATHY ACQUIRED,45
BIOPSY OESOPHAGUS,12
HYPOXANTHINE-GUANINE PHOSPHORIBOSYL TRANSFERASE DEFICIENCY,3
UTERINE ISCHAEMIA,4
PERICARDIOTOMY,6
KYPHOSCOLIOTIC HEART DISEASE,1
OVARIAN DYSGERMINOMA STAGE I,1
CAMPTODACTYLY CONGENITAL,41
MACULAR DETACHMENT,237
SHIGELLA SEPSIS,3
ROOT CANAL INFECTION,483
OROPHARYNGEAL SCAR,26
LUPUS PANCREATITIS,18
PNEUMONIA TULARAEMIA,1
NEUROSTIMULATOR REMOVAL,20
CATHETER SITE HYPERSENSITIVITY,40
MUSCULOCUTANEOUS NERVE INJURY,4
ELECTROPHORESIS PROTEIN,7
BLOOD ALDOSTERONE ABNORMAL,12
VIRAL LOAD UNDETECTABLE,56
INFUSION SITE NODULE,889
CONTRAINDICATED DRUG ADMINISTERED,700
PEARSON'S SYNDROME,9
HYPERMETHIONINAEMIA,17
URINE CANNABINOIDS INCREASED,36
DIABETIC HEPATOPATHY,24
WEST NILE VIRUS TEST POSITIVE,28
PERIPHERAL OEDEMA NEONATAL,8
FOETAL HAEMOGLOBIN,1
ANTIMICROBIAL SUSCEPTIBILITY TEST,9
FREE FATTY ACIDS INCREASED,30
BODY TEMPERATURE ABNORMAL,1820
ALLERGIC EOSINOPHILIA,35
LESER-TRELAT SIGN,11
ANTERIOR CHAMBER COLLAPSE,4
LARGE CELL LUNG CANCER STAGE I,1
INFUSION SITE EXFOLIATION,45
RHINITIS HYPERTROPHIC,6
ANION GAP ABNORMAL,243
INCORRECT PRODUCT FORMULATION ADMINISTERED,831
LIVING ALONE,29
ANTIPSYCHOTIC DRUG LEVEL,15
CONGENITAL KNEE DISLOCATION,38
INTESTINAL TUBERCULOSIS,174
RED BLOOD CELL COUNT,28
OVARIAN HYPERFUNCTION,8
BLAST CELLS ABSENT,5
SPINAL SUBARACHNOID HAEMORRHAGE,60
PHILADELPHIA CHROMOSOME POSITIVE,707
ULTRASOUND OVARY ABNORMAL,18
BETA GLOBULIN DECREASED,13
NEUROMUSCULAR PAIN,57
DRY AGE-RELATED MACULAR DEGENERATION,1093
EALES' DISEASE,7
RAOULTELLA ORNITHINOLYTICA INFECTION,71
RADIOTHERAPY TO SKIN,1
RED BLOOD CELL MORPHOLOGY,1
CORONARY VASCULAR GRAFT OCCLUSION,44
BUSCHKE-LOWENSTEIN'S TUMOUR,19
INFLAMMATORY MARKER TEST,23
ADMINISTRATION SITE BRUISE,333
EYELID DERMATOCHALASIS,22
SKIN TEXTURE ABNORMAL,927
METAMYELOCYTE COUNT,7
COMPRESSION STOCKINGS APPLICATION,4
GENOTYPE DRUG RESISTANCE TEST,44
SACROILIAC FRACTURE,43
IN-STENT ARTERIAL STENOSIS,3
DUODENAL SWITCH,12
LUNG HERNIA,54
POOR FEEDING INFANT,1055
SUPERFICIAL SIDEROSIS OF CENTRAL NERVOUS SYSTEM,109
SPINAL CORD ABSCESS,272
BLOOD GASES,15
DIAPHRAGMATIC ABNORMAL RELAXATION,8
COATING IN MOUTH,526
HERPES ZOSTER MENINGOMYELITIS,42
INFECTED NAEVUS,19
ATYPICAL BENIGN PARTIAL EPILEPSY,4
SYSTEMIC LUPUS ERYTHEMATOSUS DISEASE ACTIVITY INDEX DECREASED,2
VENTRICULAR REMODELLING,72
CHRONIC THROAT CLEARING,44
THERAPEUTIC AGENT URINE NEGATIVE,23
HYPERFERRITINAEMIA,409
SKIN ADHESION,36
PERINATAL HBV INFECTION,17
ARTERECTOMY,4
UMBILICOPLASTY,9
MAST CELL ACTIVATION SYNDROME,1307
DRUG MONITORING PROCEDURE INCORRECTLY PERFORMED,659
ADMINISTRATION SITE SWELLING,320
BLOOD CREATINE PHOSPHOKINASE BB INCREASED,10
METASTASES TO PERIPHERAL NERVOUS SYSTEM,9
NAIL NECROSIS,22
HYDRAEMIA,2
HIV INFECTION WHO CLINICAL STAGE IV,1
MUSCLE RELAXANT DRUG LEVEL BELOW THERAPEUTIC,1
COMPOSITE LYMPHOMA,11
INJECTION SITE LYMPHADENOPATHY,23
INSTILLATION SITE SWELLING,172
HEPATIC VEIN STENOSIS,23
ANTI-MUELLERIAN HORMONE LEVEL DECREASED,58
VENTRICULAR DRAINAGE,43
URAEMIC ACIDOSIS,5
CARDIOMYOPATHY NEONATAL,31
HAND REPAIR OPERATION,27
RETINAL PHOTOTOXICITY,40
PREKALLIKREIN INCREASED,1
ANEURYSM RECANALISATION,8
VACCINATION SITE LYMPHADENOPATHY,9
RETINAL ARTERY STENOSIS,28
AMINO ACID LEVEL ABNORMAL,88
IDIOPATHIC ORBITAL INFLAMMATION,188
MALIGNANT NEOPLASM OF CONJUNCTIVA,58
VENIPUNCTURE,39
HIV INFECTION CDC GROUP IV SUBGROUP E,3
INTRA-THORACIC AORTIC ANEURYSM REPAIR,2
EYEGLASSES THERAPY,30
NEUROGENIC HYPERTENSION,2
AMNIOTIC MEMBRANE GRAFT,19
INFECTIVE EPISCLERITIS,2
ADMINISTRATION SITE ULCER,24
CEREBRAL VENTRICULAR RUPTURE,184
CHARCOT-BOUCHARD MICROANEURYSMS,1
PENETRATING ATHEROSCLEROTIC ULCER,9
ALPHA TUMOUR NECROSIS FACTOR DECREASED,8
ADMINISTRATION SITE OEDEMA,79
HERNIA PERFORATION,96
PARANASAL SINUS AND NASAL CAVITY MALIGNANT NEOPLASM,7
TONGUE POLYP,10
TRANSVALVULAR PRESSURE GRADIENT,8
CONGENITAL FLOPPY INFANT,27
BALANITIS CANDIDA,113
VON WILLEBRAND'S FACTOR ACTIVITY NORMAL,1
CARCINOID TUMOUR OF THE CAECUM,15
MUCOSAL TOXICITY,269
NASAL HERPES,200
URINE RETINOL BINDING PROTEIN INCREASED,1
MIXED DELUSION,19
THECAL SAC COMPRESSION,38
OSSICULOPLASTY,4
VERTICAL TALUS,13
CAVOPULMONARY ANASTOMOSIS,10
ENCEPHALITIS ENTEROVIRAL,79
DEVICE FASTENER ISSUE,139
RENAL ARTERY HYPERPLASIA,1
REBOUND PSYCHOSIS,210
HEPATITIS E ANTIBODY POSITIVE,30
DISCOGRAM,1
IMMUNOGLOBULINS,2
HAEMATOCOLPOS,18
THANATOPHOBIA,15
RENAL BRUIT,2
NERVE ROOT INJURY SACRAL,4
PRECURSOR B-LYMPHOBLASTIC LYMPHOMA RECURRENT,26
GASPING SYNDROME,20
ANAPLASTIC LYMPHOMA KINASE GENE MUTATION,65
RETINAL PALLOR,14
INFLAMMATORY CARCINOMA OF BREAST STAGE III,7
ENDOCRINE TEST,1
RADIOTHERAPY TO JOINT,4
OPTIC NERVE OPERATION,21
ADMINISTRATION SITE DISCHARGE,57
VAGINOPERINEORRHAPHY,3
PARVOVIRUS B19 INFECTION,870
VOCAL CORD INJECTION,1
PUNCTURE SITE ABSCESS,16
BIOCHEMICAL PREGNANCY,103
PELVIC HAEMATOMA OBSTETRIC,7
CHEMOTHERAPY NEUROTOXICITY ATTENUATION,5
NECROTISING ULCERATIVE PERIODONTITIS,3
OESOPHAGOCARDIOMYOTOMY,7
BRAIN STEM GLIOMA BENIGN,2
TARSAL TUNNEL DECOMPRESSION,12
TRANSITIONAL VERTEBRAE,4
PULMONARY RADIATION INJURY,49
ELECTROCARDIOGRAM J WAVE,45
URETERIC CALCULUS REMOVAL,8
OVARIAN HAEMATOMA,13
VAGOTOMY,2
PURINE METABOLISM DISORDER,14
SPERMATIC CORD OBSTRUCTION,1
LENTICULAR OPERATION,7
BIOPSY SOFT TISSUE,2
TESTICULAR HYPERFUNCTION,2
PANCREATIC PSEUDOCYST DRAINAGE,5
JUNCTIONAL ECTOPIC TACHYCARDIA,57
INCARCERATED HERNIA REPAIR,8
CARDIOPULMONARY BYPASS,23
VON WILLEBRAND'S FACTOR ACTIVITY INCREASED,12
SPINAL FUSION FRACTURE,18
QUADRANOPIA,15
HYSTEROCELE,5
PLEUROCUTANEOUS FISTULA,18
OMENTAL FLAP OPERATION,1
VISUAL ACUITY TESTS,5
OESOPHAGEAL ADENOCARCINOMA STAGE III,14
THYROGLOBULIN PRESENT,7
HODGKIN'S DISEASE LYMPHOCYTE DEPLETION TYPE STAGE UNSPECIFIED,8
SUBPERIOSTEAL ABSCESS,47
AMYLOIDOSIS SENILE,36
HIATUS HERNIA STRANGULATED,22
CHOLECYSTOSTOMY,29
GANGLIONEUROBLASTOMA,16
ERYTHROBLAST COUNT,13
LIP AND/OR ORAL CAVITY CANCER STAGE IV,11
SALIVARY GLAND CANCER STAGE IV,15
ANTIBIOTIC LEVEL,2
TESTICULAR YOLK SAC TUMOUR,3
CAFFEINE ALLERGY,61
CEREBRAL VENTRICLE COLLAPSE,75
PLASMA CELL MASTITIS,47
INTRA-UTERINE CONTRACEPTIVE DEVICE,3
"SCHIZOPHRENIA, RESIDUAL TYPE",1
CATHETER SITE NODULE,156
CONGENITAL HEPATOMEGALY,33
CARDIAC VEIN DISSECTION,2
CEREBROSPINAL FLUID DRAINAGE,20
CAROTID ARTERY INSUFFICIENCY,16
DERMATOFIBROMA REMOVAL,3
GERM CELL NEOPLASM,21
GENITAL BLISTER,272
CHRONIC VILLITIS OF UNKNOWN ETIOLOGY,24
TRAUMATIC COMA,30
EPIPHYSEAL DISORDER,26
PRODROMAL ALZHEIMER'S DISEASE,6
FLOUR SENSITIVITY,15
TYPE II HYPERLIPIDAEMIA,3
BLOOD BERYLLIUM INCREASED,1
ADMINISTRATION SITE DISCOLOURATION,123
LEUKOCYTE ANTIGEN B-27 POSITIVE,5
CRYOFIBRINOGENAEMIA,5
ECG SIGNS OF MYOCARDIAL INFARCTION,19
NONINFECTIVE OOPHORITIS,67
CSF CELL COUNT DECREASED,7
CHLOROMA (IN REMISSION),1
RIGHT HEMISPHERE DEFICIT SYNDROME,30
REPRODUCTIVE TRACT ANASTOMOTIC LEAK,1
GRAFT VERSUS HOST DISEASE IN EYE,228
BLOOD SELENIUM INCREASED,16
CONGENITAL ASTIGMATISM,25
URINE ELECTROLYTES ABNORMAL,10
BLADDER ADENOCARCINOMA STAGE I,1
TRYPANOSOMA SEROLOGY POSITIVE,2
FRACTURE OF CLAVICLE DUE TO BIRTH TRAUMA,6
THORNWALDT DISEASE,1
RENAL HYDROCELE,58
PARECHOVIRUS INFECTION,11
CHRONIC PAPILLOMATOUS DERMATITIS,72
EJECTION FRACTION NORMAL,13
HLA-B GENE STATUS ASSAY,2
GASTRIC PROLAPSE,14
MALIGNANT HAEMANGIOPERICYTOMA METASTATIC,2
MINOR COGNITIVE MOTOR DISORDER,2
URINARY TRACT STOMA COMPLICATION,92
CARDIAC HAEMANGIOMA BENIGN,13
CHRONIC LYMPHOCYTIC LEUKAEMIA STAGE 1,19
INSTILLATION SITE EROSION,2
PERIANAL STREPTOCOCCAL INFECTION,6
BREAST COMPLICATION ASSOCIATED WITH DEVICE,16
KIDNEY INJURY MOLECULE-1,5
T-CELL LYMPHOMA STAGE III,1
NASOPHARYNGEAL CANCER RECURRENT,8
BLOOD ANDROSTENEDIONE DECREASED,2
BERYLLIOSIS,3
VULVAL OPERATION,11
GASTROINTESTINAL MUCOSA HYPERAEMIA,291
CRYSTAL DEPOSIT INTESTINE,212
BORDERLINE MUCINOUS TUMOUR OF OVARY,16
POSTPARTUM STATE,5
CHOROIDAL HAEMANGIOMA,8
BLOOD CREATINE PHOSPHOKINASE MM INCREASED,11
INTESTINAL ANGIOEDEMA,470
CERVIX HAEMATOMA UTERINE,13
ARTHRITIS HELMINTHIC,2
AMYGDALOHIPPOCAMPECTOMY,4
ORCHIDOPEXY,15
IMPLANT SITE ATROPHY,7
GASTROPTOSIS,10
PLICA SYNDROME,19
SPECIFIC GRAVITY URINE,1
HYPER IGD SYNDROME,13
REPRODUCTIVE HORMONE,3
ORBITAL GRANULOMA,11
ERYTHEMA AB IGNE,7
CARBON DIOXIDE,7
VULVAR MELANOSIS,3
INFLUENZA A VIRUS TEST,17
URTICARIA VESICULOSA,26
PARENTERAL NUTRITION ASSOCIATED LIVER DISEASE,89
IODINE OVERLOAD,31
MIXED DEMENTIA,62
CORNEOCONJUNCTIVAL INTRAEPITHELIAL NEOPLASIA,4
FIBROSIS TENDINOUS,4
ALPHA 1 FOETOPROTEIN DECREASED,34
HYPERBARIC OXYGEN THERAPY,33
PULMONARY OEDEMA POST FUME INHALATION,2
TRANSPLANTATION ASSOCIATED FOOD ALLERGY,101
METANEPHRINE URINE DECREASED,1
ENCEPHALITIS EASTERN EQUINE,8
UNHEALTHY DIET,49
OESOPHAGOGASTROSCOPY ABNORMAL,6
INHIBITING ANTIBODIES POSITIVE,52
AMPUTEE,67
HYPERFIBRINOLYSIS,54
PLASMIN INHIBITOR DECREASED,1
HERBAL TOXICITY,27
ZOONOSIS,24
BRENNER TUMOUR,17
PAROVARIAN CYST,3
ANAPLASTIC LARGE CELL LYMPHOMA T- AND NULL-CELL TYPES STAGE IV,9
ELECTRON RADIATION THERAPY,1
VAGINOPERINEOPLASTY,1
DEVICE PRIMING,19
VESSEL PUNCTURE SITE INFLAMMATION,36
SCHIRMER'S TEST ABNORMAL,6
ENCEPHALITIS INFLUENZAL,11
PHARYNGEAL NEOPLASM BENIGN,21
CATHETER SITE EXFOLIATION,24
SYSTEMIC LUPUS ERYTHEMATOSUS DISEASE ACTIVITY INDEX ABNORMAL,11
MALPOSITIONED TEETH,115
NEONATAL INSUFFICIENT BREAST MILK SYNDROME,5
PERINEAL RASH,120
CAMPTODACTYLY ACQUIRED,5
RECESSION OF CHAMBER ANGLE OF EYE,8
MENINGITIS TOXOPLASMAL,3
DRUG SPECIFIC ANTIBODY ABSENT,179
HERPES GESTATIONIS,7
THIOPURINE METHYLTRANSFERASE,4
ENZYME LEVEL ABNORMAL,135
AXIAL SPONDYLOARTHRITIS,833
ANGIOIMMUNOBLASTIC T-CELL LYMPHOMA STAGE III,14
CHILDHOOD,8
ELEPHANTIASIS,67
LABORATORY TEST NORMAL,14
FREE PROSTATE-SPECIFIC ANTIGEN DECREASED,8
BONE GRAFT LYSIS,13
MIDDLE LOBE SYNDROME,34
UNCIRCUMCISED,2
CEREBELLAR DYSPLASIA,12
CYST ASPIRATION,8
NEUROMUSCULAR BLOCKADE REVERSAL,4
RIGHT VENTRICULAR HYPERTENSION,51
EOSINOPHILIC PANNICULITIS,11
ARTERIAL INTRAMURAL HAEMATOMA,80
FREEMAN-SHELDON SYNDROME,6
FRACTIONAL EXCRETION OF SODIUM,5
CAPSULAR BLOCK SYNDROME,5
INFECTIOUS CRYSTALLINE KERATOPATHY,33
BLOOD CORTICOSTERONE INCREASED,9
SEVER'S DISEASE,12
ALPHA-1 ANTI-TRYPSIN,2
MICROSURGERY TO HAND,6
BIPHASIC MESOTHELIOMA,42
EUNUCHOIDISM,12
BODY MASS INDEX,19
CSF MYELIN BASIC PROTEIN,3
PROPHYLAXIS URINARY TRACT INFECTION,2
BIOPSY LIVER NORMAL,1
DIABETIC GASTROENTEROPATHY,5
GESTATIONAL AGE TEST ABNORMAL,1
HEREDITARY LEIOMYOMATOSIS RENAL CELL CARCINOMA,3
OCCUPATIONAL EXPOSURE TO NOISE,2
FAMILIAL AMYLOIDOSIS,22
INJECTION SITE JOINT INFECTION,49
SPINAL SUPPORT,19
OCULOCEPHALOGYRIC REFLEX ABSENT,32
THYROID DERMATOPATHY,31
ALPHA 1 MICROGLOBULIN INCREASED,19
PREICTAL STATE,14
DESMOPLASTIC MESOTHELIOMA,4
DEDIFFERENTIATED LIPOSARCOMA,38
BIOPSY BRONCHUS,2
FUNGAL TRACHEITIS,16
TRACHEAL ULCER,31
PERICARDIAL OPERATION,4
CONJUNCTIVAL TELANGIECTASIA,5
ADJUSTED CALCIUM DECREASED,106
AUTOIMMUNE DERMATITIS,147
OVARIAN SERTOLI-LEYDIG CELL TUMOUR,8
BLOOD PROLACTIN NORMAL,1
THYROID STIMULATING IMMUNOGLOBULIN,31
ADVANCED SLEEP PHASE,6
MALIGNANT NEOPLASM OF CHOROID,9
SKIN GRAFT CONTRACTURE,5
CONGENITAL HEPATITIS B INFECTION,5
HEPATITIS NEONATAL,12
FLUCTUANCE,33
ANAPLASTIC LARGE CELL LYMPHOMA T- AND NULL-CELL TYPES STAGE I,1
PARATHYROID REIMPLANTATION,4
PSEUDOCELLULITIS,209
PROSTATITIS TUBERCULOUS,8
ELECTRICAL BURN,14
INJECTION SITE JOINT ERYTHEMA,24
ARTERIOVENOUS GRAFT SITE HAEMORRHAGE,9
ACQUIRED ANTITHROMBIN III DEFICIENCY,11
HAEMORRHAGE FOETAL,42
BIOPSY BRAIN ABNORMAL,39
VOMITING PSYCHOGENIC,11
DIVERTICULITIS OESOPHAGEAL,11
ANTI-GAD ANTIBODY,9
BIOPSY UTERUS ABNORMAL,9
ELECTROCARDIOGRAM J WAVE ABNORMAL,19
HAIR INJURY,294
CHOLESTERIN GRANULOMA OF MIDDLE EAR,1
HAEMOLYTIC ICTEROANAEMIA,1
CONGENITAL ABSENCE OF CRANIAL VAULT,46
HAEMANGIOMA-THROMBOCYTOPENIA SYNDROME,22
URINE ELECTROLYTES INCREASED,5
IMPETIGO HERPETIFORMIS,30
CEREBRAL OEDEMA MANAGEMENT,1
CHRONOTROPIC INCOMPETENCE,76
MALIGNANT RENAL HYPERTENSION,17
OESOPHAGEAL MUCOSAL HYPERPLASIA,3
HEMIAPRAXIA,1
PERITUMOURAL OEDEMA,46
CATHETER SITE INDURATION,152
IMPLANT SITE DEHISCENCE,85
CARCINOEMBRYONIC ANTIGEN DECREASED,42
ILIAC BRUIT,1
COLONIC LAVAGE,8
PERIPHERAL ENDARTERECTOMY,17
TESTICULAR DYSPLASIA,3
PARATHYROID HORMONE-RELATED PROTEIN ABNORMAL,11
RADIOTHERAPY TO LIVER,9
GLYCOLYSIS INCREASED,4
BIOPSY OESOPHAGUS ABNORMAL,5
BONE RESORPTION TEST,1
ACQUIRED MIXED HYPERLIPIDAEMIA,28
ALPHA 1 FOETOPROTEIN,4
CREATINE URINE DECREASED,12
IMPLANT SITE ISCHAEMIA,3
PTERYGIUM OPERATION,14
CAECAL LESION EXCISION,2
OFF LABEL USE OF DEVICE,1273
NECK CRUSHING,18
MYCOBACTERIUM AVIUM COMPLEX IMMUNE RESTORATION DISEASE,15
TWIN REVERSED ARTERIAL PERFUSION SEQUENCE MALFORMATION,5
MALASSEZIA INFECTION,62
AUTOIMMUNE COLITIS,635
VAGINAL CANCER STAGE IVA,2
LACK OF APPLICATION SITE ROTATION,149
CONGENITAL HORNER'S SYNDROME,9
OBLIQUE PRESENTATION,3
LIMBAL SWELLING,29
NEUROLYSIS SURGICAL,1
GASTROSTOMY TUBE SITE COMPLICATION,191
CATHETER SITE GRANULOMA,57
LARYNGEAL CANCER STAGE II,17
CHRONIC LYMPHOCYTIC LEUKAEMIA STAGE 3,8
AMELOBLASTOMA,48
LAPAROSCOPIC UTERINE NERVE ABLATION,2
HYSTEROSALPINGECTOMY,15
IRIS NEOPLASM,4
CONGENITAL HEMIPARESIS,3
PERSISTENT CORNEAL EPITHELIAL DEFECT,113
PALATAL DYSPLASIA,1
FALLOPIAN TUBE CANCER STAGE I,2
THYROID CANCER STAGE I,401
PROPHYLAXIS OF NAUSEA AND VOMITING,19
SPINAL INSTABILITY,245
ADMINISTRATION SITE CELLULITIS,34
VENTILATION/PERFUSION SCAN ABNORMAL,12
BENIGN PENILE NEOPLASM,1
CEREBRAL ATROPHY CONGENITAL,34
SEMINAL VESICULAR CYST,4
TYPE III HYPERLIPIDAEMIA,5
PHARYNGEAL MUCOSA ATROPHY,1
DISSEMINATED LARGE CELL LYMPHOMA,19
CONGENITAL MYOPIA,27
URINE CORTISOL/CREATININE RATIO INCREASED,2
OVARIAN ENDOMETRIOID CARCINOMA,42
FAECAL CALPROTECTIN DECREASED,75
GASTROINTESTINAL WALL THICKENING,1466
UTERINE MYOMA EXPULSION,19
ADMINISTRATION SITE HAEMORRHAGE,101
ANTIVIRAL PROPHYLAXIS,10
CHANGE IN SEIZURE PRESENTATION,648
ARTIFICIAL HEART IMPLANT,24
RADIOTHERAPY TO ABDOMEN,4
TRACHEAL PLASTIC REPAIR,4
CYSTIC FIBROSIS HEPATIC DISEASE,23
BILIARY ASCITES,15
BLOOD THROMBOPLASTIN INCREASED,13
ELECTROCARDIOGRAM J WAVE INCREASED,10
CHOLANGIOLITIS,27
BETA 2 MICROGLOBULIN URINE ABNORMAL,7
SKIN GRAFT DETACHMENT,23
EPSTEIN-BARR VIRUS ANTIBODY NEGATIVE,3
PRODUCT DIFFICULT TO SWALLOW,1016
PARANEOPLASTIC RASH,27
COLOUR VISION TESTS ABNORMAL RED-GREEN,3
RECTOSIGMOID CANCER STAGE III,3
UP AND DOWN PHENOMENON,27
MEDICAL DEVICE SITE SCAB,62
GLUTEN FREE DIET,6
SKINFOLD MEASUREMENT,11
SPECIAL SENSES CONGENITAL ANOMALY,2
UVEITIC GLAUCOMA,39
TRACHEAL LESION EXCISION,1
DECAPITATION,3
PARAVENOUS DRUG ADMINISTRATION,43
VENOUS THROMBOSIS IN PREGNANCY,4
MAXIMUM HEART RATE DECREASED,3
ARTERIOGRAM,9
MYIASIS,58
NEUROPSYCHOLOGICAL TEST ABNORMAL,26
ELEPHANTIASIS NOSTRAS VERRUCOSA,7
CHORIORETINAL FOLDS,69
FINE MOTOR SKILL DYSFUNCTION,2844
PROPHYLAXIS AGAINST DIARRHOEA,1
ENDOMETRIAL CANCER STAGE II,21
BRONCHITIS MORAXELLA,8
TRIGEMINAL NERVE PARESIS,15
TENDON SHEATH DISORDER,21
HEPATITIS B VIRUS TEST,3
REMISSION NOT ACHIEVED,612
MACROPHAGE COUNT,2
BLOOD CITRIC ACID INCREASED,8
VAGINAL ADENOCARCINOMA,12
RADIOTHERAPY TO HEAD AND NECK,3
"EAR, NOSE AND THROAT EXAMINATION NORMAL",1
STOMA SITE DISCHARGE,2706
HUMAN ANTI-MOUSE ANTIBODY POSITIVE,8
FOSTER CARE,10
CLEFT PALATE REPAIR,13
LEUKOTRIENE INCREASED,6
MID-LIFE CRISIS,8
ACTIVATED PARTIAL THROMBOPLASTIN TIME RATIO INCREASED,13
THERAPEUTIC DRUG MONITORING ANALYSIS INCORRECTLY PERFORMED,95
PROCTITIS BACTERIAL,16
RESPIRATORY SYMPTOM,2765
ACUTE LYMPHOCYTIC LEUKAEMIA (IN REMISSION),18
VACCINATION SITE ABSCESS,9
VACCINATION SITE DISCHARGE,7
N-ACETYLGLUTAMATE SYNTHASE DEFICIENCY,1
APONEUROSIS CONTUSION,3
GINGIVAL HYPOPLASIA,21
SOMATOFORM DISORDER SKIN,1
DOUGLAS' ABSCESS,28
OVARIAN OEDEMA,15
DEVICE OPTICAL ISSUE,12
INSTILLATION SITE HYPERSENSITIVITY,22
EXPULSION OF MEDICATION,492
ACETONAEMIC VOMITING,13
VALVULOPLASTY CARDIAC,12
SCAN WITH CONTRAST ABNORMAL,15
COAGULATION FACTOR MUTATION,3
ARTHROGRAM,2
EYELID CONTUSION,66
OCULAR LYMPHOMA,136
FOETICIDE,5
OCCUPATIONAL EXPOSURE TO RADIATION,26
CARTILAGE OPERATION,18
RAPIDLY PROGRESSIVE OSTEOARTHRITIS,42
OUT OF SPECIFICATION TEST RESULTS,99
MESENTERIC PHLEBOSCLEROSIS,12
GALLBLADDER FISTULA,24
TICK-BORNE VIRAL ENCEPHALITIS,59
ANAPLASTIC LARGE CELL LYMPHOMA T- AND NULL-CELL TYPES STAGE III,5
CSF RED BLOOD CELL COUNT POSITIVE,35
CARDIAC INDEX ABNORMAL,12
INFERIOR VENA CAVA STENOSIS,49
CLAMPING OF BLOOD VESSEL,14
DIABETIC DIET,2
MEGAKARYOCYTES,10
CSF CELL COUNT ABNORMAL,8
VESTIBULAR ISCHAEMIA,12
PREVIOUS CAESAREAN SECTION,6
OCCUPATIONAL EXPOSURE TO AIR CONTAMINANTS,42
COOMBS INDIRECT TEST NEGATIVE,4
ANGINA GANGRENOUS,1
ACRODERMATITIS CHRONICA ATROPHICANS,3
HEARING AID THERAPY,13
AORTITIS SALMONELLA,14
ADMINISTRATION SITE NODULE,57
AUTOINFLAMMATORY DISEASE,203
NITRATE COMPOUND THERAPY,4
BLOOD CHOLESTEROL NORMAL,5
ADJUSTED CALCIUM,2
CLAUDICATION OF JAW MUSCLES,59
SILVER-RUSSELL SYNDROME,8
INSPIRATORY CAPACITY ABNORMAL,25
ELECTROCARDIOGRAM PACEMAKER SPIKE,8
BIOPSY TESTES ABNORMAL,2
TONGUE CARCINOMA STAGE IV,67
POSTICTAL DEPRESSION,2
HEREDITARY SPASTIC PARAPLEGIA,11
HUMAN HERPES VIRUS 8 TEST POSITIVE,39
THUNDERCLAP HEADACHE,250
NEUROPATHIC MUSCULAR ATROPHY,97
CUTANEOUS SYMPTOM,660
INFECTIVE IRITIS,11
MEDICAL DEVICE SITE DISCOMFORT,653
VARICELLA ZOSTER VIRUS INFECTION,2038
TRANSCATHETER ARTERIAL CHEMOEMBOLISATION,35
VENIPUNCTURE SITE RASH,1
THYROID HORMONES DECREASED,785
HAEMORRHAGIC NECROTIC PANCREATITIS,72
PLASMA CELLS PRESENT,16
ANTI-JC VIRUS ANTIBODY INDEX,47
LUNG PERFORATION,328
STEATOHEPATITIS,531
POLYMERASE CHAIN REACTION POSITIVE,340
CEREBELLAR HAEMANGIOMA,19
BIFIDOBACTERIUM INFECTION,26
OVARIAN STROMAL CANCER,3
ACQUIRED CORNEAL DYSTROPHY,37
AORTIC PERFORATION,31
COMPLEMENT FACTOR C2 INCREASED,1
ASPERGILLUS TEST,36
TRACHEOSTOMY CLOSURE,6
FISTULA INFLAMMATION,120
BROMODERMA,8
VENOUS PERFORATION,43
PSYCHOGENIC PSEUDOSYNCOPE,5
RESIDUAL URINE VOLUME DECREASED,4
PAEDOPHILIA,17
MEDICAL DEVICE SITE EXTRAVASATION,31
TRIPLE NEGATIVE BREAST CANCER,621
GENITAL INFECTION VIRAL,20
INSTILLATION SITE DISCHARGE,263
EYE SYMPTOM,346
INCARCERATED INCISIONAL HERNIA,27
CHRONIC DISEASE,250
GRANULOMATOUS DERMATITIS,237
GENITOURINARY SYMPTOM,174
ACQUIRED ACRODERMATITIS ENTEROPATHICA,10
BLOOD CHOLINESTERASE ABNORMAL,6
MEDICAL DEVICE SITE INFECTION,605
BLOOD CAFFEINE,5
LOWER RESPIRATORY TRACT CONGESTION,1681
LYMPHOBLAST COUNT INCREASED,9
PARANASAL SINUS APLASIA,2
VASCULITIC ULCER,54
PATHERGY REACTION,27
MALABSORPTION FROM APPLICATION SITE,153
URETEROLYSIS PROCEDURE,4
BULBAR POLIOMYELITIS,2
CONGENITAL TUBERCULOSIS,10
BISPECTRAL INDEX DECREASED,10
POLYGLANDULAR AUTOIMMUNE SYNDROME TYPE I,8
LEAD URINE INCREASED,3
URINE ANTIMONY INCREASED,1
CEREBRAL CAPILLARY TELANGIECTASIA,4
ASYMPTOMATIC VIRAL HEPATITIS,6
HLA-B*5801 ASSAY POSITIVE,11
CITRATE TOXICITY,70
STAPHYLOCOCCUS TEST NEGATIVE,7
CENTRAL NERVOUS SYSTEM LUPUS,214
FIBRONECTIN INCREASED,14
OCULAR ALBINISM,5
GASTRIC HAEMANGIOMA,6
TOXIC LEUKOENCEPHALOPATHY,716
APPLICATION SITE INJURY,185
LACK OF ADMINISTRATION SITE ROTATION,295
DELINQUENCY,9
GNATHOSCHISIS,9
HEPATITIS B E ANTIGEN,3
STOMA SITE EXTRAVASATION,386
BLOOD PRESSURE AMBULATORY DECREASED,8
GLYCOGEN STORAGE DISEASE TYPE V,23
VOCAL CORDECTOMY,8
BLADDER HYPERAEMIA,5
ENDOMETRIAL ADENOMA,3
INTESTINAL TRANSIT TIME DECREASED,76
PULMONARY ARTERY BANDING,12
FEMORAL ARTERY PERFORATION,11
TRANSCRIPTION MEDICATION ERROR,1557
ILEOJEJUNAL BYPASS,1
LONG THORACIC NERVE PALSY,6
MODEL FOR END STAGE LIVER DISEASE SCORE,4
HYPOKINESIA NEONATAL,11
INFUSION SITE ISCHAEMIA,4
TRANS-SEXUALISM,20
MEDICAL DEVICE SITE OEDEMA,21
SEROLOGY TEST,4
CEREBRAL CYST EXCISION,1
INFUSION SITE DISCHARGE,1688
VOLUNTARY REDUNDANCY,2
ADMINISTRATION SITE SCAR,62
LUMBOSACRAL PLEXOPATHY,78
HIV ANTIGEN POSITIVE,3
STOMA SITE GRANULOMA,1
UROLOGICAL EXAMINATION,7
ILIAC ARTERY PERFORATION,17
MINIMAL HEPATIC ENCEPHALOPATHY,4
ANAL HYPOAESTHESIA,67
MINIMUM INHIBITORY CONCENTRATION,26
HYDROXYCORTICOSTEROIDS INCREASED,5
ADMINISTRATION SITE EXTRAVASATION,972
FIBRODYSPLASIA OSSIFICANS PROGRESSIVA,10
PRIMARY HYPOPARATHYROIDISM,32
HUMAN T-CELL LYMPHOCYTIC VIRUS TYPE II INFECTION,1
VULVOVAGINAL HYPOAESTHESIA,20
BIOPSY SMALL INTESTINE ABNORMAL,4
COAGULATION FACTOR XI LEVEL INCREASED,4
PARACOCCIDIOIDES INFECTION,42
EPIPHYSIODESIS,14
HYSTERICAL PSYCHOSIS,10
TUBERCULOUS LARYNGITIS,7
BRONCHIAL POLYP,36
PAROXYSMAL CHOREOATHETOSIS,12
RETICULOENDOTHELIAL SYSTEM STIMULATED,7
PRODUCT RAW MATERIAL ISSUE,3
CARDIOVASCULAR SYMPTOM,376
NITRITOID REACTION,1
MEDICAL DEVICE SITE HAEMATOMA,46
MEDICAL DEVICE SITE THROMBOSIS,102
STOMAL VARICES,70
OVERGROWTH FUNGAL,102
CONGENITAL ELEVATION OF SCAPULA,4
ADMINISTRATION SITE HYPERSENSITIVITY,31
HYPOPLASTIC NASAL CARTILAGE,15
"DELUSIONAL DISORDER, JEALOUS TYPE",10
PHOSPHOLIPIDOSIS,99
DERMAL ABSORPTION INCREASED,39
ENDOMETRIAL CANCER STAGE 0,3
ADMINISTRATION SITE HYPERTRICHOSIS,2
HEPATIC SEQUESTRATION,1
BILE DUCT CANCER STAGE III,9
BLOOD TEST NORMAL,11
FOOD HOARDING,2
ACHROMOTRICHIA ACQUIRED,43
ECTOPIC THYROID,14
MEAN ARTERIAL PRESSURE,4
BORDETELLA TEST POSITIVE,14
UNCINATE FITS,2
MENINGITIS HISTOPLASMA,19
ADMINISTRATION SITE DISCOMFORT,185
OPTIC NERVE COMPRESSION,134
ADMINISTRATION SITE LACERATION,11
ANGINAL EQUIVALENT,21
AUTONOMIC SEIZURE,18
SACRAL HYPOPLASIA,4
ACCESSORY NAVICULAR SYNDROME,3
SUPERINFECTION VIRAL,45
CREATORRHOEA,1
ACQUIRED EPIBLEPHARON,4
BURN ORAL CAVITY,569
INTRAVENOUS LEIOMYOMATOSIS,3
SOLID PSEUDOPAPILLARY TUMOUR OF THE PANCREAS,17
ADIPOMASTIA,8
BONE CYST EXCISION,9
VASCULAR COGNITIVE IMPAIRMENT,21
CALCIFIC DEPOSITS REMOVAL,5
SPLENOSIS,15
SEMINAL VESICULITIS,6
EPIDIDYMAL ENLARGEMENT,7
CSF MYELIN BASIC PROTEIN INCREASED,14
ARTIFICIAL URINARY SPHINCTER IMPLANT,20
INGUINAL HERNIA GANGRENOUS,3
PROSTATE CRYOABLATION,2
TRICHORHINOPHALANGEAL SYNDROME,2
RICKETTSIOSIS,16
DISTURBANCE OF THERMOREGULATION OF NEWBORN,13
CYLINDRURIA,6
PITUITARY NEOPLASM MALIGNANT RECURRENT,1
URINE BARBITURATES,2
FIBRIN DEGRADATION PRODUCTS,7
GAMMOPATHY,37
AURICULAR HAEMATOMA,20
EXCESSIVE CERUMEN PRODUCTION,605
INCREASED VISCOSITY OF UPPER RESPIRATORY SECRETION,744
WRONG TECHNIQUE IN PRODUCT USAGE PROCESS,199315
BLOOD PRESSURE MEASUREMENT,632
BREAST CONSERVING SURGERY,505
THANATOPHORIC DWARFISM,2
MEDICAL DEVICE SITE CALCIFICATION,30
IRREGULAR BREATHING,577
PRODUCT PREPARATION ERROR,20438
OPEN GLOBE INJURY,158
APHTHOUS ULCER,7573
MEDICAL DEVICE SITE ERYTHEMA,125
MEDICAL DEVICE SITE PAIN,555
MEDICAL DEVICE SITE SWELLING,172
PANCREATICOSPLENECTOMY,10
SOLVENT SENSITIVITY,9
COAGULATION FACTOR VIII LEVEL,2
CATHETER SITE MACULE,1
MISMATCHED DONOR BONE MARROW TRANSPLANTATION THERAPY,1
SPINAL MENINGIOMA MALIGNANT,1
INIENCEPHALY,8
DISINFECTANT POISONING,12
INTENTIONAL DEVICE MISUSE,4402
SPERM CONCENTRATION,8
VASCULAR STENT THROMBOSIS,2007
GLUTEN SENSITIVITY,1406
GARCIN SYNDROME,1
MUCORMYCOSIS,2369
PANCREATICOGASTROSTOMY,1
BLEPHARITIS ALLERGIC,27
GASTRIC STENT INSERTION,11
OESOPHAGEAL PH,1
ENDOMETRIAL THICKENING,538
POROCARCINOMA,30
ORGAN PRESERVATION,1
BONE GRAFT REMOVAL,6
BLADDER IRRIGATION,42
CATHETER SITE PUSTULE,9
OESOPHAGRAM,2
MEDICAL DEVICE SITE DISCHARGE,153
CHA2DS2-VASC ANNUAL STROKE RISK HIGH,12
OSTEOSIS,8
OTITIS MEDIA FUNGAL,10
INABILITY TO AFFORD MEDICATION,9704
VAGINAL PESSARY INSERTION,8
SOTOS' SYNDROME,1
ANTI-AQUAPORIN-4 ANTIBODY POSITIVE,15
SCLERODERMA-LIKE REACTION,154
LARGE INTESTINE EROSION,116
CONGENITAL EUSTACHIAN TUBE ANOMALY,3
INTERVENTIONAL PROCEDURE,72
VASCULAR STENT RESTENOSIS,94
HEPATITIS B ANTIBODY,6
INTRADUCTAL PAPILLARY BREAST NEOPLASM,11
SEXUALLY TRANSMITTED DISEASE CARRIER,1
PANCREATIC TOXICITY,116
PSYCHOSOCIAL SUPPORT,9
BLASTIC PLASMACYTOID DENDRITIC CELL NEOPLASIA,78
MECONIUM ASPIRATION SYNDROME,211
MEDICAL DEVICE SITE FIBROSIS,49
AORTIC WALL HYPERTROPHY,38
RESPIRATORY SYNCYTIAL VIRUS TEST,19
ANGULAR CHEILITIS,676
RED BLOOD CELL ELLIPTOCYTES PRESENT,62
RENAL LITHIASIS PROPHYLAXIS,2
PULMONARY ARTERIAL WEDGE PRESSURE DECREASED,10
NON-HIGH-DENSITY LIPOPROTEIN CHOLESTEROL DECREASED,30
LIVER ABLATION,72
MENTAL FATIGUE,1458
TERTIARY SYPHILIS,12
FIDUCIAL MARKER PLACEMENT,6
MEDICAL DEVICE SITE BRUISE,67
POSITRON EMISSION TOMOGRAM,22
INFECTED BITE,822
FLAGELLATE DERMATITIS,64
BRACHYTHERAPY TO VAGINA,3
RADIOTHERAPY TO VAGINA,2
VAGINAL CANCER RECURRENT,13
TUBERCULOSIS URETER,2
APPLICATION SITE PLAQUE,22
REPRODUCTIVE COMPLICATION ASSOCIATED WITH DEVICE,3449
EAR IRRIGATION,23
N-TELOPEPTIDE,4
TESTICULAR EMBRYONAL CARCINOMA STAGE I,1
TESTICULAR TERATOMA BENIGN,2
RECTAL TUBE INSERTION,13
MALABSORPTION FROM ADMINISTRATION SITE,228
MINI-TRACHEOSTOMY,13
INTESTINAL SEPSIS,250
FEMALE GENITAL TRACT TUBERCULOSIS,3
TRAUMATIC EAR AMPUTATION,2
FISTULA OF SMALL INTESTINE,417
PLATELET DESTRUCTION INCREASED,25
NON-SMALL CELL LUNG CANCER STAGE IIIA,21
UNMASKING OF PREVIOUSLY UNIDENTIFIED DISEASE,1060
BREAST ANGIOSARCOMA METASTATIC,7
PERIPHERAL T-CELL LYMPHOMA UNSPECIFIED STAGE IV,32
EXTRAGONADAL PRIMARY GERM CELL TUMOUR,8
FEEDING TUBE USER,360
LIPOSARCOMA METASTATIC,17
DEGENERATIVE AORTIC VALVE DISEASE,67
ILEAL ULCER PERFORATION,23
DISSEMINATED BACILLUS CALMETTE-GUERIN INFECTION,462
INCARCERATED HIATUS HERNIA,9
MEDICAL DEVICE SITE CELLULITIS,57
MEDICAL DEVICE SITE IRRITATION,101
TRAUMATIC TOOTH DISPLACEMENT,16
PERSISTENT UROGENITAL SINUS,14
ADMINISTRATION SITE IRRITATION,134
MEDICAL DEVICE SITE HAEMORRHAGE,280
MURINE TYPHUS,9
VASCULAR STENT STENOSIS,411
HEPATIC AMYLOIDOSIS,18
VITAMIN B2 DECREASED,7
GASTROSTOMY CLOSURE,4
ASTHMA-CHRONIC OBSTRUCTIVE PULMONARY DISEASE OVERLAP SYNDROME,514
NEUROLYSIS CHEMICAL,1
ELECTROCARDIOGRAM PQ INTERVAL SHORTENED,6
ARTIFICIAL HEART DEVICE USER,7
GONIOSCOPY ABNORMAL,4
GENITOURINARY TRACT GONOCOCCAL INFECTION,8
INTERCEPTED PRODUCT SELECTION ERROR,1240
SMEAR CERVIX,20
WHITE BLOOD CELLS STOOL,11
MEDICAL DEVICE SITE INJURY,99
17-ALPHA-HYDROXYLASE DEFICIENCY,2
AUTOIMMUNE NEPHRITIS,215
LUMBOSACRAL RADICULOPATHY,160
PRODUCT SELECTION ERROR,1088
HEPATIC HYPERTROPHY,31
IDIOSYNCRATIC ALCOHOL INTOXICATION,4
CORRECTED TRANSPOSITION OF GREAT VESSELS,22
CARBOHYDRATE TOLERANCE INCREASED,4
ADMINISTRATION SITE ODOUR,75
STOMA SITE OEDEMA,217
STOMA SITE CELLULITIS,57
PRODUCT LABEL COUNTERFEIT,43
CYP2C19 POLYMORPHISM,22
PROTEIN ALBUMIN RATIO ABNORMAL,3
MEDICAL DEVICE SITE JOINT DISCOMFORT,7
MEDICAL DEVICE SITE JOINT INFECTION,156
MEDICAL DEVICE SITE JOINT MOVEMENT IMPAIRMENT,7
URETHRITIS GONOCOCCAL,10
STAPEDOTOMY,1
LACK OF INFUSION SITE ROTATION,45
VASCULAR PARKINSONISM,53
BLADDER DIVERTICULITIS,17
INSTILLATION SITE DISCOLOURATION,24
MEDICAL DEVICE SITE EROSION,118
BRIEF PSYCHOTIC DISORDER WITHOUT MARKED STRESSORS,3
FEEDING INTOLERANCE,439
DISABILITY ASSESSMENT SCALE SCORE DECREASED,11
RIGHT-TO-LEFT CARDIAC SHUNT,222
MEDICAL DEVICE SITE INFLAMMATION,72
PSEUDOMYOPIA,113
SHOCK SYMPTOM,360
CHRONIC LYMPHOCYTIC LEUKAEMIA STAGE 2,8
CHRONIC LYMPHOCYTIC LEUKAEMIA STAGE 4,15
CARDIAC INDEX INCREASED,31
INFUSION SITE STREAKING,86
THYROID CANCER STAGE 0,99
ADMINISTRATION SITE SCAB,25
ANTERIOR CHAMBER CRYSTALLISATION,3
INSTILLATION SITE EXFOLIATION,10
APPLICATION SITE EXTRAVASATION,75
HOMANS' SIGN,4
SPITZOID MELANOMA,7
HYPOTHENAR HAMMER SYNDROME,1
OESTROGENIC EFFECT,9
DEOXYPYRIDINOLINE URINE INCREASED,7
OXYTOCIN INCREASED,2
ANTI-PLATELET ANTIBODY NEGATIVE,1
COAGULATION TIME,22
MEDICAL DEVICE SITE GRANULOMA,17
CHIASMA SYNDROME,14
ADMINISTRATION SITE NECROSIS,38
MEDICAL DEVICE SITE ABSCESS,67
RENAL VEIN COMPRESSION,49
SUBSTANCE DEPENDENCE,661
DRUG CROSS-REACTIVITY,179
HETEROPLASIA,35
CHEMOTHERAPY CARDIOTOXICITY ATTENUATION,15
MUCOCUTANEOUS HAEMORRHAGE,140
CASCADE STOMACH,2
ERYTHROBLASTOSIS FOETALIS,7
MALIGNANT MESENCHYMOMA METASTATIC,1
STOMA SITE PRURITUS,49
THYROID DYSFUNCTION IN PREGNANCY,18
EYELASH INJURY,49
VITREOUS FIBRIN,23
PRIMARY HYPERTHYROIDISM,31
ABNORMAL INVOLUNTARY MOVEMENT SCALE,3
SALT INTOXICATION,7
AMOEBA TEST POSITIVE,9
ADMINISTRATION SITE FIBROSIS,4
UROCELE,2
GENITAL HYPERAESTHESIA,13
MALIGNANT MESENCHYMOMA,8
STOMA SITE HYPERSENSITIVITY,34
CARDIAC PACEMAKER ADJUSTMENT,27
ALLERGY TEST NEGATIVE,152
FIXED BOWEL LOOP,27
MYOCLONIC EPILEPSY AND RAGGED-RED FIBRES,7
BLOOD CADMIUM INCREASED,9
STREPTOCOCCUS TEST,7
DIVORCED PARENTS,1
BLOOD GALACTOSE INCREASED,4
BULBOSPINAL MUSCULAR ATROPHY CONGENITAL,42
ADMINISTRATION SITE INJURY,36
MEDICAL DEVICE SITE JOINT PAIN,52
ORO-PHARYNGEAL ASPERGILLOSIS,3
DERMATOLOGIC EXAMINATION,4
ALLERGY TO STING,12
PHANTOM SHOCKS,16
HAIR DYE USER,3
MONOCYTE MORPHOLOGY ABNORMAL,13
LIPOPROTEIN (A),1
ALLERGY PROPHYLAXIS,6
PULMONARY FUNCTION TEST NORMAL,4
MASTOCYTIC LEUKAEMIA,18
TUMOUR EXUDATION,33
BLOOD BILIRUBIN UNCONJUGATED DECREASED,31
NASAL MUCOSAL ULCER,83
CULTURE STOOL NEGATIVE,6
CONCENTRIC SCLEROSIS,12
EXTRANODAL MARGINAL ZONE B-CELL LYMPHOMA (MALT TYPE) RECURRENT,10
SALIVA TESTOSTERONE ABNORMAL,1
DIABETIC KERATOPATHY,1
PROTEIN BOUND IODINE DECREASED,2
APNOEA TEST ABNORMAL,48
PHYSICAL FITNESS TRAINING,4
GLUCAGONOMA,15
ADMINISTRATION SITE COLDNESS,7
IMPLANT SITE HYPERAESTHESIA,8
MAXILLONASAL DYSPLASIA,14
BYSSINOSIS,4
CORTICAL EVOKED RESPONSE MEASUREMENTS,1
GREY TURNER'S SIGN,17
BRAF GENE MUTATION,89
JEJUNOSTOMY CLOSURE,3
ACINIC CELL CARCINOMA OF SALIVARY GLAND,10
AUTOIMMUNE UVEITIS,66
CORPUS CALLOSOTOMY,30
ULTRASOUND UTERUS,3
HUMAN METAPNEUMOVIRUS TEST,6
CEREBROSPINAL FLUID CIRCULATION DISORDER,70
CROWNED DENS SYNDROME,30
BEHAVIOUR DISORDER DUE TO A GENERAL MEDICAL CONDITION,14
ENDOMETRIOSIS MALE,8
SECONDARY CEREBELLAR DEGENERATION,62
ENCAPSULATING PERITONEAL SCLEROSIS,178
MEDICAL DEVICE SITE RASH,38
ERDHEIM-CHESTER DISEASE,62
AUTOIMMUNE ENCEPHALOPATHY,98
MAXIMAL VOLUNTARY VENTILATION ABNORMAL,10
COPPER METABOLISM DISORDER,6
PROGESTERONE RECEPTOR ASSAY NEGATIVE,7
MALIGNANT NIPPLE NEOPLASM FEMALE,4
AMOEBIC BRAIN ABSCESS,7
INHIBIN B,11
OCCUPATIONAL EXPOSURE TO EXTREME TEMPERATURE,4
EYELID MYOCLONUS,94
CYTOLOGY,2
MEDICAL DEVICE SITE HYPERSENSITIVITY,7
OSMOLAR GAP INCREASED,101
BLOOD ALCOHOL DECREASED,4
ADMINISTRATION SITE WARMTH,79
MEDICAL DEVICE SITE EXFOLIATION,9
MEDICAL DEVICE SITE PRURITUS,25
NERVOUS SYSTEM NEOPLASM BENIGN,5
GINGIVAL HYPERPIGMENTATION,24
BILIOPANCREATIC BYPASS,4
PLEURAL FLUID ANALYSIS,7
LACRIMAL CYST,6
BARIATRIC GASTRIC BALLOON INSERTION,4
PERCUSSION TEST,1
MEDICAL DEVICE SITE SCAR,45
ADMINISTRATION SITE THROMBOSIS,11
SCALLOPED TONGUE,30
AUTOIMMUNE MYOCARDITIS,213
PERITONEAL EFFLUENT ERYTHROCYTE COUNT INCREASED,2
PERITONEAL EFFLUENT LEUKOCYTE COUNT,1
MEDICAL DEVICE SITE MASS,40
MEDICAL DEVICE SITE NECROSIS,16
DILATED PORES,90
DEVICE INAPPROPRIATE SHOCK DELIVERY,74
FAECAL DISIMPACTION,25
CHRONIC TIC DISORDER,20
IMPLANT SITE NERVE INJURY,27
BLOOD ETHANOL,29
NON-HODGKIN'S LYMPHOMA TRANSFORMED RECURRENT,2
RHINOPHYMA,23
CATHETER CULTURE NEGATIVE,1
RACHIOTOMY,2
ADMINISTRATION SITE URTICARIA,29
NERVE STIMULATION TEST,2
TRANSGENDER OPERATION,19
APNOEA TEST,4
PREVENTIVE SURGERY,8
IMMUNE ENHANCEMENT THERAPY,1
SYNOVIAL FLUID CRYSTAL,6
SENSORY NEUROPATHY HEREDITARY,1
APPLICATION SITE THROMBOSIS,11
COAGULATION FACTOR,6
MEDICAL DEVICE SITE WARMTH,47
ACID PEPTIC DISEASE,15
LASEGUE'S TEST NEGATIVE,4
VASCULAR STENT OCCLUSION,403
TOXIC GOITRE,53
VACCINE BREAKTHROUGH INFECTION,15
CONGENITAL DYSKERATOSIS,17
BLOOD THROMBOPLASTIN ABNORMAL,3
TONGUE FUNGAL INFECTION,172
ARTIFICIAL INSEMINATION BY PARTNER,7
LAFORA'S MYOCLONIC EPILEPSY,22
ACUTE POSTOPERATIVE SIALADENITIS,29
POLYCYTHAEMIA NEONATORUM,21
OESOPHAGEAL MOTILITY TEST,2
CEREBRAL ARTERITIS,17
FLAVIVIRUS INFECTION,127
MEDICAL DEVICE SITE DISCOLOURATION,42
HYPERCALCITONINAEMIA,2
TRENCH FEVER,23
VULVAL CANCER STAGE IV,5
INCOMPLETE SPINAL FUSION,27
SICK BUILDING SYNDROME,13
VAGINAL PH INCREASED,6
BILE CULTURE,1
OESOPHAGEAL SQUAMOUS CELL CARCINOMA STAGE IV,10
DEGENERATIVE MITRAL VALVE DISEASE,45
TUBERCULIN TEST NEGATIVE,5
DERMATOPHYTOSIS OF NAIL,118
INJECTION SITE JOINT DISCOMFORT,7
DIABETIC DERMOPATHY,10
INFUSION SITE ATROPHY,11
ALTERED PITCH PERCEPTION,33
RETROGRADE P-WAVES,4
PROGRESSIVE FAMILIAL INTRAHEPATIC CHOLESTASIS,14
RADIATION THYROIDITIS,7
ANTICOAGULATION DRUG LEVEL THERAPEUTIC,2
IRRIGATION THERAPY,7
CAROTID PULSE INCREASED,12
PERIPHERAL NERVE INJECTION,1
BLOOD PRESSURE DIASTOLIC,13
IMPERFORATE OESOPHAGUS,4
OSTEOCALCIN,1
INSTILLATION SITE COLDNESS,7
BILE OUTPUT,10
TUMOUR MARKER DECREASED,179
BRCA2 GENE MUTATION,95
PROCTOTOMY,3
URETHRAL CARBUNCLE,3
NEONATAL GASTROINTESTINAL DISORDER,27
ADMINISTRATION SITE PRURITUS,128
HYPONATRAEMIC COMA,36
HAIR METAL TEST,5
HAIR METAL TEST ABNORMAL,20
BLOOD CORTICOTROPHIN,5
BLOOD PROINSULIN INCREASED,5
SPECIFIC GRAVITY BODY FLUID INCREASED,8
VESSEL PUNCTURE SITE INDURATION,7
ECZEMA INFANTILE,82
OTA'S NAEVUS,3
UVULOPLASTY,6
ARTERIAL LIGATION,7
CATHETER SITE HYPOAESTHESIA,8
MEDICAL DEVICE SITE HYPOAESTHESIA,6
HYPERCEMENTOSIS,1
KIDNEY CONGESTION,154
TOTAL SPERM COUNT DECREASED,6
ANDROGEN INSENSITIVITY SYNDROME,11
RED REFLEX ABNORMAL,6
KABUKI MAKE-UP SYNDROME,6
VAGINAL CYST EXCISION,6
OPTICOKINETIC NYSTAGMUS TESTS ABNORMAL,3
MALE STERILISATION,3
DIPLACUSIS,20
RENAL TRANSPLANT TORSION,4
URINE URIC ACID ABNORMAL,13
BILE DUCT CANCER STAGE I,9
NEOBLADDER SURGERY,22
CATECHOLAMINES URINE ABNORMAL,1
DONOR SITE COMPLICATION,2
PHARYNGEAL HYPERTROPHY,6
BILIARY ADENOMA,14
RUBULAVIRUS TEST POSITIVE,25
COAGULATION FACTOR XIII LEVEL INCREASED,1
OSMOPHOBIA,13
RADIOULNAR SYNOSTOSIS,6
ULTRASOUND THYROID ABNORMAL,18
FALLOPIAN TUBE CANCER STAGE III,12
HEPATOCELLULAR FOAMY CELL SYNDROME,2
STOMA SITE HYPERGRANULATION,624
OSTEOPATHIC TREATMENT,3
PLEOMORPHIC MALIGNANT FIBROUS HISTIOCYTOMA,25
NEURITIC PLAQUES,22
ANTI-VIMENTIN ANTIBODY POSITIVE,1
LEUKAPHERESIS,16
SADISM,22
ANALGESIC INTERVENTION SUPPORTIVE THERAPY,8
TRACHEO-OESOPHAGEAL PUNCTURE,2
INTERFERON GAMMA RELEASE ASSAY POSITIVE,163
RED BLOOD CELL POIKILOCYTES PRESENT,15
BRONCHOLITHIASIS,29
ARGININOSUCCINATE SYNTHETASE DEFICIENCY,6
ULCERATIVE GASTRITIS,113
VIRAL TITRE,1
BACTERIAL TEST NEGATIVE,9
MUSCLE LESION EXCISION,1
ORAL HYPERAESTHESIA,43
PSYCHOGENIC RESPIRATORY DISTRESS,2
DIABETIC MACROANGIOPATHY,29
RADIATION MENOPAUSE,2
SALIVARY GLAND CANCER STAGE III,3
THROMBASTHENIA,12
IMPAIRED QUALITY OF LIFE,14202
SOFT TISSUE SWELLING,554
URINE CHLORIDE DECREASED,16
DIAPHRAGMATIC APLASIA,1
MYELOCYTE PERCENTAGE INCREASED,32
INTRACRANIAL MENINGIOMA MALIGNANT,83
PENILE DYSPLASIA,10
CONGENITAL THYROID DISORDER,5
INBORN ERROR OF BILIRUBIN METABOLISM,3
PSYCHOGENIC VISUAL DISORDER,16
HORMONE-DEPENDENT PROSTATE CANCER,68
HYPERPROLINAEMIA,11
C-KIT GENE MUTATION,18
DIABETIC DYSLIPIDAEMIA,9
CORPORA CAVERNOSA SURGERY,200
ACRAL LENTIGINOUS MELANOMA STAGE II,5
PARANEOPLASTIC PLEURAL EFFUSION,23
STOMA SITE ODOUR,222
CYTOMEGALOVIRUS GASTROINTESTINAL ULCER,59
ENCEPHALITIS PROTOZOAL,52
URETHRAL ABSCESS,19
EPENDYMITIS,7
PAPULOERYTHRODERMA OF OFUJI,5
SWEAT TEST ABNORMAL,58
BLOOD SELENIUM ABNORMAL,4
INSTILLATION SITE NECROSIS,1
COMA NEONATAL,20
MACRODACTYLY,6
VITREOUS ABSCESS,9
PICORNAVIRUS INFECTION,38
TESTICULAR GERM CELL TUMOUR,31
CROSSMATCH INCOMPATIBLE,61
VASCULAR ANASTOMOSIS,9
ENDOTHELIN DECREASED,3
ACRODYNIA,6
TENORRHAPHY,1
POTASSIUM WASTING NEPHROPATHY,69
PML/RAR ALPHA EXPRESSION,7
COMPLEMENT FIXATION ABNORMAL,7
THYROID C-CELL HYPERPLASIA,7
EYE PATCH APPLICATION,4
PARAESTHESIA EAR,143
CRYOLIPOLYSIS PROCEDURE,1
STICKY PLATELET SYNDROME,8
BLEPHAROPHIMOSIS,17
MICROGLOSSIA,6
HAEMORRHAGIC DISEASE OF NEWBORN,6
ENDOMETRIAL SARCOMA METASTATIC,4
CONDYLOMA LATUM,1
PSEUDOACHALASIA,6
REMNANT GASTRITIS,4
SUBCONJUNCTIVAL INJECTION PROCEDURE,3
MEDICAL DEVICE SITE ULCER,48
MEDICAL DEVICE SITE VESICLES,26
ALBRIGHT'S DISEASE,12
OESOPHAGEAL ADENOCARCINOMA STAGE II,3
MARCUS GUNN SYNDROME,8
PARADOXICAL PRESSOR RESPONSE,5
LYMPHATIC DUCT INJURY,23
CHEMOTHERAPEUTIC DRUG LEVEL BELOW THERAPEUTIC,10
ENTEROPATHIC SPONDYLITIS,29
GASTROPARESIS POSTOPERATIVE,13
NAIL FOLD INFLAMMATION,21
MALIGNANT BOWEL OBSTRUCTION,16
ADMINISTRATION SITE INDURATION,86
CONGENITAL CYSTIC DISEASE OF LIVER,1
HOME CARE,62
ENCEPHALITIS MUMPS,5
INFUSION SITE PAPULE,81
INFANTILE GENETIC AGRANULOCYTOSIS,9
MEDICAL DEVICE SITE PUSTULE,11
GULF WAR SYNDROME,5
SCIATIC HERNIA,5
URINARY TRACT DISCOMFORT,447
MEDICAL DEVICE SITE LACERATION,25
GLYCOGEN STORAGE DISEASE TYPE VIII,9
VIRAL TRACHEITIS,10
HEMIANAESTHESIA,797
HEPATIC CANCER STAGE III,446
TARGETED CANCER THERAPY,5
WALDENSTROM'S MACROGLOBULINAEMIA RECURRENT,26
SPINAL SUBDURAL HAEMORRHAGE,11
GLYCOGEN STORAGE DISEASE TYPE IV,4
LIMITED SYMPTOM PANIC ATTACK,14
RUBELLA ANTIBODY NEGATIVE,20
VITAMIN E INCREASED,18
URINE ELECTROLYTES DECREASED,6
PHARYNGEAL PARAESTHESIA,1540
BLOOD DONOR,2
ADMINISTRATION SITE JOINT ERYTHEMA,8
SCROTAL ANGIOKERATOMA,8
UROBILINOGEN FAECES ABNORMAL,4
SUBCLAVIAN ARTERY ANEURYSM,10
MUSCLE ENZYME,11
MEDICAL DEVICE SITE HYPERAESTHESIA,20
POSTSPLENECTOMY SYNDROME,2
MYELOCYTE COUNT DECREASED,11
SKIN HYPOPLASIA,3
SPLEEN ATROPHY,59
ATHERECTOMY,12
APPLICATION SITE MACULE,15
HELPLESSNESS,472
VEIN RUPTURE,1650
PROPHYLAXIS AGAINST HIV INFECTION,8
BETA 2 MICROGLOBULIN ABNORMAL,11
IRVAN SYNDROME,3
INTRAVITREAL IMPLANT,7
SEROCONVERSION TEST NEGATIVE,42
BLOOD ISOPROPANOL INCREASED,3
STENOSIS,1833
OESTRONE INCREASED,10
PASSENGER LYMPHOCYTE SYNDROME,60
THORACIC CAVITY DRAINAGE TEST ABNORMAL,7
URETERIC COMPRESSION,75
C-REACTIVE PROTEIN NORMAL,5
PRESCRIPTION DRUG USED WITHOUT A PRESCRIPTION,6025
URAEMIC PRURITUS,6
CHOLECYSTOCHOLANGITIS,12
HYPO HDL CHOLESTEROLAEMIA,10
BRACHIAL PULSE ABNORMAL,3
RENAL ARTERY PERFORATION,10
LACUNAR STROKE,311
SPINAL MANIPULATION,2
PERSONAL RELATIONSHIP ISSUE,663
BONE FORMATION TEST ABNORMAL,1
FUNGAL TEST,12
GASTROINTESTINAL DISORDER THERAPY,7
SPECIFIC GRAVITY BODY FLUID ABNORMAL,3
BONE ELECTROSTIMULATION THERAPY,1
MUSCLE ELECTROSTIMULATION THERAPY,5
RIB SYNOSTOSIS,15
EAR PIERCING,2
NERVOUS SYSTEM NEOPLASM SURGERY,3
ACUTE HAEMORRHAGIC ULCERATIVE COLITIS,84
GASTROINTESTINAL COMPLICATION ASSOCIATED WITH DEVICE,27
RHEUMATOID NEUTROPHILIC DERMATOSIS,8
JUGULAR VEIN OCCLUSION,63
ANTERIOR SEGMENT ISCHAEMIA,17
FUNGAL PHARYNGITIS,248
HYPERACTIVE PHARYNGEAL REFLEX,141
MEDICAL DEVICE SITE JOINT ERYTHEMA,3
EYE PARAESTHESIA,155
SIGMOIDOSCOPY ABNORMAL,8
FRACTION OF INSPIRED OXYGEN,9
PRIMARY COUGH HEADACHE,17
PROLAPSE,233
TUMOUR MARKER ABNORMAL,331
COMPUTERISED TOMOGRAM THORAX NORMAL,2
ABNORMAL PRECORDIAL MOVEMENT,27
SUPERIOR VENA CAVA PERFORATION,2
ATHEROSCLEROTIC PLAQUE RUPTURE,72
IMMUNODEFICIENCY CONGENITAL,20
SYSTEMIC INFECTION,1642
HYPER IGM SYNDROME,10
PULMONARY HYPOPERFUSION,30
SERUM FERRITIN,12
APPLICATION SITE HYPERTRICHOSIS,6
ANORECTAL INFECTION BACTERIAL,13
ZOONOTIC BACTERIAL INFECTION,32
URINE OXALATE DECREASED,6
PROCOLLAGEN TYPE I C-TERMINAL PROPEPTIDE INCREASED,25
GONADOTROPHIN RELEASING HORMONE DEFICIENCY,1
NORMAL LABOUR,135
ANTERIOR INTEROSSEOUS SYNDROME,14
INFANTILE HAEMANGIOMA,160
OVARIOCENTESIS,3
PRIMARY MYELOFIBROSIS,313
MODIFIED RANKIN SCORE,2
BACTERIAL COLITIS,176
CLEFT FOOT,1
PRODUCT SUBSTITUTION,393
TRANSITIONAL CELL CARCINOMA RECURRENT,47
PSEUDOCIRRHOSIS,324
BLOOD ELASTASE,2
INTERLEUKIN LEVEL,2
PERFORATION,785
CARDIOTHORACIC RATIO,2
AIDS RETINOPATHY,1
ADMINISTRATION SITE JOINT DISCOMFORT,2
WATERHOUSE-FRIDERICHSEN SYNDROME,19
TONIC POSTURING,59
"SLEEP DISORDER DUE TO GENERAL MEDICAL CONDITION, PARASOMNIA TYPE",8
LYMPHOCELE MARSUPIALISATION,2
SCHISTOCYTOSIS,85
PATIENT DISSATISFACTION WITH TREATMENT,1870
FORCED EXPIRATORY VOLUME,35
CHEST WALL HAEMATOMA,250
MEDICAL DEVICE SITE NODULE,7
VENOUS PRESSURE,4
METASTASES TO VAGINA,22
DUST INHALATION PNEUMOPATHY,9
OESTROGEN RECEPTOR ASSAY,1
REVERSAL OF OPIATE ACTIVITY,10
PROSTATIC POLYP,5
SALIVA ANALYSIS ABNORMAL,7
HORMONE REFRACTORY BREAST CANCER,10
BLOOD PYRUVIC ACID DECREASED,4
SUBARACHNOID HAEMATOMA,133
OMPHALECTOMY,5
STRANGULATED UMBILICAL HERNIA,35
PANEL-REACTIVE ANTIBODY INCREASED,10
PREMATURE BABY DEATH,81
ENCEPHALOCELE REPAIR,1
URINARY TRACT ABSCESS,7
ACUTE MOTOR-SENSORY AXONAL NEUROPATHY,226
NASAL CRUSTING,630
VITAMIN C ABNORMAL,9
DEVICE CHEMICAL PROPERTY ISSUE,64
EPIGLOTTIDECTOMY,2
HYPERINSULINAEMIC HYPOGLYCAEMIA,212
FAILED IN VITRO FERTILISATION,58
EXTERNAL COUNTERPULSATION,6
HIV INFECTION CDC CATEGORY A,2
CONGENITAL WHITE BLOOD CELL DISORDER,7
HARLEQUIN SKIN REACTION,13
GASTRIC EMPTYING STUDY,2
CONGENITAL CLAVICULAR AGENESIS,10
CYSTOPROSTATECTOMY,6
VERTEBRAL BODY REPLACEMENT,22
DIADYNAMIC ELECTROTHERAPY,1
DELAYED MYELINATION,20
PRIMITIVE REFLEX TEST POSITIVE,8
DELAYED GRAFT FUNCTION,698
FEV1/FVC RATIO,3
VITREOUS CYST,1
HODGKIN'S DISEASE LYMPHOCYTE PREDOMINANCE TYPE RECURRENT,2
ANTI-GANGLIOSIDE ANTIBODY,3
LUNG HYPOINFLATION,63
COMPLICATION ASSOCIATED WITH DEVICE,13050
ARTIFICIAL INSEMINATION BY DONOR,1
BLOOD THROMBIN,7
POST STROKE EPILEPSY,31
PINEOCYTOMA,8
ADRENAL THROMBOSIS,22
"DEMENTIA OF THE ALZHEIMER'S TYPE, WITH DELIRIUM",3
URINE LACTIC ACID INCREASED,3
PYELOGRAM RETROGRADE,2
BLOOD INCOMPATIBILITY HAEMOLYTIC ANAEMIA OF NEWBORN,3
TRANSIENT HYPOGAMMAGLOBULINAEMIA OF INFANCY,9
GAMMA-GLUTAMYLTRANSFERASE NORMAL,5
APOLIPOPROTEIN A-I INCREASED,5
SPLENIC FIBROSIS,11
SELECTIVE POLYSACCHARIDE ANTIBODY DEFICIENCY,7
MONOCYTE PERCENTAGE ABNORMAL,21
URINARY BLADDER ADENOMA,8
POSTERIOR LENS CAPSULOTOMY,8
CARNITINE INCREASED,7
DEVICE USE ISSUE,17085
ANAL INCONTINENCE,8786
LARYNGEAL RHEUMATOID ARTHRITIS,3
REPAIR OF IMPERFORATE RECTUM,2
LIVER FUNCTION TEST INCREASED,21048
MULTIPLE ORGAN DYSFUNCTION SYNDROME,27541
SELECTIVE EATING DISORDER,899
PRODUCT SUPPLY ISSUE,6964
END STAGE RENAL DISEASE,18178
FACIAL PARALYSIS,8372
FRUSTRATION TOLERANCE DECREASED,7938
OVARIAN DYSGERMINOMA STAGE UNSPECIFIED,4
DOSE CALCULATION ERROR,580
DYSCHONDROSTEOSIS,5
VERY LOW DENSITY LIPOPROTEIN,4
GLUCOSE-GALACTOSE MALABSORPTION,1
DEVICE LOOSENING,836
URTICARIAL VASCULITIS,513
VULVAL CANCER STAGE III,16
URETEROLITHIASIS,1032
SMEAR CERVIX NORMAL,2
INFANTILE APNOEA,803
GAMBLING DISORDER,2680
ILLNESS ANXIETY DISORDER,239
INTELLECTUAL DISABILITY,1399
MYELOPROLIFERATIVE NEOPLASM,646
FIXED DRUG ERUPTION,122
BIOPSY VAGINA ABNORMAL,2
ULTRASOUND BILIARY TRACT,2
ACUTE ON CHRONIC LIVER FAILURE,211
NON-24-HOUR SLEEP-WAKE DISORDER,139
ADMINISTRATION SITE HYPOAESTHESIA,2
STOMAL HERNIA,359
YOLK SAC TUMOUR SITE UNSPECIFIED,10
PERIPHERAL ARTERY OCCLUSION,1381
DEPERSONALISATION/DEREALISATION DISORDER,1589
ECHOVIRUS TEST POSITIVE,5
INFUSION SITE DRYNESS,53
CAROTENE ABNORMAL,2
TRACHEAL ERYTHEMA,6
INTRACRANIAL MASS,930
INTENSIVE CARE UNIT ACQUIRED WEAKNESS,377
RETICULOCYTE PERCENTAGE INCREASED,49
BLOOD IRON,11
HYPER HDL CHOLESTEROLAEMIA,6
CYSTIC FIBROSIS CARRIER,7
VASCULAR RESISTANCE PULMONARY DECREASED,16
PHARYNGITIS MYCOPLASMAL,6
CENTRAL VENOUS PRESSURE DECREASED,13
DONOR SPECIFIC ANTIBODY PRESENT,149
PROERYTHROBLAST COUNT DECREASED,1
TENOPLASTY,333
CD20 ANTIGEN POSITIVE,8
AUDITORY DISORDER,1391
METABOLIC SURGERY,1103
STOMA SITE CANDIDA,27
SOMATIC SYMPTOM DISORDER,1067
PLATELET DISTRIBUTION WIDTH DECREASED,39
DYSMETRIA,595
ULTRASOUND SKULL ABNORMAL,10
DISSEMINATED VARICELLA ZOSTER VACCINE VIRUS INFECTION,79
COAGULATION FACTOR XIII LEVEL DECREASED,31
PROCTECTOMY,263
SOCIAL ANXIETY DISORDER,650
PSOAS SIGN,7
PERSISTENT DEPRESSIVE DISORDER,396
FORCED VITAL CAPACITY INCREASED,8
MENKES' SYNDROME,5
CORYNEBACTERIUM BACTERAEMIA,82
OESOPHAGEAL SQUAMOUS CELL CARCINOMA STAGE 0,3
ANTIMICROBIAL SUSCEPTIBILITY TEST SENSITIVE,4
MOBILE CAECUM SYNDROME,3
FACTOR VII INHIBITION,15
EXTERNAL HYDROCEPHALUS,10
ADMINISTRATION SITE DRYNESS,18
REPRODUCTIVE TOXICITY,43
PEAK EXPIRATORY FLOW RATE,6
FORCED VITAL CAPACITY ABNORMAL,42
CHOLANGIOADENOMA,3
OSTEONECROSIS OF EXTERNAL AUDITORY CANAL,186
NON-ALCOHOLIC FATTY LIVER,340
BLADDER CATHETER REPLACEMENT,19
ANTI FACTOR VIII ANTIBODY INCREASED,123
OBSTETRIC PROCEDURE COMPLICATION,10
NODULAR RASH,218
HUMAN EPIDERMAL GROWTH FACTOR RECEPTOR DECREASED,36
RETINOL BINDING PROTEIN INCREASED,4
PH BODY FLUID NORMAL,1
RADIOISOTOPE SCAN,4
HERPES SIMPLEX TEST POSITIVE,197
STOMA SITE THROMBOSIS,11
GASTROINTESTINAL WALL THINNING,50
CEREBRAL CONGESTION,167
IMPLANTABLE PLEURAL CATHETER INSERTION,1
INGUINAL HERNIA PERFORATION,10
NECROTISING SOFT TISSUE INFECTION,226
KIDNEY PALPABLE,2
HAPHEPHOBIA,2
LATE DEVELOPER,4
EARLY ONSET PRIMARY DYSTONIA,12
SECONDARY TIC,39
CHEMOTHERAPY EXTRAVASATION MANAGEMENT,4
HEPATITIS C VIRUS TEST,6
NEUROMYELITIS OPTICA SPECTRUM DISORDER,1287
GENITO-PELVIC PAIN/PENETRATION DISORDER,106
ACUTE MOTOR AXONAL NEUROPATHY,102
PEARLY PENILE PAPULES,9
SYSTOLIC ANTERIOR MOTION OF MITRAL VALVE,83
HEPATIC ARTERY FLOW DECREASED,8
FOREIGN BODY EMBOLISM,32
MALIGNANT NIPPLE NEOPLASM,8
NEONATAL INTESTINAL OBSTRUCTION,13
SACRAL RADICULOPATHY,13
BLOOD BETA-D-GLUCAN DECREASED,1
CHILD-PUGH-TURCOTTE SCORE ABNORMAL,13
MEDICAL DEVICE SITE RECALL REACTION,1
CYCLIC AMP INCREASED,2
DYSPLASTIC NAEVUS SYNDROME,3
ACUTE LYMPHOCYTIC LEUKAEMIA REFRACTORY,133
PROCEDURAL PNEUMOTHORAX,154
MUSCLE RELAXANT DRUG LEVEL ABOVE THERAPEUTIC,4
URINARY ASCITES,21
PROGRESSIVE BULBAR PALSY,26
PORTAL SHUNT PROCEDURE,68
ADMINISTRATION SITE HYPERTROPHY,5
OBSTRUCTIVE DEFAECATION,65
PERIPHERAL T-CELL LYMPHOMA UNSPECIFIED STAGE III,16
VITAMIN B12 ABSORPTION TEST ABNORMAL,6
BEZOLD-JARISCH REFLEX,38
PRIMITIVE NEUROECTODERMAL TUMOUR METASTATIC,1
ASTROCYTOMA SURGERY,5
BALANOPOSTHITIS INFECTIVE,16
SNEDDON'S SYNDROME,7
MISSED LABOUR,6
INFUSION SITE DYSAESTHESIA,4
REVERSE TRI-IODOTHYRONINE DECREASED,5
LIP OPERATION,18
PALATECTOMY,3
BILIARY TRACT INFECTION FUNGAL,8
PENETRATING AORTIC ULCER,46
HERPES SIMPLEX COLITIS,34
MALIGNANT NEOPLASM OF AURICULAR CARTILAGE,3
CEREBRAL ARTERY PERFORATION,7
HYDROSALPINX,91
POST STROKE SEIZURE,32
SPINAL FLATTENING,121
NEUROLOGICAL REHABILITATION,16
PHARYNGEAL CANCER STAGE IV,8
ANTI-ACTIN ANTIBODY,2
MEDICAL DEVICE SITE JOINT SWELLING,8
ORAL TUBERCULOSIS,13
VESSEL PUNCTURE SITE PARAESTHESIA,1
AMOEBIC LUNG ABSCESS,2
LARYNGEAL ATROPHY,4
AUTOANTIBODY NEGATIVE,2
AORTICOPULMONARY WINDOW REPAIR,1
MAXIMUM HEART RATE INCREASED,3
FRACTIONAL EXCRETION OF PHOSPHATE,8
NASAL MUCOSAL EROSION,56
INTESTINAL METAPLASIA,141
TRANSFER FACTOR REDUCED,1
MACULA THICKNESS MEASUREMENT,4
CHOLESTEROL GRANULOMA,8
CYCLOPIA,2
ACUTE ALLOGRAFT NEPHROPATHY,26
APPLICATION SITE FIBROSIS,2
T-CELL LYMPHOMA STAGE IV,36
MULTIPLE ENDOCRINE NEOPLASIA TYPE 2,7
IMAGING PROCEDURE,15
TINEA BARBAE,4
THYROGLOSSAL CYST INFECTION,10
TUBERCULIN TEST FALSE NEGATIVE,10
SWEAT GLAND EXCISION,19
VARICELLA VIRUS TEST NEGATIVE,9
RADIOEMBOLISATION,31
PYELONEPHRITIS MYCOPLASMAL,4
MALIGNANT NEOPLASM OF THYMUS,49
NON-TOBACCO USER,6
MONOGENIC DIABETES,14
TRICUSPID VALVE REPLACEMENT,38
CYTOMEGALOVIRUS PANCREATITIS,10
GENE MUTATION IDENTIFICATION TEST NEGATIVE,13
ANTI FACTOR V ANTIBODY,22
OESTRIOL DECREASED,2
HYPOBARISM,147
DIABETES MELLITUS MALNUTRITION-RELATED,4
INDUCED ABORTION INFECTION,1
HLA-B*5701 ASSAY POSITIVE,5
CULTURE WOUND NEGATIVE,1
GASTROINTESTINAL SOMATIC SYMPTOM DISORDER,10
ULCERATED HAEMANGIOMA,54
STAUFFER'S SYNDROME,8
FLUID BALANCE ASSESSMENT,2
SEPARATION ANXIETY DISORDER,119
LYMPHOPLASIA,3
EYELID DEGENERATIVE DISORDER,4
APPLICATION SITE MOVEMENT IMPAIRMENT,6
VON HIPPEL-LINDAU DISEASE,20
PORTAL VENOUS SYSTEM ANOMALY,11
INFECTIVE MESENTERIC PANNICULITIS,1
MARGINAL ZONE LYMPHOMA,209
PINEALOMA,1
CARDIAC VENTRICULAR SCARRING,15
VENOUS INTRAVASATION,14
LEUKOTOMY,1
VACCINATION SITE HAEMATOMA,6
BIOPSY SPINAL CORD,9
CAROTID ARTERY PERFORATION,29
PULMONARY RESECTION,240
HEREDITARY MOTOR AND SENSORY NEUROPATHY,118
VENOUS THROMBOSIS NEONATAL,16
MULTIPLE SCLEROSIS RELAPSE PROPHYLAXIS,1
REFEEDING SYNDROME,148
UREA CYCLE ENZYME DEFICIENCY,1
ARTERIOVENOUS GRAFT SITE HAEMATOMA,5
INSULIN RESISTANCE TEST,4
NASOPHARYNGEAL CANCER STAGE IV,21
PROGRESSIVE MASSIVE FIBROSIS,16
DIABETIC MONONEUROPATHY,4
QUADRANTANOPIA,128
ARGININOSUCCINATE LYASE DEFICIENCY,4
VISUAL ACUITY TESTS NORMAL,1
HODGKIN'S DISEASE LYMPHOCYTE PREDOMINANCE TYPE STAGE IV,2
EBOLA DISEASE,17
NON-ECONOMIC LOSS,11
STERTOR,35
HAEMOGLOBIN A2,2
POST ABORTION INFECTION,14
TISSUE POLYPEPTIDE ANTIGEN INCREASED,2
BENIGN NEOPLASM OF OPTIC NERVE,10
CEREBRAL VASCULAR OCCLUSION,115
SOMATIC SYMPTOM DISORDER OF PREGNANCY,67
AXILLARY LYMPHADENECTOMY,72
ADMINISTRATION SITE MASS,27
PATHOLOGICAL DOUBT,14
GASTROENTERITIS PARACOLON BACILLUS,1
BONE MARROW HAEMORRHAGE,8
HER-2 POSITIVE GASTRIC CANCER,5
SPEECH SOUND DISORDER,171
HYPERNATRIURIA,16
NEUROLEPTIC-INDUCED DEFICIT SYNDROME,24
PERITONECTOMY,11
AUTOIMMUNE HYPOTHYROIDISM,231
VITAMIN SUPPLEMENTATION,8
IMMUNOGLOBULIN G4 RELATED DISEASE,307
ALPHA 2 GLOBULIN,4
BUCCAL POLYP,2
GASTROINTESTINAL MELANOMA,29
SEMINAL VESICLE ABSCESS,4
URINE ALKALINISATION THERAPY,2
HYDROCALYX,9
OESOPHAGEAL MUCOSAL BLISTER,29
ACOUSTIC NEUROMA REMOVAL,1
MEGALOBLASTS INCREASED,6
ALCOHOLIC PSYCHOSIS,14
POPLITEAL ARTERY ENTRAPMENT SYNDROME,5
SMALL INTESTINE CARCINOMA STAGE III,83
CORNEAL TOUCH,2
PSEUDOGYNAECOMASTIA,38
TOTAL ADRENALECTOMY,5
MIDDLE EAST RESPIRATORY SYNDROME,16
MARJOLIN'S ULCER,9
ENZYME ACTIVITY DECREASED,18
MULTIPLE HEREDITARY EXOSTOSIS,2
BENIGN URINARY TRACT NEOPLASM,5
EXERESIS,18
ALPHAVIRAL INFECTION,2
ELECTRODESICCATION,6
BILE DUCT CANCER STAGE II,9
ALVEOLAR OXYGEN PARTIAL PRESSURE DECREASED,6
CERVICAL BULLA,1
HISTIOCYTIC SARCOMA,76
COMPULSIVE CHEEK BITING,50
ABDOMINAL FAT APRON,115
ABSENT BOWEL MOVEMENT,15
ACCIDENTAL EXPOSURE TO PRODUCT PACKAGING,233
ACCIDENTAL EXPOSURE TO PRODUCT PACKAGING BY CHILD,21
ACQUIRED COMPLEMENT DEFICIENCY DISEASE,3
ADENOID CYSTIC CARCINOMA OF EXTERNAL AUDITORY CANAL,1
ADULT FAILURE TO THRIVE,208
ADULT POLYGLUCOSAN BODY DISEASE,2
ADVENTITIAL CYSTIC DISEASE,6
ADVERSE FOOD REACTION,912
ALEXITHYMIA,49
ALGOPHOBIA,8
ALLERGY TO SURGICAL SUTURES,43
ALTERNATING HEMIPLEGIA OF CHILDHOOD,2
ANKLE BRACHIAL INDEX ABNORMAL,6
ANNULOPLASTY,17
ANTI FACTOR X ACTIVITY,2
ANTI FACTOR X ACTIVITY ABNORMAL,3
ANTI FACTOR X ACTIVITY DECREASED,4
ANTI FACTOR X ACTIVITY INCREASED,54
ANTI FACTOR X ACTIVITY NORMAL,1
APITHERAPY,1
APITUITARISM,5
AQUAGENIC WRINKLING OF PALMS,20
ARACHNOID WEB,14
ARTERIAL BYPASS OCCLUSION,18
ARTERIAL BYPASS THROMBOSIS,4
ATRIOVENTRICULAR NODE DISPERSION,1
BACTERIAL PAROTITIS,35
BANTI'S SYNDROME,1
BASILAR ARTERY ANEURYSM,33
BENDOPNOEA,205
BENIGN HEPATOBILIARY NEOPLASM,1
BILIARY DYSPEPSIA,2
BILIRUBIN URINE PRESENT,112
BIOPTIC SURGERY,1
BLADDER METAPLASIA,12
BLADDER TRAINING,1
BLOCH-SULZBERGER SYNDROME,7
"BLOOD 1,5-ANHYDROGLUCITOL TEST",1
BRACHIAL ARTERY ENTRAPMENT SYNDROME,38
BRACHYSPIRA INFECTION,4
BURSAL HAEMATOMA,7
C3 GLOMERULOPATHY,199
CARCINOMA EX-PLEOMORPHIC ADENOMA,6
CARDIAC CLEARANCE,3
CARDIAC CONTRACTILITY MODULATION THERAPY,2
CARDIAC STEATOSIS,71
CARDIOVASCULAR SOMATIC SYMPTOM DISORDER,15
CHOLANGIOSARCOMA,8
CHONDRODYNIA,10
CHONDROPOROSIS,2
CHORISTOMA,4
CITRATE TRANSPORTER DEFICIENCY,1
COMPUTERISED TOMOGRAM INTESTINE,3
CONGENITAL HEART VALVE INCOMPETENCE,9
CONGENITAL SPINAL STENOSIS,10
CONGENITAL THROMBOCYTOPENIA,29
CONTRAINDICATED DEVICE USED,320
CORNEA VERTICILLATA,302
CORNELIA DE-LANGE SYNDROME,1
CORONARY BYPASS STENOSIS,9
CORONARY VASCULAR GRAFT STENOSIS,2
COSTOCHONDRAL SEPARATION,11
CRANIOCERVICAL SYNDROME,12
CRANIOFACIAL FRACTURE,798
CRITICAL ILLNESS,761
CUTANEOUS HORN OF EYELID,4
CUTANEOUS SOMATIC SYMPTOM DISORDER,1
CYTOKINE ABNORMAL,52
CYTOKINE TEST,2
DEFIANT BEHAVIOUR,300
DEVICE MONITORING PROCEDURE NOT PERFORMED,90
DEVICE RELATED THROMBOSIS,968
DIABETIC ARTERITIS,2
DIABETIC CHEIROARTHROPATHY,7
DISINHIBITED SOCIAL ENGAGEMENT DISORDER OF CHILDHOOD,8
DISRUPTIVE MOOD DYSREGULATION DISORDER,74
DOPAMINE TRANSPORTER SCINTIGRAPHY,1
DOPAMINE TRANSPORTER SCINTIGRAPHY ABNORMAL,32
DOPAMINE TRANSPORTER SCINTIGRAPHY NORMAL,1
DRUG CLEARANCE,9
DUODENO-JEJUNAL BYPASS SLEEVE THERAPY,3
DUST ALLERGY,952
EARLY ONSET FAMILIAL ALZHEIMER'S DISEASE,4
ECTOPIC POSTERIOR PITUITARY GLAND,2
ELECTRONIC CIGARETTE USER,15
EPIDERMAL NAEVUS SYNDROME,10
EPILEPTIC ENCEPHALOPATHY,218
FACTOR XA ACTIVITY TEST,1
FAMILIAL INFANTILE BILATERAL STRIATAL NECROSIS,1
FATTY ACID OXIDATION DISORDER,6
FOETAL ANAEMIA,130
FOETAL COMPARTMENT FLUID COLLECTION,2
FOETAL GASTROINTESTINAL TRACT IMAGING ABNORMAL,12
FOETAL GROWTH ABNORMALITY,158
FOETAL MOVEMENT DISORDER,51
FOETAL MUSCULOSKELETAL IMAGING ABNORMAL,6
FOETAL RENAL IMAGING ABNORMAL,15
FOETAL TACHYARRHYTHMIA,15
FORAMEN MAGNUM SYNDROME,3
FRACTIONAL FLOW RESERVE,3
FROIN'S SYNDROME,4
FUNGURIA,36
GNE MYOPATHY,1
GASTROENTEROPANCREATIC NEUROENDOCRINE TUMOUR DISEASE,111
GASTRORRHAPHY,9
GENDER DYSPHORIA,88
GINGIVAL DISCOMFORT,646
GONIOTOMY,5
GRANULICATELLA BACTERAEMIA,17
GRANULICATELLA INFECTION,38
H2N2 INFLUENZA,3
HIV VIRAEMIA,206
HAEMORRHAGIC BREAST CYST,2
HAEMORRHAGIC PNEUMONIA,62
HAIRY CELL LEUKAEMIA RECURRENT,40
HELICOBACTER DUODENITIS,8
HEMOSIDERIN STAIN,1
HEPATOBILIARY SCAN NORMAL,1
HEPATOSPLENIC ABSCESS,21
HEPCIDIN DECREASED,2
HEPCIDIN TEST,1
HEREDITARY HYPOPHOSPHATAEMIC RICKETS,5
HERPES SIMPLEX CERVICITIS,3
HERPES SIMPLEX TEST,1
HERPES SIMPLEX TEST NEGATIVE,3
HERPES VIRUS TEST,1
HUMAN BOCAVIRUS INFECTION,188
HUMAN EPIDERMAL GROWTH FACTOR RECEPTOR INCREASED,13
HUMAN EPIDERMAL GROWTH FACTOR RECEPTOR NEGATIVE,41
HYPERINSULINISM SYNDROME,2
HYPONATRIURIA,16
HYPOPHARYNGEAL SYNECHIAE,1
IMAGING PROCEDURE ABNORMAL,97
IMMUNE RECOVERY UVEITIS,56
IMMUNE-MEDIATED ADVERSE REACTION,1442
IMMUNOCHEMOTHERAPY,8
IMPAIRED ABILITY TO USE MACHINERY,20
INFANTILE BACK ARCHING,94
INFECTIVE SCLERITIS,90
INFLAMMATORY MARKER DECREASED,100
INTERSPINOUS OSTEOARTHRITIS,14
INTESTINAL VARICES HAEMORRHAGE,30
INTRACRANIAL ARTERIAL FENESTRATION,1
INTRAVASCULAR GAS,10
INTRUSIVE THOUGHTS,1114
ISCHAEMIC MITRAL REGURGITATION,8
JOINT MICROHAEMORRHAGE,68
KIDNEY ANGIOMYOLIPOMA,50
LECITHIN-CHOLESTEROL ACYLTRANSFERASE DEFICIENCY,11
LEFT-TO-RIGHT CARDIAC SHUNT,293
LEUKAEMIC CARDIAC INFILTRATION,2
LIMBIC ENCEPHALITIS,276
LIVER FUNCTION TEST DECREASED,355
LOCOMOTIVE SYNDROME,36
LOWER RESPIRATORY TRACT HERPES INFECTION,9
LUMBAR SPINAL DRAINAGE COMPLICATION,2
LYSOSOMAL ACID LIPASE DEFICIENCY,17
MALIGNANT MENINGIOMA METASTATIC,10
MALIGNANT NEOPLASM PAPILLA OF VATER,6
MANUFACTURING EQUIPMENT ISSUE,15
MANUFACTURING FACILITIES ISSUE,10
MANUFACTURING ISSUE,449
MANUFACTURING LABORATORY CONTROLS ISSUE,3
MANUFACTURING MATERIALS ISSUE,394
MANUFACTURING PRODUCTION ISSUE,104
MARGINAL ZONE LYMPHOMA RECURRENT,47
MARGINAL ZONE LYMPHOMA REFRACTORY,9
MARGINAL ZONE LYMPHOMA STAGE I,5
MARGINAL ZONE LYMPHOMA STAGE II,2
MARGINAL ZONE LYMPHOMA STAGE III,4
MARGINAL ZONE LYMPHOMA STAGE IV,8
MASTOID CYST,2
MEDICAL DEVICE MONITORING ERROR,274
MEDICAL DEVICE REPOSITIONING,31
MEDICAL PROCEDURE,1617
METASTASES TO TONSILS,11
METASTATIC NERVOUS SYSTEM NEOPLASM,2
MISMATCH REPAIR CANCER SYNDROME,3
MOBILE MEDICAL APPLICATION ISSUE,2
MODEL FOR END STAGE LIVER DISEASE SCORE ABNORMAL,17
MODEL FOR END STAGE LIVER DISEASE SCORE INCREASED,39
MULTIPLE CUTANEOUS AND UTERINE LEIOMYOMATOSIS,3
MUSCLE HYPOXIA,14
MUSCULOSKELETAL CANCER,12
MYELOLIPOMA,14
MYXOID CYST,28
MYXOMATOUS MITRAL VALVE DEGENERATION,8
NAEVUS LIPOMATOSUS CUTANEOUS SUPERFICIALIS,3
NASAL VALVE COLLAPSE,47
NEEDLE FATIGUE,452
NEUROLOGIC SOMATIC SYMPTOM DISORDER,8
NEUROSARCOIDOSIS,359
NEUROVASCULAR CONFLICT,15
NEWBORN HEAD MOULDING,8
NON-CIRRHOTIC PORTAL HYPERTENSION,359
NYCTALGIA,9
OBSESSIVE-COMPULSIVE SYMPTOM,363
OBSTRUCTIVE NEPHROPATHY,121
OESOPHAGEAL INTRAMURAL HAEMATOMA,99
OESOPHAGEAL MUCOSAL TEAR,32
OESOPHAGOPLEURAL FISTULA,32
OMENTAL NECROSIS,19
ONCOGENIC OSTEOMALACIA,7
ORAL HAEMANGIOMA,8
ORAL PIGMENTATION,69
OROPHARYNGEAL COBBLE STONE MUCOSA,14
PAO2/FIO2 RATIO,1
PAINFUL OS PERONEUM SYNDROME,1
PALATAL ULCER,104
PARANEOPLASTIC ARTHRITIS,11
PARAVALVULAR AORTIC REGURGITATION,2
PAROXYSMAL ATRIOVENTRICULAR BLOCK,46
PATIENT UNCOOPERATIVE,459
PELVIC FLOOR MUSCLE TRAINING,1
PERINEAL DISORDER,115
PERIOSTEAL HAEMATOMA,7
PERIOSTOSIS,6
PERIPHERAL ARTERY BYPASS GRAFT STENOSIS,1
PERIPHERAL ARTHRITIS,94
PITUITARY AMENORRHOEA,7
POLYMER FUME FEVER,1
POOR RESPONSE TO OVULATION INDUCTION,11
PORTOSPLENOMESENTERIC VENOUS THROMBOSIS,60
POST MEASLES BLINDNESS,1
POSTOPERATIVE PATHOLOGICAL DIURESIS,2
PREMATURE MENARCHE,31
PRESBYASTASIS,2
PRIMARY HYPERCHOLESTEROLAEMIA,4
PROCALCITONIN ABNORMAL,68
PROCALCITONIN DECREASED,69
PROCALCITONIN NORMAL,1
PRODUCT AVAILABILITY ISSUE,22124
PROHORMONE BRAIN NATRIURETIC PEPTIDE,2
PROHORMONE BRAIN NATRIURETIC PEPTIDE ABNORMAL,7
PROHORMONE BRAIN NATRIURETIC PEPTIDE DECREASED,2
PROHORMONE BRAIN NATRIURETIC PEPTIDE INCREASED,94
PSEUDOFOLLICULITIS,61
PSEUDOHYPERCALCAEMIA,1
PSEUDOMONAS TEST,3
PSEUDOPHAKODONESIS,3
PULMONARY CAPILLARY HAEMANGIOMATOSIS,55
PULMONARY NODULAR LYMPHOID HYPERPLASIA,11
PUNCTURE SITE HERNIA,2
PYRUVATE CARBOXYLASE DEFICIENCY,4
RACHITIC ROSARY,3
RAPID EYE MOVEMENT SLEEP BEHAVIOUR DISORDER,394
RENAL VEIN VARICES,4
RESTRICTIVE ALLOGRAFT SYNDROME,15
RETINAL COLLATERAL VESSELS,5
RETINAL THICKENING,1214
RETT SYNDROME,58
RHIZOLYSIS,1
SCATOLIA,16
SCLERAL DEPOSITS,11
SCLERECTOMY,6
SENSORY INTEGRATION THERAPY,1
SENSORY PROCESSING DISORDER,168
SHIFT WORK DISORDER,17
SHRAPNEL WOUND,1
SKIN SQUAMOUS CELL CARCINOMA METASTATIC,95
SMALL INTESTINAL OBSTRUCTION REDUCTION,1
SOMATIC DYSFUNCTION,88
SOMATOFORM GENITOURINARY DISORDER,4
SPLENORENAL SHUNT PROCEDURE,2
SPORADIC INFANTILE BILATERAL STRIATAL NECROSIS,1
STAPHYLOCOCCAL BLEPHARITIS,5
STOMA SITE POLYP,10
SUICIDE THREAT,382
SULCUS VOCALIS,1
SUPERNUMERARY VERTEBRA,3
SURGICAL FIXATION OF RIB FRACTURE,5
TERMINAL AGITATION,21
THYROID HEMIAGENESIS,2
TICK PARALYSIS,5
TONGUE DISCOMFORT,4154
TOTAL COMPLEMENT ACTIVITY DECREASED,59
TOTAL COMPLEMENT ACTIVITY INCREASED,52
TOTAL COMPLEMENT ACTIVITY TEST,2
TRACHEAL WEB,1
TRANSCRANIAL ELECTRICAL MOTOR EVOKED POTENTIAL MONITORING,2
TRANSCRANIAL ELECTRICAL MOTOR EVOKED POTENTIAL MONITORING ABNORMAL,33
TRIAL OF VOID,1
TRIFUNCTIONAL PROTEIN DEFICIENCY,2
TUMOUR OBSTRUCTION,85
TUMOUR PRURITUS,8
TUMOUR PSEUDOPROGRESSION,1072
TUMOUR TREATING FIELDS THERAPY,1
TURBINOPLASTY,27
ULTRASOUND FOETAL ABNORMAL,83
UNEVALUABLE THERAPY,26
URAEMIC MYOPATHY,2
UTERINE PERISTALSIS ABSENT,1
VARICELLA KERATITIS,9
VASCULAR ACCESS MALFUNCTION,51
VASCULAR ACCESS PLACEMENT,16
VASCULAR ACCESS SITE COMPLICATION,242
VASCULAR ACCESS SITE CONTUSION,1
VASCULAR ACCESS SITE DISSECTION,4
VASCULAR ACCESS SITE HAEMATOMA,41
VASCULAR ACCESS SITE HAEMORRHAGE,157
VASCULAR ACCESS SITE INFECTION,94
VASCULAR ACCESS SITE INFLAMMATION,12
VASCULAR ACCESS SITE OCCLUSION,77
VASCULAR ACCESS SITE OEDEMA,7
VASCULAR ACCESS SITE PAIN,116
VASCULAR ACCESS SITE PSEUDOANEURYSM,7
VASCULAR ACCESS SITE RASH,14
VASCULAR ACCESS SITE RUPTURE,18
VASCULAR ACCESS SITE SWELLING,44
VASCULAR GRAFT HAEMORRHAGE,1
VASCULAR GRAFT RESTENOSIS,1
VASCULAR GRAFT STENOSIS,8
VASCULAR STENT INFECTION,2
VEIN OF GALEN ANEURYSMAL MALFORMATION,21
VENOUS ANGIOPLASTY,11
VERTEBRAL ARTERY ANEURYSM,18
VESSEL PUNCTURE SITE CELLULITIS,2
VESSEL PUNCTURE SITE VESICLES,3
VESTIBULAR MIGRAINE,231
VIRAL ACANTHOMA,18
VISCERAL VENOUS THROMBOSIS,58
VISCOCANALOSTOMY,2
VITREOUS HAZE,152
VOCAL CORD OPERATION,93
VOICE THERAPY,1
WELANDER DISTAL MYOPATHY,1
YOUNG MANIA RATING SCALE,1
DIASTEMATOMYELIA,4
TETRALOGY OF FALLOT REPAIR,6
OVARIAN DRILLING,1
NELSON'S SYNDROME,9
BRANCHIOGENIC SYNDROME,3
TRANSURETHRAL INCISION OF PROSTATE,2
MALIGNANT NEOPLASM OF SPERMATIC CORD,2
SCROTAL EXPLORATION,3
SPERMATIC CORD OPERATION,2
ELECTROLYTE SUBSTITUTION THERAPY,18
5-ALPHA-REDUCTASE DEFICIENCY,9
OESTROGEN THERAPY,2
RADIOTHERAPY TO UTERUS,1
B-CELL UNCLASSIFIABLE LYMPHOMA HIGH GRADE,14
OPEN REDUCTION OF SPINAL FRACTURE,2
MONOCYTE PERCENTAGE,1
DEVICE EXTENSION DAMAGE,12
CORNEAL OPACITY CONGENITAL,10
ULTRASOUND BLADDER ABNORMAL,9
CSF SHUNT IRRIGATION,2
PENILE PROSTHESIS REMOVAL,7
HYALURONIC ACID DECREASED,2
ACUTE ZONAL OCCULT OUTER RETINOPATHY,6
HYPNOTHERAPY,9
SERTOLI-CELL-ONLY SYNDROME,15
MIDDLE EAR ADHESIONS,5
LATE METABOLIC ACIDOSIS OF NEWBORN,13
TOPOGRAPHY CORNEAL ABNORMAL,3
EASTERN COOPERATIVE ONCOLOGY GROUP PERFORMANCE STATUS IMPROVED,15
HAEMOGLOBIN S,3
ELECTRON RADIATION THERAPY TO PROSTATE,1
STOOL ANALYSIS,5
MEDICAL DEVICE SITE NERVE DAMAGE,7
RETICULOCYTE PERCENTAGE ABNORMAL,10
CATHETER SITE CALCIFICATION,6
CARNITINE ABNORMAL,6
NASAL ADHESIONS,14
HEPATIC FIBROSIS MARKER INCREASED,26
STOMA SITE ISCHAEMIA,9
AORTOGRAM ABNORMAL,2
METANEPHRINE URINE ABNORMAL,3
NASAL SEPTUM HAEMATOMA,12
HAEMANGIOPERICYTOMA OF MENINGES,4
ALBUMIN CSF ABNORMAL,3
CSF IMMUNOGLOBULIN G INDEX,1
PARANASAL SINUS AND NASAL CAVITY MALIGNANT NEOPLASM STAGE II,1
BIOTINIDASE DEFICIENCY,1
ABDOMINAL HERNIA GANGRENOUS,1
HEPATIC STEATO-FIBROSIS,19
THROMBOPOIETIN LEVEL ABNORMAL,4
LEUKOCYTE ALKALINE PHOSPHATASE,1
FACIAL NERVE DECOMPRESSION,1
DEVICE FUNCTION TEST,2
GASTROENTERITIS ENTEROVIRAL,13
AMOEBIC SKIN ULCER,1
BUBONIC PLAGUE,5
MIGRAINE-TRIGGERED SEIZURE,38
DIALYSIS AMYLOIDOSIS,3
DELAYED VISUAL MATURATION,16
FILOVIRUS INFECTION,3
ATYPICAL MYCOBACTERIAL LOWER RESPIRATORY TRACT INFECTION,72
HAND PROSTHESIS USER,3
APPLICATION SITE DYSAESTHESIA,8
COMPUTERISED TOMOGRAM LIVER,1
BLOOD GLUCAGON ABNORMAL,6
BIOPSY RECTUM ABNORMAL,9
ENDOMETRIAL METAPLASIA,7
PRODUCT IMPURITY,273
ADENOPATHY SYPHILITIC,4
PAGE KIDNEY,59
GLUCOSE URINE ABSENT,9
COLORECTAL CARCINOMA STAGE 0,92
APHERESIS RELATED COMPLICATION,15
MEDICAL DEVICE SITE ATROPHY,2
JOINT VIBRATION,21
ELECTROCARDIOGRAM HIGH VOLTAGE,17
ANISEIKONIA,6
DEVELOPMENTAL REGRESSION,129
RIGHT VENTRICULAR EJECTION FRACTION DECREASED,47
SPINAL CORD INJURY SACRAL,13
INFUSION SITE CALCIFICATION,9
BONE MARROW HARVEST,6
CORTICAL VISUAL IMPAIRMENT,55
INFUSION SITE INJURY,166
ANTI B ANTIBODY POSITIVE,9
ALKAPTONURIA,3
ACTIVATED PARTIAL THROMBOPLASTIN TIME RATIO DECREASED,5
INTERFERON GAMMA RELEASE ASSAY,4
ISCHAEMIC HEART DISEASE PROPHYLAXIS,1
BENIGN NEOPLASM OF URETHRA,4
LARYNGEAL CANCER STAGE III,35
ADMINISTRATION SITE MOVEMENT IMPAIRMENT,15
RETINOPATHY SICKLE CELL,17
NIPPLE RESECTION,5
HARLEQUIN SYNDROME,72
FOETAL BIOPHYSICAL PROFILE SCORE,3
LIP AND/OR ORAL CAVITY CANCER STAGE III,2
EOSINOPHIL COUNT NORMAL,14
MAST CELL DEGRANULATION PRESENT,19
ENDOMETRIAL SARCOMA,15
INFERTILE PARTNER,1
ALVEOLAR OXYGEN PARTIAL PRESSURE INCREASED,3
IGM NEPHROPATHY,47
NEW DAILY PERSISTENT HEADACHE,37
HAEMANGIOMA OF RETINA,7
TRANSCATHETER AORTIC VALVE IMPLANTATION,111
CARDIOVASCULAR EVENT PROPHYLAXIS,6
THYROPLASTY,3
CAMPYLOBACTER COLITIS,85
CENTRAL NERVOUS SYSTEM MELANOMA,16
ERYTHROBLAST MORPHOLOGY ABNORMAL,2
BLEEDING TIME NORMAL,1
BILE DUCT PRESSURE INCREASED,5
PERITONEAL GLIOMATOSIS,6
LEPTOSPIRA TEST POSITIVE,3
CLEIDOCRANIAL DYSOSTOSIS,6
CAROTID PULSE,4
CHOLEDOCHECTOMY,3
WALKING DISTANCE TEST NORMAL,3
APPENDIX ADENOMA,11
STENT PATENCY MAINTENANCE,5
MICROSLEEP,39
SYSTEMIC IMMUNE ACTIVATION,51
SALIVA TESTOSTERONE INCREASED,2
TUBERCULOUS TENOSYNOVITIS,9
WYBURN MASON'S SYNDROME,2
ADMINISTRATION SITE ISCHAEMIA,1
PRIMARY INSULIN LIKE GROWTH FACTOR-1 DEFICIENCY,1
DRUG METABOLISING ENZYME TEST,1
INTESTINAL INTRAEPITHELIAL LYMPHOCYTES INCREASED,64
MEDICAL CANNABIS THERAPY,6
ARTERIOVENOUS GRAFT THROMBOSIS,14
PRONE POSITION,8
POLYCHROMIC RED BLOOD CELLS PRESENT,8
RED BLOOD CELL PUNCTATE BASOPHILIA PRESENT,1
"NEUROPATHY, ATAXIA, RETINITIS PIGMENTOSA SYNDROME",12
COMPLEMENT FACTOR C1 INCREASED,4
FUNDOSCOPY,1
COGNITIVE REHABILITATION,2
PLATELET-DERIVED GROWTH FACTOR RECEPTOR GENE MUTATION,6
ENCEPHALITIS HAEMORRHAGIC,11
BREAST CYST RUPTURE,12
LEFT ATRIAL APPENDAGE OCCLUSION,4
KETOGENIC DIET,18
ARTERIAL SWITCH OPERATION,5
EPITHELIOID MESOTHELIOMA,330
PYOSTOMATITIS VEGETANS,5
DELAYED DARK ADAPTATION,74
MIGRATION OF IMPLANTED DRUG,527
NASAL VARICES,3
HYPOPROGESTERONISM,2
PERIURETERAL COLLECTION,3
HEREDITARY HAEMOLYTIC ANAEMIA,5
APPLICATION SITE CYST,13
BEHAVIOURAL THERAPY,30
IRIS EXFOLIATION,2
SULPHAEMOGLOBINAEMIA,94
PANCREATIC PHLEGMON,6
MASTICATORY PAIN,53
INFECTIVE UVEITIS,43
ACTIVATED PARTIAL THROMBOPLASTIN TIME RATIO,1
PLANNING TO BECOME PREGNANT,18
ULTRASOUND PROSTATE ABNORMAL,1
BENIGN NEOPLASM OF CHOROID,6
VASCULAR RESISTANCE PULMONARY,4
THYROGLOSSAL FISTULA,1
PSEUDOSARCOMA,3
PANCREATIC POLYPEPTIDE LEVEL ABNORMAL,1
VARICOSE VEINS VAGINAL,10
PNEUMONIA SALMONELLA,45
MYOCARDIAL NECROSIS MARKER NORMAL,1
RADIATION ALOPECIA,9
NASOGASTRIC OUTPUT ABNORMAL,10
GASTROINTESTINAL MUCOCOELE,7
COXSACKIE MYOCARDITIS,10
DECREASED NASOLABIAL FOLD,18
CSF POLYMORPHONUCLEAR CELL COUNT INCREASED,3
APOCRINE MILIARIA,7
ALLERGY ALERT TEST POSITIVE,3
ACQUIRED MITOCHONDRIAL DNA MUTATION,11
ANTITUSSIVE THERAPY,3
LARYNGO-ONYCHO-CUTANEOUS SYNDROME,1
INSULIN TOLERANCE TEST,1
ANTIDEPRESSANT DRUG LEVEL BELOW THERAPEUTIC,13
PH SEMEN DECREASED,1
PERITONEAL SARCOMA,5
INDUCTION OF ANAESTHESIA,4
VENOUS PRESSURE ABNORMAL,6
PNEUMONIA BORDETELLA,14
TRI-IODOTHYRONINE UPTAKE DECREASED,7
DISABILITY ASSESSMENT SCALE SCORE INCREASED,307
URETHRAL STRICTURE POST INFECTION,3
BENIGN PERITONEAL NEOPLASM,3
APHONIA PSYCHOGENIC,4
EROTOMANIC DELUSION,7
PANCREASTATIN INCREASED,8
AMNIOTIC FLUID INDEX DECREASED,34
ADAMTS13 ACTIVITY INCREASED,8
NIH STROKE SCALE SCORE DECREASED,5
RETICULOENDOTHELIAL DYSFUNCTION,6
GASTROENTERITIS PROTEUS,7
INTESTINAL TRANSIT TIME ABNORMAL,53
MYCOPLASMAL POSTPARTUM FEVER,1
AUSCULTATION,22
CHILD-PUGH-TURCOTTE SCORE,3
CONGENITAL EYE NAEVUS,3
OESOPHAGEAL FIBROSIS,26
ASYMMETRIC DI-METHYLARGININE ABNORMAL,1
ADMINISTRATION SITE HAEMATOMA,38
GASTROINTESTINAL WALL ABNORMAL,27
CAPUT SUCCEDANEUM,26
EXTERNAL COMPRESSION HEADACHE,2
THYROTOXIC CARDIOMYOPATHY,22
URINARY TRACT CARCINOMA IN SITU,5
STREPTOKINASE ANTIBODY INCREASED,2
WHITE BLOOD CELLS SEMEN POSITIVE,4
X-RAY TREATMENT,2
FRIEDREICH'S ATAXIA,81
ALLERGY TO VENOM,21
DIABETIC CYSTOPATHY,4
PENILE VASCULAR RECONSTRUCTIVE SURGERY,1
DYSCHROMATOPSIA,803
GASTROINTESTINAL BACTERIAL OVERGROWTH,601
RIGHT VENTRICULAR ENLARGEMENT,312
PRODUCT LEAKAGE,5263
SINUS PAIN,2222
LIMB MASS,2160
RIGHT ATRIAL ENLARGEMENT,191
CONTRAINDICATED PRODUCT ADMINISTERED,29772
TESTICLE ADENOMA,9
THERAPY NON-RESPONDER,41505
DIFFICULTY REMOVING DRUG IMPLANT,180
INTRA-ABDOMINAL FLUID COLLECTION,1748
BENIGN FALLOPIAN TUBE NEOPLASM,5
POSTOPERATIVE ANALGESIA,3
LIPOPROTEIN DEFICIENCY,8
ZIEVE SYNDROME,1
CLOSTRIDIAL SEPSIS,237
CORTICOSTEROID BINDING GLOBULIN DECREASED,1
HEMIPELVECTOMY,1
MITE ALLERGY,630
FOCAL EPITHELIAL HYPERPLASIA,6
RENAL TUBULAR DYSFUNCTION,551
THERAPY PARTIAL RESPONDER,14864
NASAL INJURY,704
PLEURAL THICKENING,673
EXPOSURE VIA SKIN CONTACT,22317
BIOPSY LIP,8
GASTROENTERITIS SAPOVIRUS,87
CARDIOVASCULAR AUTONOMIC FUNCTION TEST ABNORMAL,2
SYSTEMIC SCLERODERMA,710
MONONUCLEOSIS HETEROPHILE TEST,1
HEPATITIS B E ANTIBODY NEGATIVE,3
MUSCLE INCISION,2
INFANTILE CORTICAL HYPEROSTOSIS,21
ANGIOGRAM CEREBRAL,2
SEXUAL AVERSION DISORDER,7
PYELITIS,205
DENTAL SUBLUXATION,2
PNEUMONIA ANTHRAX,3
BRACHYTHERAPY TO LIVER,1
MAXILLARY SINUS PSEUDOCYST,2
REMOVAL OF EPIPHYSEAL FIXATION,1
CHRONIC LEFT VENTRICULAR FAILURE,346
ORGANIC BRAIN SYNDROME,187
GLUTATHIONE DECREASED,37
PERINATAL DEPRESSION,440
HYSTEROSALPINGOGRAM ABNORMAL,1
ADMINISTRATION SITE EROSION,7
ELECTROMYOGRAM,1
SATOYOSHI SYNDROME,2
CD30 EXPRESSION,45
ARTERIOGRAM RENAL ABNORMAL,1
EOSINOPHILIC GRANULOMATOSIS WITH POLYANGIITIS,1993
CARDIAC ANEURYSM REPAIR,2
DEVICE DEPENDENCE,153
ADMINISTRATION SITE GRANULOMA,5
VENTRICULAR CISTERNOSTOMY,4
OESOPHAGEAL STENT REMOVAL,3
SEROUS CYSTADENOCARCINOMA OVARY,46
ADMINISTRATION SITE HYPERAESTHESIA,5
AORTIC VALVE THICKENING,155
REDUCED FACIAL EXPRESSION,989
GASTROINTESTINAL MELANOSIS,55
LIVER DIALYSIS,8
LEFT VENTRICULAR DILATATION,494
NERVE ROOT INJURY THORACIC,1
PINGUECULITIS,4
BASAL GANGLIA HAEMATOMA,42
ANTI FACTOR IX ANTIBODY INCREASED,17
UTERINE SCAR DIVERTICULUM,2
NON-HODGKIN'S LYMPHOMA UNSPECIFIED HISTOLOGY AGGRESSIVE,23
ARTERIOVENOUS FISTULA MATURATION FAILURE,12
PERINEAL HAEMATOMA,8
UMBILICAL HAEMATOMA,7
CAPILLARY PERMEABILITY,3
LEFT ATRIAL ENLARGEMENT,526
VACCINATION SITE DISCOLOURATION,13
LEFT VENTRICULAR ENLARGEMENT,250
SYMMETRICAL DRUG-RELATED INTERTRIGINOUS AND FLEXURAL EXANTHEMA,783
LYMPHADENITIS FUNGAL,22
GASTROOESOPHAGEAL REFLUX PROPHYLAXIS,1
BUTTOCK INJURY,296
NEUROPSYCHIATRIC SYMPTOMS,905
CARPUS CURVUS,2
APPLICATION SITE NERVE DAMAGE,6
ABDOMINAL WALL WOUND,151
PHACES SYNDROME,8
GASTROINTESTINAL ANGIECTASIA,118
CHROMOSOME ANALYSIS NORMAL,2
OOCYTE DONOR,2
ADMINISTRATION SITE PARAESTHESIA,15
SPONGIFORM CARDIOMYOPATHY,2
UNINTENTIONAL USE FOR UNAPPROVED INDICATION,588
MANTLE CELL LYMPHOMA STAGE III,11
CARDIAC TELEMETRY ABNORMAL,6
INFUSION SITE ECZEMA,9
KERATIC PRECIPITATES,463
RHEUMATOID SCLERITIS,5
CONGENITAL MELANOSIS,4
PSEUDO-BLEPHAROPTOSIS,2
GIANOTTI-CROSTI SYNDROME,15
TOXIC ERYTHEMA OF CHEMOTHERAPY,235
ALLERGY TO SYNTHETIC FABRIC,30
METASTATIC SALIVARY GLAND CANCER,26
FEMALE SEX HORMONE LEVEL,1
CONJUNCTIVAL OPERATION,4
ACARDIA,2
APPLICATION SITE HYPERTROPHY,14
GLYCERIC ACID URINE INCREASED,1
NEONATAL LUPUS ERYTHEMATOSUS,45
COMPLICATIONS OF LIMB REATTACHMENT SURGERY,2
IDIOPATHIC PARTIAL EPILEPSY,9
ACCIDENTAL DEVICE INGESTION BY A CHILD,5
IRIS BOMBE,10
PARALYSIS RECURRENT LARYNGEAL NERVE,144
TENDON LAXITY,33
ADENOSQUAMOUS CELL LUNG CANCER STAGE I,1
EXPOSURE VIA EYE CONTACT,398
PSEUDODIVERTICULAR DISEASE,6
POST-TRAUMATIC NEURALGIA,15
UVULAR SPASM,3
ORAL CONTUSION,225
GASTRIC TUBE RECONSTRUCTION,8
BIOPSY VULVA ABNORMAL,3
VANILLYL MANDELIC ACID URINE INCREASED,3
VACCINE VIRUS SHEDDING,12
ANGIOTENSIN II INCREASED,7
ANISOMASTIA,33
BENTALL PROCEDURE,4
HIV-ASSOCIATED NEUROCOGNITIVE DISORDER,111
UTERINE CERVICAL METAPLASIA,26
MIGRAINE PROPHYLAXIS,2
ANAESTHETIC COMPLICATION VASCULAR,7
MUCOSAL CYST OF POSTMASTOIDECTOMY CAVITY,1
ADMINISTRATION SITE VESICLES,8
HEPATIC HAEMANGIOMA RUPTURE,7
RENAL DISORDER IN PREGNANCY,10
OOCYTE HARVEST,14
INFUSION SITE VASCULITIS,3
THYROID CANCER STAGE II,210
LENTICULOSTRIATAL VASCULOPATHY,26
MALFORMATION BILIARY,11
PERTUSSIS IMMUNISATION,3
KAPOSI'S SARCOMA CLASSICAL TYPE,13
CORONARY ARTERY STENT REMOVAL,2
BLOOD PH,2
FUNNEL CHEST ACQUIRED,2
HAEMOLYSIS NEONATAL,13
ARTHROSCOPY ABNORMAL,3
INTERMEDIATE SYNDROME,1
BORDERLINE SEROUS TUMOUR OF OVARY,30
INTESTINAL STEATOSIS,13
SCLERAL BUCKLING SURGERY,5
POSITIVE CARDIAC INOTROPIC EFFECT,1
LIPASE URINE INCREASED,2
CEREBRAL ENDOVASCULAR ANEURYSM REPAIR,11
ADMINISTRATION SITE STREAKING,10
MEDICAL DEVICE SITE DRYNESS,64
TYMPANOMETRY,3
CULLEN'S SIGN,24
DISORDER OF SEX DEVELOPMENT,18
FACTOR V LEIDEN CARRIER,11
NASOPHARYNGEAL ATRESIA,2
MUSCLE RELEASE,8
POPLITEAL PULSE DECREASED,5
ANTRAL FOLLICLE COUNT LOW,4
SWALLOW STUDY ABNORMAL,17
LYSINURIC PROTEIN INTOLERANCE,2
PATHOLOGY TEST,8
INFECTIVE KERATITIS,70
PLATELET-LARGE CELL RATIO DECREASED,5
VACCINATION SITE MASS,41
MEDICAL DEVICE SITE JOINT INFLAMMATION,17
CATHETER SITE ISCHAEMIA,2
BLOOD ELASTASE DECREASED,19
VAGINAL CANCER STAGE I,2
FREE THYROXINE INDEX ABNORMAL,4
COMBINED PULMONARY FIBROSIS AND EMPHYSEMA,67
FAT OVERLOAD SYNDROME,9
BRANCHIO-OTO-RENAL SYNDROME,3
HEPATIC DISPLACEMENT,7
VASCULAR IMAGING,1
PERIPHERAL T-CELL LYMPHOMA UNSPECIFIED REFRACTORY,13
VASCULAR ACCESS SITE BRUISING,54
LIVER IRON CONCENTRATION ABNORMAL,25
RIPPLING MUSCLE DISEASE,5
AMPHETAMINES,12
COMPLEMENT FIXATION TEST POSITIVE,6
MYCOPLASMA GENITALIUM INFECTION,17
ADMINISTRATION SITE JOINT INFLAMMATION,3
BLOOD BETA-D-GLUCAN,1
HERPES SIMPLEX VISCERAL,1
LAPAROSCOPY ABNORMAL,3
PLATYPNOEA,22
HYPERTENSIVE CEREBROVASCULAR DISEASE,15
PENICILLIUM INFECTION,178
RED BLOOD CELL MICROCYTES,5
SKIN IMPLANT REMOVAL,11
PRECURSOR B-LYMPHOBLASTIC LYMPHOMA REFRACTORY,5
RHESUS ANTIBODIES,14
JOINT DEBRIDEMENT,25
EOSINOPHIL CATIONIC PROTEIN INCREASED,15
AORTIC ANASTOMOSIS,9
ABSCESS MANAGEMENT,5
HEPATITIS G,26
"GASTRIC ULCER, OBSTRUCTIVE",4
FRACTURED ZYGOMATIC ARCH ELEVATION,2
CONTACT LENS ACUTE RED EYE,1
ATROPHIE BLANCHE,1
CHRONIC KIDNEY DISEASE-MINERAL AND BONE DISORDER,1062
GAMMA RADIATION THERAPY,21
SELECTIVE IGM IMMUNODEFICIENCY,5
HODGKIN'S DISEASE LYMPHOCYTE DEPLETION TYPE STAGE IV,4
COCKAYNE'S SYNDROME,2
ENTEROCELE REPAIR,1
UNSTABLE FOETAL LIE,3
SYNOVIAL CYST REMOVAL,24
WERNER'S SYNDROME,2
FULGURATION,3
EXTRASKELETAL CHONDROSARCOMA METASTATIC,1
HYDROXYPROLINURIA,8
DOUBLE CORTEX SYNDROME,1
DECOMPRESSIVE CRANIECTOMY,27
"FOLLICLE CENTRE LYMPHOMA, FOLLICULAR GRADE I, II, III STAGE III",9
URETERIC CANCER LOCAL,1
SENSE OF A FORESHORTENED FUTURE,18
NUCLEAR MAGNETIC RESONANCE IMAGING BRAIN NORMAL,1
PHYSICAL BREAST EXAMINATION ABNORMAL,5
ZIKA VIRUS INFECTION,77
PLASMA CELL LEUKAEMIA IN REMISSION,3
TRANSFUSION MICROCHIMERISM,1
PRECEREBRAL ARTERIOSCLEROSIS,1
LIPAEMIC INDEX SCORE,13
RECTOSIGMOID CANCER RECURRENT,7
PROTEIN ANABOLISM INCREASED,2
POSTOPERATIVE DELIRIUM,187
CELL MARKER,3
MALLET FINGER,32
APPLICATION SITE WOUND,156
ACQUIRED BRONCHIAL CYST,2
INFUSION SITE PALLOR,13
RIGHT VENTRICULAR DILATATION,565
MELATONIN DEFICIENCY,14
INSTILLATION SITE BRUISE,10
THYROID INFARCTION,2
ENDOSCOPY LARGE BOWEL ABNORMAL,5
MALIGNANT NEOPLASM OF LACRIMAL GLAND,4
GONOCOCCAL PELVIC INFLAMMATORY DISEASE,1
IDIOPATHIC INTERSTITIAL PNEUMONIA,340
STRESS POLYCYTHAEMIA,7
PAPILLARY RENAL CELL CARCINOMA,135
TUMOUR CELL MOBILISATION,10
CARBOHYDRATE ANTIGEN 15-3,29
PRECEREBRAL ARTERY THROMBOSIS,4
BLOOD CATECHOLAMINES ABNORMAL,12
POSTERIOR TIBIAL NERVE INJURY,7
HAEMOCHROMATOSIS TRAIT,3
APPLICATION SITE PURPURA,16
EYE OPACITY,88
MYELOBLAST COUNT DECREASED,9
HIGH DENSITY LIPOPROTEIN,24
TRACHEOBRONCHITIS VIRAL,12
NIPPLE ENLARGEMENT,62
INFECTIVE GASTRODUODENITIS,1
TRIPLE A SYNDROME,3
BACTERIAL ABDOMINAL INFECTION,143
CANDIDA RETINITIS,6
FUNCTIONAL RESIDUAL CAPACITY,7
UROLOGICAL EXAMINATION ABNORMAL,13
TRUNK INJURY,50
NONINFECTIVE EPIDIDYMITIS,10
HAEMOPHILIC PSEUDOTUMOUR,25
X-RAY HEPATOBILIARY ABNORMAL,4
PAPULOPUSTULAR ROSACEA,43
APPLICATION SITE JOINT MOVEMENT IMPAIRMENT,2
CYSTOGRAM,3
RHINOLITHIASIS,10
APPLICATION SITE JOINT ERYTHEMA,9
PUNCTURE SITE HYPOAESTHESIA,1
ANTIALLERGIC THERAPY,9
CHILDHOOD DEPRESSION,12
FIBRINOLYSIS DECREASED,1
POSITIVE EXPIRATORY PRESSURE THERAPY,1
RETAINED PLACENTA OPERATION,10
BLOOD ANTIDIURETIC HORMONE,3
MAXILLARY ANTRUM OPERATION,1
PHAEOCHROMOCYTOMA EXCISION,2
WATER POLLUTION,29
INADEQUATE HAEMODIALYSIS,21
BIOPSY LARYNX,2
BIOPSY LARYNX ABNORMAL,1
MYCOBACTERIUM LEPRAE TEST POSITIVE,1
HIGH GRADE B-CELL LYMPHOMA BURKITT-LIKE LYMPHOMA REFRACTORY,5
NORMAL FOETUS,1
ARTERIAL PERFORATION,48
MOLAR RATIO OF TOTAL BRANCHED-CHAIN AMINO ACID TO TYROSINE,2
CANDIDA NAPPY RASH,23
RED BLOOD CELLS URINE NEGATIVE,3
VIRAL TEST NEGATIVE,10
ARTERIAL COMPRESSION THERAPY,1
UTERINE CERVICAL EXFOLIATION,4
PANENCEPHALITIS,12
CEREBRAL GAS EMBOLISM,14
SCLERAL DEGENERATION,7
ALLERGIC KERATITIS,23
ADMINISTRATION SITE CALCIFICATION,9
LARYNGOTRACHEAL OPERATION,8
BRACHIOCEPHALIC VEIN THROMBOSIS,122
INSURANCE ISSUE,14662
END-TIDAL CO2 ABNORMAL,3
CHRONIC CHEEK BITING,42
HEAD AND NECK CANCER STAGE III,10
ACUTE POST ASTHMATIC AMYOTROPHY,5
CRANIOTABES,14
CT HYPOTENSION COMPLEX,9
SPINAL EMPYEMA,10
CEREBRAL REPERFUSION INJURY,24
INAPPROPRIATE RELEASE OF PRODUCT FOR DISTRIBUTION,46
BLOOD LEAD DECREASED,3
CONGENITAL HYPOGAMMAGLOBULINAEMIA,3
STRUCTURAL VALVE DETERIORATION,8
PANCREATIC DUCT RUPTURE,14
PSEUDOPHAKIC BULLOUS KERATOPATHY,8
THYROID CALCIFICATION,65
CYTOGENETIC ANALYSIS,3
UVEAL PROLAPSE,18
MALIGNANT NEOPLASM OF PLACENTA,2
AORTIC RESTENOSIS,6
TETRAHYDROCORTISOL URINE INCREASED,3
CONJUNCTIVAL LACERATION,10
NERVOUS SYSTEM CYST,32
TENSOR FASCIAE LATAE SYNDROME,1
COMPUTERISED TOMOGRAM LIVER ABNORMAL,30
MALIGNANT POLYP,187
DEVICE CATCHING FIRE,9
AEROMONAS INFECTION,173
NEUROENDOCRINE TUMOUR OF THE LUNG METASTATIC,52
"DEMENTIA OF THE ALZHEIMER'S TYPE, UNCOMPLICATED",6
NEUROENDOCRINE TUMOUR OF THE LUNG,107
AMEGAKARYOCYTIC THROMBOCYTOPENIA,17
NATURAL KILLER CELL COUNT,5
TUMEFACTIVE MULTIPLE SCLEROSIS,169
AMYLOID RELATED IMAGING ABNORMALITIES,272
GRANULOMATOUS LYMPHADENITIS,183
PYELONEPHRITIS VIRAL,5
SYSTEMIC VIRAL INFECTION,53
THERAPEUTIC RESPONSE SHORTENED,31409
PURTSCHER RETINOPATHY,75
FREE PROSTATE-SPECIFIC ANTIGEN,1
INTENTIONAL DEVICE USE ISSUE,824
FALLOT'S PENTALOGY,6
IODINE UPTAKE ABNORMAL,8
INTESTINAL MALROTATION REPAIR,6
SCLERAL OPERATION,5
ULTRASOUND KIDNEY,7
AMBIDEXTERITY,2
LOWER LIMB ARTERY PERFORATION,5
FLUORESCENT IN SITU HYBRIDISATION POSITIVE,10
LOWER GASTROINTESTINAL PERFORATION,58
UPPER GASTROINTESTINAL PERFORATION,63
RECTAL LACERATION POSTOPERATIVE,5
RENAL CYST EXCISION,5
THYMOL TURBIDITY TEST INCREASED,2
THYMOL TURBIDITY TEST ABNORMAL,1
ANTI-VGKC ANTIBODY POSITIVE,3
VEILLONELLA INFECTION,22
EXTRAGONADAL PRIMARY GERM CELL TUMOUR MIXED,5
RENAL GRAFT INFECTION,229
BLOOD THROMBOPLASTIN DECREASED,11
ACUTE MYOPIA,169
ARTHROGRAM ABNORMAL,4
BIOPSY TONGUE NORMAL,1
CORTISOL DEFICIENCY,29
B-LYMPHOCYTE COUNT ABNORMAL,101
CORTICOBASAL DEGENERATION,57
BENIGN FAMILIAL HAEMATURIA,13
GALLBLADDER FIBROSIS,10
GALLBLADDER MUCOCOELE,13
PATIENT DISSATISFACTION WITH DEVICE,235
ALPHA TUMOUR NECROSIS FACTOR,5
DEATH OF PET,2
OLFACTORY NERVE AGENESIS,5
ACID BASE BALANCE,6
MAMMARY DUCTECTOMY,7
RADIOTHERAPY TO ORAL CAVITY,2
GLYCOGENIC ACANTHOSIS,9
TREPONEMA TEST FALSE POSITIVE,7
RHEUMATOID FACTOR NEGATIVE,174
SUSTAINED VIRAL RESPONSE,12
INCORRECT DISPOSAL OF PRODUCT,3163
ENDOTHELIOMATOSIS,4
PEAK NASAL INSPIRATORY FLOW DECREASED,2
INSTILLATION SITE OEDEMA,1
SENSORY GANGLIONITIS,7
AUTOIMMUNE DEMYELINATING DISEASE,29
CAROTID ARTERY CALCIFICATION,10
LOW CARBOHYDRATE DIET,12
WARTY DYSKERATOMA,2
ARTHROLYSIS,4
HIV LIPODYSTROPHY,10
TOOTH MALFORMATION HEREDITARY,7
PULMONARY LYMPHANGIECTASIA,6
DRUG EFFECT FASTER THAN EXPECTED,331
THYROID GLAND INJURY,47
INTESTINAL ANGIOMA,8
VASCULAR DEVICE USER,49
ULTRASOUND TESTES ABNORMAL,1
PSEUDOHERMAPHRODITISM,3
TESTICULAR GERM CELL TUMOUR MIXED STAGE III,5
BIOPSY GALLBLADDER ABNORMAL,1
CORONARY VEIN STENOSIS,48
INFUSION SITE RECALL REACTION,2
PROXIMAL FOCAL FEMORAL DEFICIENCY,3
NON-HODGKIN'S LYMPHOMA UNSPECIFIED HISTOLOGY INDOLENT STAGE II,1
TIDAL VOLUME DECREASED,38
CRONOBACTER INFECTION,12
LYMPHOID HYPERPLASIA OF APPENDIX,2
CD8 LYMPHOCYTE PERCENTAGE DECREASED,7
PHARYNGEAL ANASTOMOTIC LEAK,2
PSEUDONEUROLOGIC SYMPTOM,3
HEPATITIS C CORE ANTIBODY POSITIVE,6
VIRAL PAROTITIS,19
HAIR-THREAD TOURNIQUET SYNDROME,2
DRUG USE DISORDER,8172
CONGENITAL SPONDYLOLISTHESIS,1
SOMATOSTATIN RECEPTOR SCAN ABNORMAL,9
PRECURSOR T-LYMPHOBLASTIC LYMPHOMA/LEUKAEMIA STAGE III,1
POST ANGIOPLASTY RESTENOSIS,13
SEMINAL VESICLE ATROPHY,1
YERSINIA BACTERAEMIA,3
URETHRAL STENT REMOVAL,5
BENIGN MALE REPRODUCTIVE TRACT NEOPLASM,2
MONONUCLEAR CELL PERCENTAGE,1
HAEMOSIDERIN STAIN,123
POST-TRAUMATIC PUNCTATE INTRAEPIDERMAL HAEMORRHAGE,8
THORACIC CAVITY LAVAGE,2
ANTERIOR CHAMBER ANGLE NEOVASCULARISATION,5
ANTIPHOSPHOLIPID ANTIBODIES NEGATIVE,6
ANGIOMYXOMA,8
BURKITT'S LYMPHOMA STAGE III,7
FREE FATTY ACIDS DECREASED,3
WRONG TECHNIQUE IN DEVICE USAGE PROCESS,45123
ULTRASOUND BLADDER,1
TIDAL VOLUME,1
SUBCLAVIAN VEIN STENOSIS,19
BLOOD GROWTH HORMONE NORMAL,1
BLEPHARORRHAPHY,14
BLOOD CHROMIUM DECREASED,2
ASH LEAF MACULE,1
EOSINOPHIL MORPHOLOGY ABNORMAL,11
TRAUMATIC SPINAL CORD COMPRESSION,13
HAEMOGLOBIN DISTRIBUTION WIDTH INCREASED,11
RED BLOOD CELL HYPOCHROMIC MORPHOLOGY PRESENT,14
ESCHAROTOMY,2
BENIGN JOINT NEOPLASM,18
MALE GENITAL TRACT OPERATION,10
MANUFACTURING MATERIALS CONTAMINATION,36
INFERIOR VENA CAVA PERFORATION,2
ARTHROPOD SCRATCH,7
SOCIAL (PRAGMATIC) COMMUNICATION DISORDER,69
JOINT NEOPLASM,69
TONSILLAR NEOPLASM BENIGN,3
VERTEBROBASILAR DOLICHOECTASIA,8
SQUAMOUS ENDOMETRIAL CARCINOMA,4
TONSILLAR ERYTHEMA,64
INTERNAL LIMITING MEMBRANE PEELING,13
PRIMARY FAMILIAL HYPOMAGNESAEMIA,4
MEDICAL DEVICE SITE JOINT EFFUSION,4
ACQUIRED FORAMEN MAGNUM STENOSIS,2
AMUSIA,7
AUDITORY PERSEVERATION,9
TOTAL LUNG CAPACITY,12
METASTASES TO SPINAL CORD,192
INSULIN SPARING EFFECT,3
FOETAL METHOTREXATE SYNDROME,68
B-CELL PROLYMPHOCYTIC LEUKAEMIA,21
17-HYDROXYPROGESTERONE DECREASED,6
SUPERIOR LIMBIC KERATOCONJUNCTIVITIS,8
ENTERIC DUPLICATION,7
ADJUVANT THERAPY,4
IRON BINDING CAPACITY TOTAL,3
THYROID STIMULATING HORMONE DEFICIENCY,33
NUCLEAR MAGNETIC RESONANCE IMAGING NORMAL,1
URINE ALUMINIUM,1
PREMEDICATION,8
VIRAL EPIGLOTTITIS,2
APPLICATION SITE STREAKING,13
COMPLEMENT DEFICIENCY DISEASE,35
FACTOR II INHIBITION,2
CHANCE FRACTURE,5
ALVEOLAR CAPILLARY DYSPLASIA,32
SPHENOPALATINE NEURALGIA,4
SALIVARY GLAND CANCER STAGE I,9
POSTPARTUM THROMBOSIS,6
VAGINAL LEUKOPLAKIA,2
ADENOSINE DEAMINASE ABNORMAL,6
BLEPHARECTOMY,2
BLOOD HCV RNA BELOW ASSAY LIMIT,4
PSEUDOSTROKE,303
PERINATAL HIV INFECTION,14
APPLICATION SITE JOINT INFLAMMATION,2
ENDOBRONCHIAL VALVE IMPLANTATION,22
INSTILLATION SITE INFLAMMATION,56
LYMPHOCYTIC OESOPHAGITIS,46
PLASMA EXCHANGE,2
HER-2 PROTEIN OVEREXPRESSION,3
PAIN PROPHYLAXIS,2
FORDYCE SPOTS,7
HEPATITIS NON-A NON-B,10
ANTI KELL ANTIBODY TEST POSITIVE,3
ANTI-EPITHELIAL ANTIBODY POSITIVE,2
SPONTANEOUS AMPUTATION,11
URINE KETONE BODY ABSENT,6
CLOTTING FACTOR TRANSFUSION,21
HYPERCHOLIA,1
ELECTROCOAGULATION,4
ABDOMINAL HERNIA INFECTION,34
COXSACKIE PERICARDITIS,4
DIATHERMY,4
CHOLESTEROLOSIS BULBI,5
MEDICAL DEVICE SITE COLDNESS,2
OESOPHAGOSCOPY ABNORMAL,1
MAYER-ROKITANSKY-KUSTER-HAUSER SYNDROME,10
OESOPHAGEAL ADENOCARCINOMA STAGE IV,17
PULMONARY SENSITISATION,11
ABORTION INDUCED INCOMPLETE COMPLICATED,2
ANTI-GANGLIOSIDE ANTIBODY POSITIVE,4
APPLICATION SITE ISCHAEMIA,3
NEPHRITIS HAEMORRHAGIC,9
CERVICOGENIC VERTIGO,8
JC VIRUS TEST,2
MUSCLE BUILDING THERAPY,2
COMPLICATION OF DRUG IMPLANT INSERTION,11
PELVIC OPERATION,64
INTERFERON GAMMA LEVEL INCREASED,17
RESORPTION BONE DECREASED,11
DOUBLE HETEROZYGOUS SICKLING DISORDERS,6
DISCORDANT TWIN,13
PERITONEAL PERMEABILITY DECREASED,2
LIMY BILE SYNDROME,1
HAEMOGLOBIN BARTS PRESENT,3
LARYNGOSCOPY ABNORMAL,4
SYSTEMIC BACTERIAL INFECTION,74
BLOOD POTASSIUM NORMAL,2
REMOVAL OF FOREIGN BODY FROM LARYNX,2
HLA-B*27 POSITIVE,137
DEMODICIDOSIS,91
INTOXICATION BY BREAST FEEDING,2
BODY SURFACE AREA,7
RED BLOOD CELL ACANTHOCYTES PRESENT,18
INSTILLATION SITE HYPERAESTHESIA,1
SPUTUM NORMAL,3
TEAR BREAK UP TIME DECREASED,18
BIOPSY SPINAL CORD ABNORMAL,2
NUCLEAR MAGNETIC RESONANCE IMAGING HEART,4
ENCEPHALITIS ALLERGIC,6
DENTAL PARAESTHESIA,58
PHARYNGEAL CANCER METASTATIC,9
SALPINGOSTOMY,2
TESTICULAR SCAN ABNORMAL,1
HEREDITARY NEUROPATHIC AMYLOIDOSIS,53
POSITIVE END-EXPIRATORY PRESSURE,10
SIALADENOSIS,6
DIET FAILURE,30
HERPES SIMPLEX SEPSIS,28
PH BODY FLUID,2
ULTRASOUND SCAN VAGINA ABNORMAL,4
FOETAL HEART RATE ACCELERATION ABNORMALITY,8
FIRST BITE SYNDROME,37
ABSORBABLE DEVICE ISSUE,7
DERMATOGLYPHIC ANOMALY,21
PYLORECTOMY,2
ANEURYSM PERFORATION,4
SEVERE FEVER WITH THROMBOCYTOPENIA SYNDROME,2
BRACHIAL PULSE INCREASED,6
TESTICULAR CHORIOCARCINOMA STAGE III,2
INFILTRATION ANAESTHESIA,28
CARCINOGENIC EFFECT IN OFFSPRING,1
PROCTOSTOMY,2
PARANEOPLASTIC DERMATOSIS,5
DIETARY SUPPLEMENT PRESCRIBING ERROR,1
CRANIOPHARYNGIOMA BENIGN,2
DIABETES COMPLICATING PREGNANCY,5
VAGINAL ENLARGEMENT,3
VACCINATION SITE OEDEMA,33
MUCOPOLYSACCHARIDOSIS III,3
ANTITHYROID ARTHRITIS SYNDROME,27
ACUTE MYELOID LEUKAEMIA (IN REMISSION),30
PULMONARY ARTERY OCCLUSION,95
BASAL CELL NAEVUS SYNDROME,21
HIV INFECTION CDC GROUP I,3
THIOPURINE METHYLTRANSFERASE DECREASED,34
TRANSVESTISM,9
BASILAR ARTERY PERFORATION,2
BEHAVIORAL ADDICTION,6
URETHROSCOPY,10
ENDOMETRIAL SARCOMA RECURRENT,2
COMPLEMENT FACTOR C2 DECREASED,2
TUBERCULOUS ABSCESS CENTRAL NERVOUS SYSTEM,3
CONGENITAL NEOPLASM,27
ORAL HELMINTHIC INFECTION,1
ANALGESIC DRUG LEVEL,12
ANTI-INSULIN RECEPTOR ANTIBODY,2
RADIATION PROSTATITIS,5
MENINGOMYELITIS HERPES,32
TYROSINE KINASE MUTATION,24
ISCHAEMIC CONTRACTURE OF THE LEFT VENTRICLE,24
ANKLE BRACHIAL INDEX,1
MYCOBACTERIAL DISEASE CARRIER,16
RETROPERITONEAL HERNIA,2
PRODUCT USE IN UNAPPROVED INDICATION,241076
SUBSTANCE USE DISORDER,3037
IDIOPATHIC INTRACRANIAL HYPERTENSION,2218
FOCAL DYSCOGNITIVE SEIZURES,1128
PRODUCT USE COMPLAINT,15297
LOSS OF PERSONAL INDEPENDENCE IN DAILY ACTIVITIES,46932
SUPINE HYPERTENSION,187
BACTERIAL VULVOVAGINITIS,282
DERMATOPATHIC LYMPHADENOPATHY,24
OXYGEN THERAPY,1608
HEPATITIS B REACTIVATION,3137
CORTISOL ABNORMAL,190
INTENTIONAL DOSE OMISSION,26988
CORTISOL DECREASED,1109
SILENT SINUS SYNDROME,6
DISCOLOURED VOMIT,934
SYMPATHETIC NERVE INJURY,9
ACUTE AORTIC SYNDROME,14
PSYCHOTIC SYMPTOM,2013
CHEST TUBE REMOVAL,11
CHEMICAL BURN,1121
CEREBELLAR STROKE,370
CONTRAST MEDIA DEPOSITION,315
OESOPHAGEAL PROSTHESIS INSERTION,21
TONGUE ERYTHEMA,802
MACROCORNEA,2
CSF MONONUCLEAR CELL COUNT INCREASED,5
MASTITIS FUNGAL,21
CONGENITAL BLADDER NECK OBSTRUCTION,1
CLOSTRIDIUM TEST NEGATIVE,9
GRANULOCYTE PERCENTAGE,13
KERATOMALACIA,4
INAPPROPRIATE PRESCRIBING,616
POSTMORTEM BLOOD DRUG LEVEL INCREASED,358
PRODUCT RECONSTITUTION QUALITY ISSUE,853
FOSTER-KENNEDY SYNDROME,1
FAMILIAL AMYOTROPHIC LATERAL SCLEROSIS,1
ALLERGIC REACTION TO EXCIPIENT,1946
VULVOVAGINAL INFLAMMATION,434
CORTISOL INCREASED,601
STILL'S DISEASE,877
CITRIC ACID URINE INCREASED,6
PANCREATIC FAILURE,1687
MULTIPLE SCLEROSIS PLAQUE,32
RESPIRATORY VIRAL PANEL,3
URINARY SYSTEM X-RAY ABNORMAL,3
GENE MUTATION IDENTIFICATION TEST,6
COW POX,10
AUDITORY NERVE DISORDER,43
BENIGN NIPPLE NEOPLASM,4
VOCAL CORD DYSFUNCTION,493
ALPHA 1 GLOBULIN ABNORMAL,4
ANISOCHROMIA,13
BIOPSY PHARYNX ABNORMAL,3
THERAPEUTIC PRODUCT EFFECTIVE FOR UNAPPROVED INDICATION,360
GROWTH FAILURE,342
RETAINED DECIDUOUS TOOTH,5
ELLIS-VAN CREVELD SYNDROME,2
SUSPECTED PRODUCT CONTAMINATION,945
SUSPECTED PRODUCT TAMPERING,534
EXPOSURE KERATITIS,28
POOR QUALITY DEVICE USED,8670
NECROSPERMIA,4
BIOPSY TONSIL,1
RADIOTHERAPY TO MEDIASTINUM,6
BURKHOLDERIA MALLEI INFECTION,4
GELATINOUS TRANSFORMATION OF THE BONE MARROW,21
ADMINISTRATION SITE PAPULE,10
COCKROACH ALLERGY,47
EPSTEIN-BARR VIRUS ANTIBODY,6
RETINAL DRUSEN,159
SCAN,18
BETA-N-ACETYL-D-GLUCOSAMINIDASE ABNORMAL,2
FRUCTOSAMINE DECREASED,2
INAPPROPRIATE THYROID STIMULATING HORMONE SECRETION,9
PLATELET AGGREGATION NORMAL,1
DISEASE RISK FACTOR,388
LARYNGEAL VENTRICLE PROLAPSE,1
ADENOLIPOMA,1
HYPERLEUKOCYTOSIS,863
MEDICAL DEVICE SITE HYPERTROPHY,8
CYSTIC LUNG DISEASE,136
BACTERIAL ALLERGY,8
FISTULOGRAM,3
PULSE WAVEFORM,1
GAMMA RADIATION THERAPY TO BRAIN,4
EPIDURAL CATHETER PLACEMENT,12
OBSTETRICAL PROCEDURE,6
CHRONIC IDIOPATHIC PAIN SYNDROME,80
HETEROSEXUALITY,3
CARDIOACTIVE DRUG LEVEL,4
OBSTETRICAL PULMONARY EMBOLISM,9
BRAF V600E MUTATION POSITIVE,57
DRUG EFFECTIVE FOR UNAPPROVED INDICATION,28834
THREAT OF REDUNDANCY,10
PARASITIC ENCEPHALITIS,9
TESTOTOXICOSIS,10
NEONATAL HAEMOCHROMATOSIS,4
MEASLES ANTIBODY NEGATIVE,28
MUMPS ANTIBODY TEST NEGATIVE,24
PORPHYROMONAS INFECTION,10
INFUSION SITE LACERATION,20
PULMONARY PHYSICAL EXAMINATION,4
PHARYNGEAL POUCH,6
LENS CAPSULOTOMY,13
CERVICAL SPINAL CORD PARALYSIS,21
ATRIAL ENLARGEMENT,272
DELAYED ISCHAEMIC NEUROLOGICAL DEFICIT,20
SALIVA ALCOHOL TEST POSITIVE,1
ENCEPHALITIS JAPANESE B,16
PARASITE DNA TEST POSITIVE,1
MACULAR DYSTROPHY CONGENITAL,30
PORTAL VEIN EMBOLISATION,12
OPISTHORCHIASIS,5
HYPERPROGESTERONISM,1
GASTROINTESTINAL ANASTOMOTIC STENOSIS,95
T-CELL RECEPTOR GENE REARRANGEMENT TEST,4
URINE GLUCOSE FALSE POSITIVE,1
FEBRILE INFECTION-RELATED EPILEPSY SYNDROME,30
PACKAGING DESIGN ISSUE,323
HEMIPARAESTHESIA,381
KERATOUVEITIS,36
CONTRAINDICATED DRUG PRESCRIBED,283
FAECAL ELASTASE CONCENTRATION ABNORMAL,18
ENZYME SUPPLEMENTATION,1
PERSISTENT GENITAL AROUSAL DISORDER,230
AMINO ACID LEVEL,3
RENAL TUBULAR INJURY,1142
VENOUS PRESSURE JUGULAR ABNORMAL,3
DEVICE USED FOR UNAPPROVED SCHEDULE,29
TIDAL VOLUME ABNORMAL,5
STIFF LEG SYNDROME,75
SYNOVIAL FLUID ANALYSIS,85
INTERCEPTED PRODUCT MONITORING ERROR,6
INJECTION SITE INDENTATION,2012
TISSUE DISCOLOURATION,54
STOOL HEAVY METAL POSITIVE,2
SKIN INDENTATION,463
PARANEOPLASTIC THROMBOSIS,10
MYELOBLAST PRESENT,14
PRODUCT INTOLERANCE,220
PRODUCT SUBSTITUTION ERROR,117
ALUMINIUM OVERLOAD,1
EPIDEMIC PLEURODYNIA,1
TRAUMATIC INTRACRANIAL HAEMATOMA,31
VAGINAL WALL CONGESTION,6
PUBERTAL FAILURE,17
APPLICATION SITE PHLEBITIS,2
OVARIAN LESION EXCISION,2
"2',5'-OLIGOADENYLATE SYNTHETASE TEST DECREASED",1
OROPHARYNGEAL OEDEMA,143
ARTHRITIS GONOCOCCAL,15
ANTI-ACTIN ANTIBODY POSITIVE,11
NAEVOID MELANOMA,41
ELECTROCOCHLEOGRAM ABNORMAL,2
INVESTIGATION NONCOMPLIANCE,106
THIRD DEGREE CHEMICAL BURN OF SKIN,41
NON-COMPACTION CARDIOMYOPATHY,73
AUTOIMMUNE THYROID DISORDER,108
SECOND DEGREE CHEMICAL BURN OF SKIN,60
CONTACT LENS THERAPY,5
SEPTAL MYECTOMY,3
DYSPHONIA PSYCHOGENIC,1
INSTILLATION SITE HYPOAESTHESIA,7
INTERCHANGE OF VACCINE PRODUCTS,72
HOUSEBOUND,391
CYTOMEGALOVIRUS TEST NEGATIVE,7
HIGH FAT DIET,2
SKIN LAXITY,405
TRANSFORMATION TO ACUTE MYELOID LEUKAEMIA,649
VENTRICULAR ENLARGEMENT,174
GASTROINTESTINAL POLYP,331
SWOLLEN JOINT COUNT INCREASED,3079
TENDER JOINT COUNT INCREASED,79
COGNITIVE LINGUISTIC DEFICIT,26
PRODUCT ADVERTISING ISSUE,200
POSTMORTEM BLOOD DRUG LEVEL ABNORMAL,145
PURPLE URINE BAG SYNDROME,11
CATHETER SITE THROMBOSIS,266
MANUFACTURING PRODUCT STORAGE ISSUE,84
INSTILLATION SITE RASH,13
JAW FISTULA,130
STERNAL STABILISATION,1
STERNAL WIRING,1
ADMINISTRATION SITE INDENTATION,57
OVARIAN INJURY,19
VISUAL FIELD TESTS,1
"DRUG USE DISORDER, ANTEPARTUM",1
MITRAL VALVE THICKENING,274
COMMUNICATION ISSUE,2
INTRACRANIAL ARTERY DISSECTION,19
MANUFACTURING PRODUCT SHIPPING ISSUE,534
URTICARIA VIBRATORY,3
MYELOBLAST PERCENTAGE DECREASED,11
CERVIX INJURY,68
GLUTAMATE DEHYDROGENASE LEVEL ABNORMAL,13
VISUAL SNOW SYNDROME,183
AMNIOTIC MEMBRANE RUPTURE TEST POSITIVE,3
BLOOD KETONE BODY ABSENT,3
VASCULAR PSEUDOANEURYSM THROMBOSIS,27
EUSTACHIAN TUBE OPERATION,5
AURICULOTEMPORAL SYNDROME,6
GADOLINIUM DEPOSITION DISEASE,551
HETERONYMOUS DIPLOPIA,8
CHOANAL STENOSIS,24
IRLEN SYNDROME,5
HEART-LUNG TRANSPLANT REJECTION,4
BLOOD CITRIC ACID DECREASED,3
ANGIOGRAM PULMONARY ABNORMAL,9
PERIPROCEDURAL MYOCARDIAL INFARCTION,24
EPSTEIN BARR VIRUS POSITIVE MUCOCUTANEOUS ULCER,492
INTERCEPTED PRODUCT STORAGE ERROR,3369
SWEAT TEST,1
CERVICAL DILATATION,100
ADMINISTRATION SITE ANAESTHESIA,2
BRONCHOTOMY,11
TESTICULAR GERM CELL TUMOUR MIXED STAGE I,4
VISUAL AGNOSIA,29
NONGERMINOMATOUS GERM CELL TUMOUR OF THE CNS,3
NAIL CUTICLE FISSURE,66
THYROID HORMONE REPLACEMENT THERAPY,6
RADIOLOGICALLY ISOLATED SYNDROME,20
PRODUCT STORAGE ERROR,85393
GAIT INABILITY,32669
FOREIGN BODY IN RESPIRATORY TRACT,1307
SEDATION COMPLICATION,2471
EAGLE'S SYNDROME,18
HEPATIC GAS GANGRENE,5
THROAT CLEARING,3671
TISSUE EXPANSION PROCEDURE,8
BASOPHIL MORPHOLOGY ABNORMAL,1
DENTAL RESTORATION FAILURE,712
CATHETER SITE PARAESTHESIA,10
BED SHARING,3
INTESTINAL PSEUDO-OBSTRUCTION,850
MUCOCUTANEOUS FLAP NECROSIS,3
NORMOCYTIC ANAEMIA,1417
GASTRIC PNEUMATOSIS,60
ANEMBRYONIC GESTATION,206
HAPTOGLOBIN,6
REACTION TO EXCIPIENT,2272
URINE IRON,4
FOREIGN BODY IN REPRODUCTIVE TRACT,8740
BICKERSTAFF'S ENCEPHALITIS,25
HYPERINTENSITY IN BRAIN DEEP NUCLEI,84
VITAMIN C INCREASED,8
DRUG SPECIFIC ANTIBODY,1347
PATERNAL EXPOSURE DURING PREGNANCY,848
DIABETIC KETOSIS,355
VESSEL PUNCTURE SITE RASH,4
THERAPEUTIC PRODUCT CROSS-REACTIVITY,893
URINARY BLADDER SUSPENSION,159
SILENT THYROIDITIS,142
IMPLANT SUBSIDENCE,3
NEONATAL HYPOCALCAEMIA,68
HIGH GRADE B-CELL LYMPHOMA BURKITT-LIKE LYMPHOMA RECURRENT,17
PHILADELPHIA CHROMOSOME NEGATIVE,22
LIP ERYTHEMA,763
ANTI-MYELIN-ASSOCIATED GLYCOPROTEIN ASSOCIATED POLYNEUROPATHY,34
VASOPRESSIVE THERAPY,4
TENDON NEOPLASM,9
INTESTINAL METASTASIS,347
LENTIGO MALIGNA STAGE I,5
OBSTRUCTIVE PANCREATITIS,725
MEDICAL DEVICE SITE INDURATION,7
PRODUCT COMMUNICATION ISSUE,8409
CLUMSY CHILD SYNDROME,2
TRICHOGLOSSIA,405
CARDIAC NEUROFIBROMA,1
REBOUND ECZEMA,2039
AUTORESUSCITATION,3
BENIGN ABDOMINAL NEOPLASM,46
LARYNGEAL HYPERTROPHY,12
PERI-IMPLANTITIS,89
RADIOLUCENCY AROUND IMPLANT,6
SWOLLEN JOINT COUNT,243
TENDER JOINT COUNT,84
ACQUIRED AMEGAKARYOCYTIC THROMBOCYTOPENIA,47
INTERCEPTED PRODUCT PREPARATION ERROR,12019
LACRIMAL SAC CELLULITIS,1
MUSCULOSKELETAL COMPLICATION ASSOCIATED WITH DEVICE,6
ADMINISTRATION SITE CYST,4
TILTED DISC SYNDROME,2
HIV ENTEROPATHY,2
LEPTOMENINGEAL MYELOMATOSIS,12
MYELOBLAST PERCENTAGE,1
URETER DILATION PROCEDURE,2
HAIR GROWTH RATE ABNORMAL,142
BURKITT'S LYMPHOMA REFRACTORY,17
CLEAR CELL CARCINOMA OF CERVIX,13
ISCHAEMIC SKIN ULCER,87
PSEUDOCHOLELITHIASIS,107
HYPEROESTROGENISM,18
AROMATASE INHIBITION THERAPY,2
WHITE BLOOD CELL AGGLUTINATION PRESENT,6
BREAST TUMOUR EXCISION,23
PORTAL HYPERTENSIVE ENTEROPATHY,7
CEREBROSPINAL FLUID RESERVOIR PLACEMENT,16
TESTICULAR RUPTURE,12
SKIN LESION REMOVAL,52
URETHRAL MELANOMA METASTATIC,6
ERYTHEMATOTELANGIECTATIC ROSACEA,21
BROAD LIGAMENT HAEMATOMA,4
NEUROPATHY VITAMIN B6 DEFICIENCY,7
ADMINISTRATION SITE PHLEBITIS,10
POST CARDIAC ARREST SYNDROME,27
FOREIGN BODY IN GASTROINTESTINAL TRACT,356
MALIGNANT LYMPHOMA UNCLASSIFIABLE HIGH GRADE,3
CEREBRAL VASODILATATION,6
FOREIGN BODY IN UROGENITAL TRACT,740
CAROTID ARTERY STENT REMOVAL,3
RUSSELL'S VIPER VENOM TIME,1
ARGENTINE HAEMORRHAGIC FEVER,9
ENTEROCOCCAL GASTROENTERITIS,7
BRONCHIAL ARTERY EMBOLISATION,19
HODGKIN'S DISEASE STAGE I,7
PERIPHERAL NERVOUS SYSTEM FUNCTION TEST ABNORMAL,5
NONINFECTIVE MYRINGITIS,11
BRONCHIAL DYSPLASIA,16
MEDICAL DEVICE SITE PAPULE,9
RADIATION OVERDOSE,52
REACTIVE AIRWAYS DYSFUNCTION SYNDROME,13
BROMOSULPHTHALEIN TEST ABNORMAL,1
CONJUNCTIVALISATION,28
ACCIDENTAL USE OF PLACEBO,13
BONE METABOLISM BIOCHEMICAL MARKER INCREASED,30
DECREASED EMBRYO VIABILITY,24
POSTPRANDIAL HYPOGLYCAEMIA,184
INFECTIVE CORNEAL ULCER,27
PERIARTICULAR THENAR ERYTHEMA WITH ONYCHOLYSIS,38
GASTROINTESTINAL LYMPHOMA,254
JAMAIS VU,8
PERFORMANCE ENHANCING PRODUCT USE,93
IRREGULAR SLEEP WAKE RHYTHM DISORDER,198
FISTULOTOMY,27
CARDIAC VENTRICULOGRAM ABNORMAL,3
METABOLIC ABNORMALITY MANAGEMENT,2
PRIMARY HEADACHE ASSOCIATED WITH SEXUAL ACTIVITY,23
INFECTIVE PERICARDIAL EFFUSION,44
SMALL INTESTINE CARCINOMA STAGE IV,185
CORONARY ARTERY SURGERY,32
CUTANEOUS T-CELL DYSCRASIA,29
DNA MISMATCH REPAIR PROTEIN GENE MUTATION,23
PUPILLOTONIA,5
ATHEROEMBOLISM,134
THERAPEUTIC AGENT-DIAGNOSTIC TEST INTERACTION,45
PULMONARY ARTERIAL WEDGE PRESSURE,4
DIFFICULTY INSERTING DRUG IMPLANT,1
EPISCLERAL HYPERAEMIA,8
WAIST CIRCUMFERENCE DECREASED,41
MANGANESE INCREASED,9
MALIGNANT NEOPLASM OF PLEURA METASTATIC,5
RETENTION CYST,51
RED BLOOD CELL ANALYSIS,3
BLADDER SQUAMOUS CELL CARCINOMA STAGE I,1
MISOPHONIA,68
NORMOCHROMIC ANAEMIA,196
URINE ALBUMIN/CREATININE RATIO,8
ANGIOIMMUNOBLASTIC T-CELL LYMPHOMA REFRACTORY,7
INDUCTION OF CERVIX RIPENING,1
RETROGRADE MENSTRUATION,2
ANTI FACTOR XA ACTIVITY DECREASED,24
CATHETER CULTURE,2
VON WILLEBRAND'S FACTOR ANTIBODY POSITIVE,17
NIPAH VIRUS INFECTION,1
MANTLE CELL LYMPHOMA STAGE I,2
PROCTITIS GONOCOCCAL,10
TONSILLAR EXUDATE,43
RED EAR SYNDROME,21
LARYNGEAL FISTULA,2
BASE EXCESS ABNORMAL,8
HAEMATOCRIT NORMAL,2
MEAN CELL HAEMOGLOBIN NORMAL,2
RED BLOOD CELL COUNT NORMAL,1
UREA CYCLE DISORDER,46
NECK LIFT,4
AXILLARY WEB SYNDROME,21
VACCINATION SITE IRRITATION,5
DEVICE OPERATIONAL ISSUE,4170
MANDIBULAR MASS,88
SWOLLEN JOINT COUNT DECREASED,20
TENDER JOINT COUNT DECREASED,17
GENDER REASSIGNMENT THERAPY,11
BRACHIOCEPHALIC VEIN OCCLUSION,11
PSORIASIS AREA SEVERITY INDEX INCREASED,165
MYOCARDIAL HYPOXIA,24
INFUSION SITE PLAQUE,21
DECREASED VENTRICULAR AFTERLOAD,6
HUMAN RHINOVIRUS TEST,1
PATERNAL EXPOSURE TIMING UNSPECIFIED,266
ATRIO-OESOPHAGEAL FISTULA,13
INJECTION SITE DEFORMATION,87
JUVENILE PSORIATIC ARTHRITIS,20
INFECTION VIA VACCINEE,4
AMYGDALOTOMY,15
JOINT RANGE OF MOTION MEASUREMENT,13
POLYCLONAL B-CELL LYMPHOCYTOSIS,1
PILOMATRIX CARCINOMA,3
GASTROINTESTINAL ANTHRAX,1
VEHICLE SOLUTION USE,1
PARANASAL SINUS POLYPECTOMY,12
THYROXINE FREE,7
GENOTOXICITY,38
NASOPHARYNGEAL NEOPLASM BENIGN,4
MIKULICZ'S DISEASE,4
UROGRAM ABNORMAL,4
EXPOSURE VIA UNKNOWN ROUTE,13
CSF MYELIN BASIC PROTEIN ABNORMAL,1
POST MICTURITION DRIBBLE,48
FUNGAL BALANITIS,18
LONG-CHAIN ACYL-COENZYME A DEHYDROGENASE DEFICIENCY,14
ELECTROCARDIOGRAM T WAVE ALTERNANS,43
NONTHERAPEUTIC AGENT BLOOD POSITIVE,28
ACUTE MACULAR OUTER RETINOPATHY,19
DRUG-DEVICE INTERACTION,105
MULTICENTRIC RETICULOHISTIOCYTOSIS,29
MALIGNANT GLAUCOMA,18
AUTOIMMUNE ENDOCRINE DISORDER,20
RENAL AND LIVER TRANSPLANT,16
MACROPHAGES DECREASED,3
ANTIMICROBIAL SUSCEPTIBILITY TEST INTERMEDIATE,9
VARICELLA ZOSTER GASTRITIS,9
VARICELLA ZOSTER OESOPHAGITIS,8
SHIFT TO THE RIGHT,1
PALATAL IMPLANT,1
GANGRENE NEONATAL,12
HEPATITIS POST TRANSFUSION,6
LYMPHOID HYPERPLASIA OF INTESTINE,22
TUMOUR INFLAMMATION,105
VACCINATION SITE URTICARIA,12
VON WILLEBRAND'S FACTOR MULTIMERS ABNORMAL,3
PATERNAL EXPOSURE BEFORE PREGNANCY,297
17 KETOSTEROIDS URINE ABNORMAL,6
CENTRAL NERVOUS SYSTEM DERMOID TUMOUR,3
ATRIAL APPENDAGE CLOSURE,50
CARBON MONOXIDE DIFFUSING CAPACITY,6
CHILAIDITI'S SYNDROME,29
PALATE INJURY,82
PERITONITIS LUPUS,7
ORAL HYPERKERATOSIS,7
LISFRANC FRACTURE,26
DIASTEMA,18
POST VACCINATION SYNDROME,28
THALAMOTOMY,1
URINARY TRACT POLYP,7
POSTERIOR CORTICAL ATROPHY,26
MEDICAL DEVICE SITE DERMATITIS,5
HERPES SIMPLEX GASTRITIS,4
GASTROENTERITIS ASTROVIRAL,76
ANGIOSCOPY,5
INFUSION SITE JOINT ERYTHEMA,5
PLATELETCRIT INCREASED,17
DEEP ANTERIOR CHAMBER OF THE EYE,10
VASOACTIVE INTESTINAL POLYPEPTIDE TEST ABNORMAL,1
HEERFORDT'S SYNDROME,6
EPIDURAL TEST DOSE,1
FOREIGN BODY IN EAR,55
TRANSMISSION OF AN INFECTIOUS AGENT VIA TRANSPLANT,15
BROAD LIGAMENT TEAR,6
SOMATOSENSORY EVOKED POTENTIALS,3
OCULAR STENT PLACEMENT,1
NICTITATING SPASM,11
MEDICAL DEVICE SITE ODOUR,25
ADOLESCENCE,2
BLOOD PH NORMAL,2
EUGLYCAEMIC DIABETIC KETOACIDOSIS,3934
LYMPHOPROLIFERATIVE DISORDER IN REMISSION,1
ADENOVIRUS TEST,1
BLOOD THROMBOPLASTIN,2
OESOPHAGEAL ADENOCARCINOMA RECURRENT,9
PERINEAL CELLULITIS,59
RETICULOCYTE HAEMOGLOBIN EQUIVALENT,6
ATYPICAL HAEMOLYTIC URAEMIC SYNDROME,796
ASSISTED SUICIDE,68
PNEUMONIA SERRATIA,46
DOWLING-DEGOS DISEASE,5
BRONCHIAL NEOPLASM BENIGN,16
SPINAL ARTERY EMBOLISM,2
OROPHARYNGEAL DYSPLASIA,12
MALIGNANT CATATONIA,255
PYRUVATE KINASE DECREASED,5
ALCOHOLIC KETOACIDOSIS,38
CORONARY ENDARTERECTOMY,2
ADJUSTED CALCIUM INCREASED,51
OVARIAN PERFORATION,7
CYP2C9 POLYMORPHISM,1
DRUG PROVOCATION TEST,17
BRADYPHAGIA,2
RADIOTHERAPY TO URINARY BLADDER,2
PARANASAL SINUS HAEMORRHAGE,107
SPRUE-LIKE ENTEROPATHY,4894
VASCULAR STENT REMOVAL,1
VESSEL PUNCTURE SITE PRURITUS,3
POSTHAEMORRHAGIC HYDROCEPHALUS,58
URINE CALCIUM/CREATININE RATIO DECREASED,3
BIOPSY LIP ABNORMAL,1
CUTANEOUS LYMPHOMA,200
THYROXINE,3
TRI-IODOTHYRONINE,2
GALLBLADDER ADENOMA,7
WOUND INFECTION VIRAL,4
MYOCARDITIS TOXOPLASMAL,16
CANDIDIASIS OF TRACHEA,8
RESIDUAL OVARY SYNDROME,1
BENIGN NEOPLASM OF LACRIMAL GLAND,2
DIABETIC MASTOPATHY,2
HEMIASOMATOGNOSIA,1
BREATH ALCOHOL TEST NEGATIVE,2
CEREBRAL MICROEMBOLISM,22
CD8 LYMPHOCYTE PERCENTAGE INCREASED,7
FOETAL RENAL IMPAIRMENT,82
NEONATAL TESTICULAR TORSION,7
VULVAL CANCER STAGE II,4
PLATELET ADHESIVENESS,2
GLUTATHIONE S-TRANSFERASE ABNORMAL,2
SEXUALLY ACTIVE,20
RADIATION LARYNX INJURY,7
BODY HEIGHT ABOVE NORMAL,6
BLOOD ZINC ABNORMAL,9
MANUFACTURING LABORATORY CONTROLS CALIBRATION ISSUE,2
CHRONIC EOSINOPHILIC RHINOSINUSITIS,32
MITOCHONDRIAL ASPARTATE AMINOTRANSFERASE INCREASED,13
MORVAN SYNDROME,13
SYMPTOM RECURRENCE,5790
HIV INFECTION CDC CATEGORY C,8
PARANASAL SINUS INJURY,17
ACRAL PEELING SKIN SYNDROME,23
SPLENIC VARICES HAEMORRHAGE,2
DIVERTICULECTOMY,5
VOLVULUS REPAIR,13
HEPATIC VEIN EMBOLISM,7
PHAKOMATOSIS,7
WRONG DOSE,2394
MEK INHIBITOR-ASSOCIATED SEROUS RETINOPATHY,4
FOOD REFUSAL,833
GASTRIC FIBROSIS,14
LYMPHADENOCYST,3
PARASITIC LUNG INFECTION,3
OVERFEEDING OF INFANT,4
IRIDOSCHISIS,7
MATERNAL THERAPY TO ENHANCE FOETAL LUNG MATURITY,2
CARDIAC DYSFUNCTION,3611
ADMINISTRATION SITE PUSTULE,8
IDH DIFFERENTIATION SYNDROME,22
ELECTROCARDIOGRAM U WAVE PRESENT,62
PROTHROMBIN TIME RATIO,2
MONOCYTE CHEMOTACTIC PROTEIN-1 INCREASED,35
VACCINATION SITE NODULE,11
UREA URINE ABNORMAL,5
PERRY SYNDROME,1
SCOPULARIOPSIS INFECTION,45
PRIMARY CEREBELLAR DEGENERATION,7
LYME CARDITIS,9
PERITONEOCUTANEOUS FISTULA,7
CSWS SYNDROME,23
ENTEROVIRUS TEST NEGATIVE,1
PLEURAL OPERATION,4
HAEMOGLOBIN C,1
BLOOD GROWTH HORMONE RELEASING HORMONE INCREASED,2
CONGENITAL VAGINAL CYST,1
BISALBUMINAEMIA,3
SYPHILIS GENITAL,1
WRONG SCHEDULE,937
ARTIFICIAL BLOOD VESSEL OCCLUSION,8
ARTERIAL CATHETERISATION ABNORMAL,4
PERICARDIAL MASS,29
DEFAECATION DISORDER,657
MIXED ADENONEUROENDOCRINE CARCINOMA,22
BRAIN STEM EMBOLISM,6
CHEMOTHERAPEUTIC DRUG LEVEL DECREASED,9
MUSCLE ENZYME DECREASED,4
VASCULAR ACCESS SITE THROMBOSIS,50
FLAVECTOMY,1
SOFT TISSUE FOREIGN BODY,22
PERINEPHRIC OEDEMA,20
MUCOSAL HYPERTROPHY,142
CLINOMANIA,38
DIFFUSE IDIOPATHIC SKELETAL HYPEROSTOSIS,75
SYCOSIS BARBAE,4
MULTIGRAVIDA,2
RECALLED PRODUCT,1717
DEPENDENCE ON OXYGEN THERAPY,474
THERMOPHOBIA,19
PARATHYROID HYPERPLASIA,56
CONJUNCTIVAL MELANOMA,15
HYPOSPLENISM,37
ALCOHOL USE DISORDER,160
EYELASH CHANGES,169
NEONATAL TOXICITY,45
EXPOSURE VIA TRANSPLANT,9
OROPHARYNGEAL DISCOLOURATION,56
THIRD TRIMESTER PREGNANCY,6
PNEUMONIA ACINETOBACTER,133
STOOL ANALYSIS NORMAL,2
FREE ANDROGEN INDEX DECREASED,7
ADMINISTRATION SITE DYSAESTHESIA,1
CONGENITAL RUBELLA INFECTION,1
DRACUNCULIASIS,1
EXTRANODAL MARGINAL ZONE B-CELL LYMPHOMA (MALT TYPE) STAGE IV,12
BARTH SYNDROME,8
PROMPT EFFECTS OF RADIATION,5
MALIGNANT CONNECTIVE TISSUE NEOPLASM,22
FOWLER'S SYNDROME,2
UTERINE IRRITABILITY,13
CYTOMEGALOVIRUS NEPHRITIS,52
DIFFUSION-WEIGHTED BRAIN MRI ABNORMAL,24
REBOUND NASAL CONGESTION,173
VAGINAL PH DECREASED,7
TRANSIENT APHASIA,129
GASTROINTESTINAL ORGAN CONTUSION,12
ANORECTAL SENSORY LOSS,10
PRODUCT APPEARANCE CONFUSION,900
HEPATIC HAMARTOMA,2
KETOSIS-PRONE DIABETES MELLITUS,46
URETHRAL ADENOMA,4
DEAFNESS OCCUPATIONAL,3
ANTI-MYELIN-ASSOCIATED GLYCOPROTEIN ANTIBODIES POSITIVE,19
TRISOMY 9,8
TENDON DISLOCATION,50
RETINAL FUNCTION TEST ABNORMAL,7
ALDOLASE DECREASED,2
TRACHEOSCOPY,4
EYE HAEMATOMA,256
EXCESSIVE DIETARY FIBRE INTAKE,3
X-RAY DENTAL ABNORMAL,5
ENTEROCOLITIS HELMINTHIC,1
RETINAL ANEURYSM RUPTURE,10
PRIMARY CARDIAC LYMPHOMA,16
CEREBRAL RADIATION INJURY,14
DEVICE EFFECT DECREASED,37
ADMINISTRATION SITE NERVE DAMAGE,9
PARVIMONAS MICRA INFECTION,41
ABNORMAL ORGAN GROWTH,41
SECRETIN TEST INCREASED,1
ECTRODACTYLY,60
WRONG STRENGTH,326
PERSISTENT POSTURAL-PERCEPTUAL DIZZINESS,39
COMPUTERISED TOMOGRAM ABDOMEN,7
DISACCHARIDASE DEFICIENCY,3
JOINT SPACE NARROWING,294
ACRAL LENTIGINOUS MELANOMA STAGE III,4
ELECTROCARDIOGRAM NORMAL,12
ANAL FISSURE HAEMORRHAGE,181
CRYPTITIS,138
MANAGEMENT OF REPRODUCTION,1
WRONG DRUG,375
SCLEROTYLOSIS,2
EPIDERMOID CYST EXCISION,3
UMBILICAL CORD CYST,5
CARDIAC IRON OVERLOAD,23
PYLOROMYOTOMY,1
MATERNAL EXPOSURE DURING BREAST FEEDING,3869
EXPOSURE VIA BREAST MILK,3863
PERIORAL DERMATITIS,604
SEROUS RETINAL DETACHMENT,785
JC POLYOMAVIRUS TEST POSITIVE,1162
PRODUCT ADMINISTERED AT INAPPROPRIATE SITE,17922
JOINT NOISE,1914
NEONATAL RESPIRATORY DISTRESS,856
HODGKIN'S DISEASE MIXED CELLULARITY STAGE I SITE UNSPECIFIED,1
SERUM SEROTONIN,9
SMITH-LEMLI-OPITZ SYNDROME,9
PRIMARY BILIARY CHOLANGITIS,456
RILEY-DAY SYNDROME,4
ECTOPIC URETER,10
THORACIC SPINAL STENOSIS,42
GASTROINTESTINAL VASCULAR MALFORMATION HAEMORRHAGIC,372
SICKLE CELL DISEASE,454
PRODUCT PRESCRIBING ISSUE,20084
PLATELET-LARGE CELL RATIO INCREASED,6
VITAMIN B12,7
BENZODIAZEPINE DRUG LEVEL INCREASED,94
COUNTERFEIT PRODUCT ADMINISTERED,1258
LEFT VENTRICULAR FALSE TENDON,24
SPINAL CORD LIPOMA,17
SINONASAL OBSTRUCTION,397
POST PROCEDURAL FEVER,236
MALIGNANT BLUE NAEVUS,8
ACQUIRED C1 INHIBITOR DEFICIENCY,20
VULVAL CANCER STAGE I,13
ACQUIRED MITOCHONDRIAL DNA DELETION,3
COSTAL CARTILAGE FRACTURE,34
IMMUNE-MEDIATED HEPATITIS,1938
MECHANIC'S HAND,13
VISCEROPTOSIS,8
PROSTHETIC CARDIAC VALVE THROMBOSIS,101
OESOPHAGEAL PH INCREASED,1
SUBGLOTTIC LARYNGITIS,26
INDIRECT INFECTION TRANSMISSION,3
HUMAN SEMINAL PLASMA HYPERSENSITIVITY,3
MEDICAL DEVICE SITE PARAESTHESIA,5
BURN DRESSING,2
SYNKINESIS,9
ACQUIRED HAEMOGLOBINOPATHY,5
SEMINAL VESICULAR CALCULUS,2
SUBCLAVIAN VEIN OCCLUSION,23
DEVICE DISPENSING ERROR,1166
ACTIVATED PARTIAL THROMBOPLASTIN TIME RATIO ABNORMAL,2
EOSINOPHILIC PLEURAL EFFUSION,295
MALIGNANT URINARY TRACT OBSTRUCTION,8
CSF EOSINOPHIL COUNT INCREASED,5
CLOSED GLOBE INJURY,6
DEGENERATIVE TRICUSPID VALVE DISEASE,5
HEPATOBILIARY CYST,4
PRODUCT CAUGHT FIRE,28
BRONCHOPLEGIA,1
OESOPHAGEAL SQUAMOUS CELL CARCINOMA STAGE I,3
AORTOENTERIC FISTULA,57
ANAMNESTIC REACTION,61
KERATODERMA BLENORRHAGICA,2
DOLICHOCOLON ACQUIRED,7
BRONCHIAL ARTERY ANEURYSM,5
ALVEOLITIS NECROTISING,7
FRACTURE INFECTION,75
PRIMARY GASTROINTESTINAL FOLLICULAR LYMPHOMA,4
LIMB GIRTH INCREASED,8
ADMINISTRATION SITE ABSCESS STERILE,6
SKIN PRESSURE MARK,184
LDLR MUTATION,2
MACROTIA,1
PROSTITUTE,4
DROOPING SHOULDER SYNDROME,9
RHEGMATOGENOUS RETINAL DETACHMENT,208
CONGENITAL VARICELLA INFECTION,2
INTESTINAL SMOOTH MUSCLE HYPERTROPHY,1
TRICUSPID VALVE THICKENING,37
INSTILLATION SITE ATROPHY,1
DRAIN SITE COMPLICATION,83
GALLBLADDER HYPOFUNCTION,170
HEPATITIS D RNA POSITIVE,9
BRACHIORADIAL PRURITUS,13
FIRST DEGREE CHEMICAL BURN OF SKIN,24
YERSINIA SEPSIS,5
ENTEROVIRUS MYOCARDITIS,19
MINIMAL RESIDUAL DISEASE,463
NEUROPATHY VITAMIN B12 DEFICIENCY,50
INFLUENZA B VIRUS TEST,4
SINUSOIDAL FOETAL HEART RATE PATTERN,3
ATRIAL NATRIURETIC PEPTIDE DECREASED,1
CARDIAC VALVE THICKENING,57
OCULOCARDIAC REFLEX,16
APPLICATION SITE VASCULITIS,1
OCULAR PROCEDURAL COMPLICATION,193
JC VIRUS CSF TEST POSITIVE,54
GASTROENTERITIS CALICIVIRAL,1
CYSTADENOCARCINOMA PANCREAS,11
MITOCHONDRIAL DNA DUPLICATION,1
RIGHT VENTRICULAR DIASTOLIC COLLAPSE,46
YELLOW FEVER VACCINE-ASSOCIATED NEUROTROPIC DISEASE,5
YELLOW FEVER VACCINE-ASSOCIATED VISCEROTROPIC DISEASE,6
CENTRAL NERVOUS SYSTEM ENTEROVIRAL INFECTION,18
INCISION SITE HYPERAESTHESIA,9
MUSCULOSKELETAL FOREIGN BODY,30
PAROXYSMAL SYMPATHETIC HYPERACTIVITY,73
DEVICE PROGRAMMING ERROR,311
INFUSION SITE LYMPHADENOPATHY,7
INTRACARDIAC PRESSURE INCREASED,86
JC POLYOMAVIRUS TEST,15
INFUSION SITE JOINT EFFUSION,1
OESTROGEN REPLACEMENT THERAPY,1
KERATITIS SCLEROSING,1
HEPATITIS A ANTIBODY ABNORMAL,18
SENSORY OVERLOAD,177
CD4 LYMPHOCYTE PERCENTAGE INCREASED,5
BIOPSY PARATHYROID GLAND,1
DENTOFACIAL FUNCTIONAL DISORDER,11
LARYNGEAL DILATION PROCEDURE,2
EPILEPSY SURGERY,25
CHRONIC RHINOSINUSITIS WITH NASAL POLYPS,139
SERUM COLOUR ABNORMAL,17
TUBEROUS SCLEROSIS COMPLEX,103
ACQUIRED APPARENT MINERALOCORTICOID EXCESS,59
CSF TEST,2
CYSTIC FIBROSIS GASTROINTESTINAL DISEASE,21
CSF OLIGOCLONAL BAND ABSENT,4
PARANASAL SINUS HYPOSECRETION,245
MEDICAL DEVICE SITE PLAQUE,4
KELL BLOOD GROUP POSITIVE,2
UTERINE DEHISCENCE,11
ORF,31
PARAPOX VIRUS INFECTION,7
GALLBLADDER CANCER STAGE II,31
NUT MIDLINE CARCINOMA,5
PREALBUMIN,1
SPLENIC HAMARTOMA,1
ANAPHYLAXIS TREATMENT,5
VITAMIN B2 INCREASED,2
CSF PROTEIN,3
JEJUNAL GANGRENE,2
APPARENT MINERALOCORTICOID EXCESS,56
CLINICAL TRIAL PARTICIPANT,57
WRONG DOSAGE FORM,67
INSULIN C-PEPTIDE,1
WALDENSTROM'S MACROGLOBULINAEMIA REFRACTORY,7
ATROPHIC THYROIDITIS,6
HANTAVIRAL INFECTION,16
ORTNER'S SYNDROME,3
FLAVOBACTERIUM INFECTION,38
FEMALE CONDOM,4
MANUFACTURING EQUIPMENT CLEANING ISSUE,5
MUCOSAL ROUGHNESS,7
IL-2 RECEPTOR ASSAY,1
ANASTOMOTIC INFECTION,34
SPLENIC VEIN ANEURYSM,2
MECONIUM INCREASED,3
COMPLEMENT FACTOR C4,3
LANGERHANS CELL SARCOMA,6
SUBCUTANEOUS DRUG ABSORPTION IMPAIRED,538
HYOID BONE SUSPENSION,2
NON-SMALL CELL LUNG CANCER STAGE 0,2
VACCINATION SITE PRURITUS,49
DUODENAL VARICES,19
MEDICAL DEVICE SITE MOVEMENT IMPAIRMENT,10
MECHANICAL ACNE,1
CENTRAL NERVOUS SYSTEM IMMUNE RECONSTITUTION INFLAMMATORY RESPONSE,42
PLASMIN INHIBITOR,1
HYPOPHARYNGEAL CANCER STAGE IV,4
AIDS RELATED COMPLEX,10
DEVICE EFFECT INCOMPLETE,32
CATHETERISATION CARDIAC NORMAL,5
COMPLETE ORAL REHABILITATION,1
MANUFACTURING PROCESS CONTROL PROCEDURE ISSUE,29
WALKING DISTANCE TEST,9
ANTABUSE IMPLANT,1
PSORIASIS AREA SEVERITY INDEX DECREASED,16
JUVENILE SPONDYLOARTHRITIS,16
FUNGAL LABYRINTHITIS,1
SPLENIC ARTERY STENOSIS,5
METALLOSIS OF GLOBE,8
SUBCHONDRAL INSUFFICIENCY FRACTURE,41
ORBITAL MYOSITIS,150
DERMATOFIBROSARCOMA PROTUBERANS METASTATIC,8
PULMONARY VALVE THICKENING,9
THYROXINE FREE NORMAL,4
FRACTIONAL EXHALED NITRIC OXIDE INCREASED,171
POORLY DIFFERENTIATED THYROID CARCINOMA,10
PROSTAGLANDIN ANALOGUE PERIORBITOPATHY,18
UGT1A1 GENE POLYMORPHISM,6
SINUPLASTY,35
LYMPHATIC MAPPING,4
WRONG PRODUCT STORED,282
COMPLEMENT FACTOR,3
BETA GLOBULIN,1
SPONTANEOUS INTRAHEPATIC PORTOSYSTEMIC VENOUS SHUNT,12
PERI-SPINAL HETEROTOPIC OSSIFICATION,6
TYPHUS,7
VACCINATION SITE HAEMORRHAGE,36
HYPERSENSITIVITY MYOCARDITIS,120
BILIARY-BRONCHIAL FISTULA,9
COMPRESSION GARMENT APPLICATION,9
SUPPLEMENTATION THERAPY,10
LARYNGEAL TREMOR,21
PROSTATIC VARICES,13
TRANSIENT NEONATAL PUSTULAR MELANOSIS,8
MYELOPEROXIDASE DEFICIENCY,6
INSTILLATION SITE NODULE,1
TRICHODYNIA,18
PULMONARY TUMOUR THROMBOTIC MICROANGIOPATHY,75
MICROVASCULAR CRANIAL NERVE PALSY,22
MENINGITIS MUMPS,1
TISSUE INJURY,420
RETROPERITONITIS,17
BONE MARROW BASOPHILIC LEUKOCYTE COUNT INCREASED,1
TUMOUR BUDDING,6
BRACHIOCEPHALIC ARTERY STENOSIS,22
SLEEP DEFICIT,2038
BAND NEUTROPHIL COUNT,1
MYELOCYTE COUNT,2
VERNAL KERATOCONJUNCTIVITIS,49
CSF VOLUME DECREASED,26
APPLICATION SITE GRANULOMA,2
XXX SYNDROME,4
BENIGN GENITOURINARY TRACT NEOPLASM,1
GARDNER-DIAMOND SYNDROME,5
RADIATION INFLAMMATION,80
CSF IMMUNOGLOBULIN DECREASED,1
OBTURATOR HERNIA,7
GUT FERMENTATION SYNDROME,41
MATURE B-CELL TYPE ACUTE LEUKAEMIA,3
SMALL INTESTINAL POLYPECTOMY,4
CEREBROHEPATORENAL SYNDROME,4
INJURY OF CONJUNCTIVA,7
BK POLYOMAVIRUS TEST POSITIVE,89
DEVICE BATTERY EXPLOSION,2
ULTRASOUND BILIARY TRACT ABNORMAL,5
HIGH-GRADE B-CELL LYMPHOMA,186
PERINEAL NECROSIS,40
TUMOUR CAVITATION,54
RENAL VEIN STENOSIS,8
FRACTURE BLISTERS,30
VITAMIN B12 NORMAL,3
BLADDER CANDIDIASIS,7
RADIATION CATARACT,3
CORONARY ARTERY COMPRESSION,25
DRUG-DEVICE INCOMPATIBILITY,33
INTERCEPTED ACCIDENTAL EXPOSURE TO PRODUCT BY CHILD,6
METASTATIC GLIOMA,7
HYPOKERATOSIS,4
ORTHOGNATHIC SURGERY,33
BLOOD COUNT NORMAL,5
TRYPTASE DECREASED,47
DOUBLE HIT LYMPHOMA,50
MUSCLE SUTURE,1
ENTEROBACTER TRACHEOBRONCHITIS,4
STRESS ECHOCARDIOGRAM,3
MONOBLAST COUNT INCREASED,3
ENDOCARDITIS HISTOPLASMA,13
BLOOD IMMUNOGLOBULIN G NORMAL,1
PSYCHOMOTOR DISADAPTATION SYNDROME,41
NEOSCYTALIDIUM INFECTION,15
VULVOVAGINITIS STAPHYLOCOCCAL,4
PUDENDAL NERVE TERMINAL MOTOR LATENCY TEST ABNORMAL,1
BENZODIAZEPINE DRUG LEVEL DECREASED,14
SPUTUM CULTURE,31
DIENTAMOEBA INFECTION,14
PANCREATIC ENZYMES NORMAL,1
ACQUIRED GROWTH HORMONE RESISTANCE,6
LASER BRAIN ABLATION,5
CHRONIC LYMPHOCYTIC INFLAMMATION WITH PONTINE PERIVASCULAR ENHANCEMENT RESPONSIVE TO STEROIDS,25
PNEUMOCOCCAL IMMUNISATION,6
NODULAR LYMPHOCYTE PREDOMINANT HODGKIN LYMPHOMA,28
DEFICIENCY OF THE INTERLEUKIN-36 RECEPTOR ANTAGONIST,1
TOOTH DISLOCATION,55
SUBGALEAL HAEMORRHAGE,12
CONGENITAL PANCREATIC ANOMALY,7
INCORRECT DOSE ADMINISTERED BY PRODUCT,1500
CSF WHITE BLOOD CELL COUNT,4
SKIN CULTURE POSITIVE,8
OESOPHAGEAL ADENOCARCINOMA STAGE 0,5
CARDIOVASCULAR EXAMINATION ABNORMAL,8
GUSTOMETRY ABNORMAL,1
BLOOD CORTICOSTERONE ABNORMAL,2
EX-DRUG ABUSER,24
SOUTHERN TICK-ASSOCIATED RASH ILLNESS,6
SERUM PROCOLLAGEN TYPE I N-TERMINAL PROPEPTIDE DECREASED,19
PARANEOPLASTIC NEPHROTIC SYNDROME,2
INFLAMMATION MASKED,7
DEVICE TELEMETRY ISSUE,4
CSF MEASLES ANTIBODY POSITIVE,12
ANTEMORTEM BLOOD DRUG LEVEL INCREASED,2
PREMATURE FOLLICULAR RIPENING,1
CONGENITAL VARICOCELE,1
ANTI-THYROID ANTIBODY NEGATIVE,3
POST TREATMENT LYME DISEASE SYNDROME,5
BRUDZINSKI'S SIGN,12
TRACTIONAL RETINAL DETACHMENT,108
WHITE BLOOD CELL COUNT NORMAL,6
UTERINE TACHYSYSTOLE,143
DISCHARGE,1349
CRANIAL NERVE DECOMPRESSION,18
DELAYED FOLLICULAR RIPENING,3
ADAMS-OLIVER SYNDROME,2
TESTICULAR MALIGNANT TERATOMA STAGE I,1
APPLICATION SITE LYMPHADENOPATHY,1
CAVERNOUS SINUS SYNDROME,27
FUNGAL DISEASE CARRIER,100
CSF LACTATE DEHYDROGENASE INCREASED,3
TRANSIENT LINGUAL PAPILLITIS,22
URINARY BLADDER SARCOMA,11
CHEMICAL PEEL OF SKIN,28
STOMA CREATION,664
FALLOPIAN TUBE STENOSIS,2
ARTERIOSCLEROTIC GANGRENE,10
ARTHROTOXICITY,5
PRIMARY SYPHILIS,18
FEAR-RELATED AVOIDANCE OF ACTIVITIES,152
HANGING,181
POPLITEAL PULSE INCREASED,1
MESENTERIC ARTERY ANEURYSM,14
PHARYNGEAL CANCER STAGE III,2
LYMPHOBLASTOSIS,3
OLIGOASTHENOTERATOZOOSPERMIA,11
PRION DISEASE,8
RELAPSING MULTIPLE SCLEROSIS,302
AFFECTIVE AMBIVALENCE,9
INADEQUATE HOUSING,7
GLAUCOMA DRAINAGE DEVICE PLACEMENT,56
MALACOPLAKIA,387
TISSUE IRRITATION,33
OVARIAN GERM CELL TUMOUR,5
SKIN WEEPING,3283
PRECANCEROUS LESION EXCISION,26
BLADDER SCAN,1
RED BLOOD CELL SICKLED CELLS PRESENT,3
BLOOD LEAD,2
BLOOD ALKALINE PHOSPHATASE NORMAL,2
BLOOD SODIUM NORMAL,1
INFUSION SITE HYPERTRICHOSIS,3
CAPILLARY NAIL REFILL TEST,4
BREATH SOUNDS NORMAL,5
MALIGNANT GIANT CELL FIBROUS HISTIOCYTOMA,1
VASCULAR DEVICE OCCLUSION,332
CEREBELLAR MUTISM,8
GOOD SYNDROME,18
PERFORATION OF GREAT VESSELS,2
PENILE ODOUR,24
DRUG DISPENSING ISSUE,19
PULMONARY NOCARDIOSIS,807
PROCEDURAL SHOCK,36
MIXED ANXIETY AND DEPRESSIVE DISORDER,352
CORNEAL EPITHELIAL WRINKLING,10
PHAEOHYPHOMYCOSIS,453
FAILURE TO SUSPEND MEDICATION,204
AUTOIMMUNE LUNG DISEASE,114
PERIORBITAL INFLAMMATION,225
LIPOLYSIS PROCEDURE,6
DEPRESCRIBING ERROR,64
VASCULAR DEVICE INFECTION,4457
ACRODYSOSTOSIS,2
TUMOUR HYPERPROGRESSION,232
ENTERIC NEUROPATHY,30
HYDROXYPROLINAEMIA,2
CONTRAST MEDIA TOXICITY,127
FATAL FAMILIAL INSOMNIA,5
B-CELL SMALL LYMPHOCYTIC LYMPHOMA REFRACTORY,2
PHLEBOVIRUS TEST POSITIVE,3
AIRWAY REMODELLING,123
PHARYNGEAL RECONSTRUCTION,5
PRODUCT DISPENSING ERROR,21462
ADMINISTRATION SITE VASCULITIS,5
PRODUCT DESIGN ISSUE,671
RHINOTRACHEITIS,8
AUTOIMMUNE ANAEMIA,54
VASCULAR HYALINOSIS,79
DRUG DOSE OMISSION BY DEVICE,75594
ANIMAL ATTACK,81
BLOOD COBALT INCREASED,12
BASOPHIL COUNT,6
PAIN ASSESSMENT,31
PHAEOHYPHOMYCOTIC BRAIN ABSCESS,31
PARVIMONAS TEST POSITIVE,7
VEILLONELLA TEST POSITIVE,6
ACUTE CARDIAC EVENT,169
TISSUE INFILTRATION,289
APPLICATION SITE JOINT SWELLING,5
MARSUPIALISATION,5
ADULTERATED PRODUCT,190
BOLIVIAN HAEMORRHAGIC FEVER,1
WALL MOTION SCORE INDEX ABNORMAL,109
PROPHYLAXIS AGAINST GRAFT VERSUS HOST DISEASE,2
PSEUDOFRACTURE,19
POSTCRICOID CANCER,1
MYH9-RELATED DISEASE,1
RADIATION LEUKOPENIA,3
ADMINISTRATION SITE ATROPHY,4
MYOCARDITIS MYCOTIC,17
INADEQUATE OSTEOINTEGRATION,11
SPONTANEOUS HEPARIN-INDUCED THROMBOCYTOPENIA SYNDROME,14
CUTANEOUS NOCARDIOSIS,127
ARTERIAL BYPASS STENOSIS,2
ADMINISTRATION SITE DERMATITIS,6
PROTEIN INDUCED BY VITAMIN K ABSENCE OR ANTAGONIST II,1
LYMPHOCYTE ADOPTIVE THERAPY,276
BLOOD IRON NORMAL,1
VISUOSPATIAL DEFICIT,86
MALIGNANT MIDDLE EAR NEOPLASM,2
HUMAN PAPILLOMA VIRUS TEST NEGATIVE,1
PLATELETCRIT ABNORMAL,7
GRAY MATTER HETEROTOPIA,1
IDIOPATHIC GUTTATE HYPOMELANOSIS,8
EXTRA-AXIAL HAEMORRHAGE,17
OXIDATIVE STRESS,94
NERVOUS SYSTEM INJURY,68
INSPIRATORY CAPACITY INCREASED,2
AMBLYOPIA STRABISMIC,4
SUPERIOR SEMICIRCULAR CANAL DEHISCENCE,22
ASTHMA PROPHYLAXIS,18
ADRENAL MEDULLA HYPERFUNCTION,1
HERPES SIMPLEX VIRAEMIA,121
GASTROINTESTINAL ADENOCARCINOMA,46
URINARY TRACT ADHESIONS,18
EOSINOPHILS URINE,3
CYTOMEGALOVIRUS MYOCARDITIS,28
CONGENITAL METHAEMOGLOBINAEMIA,10
VIBRIO VULNIFICUS INFECTION,17
WEDGED HEPATIC VENOUS PRESSURE,1
DEHISCENCE,187
MEDICAL DEVICE SITE BURN,22
GENETIC COUNSELLING,1
RED BLOOD CELL ENZYMES ABNORMAL,2
PAGET'S DISEASE OF PENIS,2
ESCHERICHIA TEST NEGATIVE,1
CARDIAC STRESS TEST NORMAL,1
FALLOPIAN TUBE SPASM,1
BONE MARROW HARVEST FAILURE,3
HEPATITIS NON-A NON-B NON-C,1
BETA 2 MICROGLOBULIN URINE,3
ACNE VARIOLIFORMIS,2
SERUM ASCITES ALBUMIN GRADIENT,3
CUTANEOUS ANTHRAX,4
URINE IRON INCREASED,4
ORBITAL COMPARTMENT SYNDROME,55
BENIGN ENLARGEMENT OF THE SUBARACHNOID SPACES,27
AMYLASE NORMAL,1
REFRACTIVE AMBLYOPIA,8
INFUSION SITE JOINT MOVEMENT IMPAIRMENT,9
AORTA COARCTATION REPAIR,3
COSTELLO SYNDROME,2
CARDIAC GRANULOMA,7
HYPERGLYCINAEMIA,30
STOOL PH INCREASED,6
GLYCOSURIA DURING PREGNANCY,1
PLATYSPONDYLIA,7
ACUTE LEUKAEMIA IN REMISSION,3
GASTRIC FLUID ANALYSIS ABNORMAL,14
OEDEMA BLISTER,52
RADIAL PULSE INCREASED,3
LARYNGEAL CYST REMOVAL,1
DRUG TROUGH LEVEL,40
BILATERAL ORCHIDECTOMY,9
SITOPHOBIA,8
LIGAMENTUM FLAVUM HYPERTROPHY,44
REBOUND ATOPIC DERMATITIS,2012
GLUTATHIONE SYNTHETASE DEFICIENCY,23
LAMIN A/C GENE MUTATION,1
ANTI-COMPLEMENT ANTIBODY,6
PLASMABLAST COUNT INCREASED,11
VOCAL CORD AUGMENTATION,8
CERVICITIS GONOCOCCAL,2
CITROBACTER BACTERAEMIA,34
OESOPHAGEAL CYST,9
BIOPSY CHORIONIC VILLOUS ABNORMAL,8
VULVOVAGINAL ADENOSIS,4
ALBUMIN GLOBULIN RATIO,2
URINARY CALCULUS REMOVAL,4
CSF HIV ESCAPE SYNDROME,138
PRODUCT DESIGN CONFUSION,102
GASTRIC MUCOSAL CALCINOSIS,5
HYPOINSULINAEMIA POSTOPERATIVE,1
B-CELL APLASIA,251
HUMAN ANTI-MOUSE ANTIBODY INCREASED,2
REMOVAL OF FOREIGN BODY FROM NOSE,1
BLOOD CREATININE NORMAL,5
LUPUS MYOSITIS,8
MEDICATION CRYSTALS IN URINE PRESENT,14
ANTI-EPITHELIAL ANTIBODY,1
RISK OF FUTURE PREGNANCY MISCARRIAGE,16
CARDIOPULMONARY EXERCISE TEST ABNORMAL,25
CARTILAGE-HAIR HYPOPLASIA,3
INFUSION SITE JOINT SWELLING,6
TRACHEAL DILATION PROCEDURE,8
NEUROENDOCRINE CARCINOMA OF THE BLADDER,7
MEDIUM-CHAIN ACYL-COENZYME A DEHYDROGENASE DEFICIENCY,21
PRIMITIVE REFLEX TEST,4
INFUSION SITE MACULE,5
WRONG PRODUCT PROCURED,62
OESOPHAGEAL ANASTOMOSIS,6
INFUSION SITE HYPERAESTHESIA,19
PRODUCT PRIMARY PACKAGING ISSUE,103
PERIPHERAL ARTERY HAEMATOMA,28
VASCULAR COMPRESSION THERAPY,1
DUPLICATE THERAPY ERROR,315
CARDIAC HERNIATION,5
ENDOCARDIAL VARICES,2
VAGINAL CUFF DEHISCENCE,27
INSTILLATION SITE PUSTULES,4
BISEXUALITY,4
RELAXATION THERAPY,2
MACROPROLACTINAEMIA,8
LYMPHOPLASMACYTOID LYMPHOMA/IMMUNOCYTOMA STAGE III,1
DENGUE HAEMORRHAGIC FEVER,63
FALLOPIAN TUBE LEIOMYOMA,3
3-HYDROXYACETYL-COENZYME A DEHYDROGENASE DEFICIENCY,5
CONGENITAL CARDIOVASCULAR ANOMALY REPAIR,4
SEPTIC ARTHRITIS STREPTOBACILLUS,4
GENITAL ODOUR,59
GRANULOMATOUS ROSACEA,49
WRONG DOSAGE FORMULATION,122
FACTOR XA ACTIVITY INCREASED,22
LEFT VENTRICULAR DIASTOLIC COLLAPSE,4
LUTEINISING UNRUPTURED FOLLICLE SYNDROME,5
SOCIAL ALCOHOL DRINKER,2
SALIVARY GLAND CALCULUS REMOVAL,2
VESTIBULOCEREBELLAR SYNDROME,3
OSTEOFIBROMA,7
LABOUR STIMULATION,2
APHAKIA CONGENITAL,1
RETRO-PUBIC PROSTATECTOMY,1
SMALL AIRWAYS DISEASE,91
TISSUE RUPTURE,50
PARASITIC PNEUMONIA,29
LARYNGEAL PROSTHESIS PLACEMENT,4
POSTMORTEM BLOOD DRUG LEVEL,59
MEDICAL DEVICE SITE CYST,5
SALIVARY DUCT STENOSIS,4
STROKE-LIKE MIGRAINE ATTACKS AFTER RADIATION THERAPY,10
INTRINSIC FACTOR ANTIBODY POSITIVE,2
DEVICE EFFECT VARIABLE,18
BEZOLD ABSCESS,7
BLOOD FIBRINOGEN,4
WITHDRAWAL CATATONIA,222
REINFUSION,3
IPEX SYNDROME,14
METAPHYSEAL CORNER FRACTURE,20
ENZYME LEVEL TEST,2
TONGUE CARCINOMA STAGE II,33
GASTROINTESTINAL EXAMINATION NORMAL,5
CHROMOPHOBE RENAL CELL CARCINOMA,45
PERITONEAL LAVAGE,3
ARTIFICIAL INSEMINATION,7
PRIMARY BREAST LYMPHOMA,16
URETHRITIS MYCOPLASMAL,7
ANALGESIC DRUG LEVEL THERAPEUTIC,6
BRAIN SARCOMA,30
CILIARY BODY OPERATION,11
ATRIAL APPENDAGE RESECTION,5
ANODONTIA,12
ENTHESOPHYTE,42
HAEMATOLOGY TEST,4
SPONTANEOUS HYPHAEMA,21
FORCED VITAL CAPACITY,7
PSEUDOHYPOALDOSTERONISM,27
FRYNS SYNDROME,13
MINIMUM INHIBITORY CONCENTRATION INCREASED,20
LARYNGEAL MASK AIRWAY INSERTION,3
UTERINE CERVIX HYPERPLASIA,4
GLAUCOMA DRUG THERAPY,1
ACCELEROMYOGRAPHY,3
SARCOMATOID CARCINOMA,55
DOPA-RESPONSIVE DYSTONIA,3
SYSTEMIC TOXICITY,199
"CYSTIC EYEBALL, CONGENITAL",8
ALDOSTERONE URINE INCREASED,1
MALIGNANT NEOPLASM OF ORBIT,7
HIV TROPISM IDENTIFIED,2
PRIMARY PULMONARY MELANOMA,13
PARACENTESIS EYE ABNORMAL,4
BENZODIAZEPINE DRUG LEVEL ABNORMAL,21
MALIGNANT JOINT NEOPLASM,15
BLOOD CALCIUM NORMAL,3
BLOOD IMMUNOGLOBULIN D INCREASED,6
DENTATORUBRAL-PALLIDOLUYSIAN ATROPHY,1
PERICARDITIS MYCOPLASMAL,4
MARINE LENHART SYNDROME,5
BETA 2 MICROGLOBULIN DECREASED,5
TRANSVALVULAR PRESSURE GRADIENT INCREASED,44
BLOOD TYPE INCOMPATIBILITY,8
ADRENAL ANDROGEN DEFICIENCY,5
OSTEOPHYTE FRACTURE,28
AMNIOTIC FLUID VOLUME,1
HERPES SIMPLEX MENINGOMYELITIS,11
MASKED FEVER,13
ADMINISTRATION SITE PLAQUE,10
PREVERTEBRAL SOFT TISSUE SWELLING OF CERVICAL SPACE,11
GALLBLADDER HYPERFUNCTION,11
KLEEFSTRA SYNDROME,9
MYSOPHOBIA,12
EXPLODING HEAD SYNDROME,33
HEPATITIS B E ANTIGEN NEGATIVE,4
WOLFRAM SYNDROME,4
OTOPLASTY,6
PARAINFLUENZAE VIRAL LARYNGOTRACHEOBRONCHITIS,2
NUCLEAR MAGNETIC RESONANCE IMAGING NECK,2
EXPOSURE TO HOUSEHOLD CHEMICALS,31
PULMONARY PARACOCCIDIOIDOMYCOSIS,9
BK POLYOMAVIRUS TEST,2
PSEUDOTHROMBOPHLEBITIS,2
AEROPHOBIA,8
FLOW CYTOMETRY,4
INTRA-OCULAR INJECTION COMPLICATION,225
XERODERMA PIGMENTOSUM,2
PRODUCT DOSE OMISSION,65353
HAEMOPHAGOCYTIC LYMPHOHISTIOCYTOSIS,7131
INAPPROPRIATE SCHEDULE OF PRODUCT ADMINISTRATION,174473
PHYSICAL DECONDITIONING,2472
PRODUCT PRESCRIBING ERROR,23366
PRODUCT ADMINISTRATION ERROR,19697
SWELLING OF EYELID,6021
DERMATOCHALASIS,143
VIRAL DISEASE CARRIER,12
STEROID DIABETES,1440
INCORRECT ROUTE OF PRODUCT ADMINISTRATION,16586
INCORRECT PRODUCT ADMINISTRATION DURATION,20027
PRODUCT COMPLAINT,24630
GASTRIC XANTHOMA,19
SKIN LACERATION,8499
COAGULATION FACTOR XIII LEVEL ABNORMAL,2
WRONG PRODUCT ADMINISTERED,6553
ECTOPIC GASTRIC MUCOSA,30
LITHIASIS,294
MORNING SICKNESS,534
PHYTOSTEROL LEVEL INCREASED,2
POOR QUALITY PRODUCT ADMINISTERED,10089
GONOCOCCAL INFECTION,62
INFUSION SITE JOINT DISCOMFORT,4
HUMAN CHORIONIC GONADOTROPIN,3
RECALLED PRODUCT ADMINISTERED,8692
OTOLITHIASIS,48
HEREDITARY ANGIOEDEMA WITH C1 ESTERASE INHIBITOR DEFICIENCY,35
CENTRAL CORD SYNDROME,18
EUBACTERIUM INFECTION,17
PERIORBITAL SWELLING,5415
GLYCOSYLATED HAEMOGLOBIN ABNORMAL,1168
CATHETER SITE ECZEMA,6
PRODUCT ADMINISTERED TO PATIENT OF INAPPROPRIATE AGE,5930
RIGHT VENTRICULAR FALSE TENDON,13
BEHAVIOURAL INSOMNIA OF CHILDHOOD,2
CENTRAL NERVOUS SYSTEM VASCULITIS,482
COELIAC ARTERY ANEURYSM,24
BONE SEQUESTRUM,152
GALLBLADDER VOLVULUS,6
WAIST CIRCUMFERENCE,2
LARYNGEAL KERATOTIC PLAQUE,1
GENERAL PHYSICAL CONDITION DECREASED,190
PRODUCT PREPARATION ISSUE,5752
PRODUCT RESIDUE PRESENT,5233
CONTRAINDICATED PRODUCT PRESCRIBED,1649
PRODUCT MONITORING ERROR,1416
GASTROINTESTINAL PROCEDURAL COMPLICATION,261
FOURNIER'S GANGRENE,2394
SENSITIVE SKIN,7147
FACTOR XA ACTIVITY DECREASED,4
HEREDITARY NEUROPATHY WITH LIABILITY TO PRESSURE PALSIES,5
SEGMENTAL DIVERTICULAR COLITIS,36
BRONCHITIS MYCOPLASMAL,15
GASTROINTESTINAL SCARRING,693
WRONG PATIENT RECEIVED PRODUCT,2823
GALLBLADDER RUPTURE,445
BIOPSY PERIPHERAL NERVE ABNORMAL,1
RESPIRATORY TRACT PROCEDURAL COMPLICATION,52
DIFFERENTIATION SYNDROME,706
MICROWAVE THERAPY,2
INTERCEPTED PRODUCT ADMINISTRATION ERROR,7619
CONGENITAL CHYLOTHORAX,6
AUTOIMMUNE ENTEROPATHY,79
HEAD AND NECK CANCER STAGE II,4
CYSTATIN C ABNORMAL,10
GRANULOMA GLUTEALE INFANTUM,2
MELANOPLAKIA ORAL,1
FREE HAEMOGLOBIN,1
ANTI-SRP ANTIBODY POSITIVE,9
BACTERIAL BLEPHARITIS,7
VIRAL KERATOUVEITIS,8
INTERCEPTED PRODUCT PRESCRIBING ERROR,1279
SPINAL RETROLISTHESIS,29
PRODUCT ADMINISTRATION INTERRUPTED,7570
ANTI-HLA ANTIBODY TEST POSITIVE,16
PARACANCEROUS PNEUMONIA,6
INTRAOCULAR LENS REPOSITIONING,1
DISCONTINUED PRODUCT ADMINISTERED,320
NASAL EOSINOPHILS PRESENT,2
CULTURE URINE,6
PORTOENTEROSTOMY,1
IRIS OPERATION,4
CYP2D6 GENE STATUS ASSAY,4
FLUID BALANCE NEGATIVE,11
UREAPLASMAL VULVOVAGINITIS,4
PALMOPLANTAR PUSTULOSIS,504
RECTOSIGMOID CANCER STAGE IV,5
IMAGING PROCEDURE ARTIFACT,15
FASCIOLOPSIASIS,4
INTERCEPTED PRODUCT DISPENSING ERROR,1601
MYELOBLAST COUNT,2
ACTINOMYCOTIC SEPSIS,25
SALVAGE THERAPY,4
STOOL PH DECREASED,12
CHORIOAMNIOTIC SEPARATION,8
CIRCUMORAL SWELLING,121
PANTOTHENIC ACID DEFICIENCY,3
THYMIC CYST,19
CARDIOVASCULAR EXAMINATION,6
REVERSAL OF SEDATION,18
DIABETIC WOUND,90
LICHEN PLANOPILARIS,117
ANGIOIMMUNOBLASTIC T-CELL LYMPHOMA STAGE IV,28
HYPOPHOSPHATAEMIC OSTEOMALACIA,259
DELAYED LIGHT ADAPTATION,20
SMALL INTESTINE CARCINOMA STAGE II,66
ADMINISTRATION SITE JOINT MOVEMENT IMPAIRMENT,4
HERPES ZOSTER MENINGORADICULITIS,11
SYNOVIAL SARCOMA RECURRENT,4
HIV ANTIBODY,1
SKIN DISORDER PROPHYLAXIS,2
CHILDHOOD ASTHMA,30
PRODUCT DISPENSING ISSUE,3531
CHEST SCAN,5
NEONATAL DEAFNESS,17
HYPERREACTIO LUTEINALIS,7
CONGENITAL NIPPLE ANOMALY,21
ELECTROCARDIOGRAM U-WAVE PROMINENT,5
SUSPECTED PRODUCT QUALITY ISSUE,1748
HIV INFECTION CDC GROUP III,2
HIV INFECTION CDC GROUP II,2
INJECTION SITE HYPERTRICHOSIS,2
OTITIS MEDIA STAPHYLOCOCCAL,10
URINARY GLYCOSAMINOGLYCANS,3
SUPERINFECTION MYCOBACTERIAL,4
OTITIS MEDIA HAEMOPHILUS,2
EXTRASKELETAL OSTEOSARCOMA METASTATIC,2
EPIDURAL EMPYEMA,2
ANTI-INFECTIVE THERAPY,3
PARASYMPATHETIC NERVE INJURY,10
DRUG DELIVERY SYSTEM REMOVAL,113
HAEMORRHAGIC VARICELLA SYNDROME,19
AUTOIMMUNE PERICARDITIS,20
TERM BABY,9
INTENTIONAL MISUSE OF DRUG DELIVERY SYSTEM,78
NEURO-OPHTHALMOLOGICAL TEST ABNORMAL,2
URINARY SEDIMENT,56
TRANSFERRIN SATURATION ABNORMAL,15
EMPTY NEST SYNDROME,3
INCORRECT PRODUCT DOSAGE FORM ADMINISTERED,397
FACTOR XA ACTIVITY ABNORMAL,5
IMPLANTATION COMPLICATION,202
RETINOPATHY HYPERVISCOSITY,2
GASTRIC RESIDUAL INCREASED,28
BLOOD CALCITONIN,2
HAEMOPHILIA A WITH ANTI FACTOR VIII,7
OESOPHAGOSCOPY,4
NEUROLOGICAL PROCEDURAL COMPLICATION,127
FEMORAL RETROVERSION,1
ADMINISTRATION SITE MACULE,1
SINGLE COMPONENT OF A TWO-COMPONENT PRODUCT ADMINISTERED,86
CADASIL,14
THERMAL ABLATION,13
AORTIC ROOT COMPRESSION,1
CHONDROBLASTOMA,7
NASAL CREASE,3
SECOND TRIMESTER PREGNANCY,2
ANTIENDOMYSIAL ANTIBODY POSITIVE,2
NEGATIVE PRESSURE PULMONARY OEDEMA,92
MALIGNANT GASTROINTESTINAL OBSTRUCTION,81
WRONG RATE,84
IMMATURE GRANULOCYTE COUNT INCREASED,275
VACCINATION SITE ULCER,4
HOMEOPATHY,1
BANKART LESION,10
ULCERATIVE DUODENITIS,40
SPLENIC PELIOSIS,11
DEGENERATIVE BONE DISEASE,437
ANTI FACTOR VIII ANTIBODY NEGATIVE,6
RED BLOOD CELL SCHISTOCYTES,14
PROCEDURAL FAILURE,172
MUSCULOSKELETAL PROCEDURAL COMPLICATION,66
INTENSIVE CARE UNIT DELIRIUM,47
SYNAESTHESIA,26
PIK3CA-ACTIVATED MUTATION,322
NEURONAL MIGRATION DISORDER,16
NAIL APLASIA,15
LABIAL TIE,11
BREVIBACTERIUM INFECTION,9
SEBACEOUS ADENITIS,8
SUSPECTED SUICIDE ATTEMPT,560
BLOOD TRIGLYCERIDES NORMAL,3
DEVICE ELECTRICAL IMPEDANCE ISSUE,20
URINE COTININE TEST,1
WELL EDUCATED,1
MALIGNANT HYDATIDIFORM MOLE,3
PHARYNGEAL DYSTONIA,23
FONTAN PROCEDURE,10
CONJUNCTIVAL RETRACTION,15
NASAL CAVITY PACKING REMOVAL,2
PRODUCT USE IN UNAPPROVED THERAPEUTIC ENVIRONMENT,819
RED BLOOD CELL AGGLUTINATION PRESENT,2
FEV1/FVC RATIO ABNORMAL,37
FRACTIONAL EXHALED NITRIC OXIDE ABNORMAL,16
INDETERMINATE PREGNANCY TEST RESULT,4
STIFF TONGUE,79
COMPLICATED APPENDICITIS,115
STREPTOCOCCAL IMPETIGO,3
ELECTROCARDIOGRAM PQ INTERVAL,1
HER2 GENE AMPLIFICATION,15
SKIN LESION INFLAMMATION,124
EXPOSURE VIA MUCOSA,53
LISTERAEMIA,24
CAR T-CELL-RELATED ENCEPHALOPATHY SYNDROME,124
ACTIVATED PI3 KINASE DELTA SYNDROME,22
MEDICAL COUNSELLING,5
TIDAL VOLUME INCREASED,6
ASYMMETRIC DI-METHYLARGININE INCREASED,1
HELIOTROPE RASH,49
SCAPHOLUNATE DISSOCIATION,12
BRONCHIAL ANASTOMOSIS,3
UVEAL MELANOMA,56
HYPERAROUSAL,79
CUTANEOUS BLASTOMYCOSIS,39
CENTRAL VISION LOSS,213
GENITAL DISCOLOURATION,65
LYMPHOPLASMACYTOID LYMPHOMA/IMMUNOCYTOMA STAGE I,1
COMPLICATION OF DRUG DELIVERY SYSTEM REMOVAL,4
COAGULATION FACTOR X LEVEL NORMAL,1
SPINAL SYNOVIAL CYST,100
PARANEOPLASTIC GLOMERULONEPHRITIS,4
HYPERMUTATION,136
VENOUS OXYGEN PARTIAL PRESSURE ABNORMAL,3
VENOUS OXYGEN SATURATION ABNORMAL,5
OVARIAN DYSGERMINOMA STAGE III,1
ELECTRONYSTAGMOGRAM ABNORMAL,2
HYPERCHYLOMICRONAEMIA,28
PLASMODIUM OVALE INFECTION,4
CENTRAL NERVOUS SYSTEM INJURY,64
NEUROGENIC TUMOUR,13
HLA-A*3101 ASSAY POSITIVE,1
CILIARY BODY MELANOMA,8
MESENTERIC CYST,13
PLEUROPULMONARY BLASTOMA,10
ADHESIVE TAPE USE,364
TRYPANOSOMIASIS,2
ACUTE OESOPHAGEAL MUCOSAL LESION,55
PULMONARY ECHINOCOCCIASIS,4
BREAST PROCEDURAL COMPLICATION,17
SPLENIC FLEXURE MOBILISATION,2
EARLY ADULT TRANSITION,1
URACHAL ABSCESS,3
BING-NEEL SYNDROME,38
REBOUND ACID HYPERSECRETION,3027
THYROID STIMULATING HORMONE-PRODUCING PITUITARY TUMOUR,2
ACQUIRED POROKERATOSIS,26
FEV1/FVC RATIO DECREASED,119
LOW DENSITY LIPOPROTEIN APHERESIS,3
WELLENS' SYNDROME,33
AIDS CHOLANGIOPATHY,8
LYMPHOBLAST COUNT,2
UROBILINOGEN FAECES DECREASED,1
HAEMOGLOBIN C TRAIT,2
DELIVERY OUTSIDE HEALTH FACILITY,4
FOETAL BIOPHYSICAL PROFILE SCORE ABNORMAL,31
HEPATIC VENOUS PRESSURE GRADIENT,2
CEPHALIN FLOCCULATION ABNORMAL,2
NUTRITIONAL CONDITION NORMAL,3
CROWN LENGTHENING,5
DENTAL LOCAL ANAESTHESIA,1
OCCLUSAL ADJUSTMENT,1
BIOPSY URETHRA,1
PRETERNATURAL ANUS,12
HYPERGLUCAGONAEMIA,2
SCAPULAR DYSKINESIS,7
REPRODUCTIVE TRACT PROCEDURAL COMPLICATION,21
RECTOPROSTATIC FISTULA,3
INCISION SITE VESSEL OCCLUSION,1
ENCEPHALOLITH,2
MUSCLE TENSION DYSPHONIA,78
CONGENITAL HAEMATOLOGICAL DISORDER,10
MEDICAL DEVICE SITE ECZEMA,5
EYELASH HYPOPIGMENTATION,7
CARBON DIOXIDE COMBINING POWER ABNORMAL,4
GLYCOCHOLIC ACID INCREASED,8
VENOLYMPHATIC MALFORMATION,11
ARGON PLASMA COAGULATION,8
HODGKIN'S DISEASE MIXED CELLULARITY STAGE II SUPRADIAPHRAGMATIC,2
MILKER'S NODULES,3
TESTICULAR EMBRYONAL CARCINOMA STAGE III,1
GOLLOP-WOLFGANG COMPLEX,1
PALATOPLASTY,9
YAWS,3
PHARYNGEAL PERFORATION,15
SCLEROSING PNEUMOCYTOMA,3
ANTI-THROMBIN ANTIBODY,4
ABDOMINAL X-RAY,5
DIGESTIVE ENZYME INCREASED,9
FACTOR X INHIBITION,1
PROTOTHECOSIS,93
CONJUNCTIVOPLASTY,1
DERMATOPHAGIA,7
FAMILIAL HEMIPLEGIC MIGRAINE,3
DEVICE POSITION TEST,2
ALPHA HYDROXYBUTYRATE DEHYDROGENASE DECREASED,2
LIPOPROTEIN (A) DECREASED,26
FAT EMBOLISM SYNDROME,55
FOURTH DEGREE CHEMICAL BURN OF SKIN,2
LYMPHOID TISSUE HYPOPLASIA,147
PHARYNGEAL EXFOLIATION,4
LARGE CELL LUNG CANCER RECURRENT,2
SPLEEN PROCEDURAL COMPLICATION,8
VASCULAR WALL DISCOLOURATION,7
GASTRIC PACEMAKER INSERTION,7
PERTHES DISEASE,35
PTEN GENE MUTATION,7
ADENOVIRAL ENCEPHALITIS,11
ANTI-INSULIN ANTIBODY DECREASED,1
LYMPHATIC INSUFFICIENCY,5
TARTRATE-RESISTANT ACID PHOSPHATASE INCREASED,16
PERITONEAL MESOTHELIAL HYPERPLASIA,6
CARDIAC TERATOMA,1
URTICARIA AQUAGENIC,28
SNAPPING HIP SYNDROME,28
DIAPHRAGMATIC PACEMAKER INSERTION,1
PNEUMONIA HELMINTHIC,1
TRANSIENT EPILEPTIC AMNESIA,8
VIRAL CORNEAL ULCER,11
SCROTAL EXFOLIATION,20
HTLV-1 CARRIER,5
CARCINOID TUMOUR OF THE LIVER,24
IMMUNOMODULATORY THERAPY,4
INTRA-CRANIAL LESION EXCISION,3
NECK DISSECTION,23
ACROKERATOSIS PARANEOPLASTICA,9
UROTHELIUM EROSION,10
X-RAY WITH CONTRAST LOWER GASTROINTESTINAL TRACT,4
JUVENILE ANGIOFIBROMA,6
URETEROSCOPY ABNORMAL,1
INJECTION SITE ALOPECIA,43
DERMAL FILLER OVERCORRECTION,3
INTENTIONAL REMOVAL OF DRUG DELIVERY SYSTEM BY PATIENT,63
RECRUDESCENT TYPHUS,3
SERPIGINOUS CHOROIDITIS,48
PRIMARY PROGRESSIVE APHASIA,23
FMS-LIKE TYROSINE KINASE 3 POSITIVE,3
TONGUE CARCINOMA STAGE III,33
HEPATIC LYMPHOCYTIC INFILTRATION,11
AMNIOTIC FLUID INDEX INCREASED,18
PRIMARY FAMILIAL BRAIN CALCIFICATION,28
ACQUIRED DIGITAL FIBROKERATOMA,2
PERIVENTRICULAR HAEMORRHAGE NEONATAL,9
PLETHYSMOGRAPHY,25
"ACUTE ENCEPHALITIS WITH REFRACTORY, REPETITIVE PARTIAL SEIZURES",14
PROVISIONAL TIC DISORDER,6
PARASITE STOOL TEST NEGATIVE,6
MYOSITIS-LIKE SYNDROME,10
BIOPTIC EYE SURGERY,2
EOSINOPHILIC OTITIS MEDIA,34
CSF LACTATE ABNORMAL,1
CSF RED BLOOD CELL COUNT,1
VAGINAL RELAXATION,3
OBSTETRIC INFECTION,1
RENAL SYMPATHETIC NERVE ABLATION,6
NATURAL KILLER CELL ACTIVITY DECREASED,13
H3N2 INFLUENZA,33
UROBILINURIA,1
ACUTE MYELOID LEUKAEMIA REFRACTORY,166
ANTI-SACCHAROMYCES CEREVISIAE ANTIBODY TEST POSITIVE,7
MAGIC SYNDROME,11
KOEPPE NODULES,3
EVIDENCE BASED TREATMENT,4
NASOPHARYNGEAL POLYP,5
ESCHERICHIA TEST,2
EXCESSIVE DYNAMIC AIRWAY COLLAPSE,25
MONOBLAST COUNT DECREASED,1
ANKLE BRACHIAL INDEX INCREASED,1
CATECHOLAMINE CRISIS,34
KINESITHERAPY,1
CAPNOCYTOPHAGA SEPSIS,29
NON-PROLIFERATIVE RETINOPATHY,19
PROSTATIC URETHRAL LIFT PROCEDURE,20
URINARY HEXOSE TETRASACCHARIDE INCREASED,36
PSYCHIATRIC DISORDER PROPHYLAXIS,6
NON-DIPPING,4
PUPILLARY LIGHT REFLEX TESTS,2
JANEWAY LESION,11
NASOPHARYNGEAL CANCER METASTATIC,10
MANUFACTURING STABILITY TESTING ISSUE,6
CUTANEOUS MALACOPLAKIA,51
CAPSULAR WARNING SYNDROME,12
NONINFECTIVE BARTHOLINITIS,3
FREE THYROXINE INDEX INCREASED,3
OBESITY CARDIOMYOPATHY,2
CRICOPHARYNGEAL MYOTOMY,1
MEDICAL DEVICE SITE STREAKING,1
PROCRASTINATION,44
OSLER'S NODES,8
ADJACENT SEGMENT DEGENERATION,25
MEDICAL DEVICE SITE HYPERKERATOSIS,5
CANVAS SYNDROME,4
OESOPHAGOGASTRECTOMY,4
ANTERIOR CAPSULAR RUPTURE,7
SPINAL SEGMENTAL DYSFUNCTION,12
SMEAR TEST,6
ISCHIATIC HERNIA,1
AMNIOTIC FLUID INDEX,1
BIOPSY VOCAL CORD ABNORMAL,1
SPINAL STENOSIS,4030
THERAPEUTIC PRODUCT EFFECT PROLONGED,442
THERAPEUTIC PRODUCT EFFECT INCOMPLETE,69783
NEWBORN PERSISTENT PULMONARY HYPERTENSION,277
THERAPEUTIC PRODUCT EFFECT DECREASED,43801
HYPERTENSIVE URGENCY,508
TASTE DISORDER,19777
THERAPEUTIC PRODUCT EFFECT VARIABLE,3768
HYPERPLASIA ADRENAL,62
BLOOD LOSS ANAEMIA,2202
THERAPEUTIC PRODUCT EFFECT DELAYED,4450
THERAPEUTIC PRODUCT EFFECT INCREASED,1126
CATHETER SITE IRRITATION,315
PHANTOM LIMB SYNDROME,185
HYPERSENSITIVITY PNEUMONITIS,1117
MUCOSAL DISORDER,980
PHARYNGEAL SWELLING,9448
BEHAVIOUR DISORDER,5237
LARGE INTESTINE INFECTION,1188
KINESIOPHOBIA,11
CARDIOMETABOLIC SYNDROME,95
MAZZOTTI REACTION,7
AUTOLOGOUS HAEMATOPOIETIC STEM CELL TRANSPLANT,87
KEARNS-SAYRE SYNDROME,1
DYSBIOSIS,791
BONE HYPERTROPHY,146
OPHTHALMIC ARTERY THROMBOSIS,19
IMMUNE-MEDIATED ENTEROCOLITIS,3480
CUTANEOUS T-CELL LYMPHOMA,1172
BIOPSY SMALL INTESTINE,3
FLUID BALANCE POSITIVE,14
DRUG EXPOSURE BEFORE PREGNANCY,357
PUNCTURE SITE BRUISE,49
VOGT-KOYANAGI-HARADA DISEASE,212
HAEMATOMA MUSCLE,1162
HYPERAESTHESIA TEETH,1214
PRODUCT PACKAGING DIFFICULT TO OPEN,2439
WHITE COAT HYPERTENSION,534
NONALCOHOLIC FATTY LIVER DISEASE,196
CONGENITAL DISORDER OF GLYCOSYLATION,2
LUNG ASSIST DEVICE THERAPY,56
MUSCLE DISCOMFORT,762
FLUID WAVE TEST,1
ANTIBIOTIC ASSOCIATED COLITIS,36
CHEMOKINE INCREASED,27
DRAIN OF CEREBRAL SUBDURAL SPACE,1
SPECIALIST CONSULTATION,27
PITUITARY APOPLEXY,166
XYPHOID RETRACTION,15
IMMUNE-MEDIATED PNEUMONITIS,234
EYELID ABRASION,18
SKIN PROCEDURAL COMPLICATION,17
CORNEAL CROSS LINKING,4
MITRAL FACE,1
INCISION SITE DISCHARGE,244
POSTOPERATIVE HYPOTENSION,5
POSTOPERATIVE HYPERTENSION,20
ARTERIAL ANGIOPLASTY,27
SEIZURE PROPHYLAXIS,4
SKIN SQUAMOUS CELL CARCINOMA RECURRENT,109
CUTANEOUS T-CELL LYMPHOMA REFRACTORY,21
PARANASAL BIOPSY,2
PLEOMORPHISM,15
PERIORBITAL PAIN,792
TIBIAL AGENESIS,2
RENAL CELL DYSPLASIA,2
NON-HIGH-DENSITY LIPOPROTEIN CHOLESTEROL,2
TOTAL CHOLESTEROL/HDL RATIO,6
DYSDIADOCHOKINESIS,165
CONGENITAL SUPRAVENTRICULAR TACHYCARDIA,8
EPITHELIOID SARCOMA METASTATIC,4
CUTANEOUS T-CELL LYMPHOMA RECURRENT,63
PROPULSIVE GAIT,44
LUNG CYST REMOVAL,7
LUTEINISING HORMONE DEFICIENCY,5
SALT DIATHESIS,1
POSTOPERATIVE HYPOPITUITARISM,2
MANUFACTURING LABORATORY ANALYTICAL TESTING ISSUE,20
VISCERAL LARVA MIGRANS,9
INFUSION SITE JOINT INFECTION,1
CHEMICAL BURN OF ORAL CAVITY,44
EXTERNAL VAGAL NERVE STIMULATION,2
COXIELLA INFECTION,6
ANAPLASTIC LARGE CELL LYMPHOMA T- AND NULL-CELL TYPES STAGE II,2
MYOTONIA CONGENITA,2
CUTANEOUS T-CELL LYMPHOMA STAGE I,36
PRECURSOR T-LYMPHOBLASTIC LYMPHOMA/LEUKAEMIA STAGE I,4
PANCREATIC ENZYMES,5
HELICOBACTER DUODENAL ULCER,9
CONGENITAL MIDLINE DEFECT,7
MACULAR TELANGIECTASIA,32
BILE CULTURE POSITIVE,4
PITUITARY GLAND OPERATION,30
GASTRIC LEIOMYOMA,4
ANGIOCARDIOGRAM,67
AGLOSSIA,3
NASAL MUCOSAL BLISTERING,51
PROERYTHROBLAST COUNT ABNORMAL,3
NASOPHARYNGEAL CANCER STAGE II,7
SITTING DISABILITY,589
SUBACUTE INFLAMMATORY DEMYELINATING POLYNEUROPATHY,33
NEUROPROSTHESIS IMPLANTATION,129
ABSENCE OF IMMEDIATE TREATMENT RESPONSE,204
AMOEBA TEST NEGATIVE,1
CYTOMEGALOVIRUS MYELOMENINGORADICULITIS,3
DRUG LEVEL ABNORMAL,522
MEIGS' SYNDROME,17
ANGIOIMMUNOBLASTIC T-CELL LYMPHOMA STAGE II,1
ANGIOIMMUNOBLASTIC T-CELL LYMPHOMA STAGE I,3
PERIPHERAL T-CELL LYMPHOMA UNSPECIFIED STAGE II,7
PERIPHERAL T-CELL LYMPHOMA UNSPECIFIED STAGE I,3
MEMBRANE STABILISING EFFECT,4
LIMB GIRTH DECREASED,8
SALIVARY GLAND INDURATION,2
NEONATAL SEIZURE,249
LOCAL ANAESTHETIC SYSTEMIC TOXICITY,1023
INADEQUATE ASEPTIC TECHNIQUE IN MANUFACTURING OF PRODUCT,8
VITAMIN K,2
CARDIAC ELECTROPHYSIOLOGIC STUDY,2
HEPATOBILIARY PROCEDURAL COMPLICATION,28
URINE POTASSIUM,4
SALPINGOPLASTY,3
STRANGULATED INCISIONAL HERNIA,5
TRAPEZIECTOMY,9
LEFT VENTRICULAR END-DIASTOLIC PRESSURE,3
LACTOSE TOLERANCE TEST ABNORMAL,5
ACETYLCHOLINESTERASE DEFICIENCY,1
GALECTIN-3 INCREASED,6
CARDIAC VENTRICULOGRAM LEFT ABNORMAL,2
VARICOSE VEINS VULVAL,15
CEREBRAL ARTERY RESTENOSIS,2
HAEMORRHAGIC CHOLECYSTITIS,123
DRUG PEAK LEVEL,6
TONGUE THRUST,88
BIOPSY VOCAL CORD,3
CARDIAC DEVICE REPROGRAMMING,4
CARDIAC VALVE DISCOLOURATION,9
CANCER FATIGUE,224
MASSAGE,4
CYTOMEGALOVIRUS URINARY TRACT INFECTION,29
OLIGOASTHENOZOOSPERMIA,21
INCISION SITE IMPAIRED HEALING,363
AST/ALT RATIO,4
ARTERIAL STIFFNESS,30
MEASLES POST VACCINE,13
NUCLEAR MAGNETIC RESONANCE IMAGING JOINT,2
FISHBANE REACTION,75
INHIBIN B DECREASED,1
AUTOIMMUNE MYOSITIS,452
OSTOMY BAG PLACEMENT,424
SARCOMATOID CARCINOMA OF THE LUNG,21
CUTANEOUS LARVA MIGRANS,3
ACUTE FLACCID MYELITIS,12
STARVATION KETOACIDOSIS,187
ICTERUS INDEX,1
PANCREATIC POLYPEPTIDE LEVEL INCREASED,2
HUMAN HERPESVIRUS 6 ENCEPHALITIS,281
HEMIHYPERAESTHESIA,7
HIGH-PITCHED CRYING,62
HIV CARRIER,4
GROWTH DISORDER,266
PSEUDOXANTHOMA ELASTICUM-LIKE SYNDROME,7
MEDICAL DEVICE SITE FISTULA,24
MENINGEAL REPAIR,2
ENDOTHELIN INCREASED,1
RADIOTHERAPY TO OESOPHAGUS,2
GALLBLADDER PALPABLE,1
ANAESTHESIA ORAL,63
PLASMA CELL MYELOMA REFRACTORY,1279
DYKE-DAVIDOFF-MASSON SYNDROME,2
OLIGOARTHRITIS,193
COMPUTERISED TOMOGRAM BREAST ABNORMAL,1
INTRACRANIAL INFECTION,121
VOCAL CORD SCARRING,10
BREAST IMPLANT-ASSOCIATED ANAPLASTIC LARGE CELL LYMPHOMA,1
BODY TEMPERATURE NORMAL,3
FUNCTIONAL ENDOSCOPIC SINUS SURGERY,26
VENTRICULAR COMPLIANCE DECREASED,15
ANTI-GLOMERULAR BASEMENT MEMBRANE DISEASE,79
URINARY TRACT TOXICITY,43
NOTHING BY MOUTH ORDER,21
LOW ANTERIOR RESECTION SYNDROME,5
LINITIS PLASTICA,15
ENDOMETRIAL SCRATCHING,4
TRANSFUSION WITH INCOMPATIBLE BLOOD,4
PLASMA CELL VULVITIS,1
ALCOHOL TEST POSITIVE,47
AASE SYNDROME,1
SEMINAL VESICLE OPERATION,1
ALLOGENIC STEM CELL TRANSPLANTATION,154
VACCINATION SITE EXTRAVASATION,3
PLATELET MATURATION ARREST,2
RETINAL VESSEL AVULSION,3
INCOMPLETE COURSE OF VACCINATION,10
THALASSAEMIA MINOR,27
PLEURAL MASS,51
HYPERRESPONSIVE TO STIMULI,60
ANTEMORTEM BLOOD DRUG LEVEL ABNORMAL,13
TRICHURIASIS,4
SUSPECTED SUICIDE,4706
HIV INFECTION CDC GROUP IV,1
VAGINAL MESH REMOVAL SURGERY,5
CONGENITAL LIP FISTULA,1
LIPODERMOID TUMOUR,2
CONGENITAL CEREBRAL HAEMANGIOMA,1
ELECTROCARDIOGRAM S1-S2-S3 PATTERN,2
PUNCTURE SITE HAEMATOMA,63
LYMPHANGIECTASIA INTESTINAL CONGENITAL,2
STEM CELL THERAPY,53
HIPPOCAMPAL ATROPHY,32
CANCER STAGING,5
IMMATURE GRANULOCYTE PERCENTAGE INCREASED,60
GASTROENTERITIS AEROBACTER,2
ARTERIAL DOLICHOECTASIA,3
RENAL PSEUDOANEURYSM,19
SLOW VITAL CAPACITY DECREASED,7
URINARY TRACT PROCEDURAL COMPLICATION,36
PANCREATIC PSEUDOANEURYSM,19
VENOUS HYPERTENSION,18
MEAN PLATELET VOLUME,11
EPIDIDYMAL NEOPLASM,5
ENLARGED FOETAL CISTERNA MAGNA,5
TRACHEAL RADIATION INJURY,2
COMPUTERISED TOMOGRAM PELVIS ABNORMAL,19
PSYCHOTIC SYMPTOM RATING SCALE,1
ANNULAR ELASTOLYTIC GIANT CELL GRANULOMA,10
LACRIMAL PUNCTUM ENLARGED,2
ANAL EXAMINATION ABNORMAL,2
ADENOVIRUS ENCEPHALOMYELORADICULITIS,2
CEMENT EMBOLISM,10
HEMIATAXIA,38
BRONCHIAL ASPIRATION PROCEDURE,17
B-LYMPHOCYTE COUNT,1
THERMOMETRY,1
LIP LESION EXCISION,5
DENGUE VIRUS TEST POSITIVE,14
ECG ELECTRICALLY INACTIVE AREA,1
PLATELET RICH PLASMA THERAPY,7
CORNEAL GRAFT FAILURE,23
ANTI-VGCC ANTIBODY POSITIVE,9
HYPOTONY MACULOPATHY,41
BLOOD HIV RNA FLUCTUATION,9
PULMONARY HAEMORRHAGE NEONATAL,90
MEPHISTO SIGN,67
BIRT-HOGG-DUBE SYNDROME,9
SPINAL STROKE,59
BRAIN DISLOCATION SYNDROME,5
POST 5-ALPHA-REDUCTASE INHIBITOR SYNDROME,254
BECKER'S MUSCULAR DYSTROPHY,6
GASTROENTERITIS LISTERIA,28
MYELOBLASTOMA,3
PARANEOPLASTIC MYELOPATHY,7
BLOCK DISSECTION GROIN,1
INFANT IRRITABILITY,93
ATRIAL NATRIURETIC PEPTIDE ABNORMAL,4
EXTERNAL EAR NEOPLASM MALIGNANT,35
DONOR ORGAN TISSUE PREPARATION ISSUE,2
LIPOPROTEIN INCREASED,43
ABERRANT AORTIC ARCH,38
HEART RATE VARIABILITY INCREASED,42
URETER ABSCESS,4
MYOCHOSIS,5
PORTAL VEIN EMBOLISM,26
FLAP NECROSIS,35
HAEMOGLOBIN S DECREASED,4
CLOT RETRACTION,8
CONGENITAL AMPUTATION,6
GLUTAMATE DEHYDROGENASE,2
NEONATAL HYPOACUSIS,232
CEREBELLAR CALCIFICATION,7
VERTEBROBASILAR STROKE,53
CUTANEOUS LOXOSCELISM,1
SPLEEN FOLLICULAR HYPERPLASIA,2
TARGET SKIN LESION,110
WIG WEARER,2
RESTENOSIS,57
HYPOTHALAMIC HAMARTOMA,6
NEONATAL PNEUMOTHORAX,54
HEPATITIS C RNA NEGATIVE,1
BEHAVIOURAL INDUCED INSUFFICIENT SLEEP SYNDROME,6
STOOL CHYMOTRYPSIN ABNORMAL,1
FOLLICULAR DENDRITIC CELL SARCOMA,17
FELINE OESOPHAGUS,2
WHITE BLOOD CELL ANALYSIS,2
EYE ANTERIOR CHAMBER CONGENITAL ANOMALY,1
"LENS ABNORMALITY, CONGENITAL",4
CONGENITAL LACRIMAL GLAND ANOMALY,2
MISLEADING LABORATORY TEST RESULT,82
CYTOGENETIC RESPONSE,12
CONTRACEPTIVE DIAPHRAGM,6
STEM CELL DONOR,3
CRAMP-FASCICULATION SYNDROME,29
REVERSE TRI-IODOTHYRONINE,1
PAPULAR PRURITIC ERUPTION OF HIV,3
WISCHNEWSKY SPOTS,3
TRANSDIFFERENTIATION OF NEOPLASM,54
MURPHY'S SIGN TEST,1
MATRIX METALLOPROTEINASE-3,1
APPLICATION SITE RECALL REACTION,6
MYCOTIC CORNEAL ULCER,5
AMENORRHOEA-GALACTORRHOEA SYNDROME,2
INCREASED LIVER STIFFNESS,30
SLIT-LAMP TESTS ABNORMAL,3
MASTOID ABSCESS,13
PELVIC EXENTERATION,2
CONGENITAL HYPOPLASIA OF DEPRESSOR ANGULARIS ORIS MUSCLE,26
ADENOSQUAMOUS CELL LUNG CANCER RECURRENT,1
PSTPIP1-ASSOCIATED MYELOID-RELATED PROTEINAEMIA INFLAMMATORY SYNDROME,6
HEAD AND NECK PROCEDURAL COMPLICATION,4
ANORECTAL MANOMETRY,1
ENDOSCOPIC ULTRASOUND,6
CYTOPHAGIC HISTIOCYTIC PANNICULITIS,3
CHEMICAL PHLEBITIS,12
GLYCOGEN STORAGE DISEASE TYPE VII,2
LASSA FEVER,1
CARNETT'S SIGN POSITIVE,2
PENICILLIUM TEST POSITIVE,5
PULMONARY SYPHILIS,2
INCREASED INTRAPERITONEAL VOLUME,29
T-CELL LYMPHOMA REFRACTORY,34
FILARIASIS LYMPHATIC,11
SYMPATHOLYSIS,5
VAGINECTOMY,4
HEPAPLASTIN DECREASED,1
OVARIAN GERM CELL TERATOMA STAGE I,5
GLOBULIN URINE PRESENT,2
COLD BURN,25
CONGENITAL HEPATIC FIBROSIS,2
DENTURE STOMATITIS,8
ENDOCARDITIS HAEMOPHILUS,2
MEDICAL DEVICE SITE URTICARIA,3
UV LIGHT THERAPY,4
PULPLESS TOOTH,66
"GASTRIC ULCER HAEMORRHAGE, OBSTRUCTIVE",9
POST PROCEDURAL HYPOPARATHYROIDISM,19
ERGOTHERAPY,2
ARBOVIRAL INFECTION,5
RED BLOOD CELL ANISOCYTES,1
RED BLOOD CELL POIKILOCYTES,2
SHORT-CHAIN ACYL-COENZYME A DEHYDROGENASE DEFICIENCY,5
GASTRIC RESIDUAL ASSESSMENT,6
OVARIAN THECA CELL TUMOUR,3
ARTERIOVENOUS GRAFT SITE STENOSIS,2
TRACHEOBRONCHITIS BACTERIAL,25
YERSINIA MENINGITIS,1
HYDROTHERAPY,1
CRICOPHARYNGEAL ACHALASIA,5
PERIPHERAL ARTERY SURGERY,10
OESTROGEN RECEPTOR ASSAY NEGATIVE,2
HEARTLAND VIRUS INFECTION,17
SCAN BONE MARROW,3
RENAL PROCEDURAL COMPLICATION,27
MALIGNANT SYPHILIS,24
BIOPSY PLEURA ABNORMAL,1
RENAL ARTERY RESTENOSIS,4
AORTIC PSEUDOANEURYSM,53
RESPIRATORY DISORDER PROPHYLAXIS,1
PSORIASIS AREA SEVERITY INDEX,5
VISUAL ANALOGUE SCALE,8
NEPHRITIS BACTERIAL,38
CIBOPHOBIA,1
NEUROENDOCRINE CELL HYPERPLASIA OF INFANCY,3
PORTAL VEIN RECONSTRUCTION,3
ATHEROSCLEROSIS PROPHYLAXIS,1
URIDROSIS,4
CONGENITAL OCULOMOTOR APRAXIA,6
CUTANEOUS T-CELL LYMPHOMA STAGE IV,35
NASOENDOSCOPY,3
ELECTROCARDIOGRAM U WAVE INVERSION,3
AMPLIFIED MUSCULOSKELETAL PAIN SYNDROME,12
CSF HIV VIRUS IDENTIFIED,23
ENDOCERVICAL MUCOSAL THICKENING,4
INTERNAL CAROTID ARTERY DEFORMITY,18
CHROMOSOME MAPPING ABNORMAL,3
MACROENZYME CREATINE KINASE,9
HIGH CARBOHYDRATE DIET,2
TYPE IV HYPERLIPIDAEMIA,1
EVENTRATION REPAIR,9
TUBAL DIATHERMY,1
DEVICE EFFECT DELAYED,4
MAGNETIC RESONANCE IMAGING ABNORMAL,1162
POSTERIOR TIBIAL TENDON DYSFUNCTION,28
NEAR DEATH EXPERIENCE,3223
DRUG DELIVERY SYSTEM MALFUNCTION,4003
PUSTULE,2271
CARBON DIOXIDE COMBINING POWER DECREASED,7
CEREBRAL VENOUS SINUS THROMBOSIS,809
PARS PLANA CYST,1
PLETHORIC FACE,28
HAEMANGIOMA OF BREAST,3
STEROID DEPENDENCE,840
LUNG OPACITY,2541
POST PROCEDURAL ERYTHEMA,83
EXPOSURE TO FUNGUS,201
MAGNETIC RESONANCE IMAGING BRAIN ABNORMAL,181
MAGNETIC RESONANCE IMAGING THORACIC ABNORMAL,17
DAIRY INTOLERANCE,277
INTRAMYELINIC OEDEMA,14
DRUG TITRATION,144
BLOOD 25-HYDROXYCHOLECALCIFEROL,3
TRACHEAL ABSCESS,6
PERIPHERAL PRIMITIVE NEUROECTODERMAL TUMOUR OF SOFT TISSUE,2
PULMONARY MUCORMYCOSIS,509
DRUG DELIVERY SYSTEM ISSUE,1857
T-CELL LYMPHOMA STAGE I,3
HYPOPHARYNGEAL CANCER RECURRENT,4
PERIPHERAL ARTERY ANEURYSM RUPTURE,19
LUNG DIFFUSION TEST DECREASED,391
IMMUNE-MEDIATED ENCEPHALITIS,489
DYSGNATHIA,2
GASTROCOELE,2
IMMUNE-MEDIATED MYOSITIS,2603
HODGKIN'S DISEASE MIXED CELLULARITY RECURRENT,5
SEPTIC PULMONARY EMBOLISM,189
STOMACH GRANULOMA,4
IMMUNE-MEDIATED PANCREATITIS,364
ANAL ECZEMA,17
DEVICE INEFFECTIVE SHOCK DELIVERY,3
RHINOCEREBRAL MUCORMYCOSIS,338
FEMALE REPRODUCTIVE TRACT DISORDER,209
PROMYELOCYTE COUNT DECREASED,1
FOVEAL REFLEX ABNORMAL,17
PENIS CARCINOMA RECURRENT,2
INTERSECTION SYNDROME,3
OSSEOUS CRYPTOCOCCOSIS,21
POLIOENCEPHALITIS,1
HAEMORRHAGIC ADRENAL INFARCTION,16
BACILLE CALMETTE-GUERIN SCAR REACTIVATION,12
POTASSIUM HYDROXIDE PREPARATION POSITIVE,5
AUTOMATIC POSITIVE AIRWAY PRESSURE,2
THORACIC RADICULOPATHY,33
BEHAVIOURAL ADDICTION,62
MEASLES ANTIBODY,1
BLOOD VOLUME EXPANSION,3
MALE REPRODUCTIVE TRACT DISORDER,98
BLADDER LESION EXCISION,2
SPINAL NERVE STIMULATOR REMOVAL,21
GLUCOSYLSPHINGOSINE INCREASED,9
AUTOIMMUNE EYE DISORDER,40
COOMBS DIRECT TEST NEGATIVE,2
SCROTAL RASH,1
PERIORBITAL DISCOMFORT,58
VITREORETINAL TRACTION SYNDROME,92
TRACHEAL RESECTION,8
PLATELET DISTRIBUTION WIDTH ABNORMAL,11
UMBILICAL CORD OCCLUSION,5
INSULIN-LIKE GROWTH FACTOR ABNORMAL,113
PRECANCEROUS LESION,19
MORBILLIVIRUS TEST POSITIVE,5
ALCOHOL TEST NEGATIVE,2
CYP3A4 POLYMORPHISM,12
ANTI-MUELLERIAN HORMONE LEVEL INCREASED,2
SCROTUM EROSION,19
IRIDOCORNEAL ENDOTHELIAL SYNDROME,4
ILIAC ARTERY STENOSIS,48
INTERFERON GAMMA DECREASED,4
MAGNETIC RESONANCE IMAGING SPINAL ABNORMAL,119
PSYCHOPHYSIOLOGIC INSOMNIA,22
TALIPES CORRECTION,6
MNS SYSTEM ANTIBODIES POSITIVE,2
SKIN DISCHARGE,361
THERMAL BURNS OF EYE,198
MACROGLOBULIN PRESENT,1
CLINICAL GLOBAL IMPRESSION SCALE,1
LOEYS-DIETZ SYNDROME,5
RETINAL CRYOABLATION,1
APOLIPOPROTEIN DECREASED,1
ACQUIRED ENAMEL HYPOPLASIA,2
PANCREATIC CYST DRAINAGE,1
SEROUS RETINOPATHY,103
CHEMOTHERAPY SINGLE AGENT SYSTEMIC,1
ANONYCHIA,27
TUMOUR ABLATION,16
HYPERTENSIVE END-ORGAN DAMAGE,5
OXYCEPHALY,1
CANDLE SYNDROME,1
SEVERE ASTHMA WITH FUNGAL SENSITISATION,3
MAGNETIC RESONANCE IMAGING,124
TOPECTOMY,1
PINEAL GERMINOMA,4
ACQUIRED PERFORATING DERMATOSIS,16
DEVICE USE CONFUSION,493
CONGENITAL FALLOPIAN TUBE ANOMALY,2
IMMUNE-MEDIATED NEPHRITIS,447
PERIPHERAL VEIN OCCLUSION,115
OPIATES,4
CEREBRAL ARTERY STENT INSERTION,6
HERG GENE MUTATION,2
PROPHYLAXIS AGAINST TRANSPLANT REJECTION,95
ADENOSQUAMOUS CELL CARCINOMA,15
POSTPARTUM ANXIETY,20
PSEUDOMONAL SKIN INFECTION,21
GENITAL EXFOLIATION,10
ECTROPION UVEAE,2
LEUKONYCHIA,58
EOSINOPHILIC PUSTULOSIS,5
JUGULAR VEIN EMBOLISM,6
PROTEIN ALBUMIN RATIO INCREASED,13
PELVIC EXPLORATION,1
IMMUNE-MEDIATED HYPOTHYROIDISM,1061
ATRIAL PRESSURE,3
TISSUE SEALING,5
HERPES ZOSTER IMMUNISATION,8
MALIGNANT BILIARY OBSTRUCTION,19
SUCRASE-ISOMALTASE DEFICIENCY,6
SJS-TEN OVERLAP,640
VACCINATION SITE SCAR,2
NATURAL KILLER CELL ACTIVITY ABNORMAL,6
NATURAL KILLER CELL ACTIVITY INCREASED,2
VIRAL LOAD ABNORMAL,169
TREPONEMA TEST,1
CUTANEOUS T-CELL LYMPHOMA STAGE II,21
GASTROINTESTINAL MUCORMYCOSIS,157
IMMUNE-MEDIATED DERMATITIS,924
ABDOMINAL WALL OEDEMA,61
RHESUS ANTIGEN NEGATIVE,2
ANTI-MUELLERIAN HORMONE LEVEL,1
ADENOVIRAL MENINGITIS,1
ACHROMOBACTER INFECTION,121
HYPERPLASIA OF THYMIC EPITHELIUM,15
IMMUNE-MEDIATED UVEITIS,178
ANTI-GLYCYL-TRNA SYNTHETASE ANTIBODY POSITIVE,3
FREE THYROXINE INDEX NORMAL,1
PRODUCT CONFUSION,767
MONOCLONAL IMMUNOGLOBULIN INCREASED,279
MAGNETIC RESONANCE IMAGING ABDOMINAL ABNORMAL,7
LACK OF PRENATAL CARE,8
RESPIRATORY TRACT OPERATION,4
HYPERTHECOSIS,3
BRAIN STENT INSERTION,24
NEEDLE BIOPSY SITE UNSPECIFIED ABNORMAL,1
GENITAL DYSAESTHESIA,23
MUCOCUTANEOUS DISORDER,150
MYOCARDIAL HYPOPERFUSION,19
IMMUNE-MEDIATED MYOCARDITIS,1519
VULVAR BASAL CELL CARCINOMA,8
URINARY TRACT CANDIDIASIS,186
MUSCLE STRENGTH ABNORMAL,411
PHRENIC NERVE INJURY,20
EMERGENCY CARE EXAMINATION NORMAL,2
EYE PROSTHESIS REMOVAL,4
CONGENITAL URETEROPELVIC JUNCTION OBSTRUCTION,28
MUSCULOSKELETAL TOXICITY,182
NEW ONSET DIABETES AFTER TRANSPLANTATION,167
ABERRANT MOTOR BEHAVIOUR,11
DIALYSIS MEMBRANE REACTION,8
KIDNEY ANASTOMOSIS,2
BLOOD PYRUVIC ACID,1
PILONIDAL CYST CONGENITAL,1
ANORECTAL HAEMANGIOMA,2
IMMUNE-MEDIATED ENDOCRINOPATHY,140
HYPERAESTHESIA EYE,12
DENTAL DYSAESTHESIA,14
RE-OPENING OF DUCTUS ARTERIOSUS,5
NTRK GENE FUSION OVEREXPRESSION,2
PENILE RASH,47
IMMUNE-MEDIATED ARTHRITIS,365
ANAL FISTULA REPAIR,12
EPSTEIN-BARR VIRUS TEST NEGATIVE,7
CARBOHYDRATE ANTIGEN 72-4,2
MYASTHENIA GRAVIS NEONATAL,11
JOINT POSITION SENSE DECREASED,4
HYPOCHONDROPLASIA,2
CHEMICAL BURN OF GENITALIA,118
INFUSION RELATED HYPERSENSITIVITY REACTION,571
PRIMARY MEDIASTINAL LARGE B-CELL LYMPHOMA STAGE II,3
TOOTH DISCOLOURATION CONGENITAL,1
METANEPHRINE URINE,1
EYELID SCAR,36
LACTATION NORMAL,3
CONGENITAL NIPPLE INVERSION,1
ADULT T-CELL LYMPHOMA/LEUKAEMIA REFRACTORY,4
LACRIMAL PASSAGE GRANULOMA,1
FEMALE GENITAL MUTILATION,4
TRAUMATIC PANCREATITIS,4
LABYRINTHECTOMY,1
LYMPH NODE RUPTURE,19
ORBITAL SPACE OCCUPYING LESION,15
CLINICAL DEMENTIA RATING SCALE SCORE ABNORMAL,1
BLOOD CATECHOLAMINES,2
HEART RATE VARIABILITY DECREASED,37
CARBOHYDRATE TOLERANCE DECREASED,12
FOETAL NON-STRESS TEST,3
"GASTRIC ULCER PERFORATION, OBSTRUCTIVE",3
BLOOD ELECTROLYTES NORMAL,1
ANTIPLATELET THERAPY,8
PSEUDOHERMAPHRODITISM MALE,3
PH SEMEN INCREASED,6
CULTURE STOOL,4
INCISION SITE EROSION,8
GAUCHER'S DISEASE TYPE I,4
INTRAUTERINE CONTRACEPTION,17
LYMPHOCYTE MORPHOLOGY,4
CULTURE WOUND,1
GLYCATED ALBUMIN INCREASED,14
CELLULITIS PASTEURELLA,2
OESTROGENS TOTAL URINE INCREASED,1
IMMUNE-MEDIATED NEUROPATHY,144
CELL-FREE AND CONCENTRATED ASCITES REINFUSION THERAPY,3
LEFT ATRIAL VOLUME INCREASED,22
NITRITE URINE ABSENT,1
THERAPEUTIC HYPOTHERMIA,11
PARTIAL SPLENIC EMBOLISATION,1
ANTI-MUSCLE SPECIFIC KINASE ANTIBODY,2
GREY MATTER HETEROTOPIA,13
SUBACUTE KIDNEY INJURY,20
EYE INFARCTION,93
TRANSTUBULAR POTASSIUM GRADIENT,1
URINE OSMOLARITY,3
HAEMATOCOELE FEMALE,3
POSTPOLYPECTOMY SYNDROME,6
VISUAL MIDLINE SHIFT SYNDROME,2
OESOPHAGEAL STENT STENOSIS,2
ENTERORRHAPHY,12
SECONDARY THROMBOCYTOSIS,19
VITAMIN A ABNORMAL,6
HYPERPIPECOLIC ACIDAEMIA,2
BREAST CAPSULECTOMY,2
RADIOTHERAPY TO KIDNEY,2
KIDNEY TRANSPLANT RUPTURE,5
HEPATITIS IMMUNISATION,3
INTESTINAL ATONY,60
MISSING DOSE RESPONSE RELATIONSHIP,8
AST/ALT RATIO ABNORMAL,86
BENIGN TRACHEAL NEOPLASM,4
HERMANSKY-PUDLAK SYNDROME,4
PERIPROSTHETIC METALLOSIS,15
BLOOD GASES NORMAL,1
URINE URIC ACID DECREASED,7
PULMONARY IMAGING PROCEDURE ABNORMAL,54
SCLEROTOMY,6
IMMUNE-MEDIATED PANCYTOPENIA,46
DECREASED GAIT VELOCITY,164
CORNELIA DE LANGE SYNDROME,11
LIP SCAB,94
PLATELET FUNCTION TEST,1
NEUROMYELITIS OPTICA PSEUDO RELAPSE,5
MANNOSE-BINDING LECTIN DEFICIENCY,6
ESCHERICHIA PERITONITIS,52
SELF-CONSCIOUSNESS,244
ANGIOPATHIC NEUROPATHY,8
PSEUDOMONAS PERITONITIS,35
NON-SCARRING ALOPECIA,23
ALEXANDER DISEASE,6
SOFT TISSUE EXCISION,11
BILIARY CATHETER INSERTION,61
GENITAL DISORDER,120
GAP JUNCTION PROTEIN BETA 2 GENE MUTATION,3
EXTRAGONADAL PRIMARY NON-SEMINOMA,4
PEAK NASAL INSPIRATORY FLOW INCREASED,2
SQUAMOUS CELL BREAST CARCINOMA,12
NEUROENDOCRINE CARCINOMA OF PROSTATE,64
SUBDURAL ABSCESS,45
PLACENTAL CALCIFICATION,18
ACQUIRED HEPATOCEREBRAL DEGENERATION,1
MAGNETIC RESONANCE IMAGING BRAIN,7
MALARIA RELAPSE,10
RADIATION CASTRATION,1
POST VACCINATION AUTOINOCULATION,1
IDIOPATHIC CONDYLAR RESORPTION,1
LEMMEL'S SYNDROME,3
HEMIMEGALENCEPHALY,4
LEFT ATRIAL VOLUME DECREASED,2
GASTROINTESTINAL DECOMPRESSION,12
HEPATIC VASCULAR RESISTANCE INCREASED,2
ANAL BLISTER,39
SCROTAL HAEMORRHAGE,31
ROS1 GENE REARRANGEMENT,3
ERYTHRODERMIC ATOPIC DERMATITIS,24
MAGNETIC RESONANCE IMAGING LIVER ABNORMAL,2
ECTOPIC HORMONE SECRETION,4
HEEL FAT PAD SYNDROME,9
CATASTROPHIC REACTION,62
ACQUIRED PLAGIOCEPHALY,33
SMALL FONTANELLE,8
INVOLUNTARY COMMITMENT,12
DIFFERENTIAL WHITE BLOOD CELL COUNT,3
REVERSIBLE SPLENIAL LESION SYNDROME,64
LIVER TRANSPLANT FAILURE,51
HYPOTRIGLYCERIDAEMIA,2
SOLITARY FIBROUS TUMOUR,17
PROVIDENCIA INFECTION,15
GALLBLADDER ADENOSQUAMOUS CARCINOMA,1
TRIPLE HIT LYMPHOMA,6
RENAL DISORDER PROPHYLAXIS,1
BONE MARROW CONDITIONING REGIMEN,2
VITAMIN B6,1
MYOPIC CHORIORETINAL DEGENERATION,28
SOLID ORGAN TRANSPLANT REJECTION,27
BENIGN CONNECTIVE TISSUE NEOPLASM,1
LUNG DIFFUSION DISORDER,156
HEREDITARY RETINAL DYSTROPHY,8
MONONUCLEAR CELL COUNT INCREASED,11
MESOTHELIOMA MALIGNANT RECURRENT,3
DISRUPTION OF THE PHOTORECEPTOR INNER SEGMENT-OUTER SEGMENT,19
URINE ALCOHOL TEST NEGATIVE,1
VITRITIS INFECTIVE,56
CUTANEOUS MUCORMYCOSIS,176
SPLENIC ARTERY PERFORATION,2
HEAT THERAPY,6
MALIGNANT NEOPLASM OF RETINA,3
CONGENITAL NASAL SEPTUM DEVIATION,9
EX-ALCOHOLIC,1
"PEPTIC ULCER, OBSTRUCTIVE",2
NON-HODGKIN'S LYMPHOMA UNSPECIFIED HISTOLOGY AGGRESSIVE STAGE II,1
DNA ANTIBODY NEGATIVE,9
GRANULOCYTE-COLONY STIMULATING FACTOR LEVEL INCREASED,13
NEONATAL EPILEPTIC SEIZURE,17
CUTANEOUS LISTERIOSIS,5
EXTRANODAL MARGINAL ZONE B-CELL LYMPHOMA (BALT TYPE),8
LABOUR AUGMENTATION,10
CORECTOPIA,11
OCULAR DEPOSITS REMOVAL,3
CONSTIPATION NEONATAL,7
BONE ANCHORED HEARING AID IMPLANTATION,4
AURICULAR CHONDRITIS,5
ISOCITRATE DEHYDROGENASE GENE MUTATION,16
TOTAL BILE ACIDS,1
POST PROCEDURAL PRURITUS,39
HEMIDYSAESTHESIA,2
THREATENED UTERINE RUPTURE,8
GELASTIC SEIZURE,26
ORAL SOFT TISSUE BIOPSY,3
TRICHOTHIODYSTROPHY,1
INFANT SEDATION,29
CARBOHYDRATE ANTIGEN 72-4 INCREASED,12
CSF CULTURE,2
UVEITIS-GLAUCOMA-HYPHAEMA SYNDROME,24
LEFT ATRIAL VOLUME ABNORMAL,3
BOOSTER DOSE MISSED,4
SCAN ADRENAL GLAND NORMAL,1
RHESUS ANTIGEN POSITIVE,13
DIGESTIVE ENZYME DECREASED,14
DENT'S DISEASE,2
URINARY BLADDER EXPLOSION,1
CORONAVIRUS INFECTION,6584
FLUORESCENCE ANGIOGRAM ABNORMAL,9
HAEMOPERITONEUM,775
PELVIC FLOOR DYSFUNCTION,189
SUBCAPSULAR RENAL HAEMATOMA,202
IMMUNE THROMBOCYTOPENIA,4416
UREA URINE DECREASED,9
ATTENTION DEFICIT HYPERACTIVITY DISORDER,4098
HEPATITIS A IMMUNISATION,1
HEPATITIS B IMMUNISATION,4
VARICELLA IMMUNISATION,3
ATOPIC COUGH,4
CONGESTIVE HEPATOPATHY,439
IMMUNE-MEDIATED THYROIDITIS,463
DEVICE DELIVERY SYSTEM ISSUE,25791
COVID-19,174602
FOREIGN BODY IN THROAT,2999
ELECTROPHORESIS,3
POST PROCEDURAL HYPOTENSION,84
SUBCAPSULAR HEPATIC HAEMATOMA,51
DEVICE PLACEMENT ISSUE,3075
THERAPY INTERRUPTED,68086
EPSTEIN-BARR VIRUS INFECTION REACTIVATION,1249
NAT2 POLYMORPHISM,3
DIFFUSE UVEAL MELANOCYTIC PROLIFERATION,18
PRECANCEROUS CONDITION,646
PENILE EROSION,33
VASCULAR ACCESS SITE PRURITUS,17
ACUTE ERYTHROID LEUKAEMIA,61
CYTOMEGALOVIRUS INFECTION REACTIVATION,4213
INFLUENZA C VIRUS TEST POSITIVE,1
ORAL BLOOD BLISTER,194
SEROTONIN DEFICIENCY,32
SUSPECTED COVID-19,3289
EXOCRINE PANCREATIC FUNCTION TEST,1
COUGH VARIANT ASTHMA,77
SARS-COV-2 TEST POSITIVE,13181
BILOMA INFECTED,13
COVID-19 PNEUMONIA,11733
AUTOIMMUNE CHOLANGITIS,41
PROCTOPLASTY,2
IMMUNE EFFECTOR CELL-ASSOCIATED NEUROTOXICITY SYNDROME,5545
DISSEMINATED MYCOBACTERIUM AVIUM COMPLEX INFECTION,210
DRUG EFFECT LESS THAN EXPECTED,13914
RENAL HAMARTOMA,56
PRESBYPHONIA,1
ANGIOGRAM PULMONARY,3
DIGESTIVE ENZYME TEST,1
QUARANTINE,204
DISSEMINATED ASPERGILLOSIS,463
ADENOCARCINOMA METASTATIC,193
RECTAL DYSPLASIA,28
URINE MAGNESIUM,2
HERPES SIMPLEX REACTIVATION,370
TERMINAL ILEITIS,595
SHORT STATURE,258
SARS-COV-2 TEST NEGATIVE,675
VIRILISM FOETAL,6
CSF VOLUME,1
RETINAL FOVEA DISORDER,25
TOXIC CARDIOMYOPATHY,214
DISSEMINATED STRONGYLOIDIASIS,213
IMMUNE-MEDIATED HEPATIC DISORDER,1887
SQUAMOUS CELL CARCINOMA OF THE PAROTID GLAND,18
HER2 POSITIVE BREAST CANCER,364
PERIORBITAL IRRITATION,316
SENILE PRURITUS,11
NEUROTIC DISORDER OF CHILDHOOD,1
POLYOMAVIRUS VIRAEMIA,987
CATHETER BACTERAEMIA,4
PARANASAL SINUS INFLAMMATION,214
T-CELL UNCLASSIFIABLE LYMPHOMA LOW GRADE,1
SQUAMOUS CELL CARCINOMA ANTIGEN INCREASED,14
CARNEY COMPLEX,1
PNEUMONIA PROTEUS,10
HERPES ZOSTER REACTIVATION,255
CHA2DS2-VASC ANNUAL STROKE RISK LOW,2
FAILURE OF CHILD RESISTANT PRODUCT CLOSURE,134
CFTR GENE MUTATION,24
COLITIS HERPES,6
LATEROPULSION,11
SERTOLI CELL TESTICULAR TUMOUR,3
ASYMPTOMATIC COVID-19,393
ASYNCLITIC PRESENTATION,1
HORMONE RECEPTOR POSITIVE BREAST CANCER,260
ORAL MUCOSAL SCAB,15
DENTAL IMPRESSION PROCEDURE,2
PARATONIA,21
INBORN ERROR IN PRIMARY BILE ACID SYNTHESIS,1
INCARCERATED PARASTOMAL HERNIA,27
CLINICAL DEATH,51
LUNG DIFFUSION TEST ABNORMAL,94
CHOLINERGIC REBOUND SYNDROME,40
EPILEPSY WITH MYOCLONIC-ATONIC SEIZURES,28
EXPOSURE TO SARS-COV-2,1696
INFLUENZA VIRUS TEST,3
DISSEMINATED MUCORMYCOSIS,383
BLADDER ULCER,38
COSMETIC BODY PIERCING,1
HUMAN HERPESVIRUS 6 INFECTION REACTIVATION,343
MAGNETIC RESONANCE IMAGING WHOLE BODY,1
ACHENBACH SYNDROME,9
2-HYDROXYGLUTARIC ACIDURIA,1
VULVOVAGINAL EXFOLIATION,51
FACIAL DISCOMFORT,655
OUT OF SPECIFICATION PRODUCT USE,86
LIP AND/OR ORAL CAVITY CANCER STAGE I,5
ACQUIRED FACTOR VIII DEFICIENCY,9
ANTI-PROTHROMBIN ANTIBODY POSITIVE,1
CORONAVIRUS TEST NEGATIVE,42
INJECTION SITE TELANGIECTASIA,7
SCROTAL DERMATITIS,63
GASTRIC PH,1
PROGRESSIVE VACCINIA,1
PERSISTENT PUPILLARY MEMBRANE,5
VACCINATION SITE FIBROSIS,1
FAECAL ELASTASE TEST,1
PROTEIN INTOLERANCE,28
RETICULOCYTE COUNT,1
DORSAL RAMUS SYNDROME,10
INTESTINAL MUCOSAL TEAR,70
IATROGENIC METASTASIS,6
VULVAL ECZEMA,16
DISSEMINATED TOXOPLASMOSIS,114
CAROTID ARTERY DOLICHOECTASIA,1
NASAL SINUS IRRIGATION,7
HOMANS' SIGN NEGATIVE,1
HEPATOBILLIARY DISORDER PROPHYLAXIS,1
VARIANT CREUTZFELDT-JAKOB DISEASE,5
FOREIGN BODY IN MOUTH,99
BULLOUS HAEMORRHAGIC DERMATOSIS,203
BRONCHOGRAM ABNORMAL,11
DEVICE MECHANICAL ISSUE,12736
OESTRADIOL,1
URINARY ASSISTANCE DEVICE USER,2
GRANULOSA CELL TUMOUR OF THE TESTIS,7
TESTIS CANCER RECURRENT,10
PYROGLUTAMIC ACIDOSIS,375
PENILE DISCOMFORT,127
SARS-COV-2 TEST,95
PUSTULOTIC ARTHRO-OSTEITIS,4
SUBRETINAL HYPERREFLECTIVE EXUDATION,26
BLOOD BETA-D-GLUCAN POSITIVE,24
GLUTEOPLASTY,5
TONGUE ROUGH,84
PARTIAL CYSTECTOMY,6
DEVICE SAFETY FEATURE ISSUE,943
MACROSTOMIA,1
ATRIOVENTRICULAR NODE DYSFUNCTION,15
BRASH SYNDROME,1339
HEPATIC PERFUSION DISORDER,20
ADENOVIRUS REACTIVATION,137
POSTNATAL GROWTH RESTRICTION,114
ORAL MUCOSAL ROUGHENING,80
ATLANTOAXIAL SUBLUXATION,21
BLOOD THROMBIN DECREASED,2
CORNEAL TOXICITY,106
TRI-IODOTHYRONINE FREE NORMAL,1
PELVIC BONE INJURY,84
ORAL PURPURA,11
DOPAMINERGIC DRUG THERAPY,2
PRODUCT TEMPERATURE EXCURSION ISSUE,4685
KAPOSI SARCOMA INFLAMMATORY CYTOKINE SYNDROME,58
BRONCHIAL MUCOSA HYPERAEMIA,9
ANTIBIOTIC LEVEL THERAPEUTIC,3
DIALYSIS HYPOTENSION,96
VASCULAR GRAFT INFECTION,43
IMMUNE-MEDIATED CHOLANGITIS,336
FOREIGN BODY INGESTION,105
LEBER'S CONGENITAL AMAUROSIS,2
ALPHA-1 ANTITRYPSIN DEFICIENCY,86
ADMINISTRATION SITE WOUND,96
MURRAY VALLEY ENCEPHALITIS,1
PHRENIC NERVE IRRITATION,2
RASH RUBELLIFORM,27
ABNORMAL ORGAN MATURATION,3
HYPOTENSIVE CRISIS,139
TUBERCULOSIS IMMUNISATION,1
IMMUNE-MEDIATED HYPERTHYROIDISM,236
DIVERSION COLITIS,32
CCR5 RECEPTOR POSITIVE,2
OCCUPATIONAL EXPOSURE TO SARS-COV-2,9
VESSEL PUNCTURE SITE DISCHARGE,1
ACHROMOTRICHIA CONGENITAL,3
SYSTEMIC BARTONELLOSIS,4
ANTICOAGULANT-RELATED NEPHROPATHY,148
INFECTED GOUTY TOPHUS,7
COVID-19 TREATMENT,68
COMPUTERISED TOMOGRAM PANCREAS ABNORMAL,6
HYPOFERRITINAEMIA,19
CHRONIC GRAFT VERSUS HOST DISEASE ORAL,237
OROTICACIDURIA CONGENITAL,1
RESPIRATORY TRACT CARCINOMA IN SITU,3
AUTOIMMUNE HEPARIN-INDUCED THROMBOCYTOPENIA,53
AZYGOS LOBE,1
TESTES EXPLORATION,2
NEONATAL TACHYARRHYTHMIA,3
CUTANEOUS EXTRAMEDULLARY HAEMOPOIESIS,6
CHAGAS' CARDIOMYOPATHY,8
PHOSPHATURIC MESENCHYMAL TUMOUR,10
PLASMODIUM KNOWLESI INFECTION,1
IMMUNE AGGLUTININS,3
PLEOMORPHIC LEIOMYOSARCOMA,4
MEIBOMIAN GLAND DISCHARGE,2
TINEA BLANCA,2
CANNABINOID HYPEREMESIS SYNDROME,68
OESOPHAGEAL PH DECREASED,1
ILEOCAECAL RESECTION,328
MANUFACTURING PROCESS CONTROL PROCEDURE NOT PERFORMED,5
BLOOD TESTOSTERONE FREE,1
ALLOIMMUNE HEPATITIS,7
BRACHYMETATARSIA,7
URETERAL REPLACEMENT,1
PARADOXICAL INSOMNIA,11
GENERALISED ONSET NON-MOTOR SEIZURE,33
ANAEMIA SPLENIC,1
BALANTIDIASIS,3
INTRADIALYTIC PARENTERAL NUTRITION,2
MYCOPLASMA TEST,4
RED BLOOD CELL SEDIMENTATION RATE NORMAL,2
DOUBLE INLET LEFT VENTRICLE,19
OESOPHAGOGASTROSCOPY NORMAL,4
CONE DYSTROPHY,7
CARCINOID TUMOUR OF THE OVARY,5
CUTANEOUS T-CELL LYMPHOMA STAGE III,21
UNEVALUABLE DEVICE ISSUE,78
ECHOVIRUS TEST NEGATIVE,1
PRODUCT DOSE OMISSION ISSUE,280971
ILLNESS,99160
BILIARY OBSTRUCTION,1235
MYELOSUPPRESSION,33575
PRODUCT DOSE OMISSION IN ERROR,26505
OTOSPONDYLOMEGAEPIPHYSEAL DYSPLASIA,49
VERTEBRAL END PLATE INFLAMMATION,18
DISSEMINATED VARICELLA ZOSTER VIRUS INFECTION,348
STRADDLING TRICUSPID VALVE,1
BREAST SARCOMA METASTATIC,2
GIANT CELL ARTERITIS,797
NEONATAL EXCHANGE BLOOD TRANSFUSION,1
ORBITAL HAEMATOMA,31
URINARY OCCULT BLOOD POSITIVE,210
URTICARIAL DERMATITIS,28
PATIENT ELOPEMENT,338
THORACIC DUCT LIGATION,1
IMMOBILISATION SYNDROME,208
CONGENITAL SCLERAL DISORDER,1
SCHISTOSOMA TEST POSITIVE,4
NAIL BED INFECTION VIRAL,1
CARDIOVASCULAR FUNCTION TEST,2
LUNG DIFFUSION TEST,4
GENOTYPE DRUG RESISTANCE TEST NEGATIVE,1
PACHYDERMODACTYLY,1
MEDICAL DEVICE SITE JOINT WARMTH,2
IMMUNE-MEDIATED CYTOPENIA,69
HEPATIC SEROMA,5
HEREDITARY ATAXIA,32
HER2 POSITIVE GASTRIC CANCER,31
EPIGLOTTIC CANCER,31
DEVICE RELATED BACTERAEMIA,297
STRONGYLOIDES TEST POSITIVE,12
DRUG DELIVERY DEVICE PLACEMENT,23
PRODUCT DELIVERY MECHANISM ISSUE,4800
HERPETIC RADICULOPATHY,7
PHARYNGEAL CONTUSION,19
RADIATION SALIVARY GLAND INJURY,2
IMPLANTABLE CARDIAC MONITOR REMOVAL,7
IMMUNE-MEDIATED RENAL DISORDER,386
MUCOSAL PROLAPSE SYNDROME,24
ULTRASOUND EYE ABNORMAL,1
VERTEBRAL LATERAL RECESS STENOSIS,18
ALPHA-L-FUCOSIDASE INCREASED,4
PARADOXICAL PSORIASIS,416
PELVIC GIRDLE PAIN,23
NULLIPAROUS,2
BILIARY STENT PLACEMENT,5
BULLOUS ERYSIPELAS,33
1P36 DELETION SYNDROME,2
ADMINISTRATION SITE ACNE,8
LABELLED DRUG-DRUG INTERACTION ISSUE,1386
DEVICE MAINTENANCE ISSUE,557
LIP AND/OR ORAL CAVITY CANCER STAGE II,7
SARS-COV-2 ANTIBODY TEST POSITIVE,268
CHEMOTHERAPY SIDE EFFECT PROPHYLAXIS,5
PSEUDOHYPOGLYCAEMIA,19
INTERNAL DEVICE EXPOSED,9
DELFTIA ACIDOVORANS INFECTION,4
DELUSION OF PARASITOSIS,133
IMPRISONMENT OF RELATIVE,1
RADIATION VULVOVAGINITIS,1
VULVOVAGINITIS CHLAMYDIAL,2
VENOUS PRESSURE DECREASED,2
SPLENIC ARTERY EMBOLISATION,7
ANTI B ANTIBODY,1
STOMACH SCAN,2
DELAYED FOETAL RENAL DEVELOPMENT,4
MAJEED'S SYNDROME,1
EWING-LIKE SARCOMA,8
DEVICE TEMPERATURE ISSUE,70
MYCOBACTERIUM HAEMOPHILUM INFECTION,251
SARS-COV-2 ANTIBODY TEST,6
ILIOLUMBAR SYNDROME,1
CHRONIC GRAFT VERSUS HOST DISEASE IN EYE,195
DISSEMINATED SPOROTRICHOSIS,38
ANION GAP NORMAL,3
FOREIGN BODY IN SKIN OR SUBCUTANEOUS TISSUE,64
IRIS DISCOLOURATION,44
FOETAL DYSTOCIA,8
COINFECTION,69
SARS-COV-1 TEST POSITIVE,60
SHEWANELLA ALGAE BACTERAEMIA,3
SUNSCREEN SENSITIVITY,22
PLATELET AGGREGATION TEST,9
FIBROMATOSIS COLLI OF INFANCY,14
PRECANCEROUS LESION OF DIGESTIVE TRACT,112
SARS-COV-2 ANTIBODY TEST NEGATIVE,475
RESTLESS ARM SYNDROME,153
SPUTUM TEST,1
NONINFECTIVE ENCEPHALOMYELITIS,6
BLOOD METHANOL,14
BENCE JONES PROTEIN URINE,5
EMBOLIC CEREBELLAR INFARCTION,20
JAW CLICKING,197
GENITAL MACULE,1
BRONCHIOLITIS OBLITERANS SYNDROME,167
COLOUR VISION TESTS NORMAL,4
IMPLANT SITE INJURY,64
C1Q NEPHROPATHY,6
DISSEMINATED LEISHMANIASIS,10
OBTURATOR NEUROPATHY,1
PORPHYRINS URINE DECREASED,2
RETINAL VEIN VARICES,1
NON-PITTING OEDEMA,79
CEREBRAL CAVERNOUS MALFORMATION,45
"DRUG DEPENDENCE, POSTPARTUM",7
INFUSION SITE ESCHAR,10
TRACHEAL SQUAMOUS CELL METAPLASIA,2
CLONAL HAEMATOPOIESIS,73
DURAL BLEB,1
SUBCAPSULAR SPLENIC HAEMATOMA,43
HER2 NEGATIVE BREAST CANCER,47
CAPSULE ENDOSCOPY,5
MICROBIOLOGY TEST NORMAL,1
MUCOLIPIDOSIS TYPE I,2
VASCULAR ACCESS SITE DISCHARGE,7
DISSEMINATED COCCIDIOIDOMYCOSIS,141
PATHOLOGICAL TOOTH FRACTURE,8
ASPIRATION OF GASTRIC RESIDUAL,12
ALLERGIC BRONCHOPULMONARY MYCOSIS,15
DEVICE DATA ISSUE,24
ANTI-CYCLIC CITRULLINATED PEPTIDE ANTIBODY NEGATIVE,2
5'NUCLEOTIDASE INCREASED,9
ACINETOBACTER SEPSIS,61
SHAGREEN SKIN,2
COVID-19 PROPHYLAXIS,3
TRANSVALVULAR PRESSURE GRADIENT DECREASED,2
TRACHEAL POLYP,2
STROKE VOLUME,1
POSTMORTEM BLOOD DRUG LEVEL DECREASED,1
ORAL LICHENOID REACTION,92
PANCREATOBLASTOMA,4
RED BLOOD CELL NUCLEATED MORPHOLOGY,2
BETA-N-ACETYL-D-GLUCOSAMINIDASE DECREASED,1
HOMELESS FAMILY,1
PERICARDIAL LIPOMA,1
CORONAVIRUS TEST,10
SCAPULOTHORACIC DISSOCIATION,2
SEPTIC COAGULOPATHY,11
FUNDOPLICATION REVERSAL,2
ELBOW SYNOSTOSIS,3
VAGINAL SCARRING,13
PUNCTURE SITE INJURY,23
IMMUNOPHENOTYPING,1
PERSISTENT MUELLERIAN DUCT SYNDROME,1
NECROTIC ANGIODERMATITIS,12
NASOPHARYNGEAL TUMOUR,14
OCULAR SURFACE SQUAMOUS NEOPLASIA,25
PERICARDIAL CYST RESECTION,1
SPLENIC MARGINAL ZONE LYMPHOMA RECURRENT,11
GASTROENTERITIS VIBRIO,5
EYELID CALCIFICATION,7
GASTROINTESTINAL PATHOGEN PANEL,3
ILIAC ARTERY DISSECTION,6
NYHA CLASSIFICATION,17
NUCLEIC ACID TEST,2
EYELID WEIGHTS APPLICATION,3
CORONARY STEAL SYNDROME,15
GLEASON GRADING SCORE,2
MULTIPLE SUBPIAL TRANSECTION,2
DISSEMINATED TRICHOSPORONOSIS,66
ALLERGIC STOMATITIS,11
MAGNETIC RESONANCE IMAGING HEART,13
ACUTE GRAFT VERSUS HOST DISEASE ORAL,29
PLEURAL FLUID ANALYSIS ABNORMAL,11
CHA2DS2-VASC-SCORE,1
CROCODILE TEARS SYNDROME,2
ACQUIRED CHROMOSOMAL ABNORMALITY,7
PHYSICAL CAPACITY EVALUATION,6
GALLBLADDER AGENESIS,11
INTESTINAL T-CELL LYMPHOMA REFRACTORY,1
BLOOD ACID PHOSPHATASE ABNORMAL,2
PERIPHERAL VEIN THROMBUS EXTENSION,39
ALPERS DISEASE,6
OVARIAN LOW MALIGNANT POTENTIAL TUMOUR,2
CONJUNCTIVITIS CHLAMYDIAL,2
DISCOURAGEMENT,2283
CHRONIC ACTIVE EPSTEIN-BARR VIRUS INFECTION,45
NEONATAL DEFORMITY,6
SWYER SYNDROME,1
HYPERVITAMINOSIS B12,11
VASCULAR PUNCTURE SITE SEALING,1
RENAL PHOSPHOLIPIDOSIS,119
CYSTIC ANGIOMATOSIS,1
GM2 GANGLIOSIDOSIS,5
EOSINOPHILIC GASTRITIS,44
LOSS OF THERAPEUTIC RESPONSE,2983
HEPATITIS E ANTIBODY,2
AUTOIMMUNE BLISTERING DISEASE,45
MONONUCLEAR CELL COUNT DECREASED,5
LUPUS MILIARIS DISSEMINATUS FACIEI,3
LYMPH NODE ULCER,6
OPTIC DISC PIT,7
DIVERTICULITIS INTESTINAL PERFORATED,323
SCROTAL CELLULITIS,57
HYPERTHERMIC CHEMOTHERAPY,4
IMMUNE-MEDIATED ENCEPHALOPATHY,87
PROSTATE EXAMINATION NORMAL,1
HYPERVITAMINOSIS B,14
BLADDER TUMOUR ANTIGEN,1
BLOOD PRESSURE DIASTOLIC NORMAL,2
VEIN DISSECTION,2
ACUTE BILINEAL LEUKAEMIA,4
FUNDUS AUTOFLUORESCENCE,2
RETROGRADE MIGRATION OF RENAL CALCULI,1
OVARIAN GERM CELL TUMOUR MIXED,1
AMPULLARY POLYP,7
HLA-B*27 ASSAY,3
THERAPEUTIC OVARIAN SUPPRESSION,3
NEONATAL DYSPNOEA,82
BLOOD ALBUMIN,7
GLOBULIN,2
REVASCULARISATION PROCEDURE,39
TROMBIDIASIS,1
VESSEL PUNCTURE SITE INJURY,32
ELECTROCARDIOGRAM P WAVE,2
ALPHA 1 MICROGLOBULIN DECREASED,1
URINARY BLADDER HAEMATOMA,26
PSEUDOANEURYSM INFECTION,53
STOOL DNA TEST POSITIVE,7
PRIDE SYNDROME,18
ASSISTED REPRODUCTIVE TECHNOLOGY,2
PULMONARY SPOROTRICHOSIS,1
SPINAL CORDOTOMY,3
BRONCHIAL VARICES HAEMORRHAGE,1
HYPERCAROTINAEMIA,3
ONCOVIRUS TEST NEGATIVE,1
RENAL VASCULAR RESISTANCE INCREASED,7
LARYNGEAL INFILTRATION,3
PLACENTA DUPLEX,1
PROTEIN TOTAL NORMAL,4
BIOPSY ADRENAL GLAND,1
APPLICATION SITE CALCIFICATION,2
GALACTOSIALIDOSIS,1
SYPHILITIC ENDOCARDITIS OF HEART VALVE,1
PROGERIA,4
EPIGLOTTITIS HAEMOPHILUS,2
MENINGEAL THICKENING,19
BARIUM ENEMA,2
SPERM ASPIRATION,1
CARDIAC PERFUSION DEFECT,52
WEBER TUNING FORK TEST ABNORMAL,13
OVERFLOW DIARRHOEA,76
WRONG PATIENT,486
FOTHERGILL SIGN POSITIVE,1
ARGININOSUCCINATE LYASE DECREASED,1
MYELOCYTE PERCENTAGE DECREASED,2
NEUTROPHIL/LYMPHOCYTE RATIO INCREASED,14
FINGER LICKING,2
CEREBRAL MICROINFARCTION,57
VACCINATION SITE INJURY,9
GLOSSOPHOBIA,1
IMMUNISATION ANXIETY RELATED REACTION,1
PERIOSTITIS HYPERTROPHIC,2
LYMPHOPLASMACYTOID LYMPHOMA/IMMUNOCYTOMA REFRACTORY,4
INFECTED VASCULITIS,21
IMPERCEPTION,71
SCHINZEL-GIEDION SYNDROME,1
RADIATION VASCULITIS,1
FOLLICLE CENTRE LYMPHOMA DIFFUSE SMALL CELL LYMPHOMA,5
BLOOD BILIRUBIN NORMAL,1
MENINGOENCEPHALOCELE REPAIR,1
WRONG ROUTE,26
PLATELET GLYCOPROTEIN GENE MUTATION,4
FIP1L1/PDGFR ALPHA FUSION KINASE POSITIVE,1
FOCAL PERITONITIS,56
IMMUNE-MEDIATED GASTRITIS,184
ACQUIRED CEREBRAL PALSY,7
PRODUCT ADMINISTERED BY WRONG PERSON,363
PSEUDOALLERGIC REACTION,12
PAROXYSMAL EXTREME PAIN DISORDER,25
VACUUM ASPIRATION,8
LABELLED DRUG-DISEASE INTERACTION ISSUE,90
3M SYNDROME,8
LIP COSMETIC PROCEDURE,8
BRAIN SCAN NORMAL,1
GALLBLADDER MASS,22
MANIC SYMPTOM,162
ANTI-THYROID ANTIBODY DECREASED,7
ELECTROMYOGRAM NORMAL,1
SACROILIAC JOINT DYSFUNCTION,130
BIOPSY PHARYNX NORMAL,1
TP53 GENE MUTATION,96
ACQUIRED FACTOR XI DEFICIENCY,5
CSF POLYMORPHONUCLEAR CELL COUNT DECREASED,1
DRUG METABOLITE LEVEL HIGH,81
EAR PROCEDURAL COMPLICATION,2
ANTIDEPRESSANT DISCONTINUATION SYNDROME,185
DISSEMINATED VARICELLA,38
MYOCLONIC DYSTONIA,46
SARS-COV-2 TEST FALSE NEGATIVE,11
HEPATIC ENCEPHALOPATHY PROPHYLAXIS,1
SARS-COV-2 TEST FALSE POSITIVE,44
HLA MARKER STUDY,2
ANAL ERYTHEMA,119
CONGENITAL MYASTHENIC SYNDROME,19
STOMA SITE DERMATITIS,33
GENITAL ANAESTHESIA,264
NOREPINEPHRINE ABNORMAL,1
CEREBRAL CYST HAEMORRHAGE,4
CONGENITAL LUMBAR SYNDROME,2
ANAL RASH,91
SERUM AMYLOID A PROTEIN,2
HYDROA VACCINIFORME,3
GLOBOTRIAOSYLSPHINGOSINE INCREASED,175
VACCINATION SITE MOVEMENT IMPAIRMENT,12
ADMINISTRATION SITE JOINT INFECTION,5
IMPLANTABLE CARDIAC MONITOR REPLACEMENT,7
GREY ZONE LYMPHOMA,9
DEPRESSION RATING SCALE SCORE INCREASED,5
DRAINAGE,466
AXONAL AND DEMYELINATING POLYNEUROPATHY,92
PARANASAL SINUS ABSCESS,23
HEPATITIS MUMPS,1
C-TELOPEPTIDE DECREASED,17
MULTISYSTEM INFLAMMATORY SYNDROME IN CHILDREN,71
AMYLOID RELATED IMAGING ABNORMALITY-MICROHAEMORRHAGES AND HAEMOSIDERIN DEPOSITS,938
SARS-COV-2 VIRAEMIA,58
FIBRONECTIN,2
PARVOVIRUS B19 INFECTION REACTIVATION,26
MORBIHAN DISEASE,7
HEPATIC ARTERY INFUSION PUMP INSERTION,1
ARTERIOVENOUS FISTULA SITE PSEUDOANEURYSM,5
PERITONEAL DIALYSATE LEAKAGE,26
GLOMERULAR FILTRATION RATE NORMAL,2
N-TERMINAL PROHORMONE BRAIN NATRIURETIC PEPTIDE NORMAL,1
PAROXYSMAL AUTONOMIC INSTABILITY WITH DYSTONIA,7
ANGIOGENESIS BIOMARKER DECREASED,6
CRYOPHOBIA,2
SUBCLAVIAN ARTERY PERFORATION,2
LARYNGEAL REPAIR,1
NEUTROPHIL EXTRACELLULAR TRAP FORMATION,2
RESPIRATORY SINUS ARRHYTHMIA MAGNITUDE ABNORMAL,1
SYMPTOMATIC TREATMENT,3
ABNORMAL DNA METHYLATION,8
ANORECTAL MALFORMATION,56
SMALL INTESTINE CARCINOMA STAGE I,60
AORTIC ROOT ENLARGEMENT PROCEDURE,3
JOUBERT SYNDROME,3
BILIARY-VASCULAR FISTULA,4
EXTERNAL EAR PROSTHESIS INSERTION,1
OROPHARYNGEAL CANCER STAGE I,4
WHITE NIPPLE SIGN,2
GAMING DISORDER,19
CONJUNCTIVAL PAPILLAE,20
INTENTIONAL PRODUCT MISUSE TO CHILD,122
ANGIOTENSIN II RECEPTOR TYPE 1 ANTIBODY POSITIVE,4
INJECTION SITE PANNICULITIS,17
ANDERSEN-TAWIL SYNDROME,5
MERS-COV TEST POSITIVE,1
ALPHA HYDROXYBUTYRATE DEHYDROGENASE,3
NEURONAL INTRANUCLEAR INCLUSION DISEASE,1
MYOCARDIAL NECROSIS MARKER DECREASED,8
SEMEN VISCOSITY,1
BIOPSY PALATE,4
EMANUEL SYNDROME,4
HYDROCELE MALE INFECTED,13
OESOPHAGOMEDIASTINAL FISTULA,18
ANTI-ZINC TRANSPORTER 8 ANTIBODY POSITIVE,1
RETINOPATHY SOLAR,9
ARTERIAL REVASCULARISATION,15
COVID-19 IMMUNISATION,835
GIANT CELL MYOCARDITIS,41
PALLIATIVE SEDATION,27
CRYPTOCOCCAL MENINGOENCEPHALITIS,129
RADIATION SOMNOLENCE SYNDROME,1
FOETAL HEART RATE INDETERMINATE,8
LICHENOID DYSPLASIA,2
ANAEMIA VITAMIN B6 DEFICIENCY,7
WISKOTT-ALDRICH SYNDROME,5
LARGE CELL LUNG CANCER STAGE III,3
NEOVAGINAL STENOSIS,5
RESPIRATORY TRACT CHLAMYDIAL INFECTION,1
MENINGITIS COXSACKIE VIRAL,5
INDETERMINABLE ABO BLOOD TYPE,2
PANCREATIC CARCINOMA STAGE 0,53
OCCUPATIONAL EXPOSURE TO SUNLIGHT,13
PARAPHARYNGEAL SPACE INFECTION,28
CHRONIC CEREBROSPINAL VENOUS INSUFFICIENCY,1
TERM BIRTH,127
LABELLED DRUG-FOOD INTERACTION ISSUE,158
ABNORMAL CORD INSERTION,45
CONGENITAL HYPEREXTENSION OF KNEE,2
DEVICE ENVIRONMENTAL COMPATIBILITY ISSUE,15
ARTERIOVENOUS GRAFT SITE NECROSIS,2
TRANSVERSE SINUS STENOSIS,9
HEPATIC HYPOPERFUSION,7
MACULAR THICKENING,77
PLASMA CELLS ABSENT,1
CONJUNCTIVITIS FUNGAL,4
ANAL TINEA,2
HIGH RESPONSE TO OVARIAN STIMULATION,1
EXCESS IRON CHELATION,1
UROGENITAL TRICHOMONIASIS,1
PLEUROPARENCHYMAL FIBROELASTOSIS,103
LOWER OESOPHAGEAL SPHINCTER MAGNETIC AUGMENTATION,2
PYLORIC ABSCESS,11
OS TRIGONUM,5
AEROCOCCUS URINAE INFECTION,21
FACIOBRACHIAL DYSTONIC SEIZURE,27
SARS-COV-2 SEPSIS,36
PORPHYROMONAS TEST POSITIVE,3
VASOACTIVE INTESTINAL POLYPEPTIDE DECREASED,1
MONTREAL COGNITIVE ASSESSMENT,6
MYOPIC DISC,2
MANUFACTURING PROCESS CONTROL PROCEDURE INCORRECTLY PERFORMED,1
DOUBLE OUTLET LEFT VENTRICLE,5
VENTRICULAR INTERNAL DIAMETER,3
PLACENTAL CYST,7
DEVICE SIGNAL TRANSMISSION ISSUE,3
INCISION SITE PARAESTHESIA,3
ECTOPIC PARATHYROID HORMONE PRODUCTION,1
BLEPHAROPHIMOSIS CONGENITAL,2
ORBITAL HAEMORRHAGE,31
UPPER RESPIRATORY TRACT ENDOSCOPY,2
MALARIA RECRUDESCENCE,6
CARNITINE,1
SWALLOW STUDY,2
ADENINE PHOSPHORIBOSYL TRANSFERASE DEFICIENCY,2
FLT3 GENE MUTATION,15
SUPERIMPOSED PRE-ECLAMPSIA,34
CHONDROECTODERMAL DYSPLASIA,1
ISCHAEMIC CHOLECYSTITIS,8
GASTRIC ISCHAEMIA,39
NEUTROPHIL COUNT NORMAL,344
CSF PH DECREASED,1
FALLOPIAN TUBE NECROSIS,6
UREA RENAL CLEARANCE,1
BACTERIAL SALPINGITIS,2
OESOPHAGEAL ABSCESS,8
ULTRASOUND PANCREAS ABNORMAL,7
NEONATAL SINUS TACHYCARDIA,10
UMBILICAL ARTERY VASCULAR RESISTANCE INCREASED,14
NESIDIOBLASTOSIS,4
CORD COLITIS SYNDROME,6
DISSEMINATED BLASTOMYCOSIS,166
ARTERIAL TORTUOSITY SYNDROME,6
PASH SYNDROME,22
FOCAL MYOSITIS,19
PANCREATIC PSEUDOCYST HAEMORRHAGE,9
IRRITABILITY POSTVACCINAL,9
"BLADDER CANCER STAGE 0, WITHOUT CANCER IN SITU",1
PHARYNGEAL CANCER STAGE II,5
HYPERTHROMBINAEMIA,3
DIGITAL PULPITIS,7
PTPN11 GENE MUTATION,6
VASCULAR ANASTOMOTIC HAEMORRHAGE,26
UNEVALUABLE SPECIMEN,14
CHORIORETINAL DEGENERATION CONGENITAL,1
TRISOMY 16,10
ACTINIC PRURIGO,1
ENDOCARDITIS RHEUMATIC,1
ANTIACETYLCHOLINE RECEPTOR ANTIBODY,3
OPTIC PERINEURITIS,51
NON-HODGKIN'S LYMPHOMA UNSPECIFIED HISTOLOGY AGGRESSIVE REFRACTORY,1
CORNEAL WARPAGE,4
COPA SYNDROME,4
LARYNGEAL CRYPTOCOCCOSIS,14
ALK GENE REARRANGEMENT ASSAY,2
HAEMOGLOBIN C DISEASE,4
VOLUME BLOOD,9
OVARIAN BACTERIAL INFECTION,4
INBORN ERROR OF LIPID METABOLISM,12
CREATINE DEFICIENCY SYNDROME,2
INFECTIVE PERIOSTITIS,2
VACCINATION SITE JOINT PAIN,8
CHEMOTHERAPY CYTOKINE PROPHYLAXIS,1
INJECTION SITE MUSCLE WEAKNESS,47
URINARY SYSTEM X-RAY,2
RETROSTERNAL FLUID EVACUATION,1
OVARIAN NEOPLASM SURGERY,5
COLUMBIA SUICIDE SEVERITY RATING SCALE ABNORMAL,2
ATROPHIC PHARYNGITIS,1
LYMPH NODE TRANSPLANT,2
FOVEAL DEGENERATION,23
ASYMMETRIC CRYING FACIES,6
FOETAL CARDIAC ARREST,34
DISABILITY ASSESSMENT SCALE,6
NUTRITIONAL SUPPLEMENT ALLERGY,13
CONGENITAL CONDYLOMA,1
SMEGMA ACCUMULATION,15
ELECTROCORTICOGRAM,1
CARDIOFACIOCUTANEOUS SYNDROME,1
PROCEDURE ABORTED,34
ARTERIAL PUNCTURE,6
LYMPHOCYTOTOXIC ANTIBODY POSITIVE,1
CAPSULORRHAPHY,2
VARICELLA ZOSTER SEPSIS,14
POOR MILK EJECTION REFLEX,5
CORONARY SINUS INJURY,2
NODAL MARGINAL ZONE B-CELL LYMPHOMA RECURRENT,3
PHYTOTHERAPY,5
CD34 CELL COUNT DECREASED,10
NEONATAL SINUS BRADYCARDIA,5
BRAIN NATRIURETIC PEPTIDE NORMAL,1
CAESAREAN DELIVERY ON MATERNAL REQUEST,8
RHINECTOMY,2
PROSTHETIC CARDIAC VALVE STENOSIS,15
OVARIAN HYPOPLASIA,1
NECROLYTIC ACRAL ERYTHEMA,3
MIGRAINE POSTDROME,7
TRIPLE POSITIVE BREAST CANCER,20
ANTIPYRESIS,1
LACRIMAL GLAND ABSCESS,3
INTRATUMOURAL HAEMATOMA,10
CUTIS VERTICIS GYRATA,11
METABOLIC NEPHROPATHY,6
ELASTOFIBROMA,11
HEAVY MENSTRUAL BLEEDING,7846
OPHTHALMIC MIGRAINE,660
ELECTRIC SHOCK SENSATION,2654
INTERMENSTRUAL BLEEDING,5085
HEPATIC CYTOLYSIS,12060
PHILADELPHIA POSITIVE ACUTE LYMPHOCYTIC LEUKAEMIA,160
SPLENIC INDURATION,3
CALR GENE MUTATION,10
EYELID VELLUS HAIR CHANGES,3
EYELID MYOKYMIA,22
HYPERTELORISM,99
NOROVIRUS INFECTION,1375
CARCINOMA IN SITU OF TRACHEA,1
IMMUNE-MEDIATED LUNG DISEASE,1725
APHAKIC GLAUCOMA,2
IMMUNE-MEDIATED HYPOPHYSITIS,423
TREATMENT DELAYED,1596
VERTEBRAL ARTERY PERFORATION,4
TOXIC CATARACT,7
PORTAL HYPERTENSIVE COLOPATHY,8
MAGNETIC RESONANCE IMAGING HEAD ABNORMAL,637
FOLLICULAR LYMPHOMA,842
MAGNETIC RESONANCE IMAGING HEAD,8
MAGNETIC RESONANCE IMAGING NECK,3
BELL'S PALSY,1675
GYNAECOLOGICAL EXAMINATION,1
SUBENDOCARDIAL HAEMORRHAGE,8
SMALL INTESTINE CARCINOMA STAGE 0,20
SACRECTOMY,1
ABNORMAL UTERINE BLEEDING,2459
INAPPROPRIATE SCHEDULE OF PRODUCT DISCONTINUATION,504
CARBOXYHAEMOGLOBIN DECREASED,2
KL-6 INCREASED,211
ACCESSORY RENAL ARTERY,3
PULMONARY BULLECTOMY,6
LEFT ATRIAL APPENDAGE CLOSURE IMPLANT,103
BLADDER LEUKOPLAKIA,3
ORAL MUCOSAL SCAR,20
INTRAOSSEOUS LIPOMA,1
NECROTIC LYMPHADENOPATHY,108
SARS-COV-1 TEST,2
INTESTINAL TRANSIT TIME,1
"FISSURE OF TONGUE, CONGENITAL",2
BURN OPERATION,1
POST-ACUTE COVID-19 SYNDROME,1220
VITAMIN A DEFICIENCY EYE DISORDER,3
22Q11.2 DELETION SYNDROME,13
CROSSMATCH,1
SUBACUTE PANCREATITIS,7
PHILADELPHIA POSITIVE CHRONIC MYELOID LEUKAEMIA,92
GENERALISED BULLOUS FIXED DRUG ERUPTION,361
NEOVAGINAL COMPLICATION,1
SCAR INFLAMMATION,33
BLOCK VERTEBRA,23
PRECURSOR T-LYMPHOBLASTIC LYMPHOMA/LEUKAEMIA REFRACTORY,2
PARANEOPLASTIC HYPOGLYCAEMIA,5
LUPUS ANTICOAGULANT HYPOPROTHROMBINAEMIA SYNDROME,9
VAGINAL RING,2
PANCREATIC ENZYME REPLACEMENT THERAPY,1
PUNCTURE SITE CELLULITIS,8
FALSE POSITIVE RADIOISOTOPE INVESTIGATION RESULT,22
APPLICATION SITE JOINT PAIN,3
PHYSICAL EXAMINATION OF JOINTS ABNORMAL,5
OUT OF SPECIFICATION PRODUCT TESTING ISSUE,1
CEREBRAL MASS EFFECT,352
INTESTINAL T-CELL LYMPHOMA RECURRENT,3
MICROSCOPIC ENTERITIS,23
URINARY OCCULT BLOOD,49
RED BREAST SYNDROME,1
VAGINAL CANCER STAGE III,2
EXCESSIVE GINGIVAL DISPLAY,4
BILE DUCT RECONSTRUCTION,3
HYSTEROSCOPY ABNORMAL,1
COLD DYSAESTHESIA,21
DIGESTIVE ENZYME ABNORMAL,18
RETINAL MELANOCYTOMA,1
ASXL1 GENE MUTATION,9
RHINITIS ULCERATIVE,2
NPM1 GENE MUTATION,13
ANTIDIARRHOEAL SUPPORTIVE CARE,1
HRD GENE MUTATION ASSAY POSITIVE,8
FALLOPIAN TUBE ADHESION,18
HODGKIN'S DISEASE LYMPHOCYTE DEPLETION TYPE STAGE III,1
PSYCHOTIC FAMILY MEMBER,1
OPHTHALMIC FLUID-AIR EXCHANGE PROCEDURE,7
ULCERATIVE HYPERKERATOSIS,4
HIDRADENOCARCINOMA,10
DISSEMINATED PARACOCCIDIOIDOMYCOSIS,21
LARYNGOTRACHEOBRONCHOSCOPY,1
LARYNGOPHARYNGITIS,89
HEART SOUNDS NORMAL,8
ANTI-ISLET CELL ANTIBODY POSITIVE,1
INTRA-ABDOMINAL VASCULAR INJURY,6
GALLBLADDER CANCER STAGE 0,16
EVERSION OF LACRIMAL PUNCTUM,1
SHOULDER INJURY RELATED TO VACCINE ADMINISTRATION,19
SEPTIC ARTHRITIS NEISSERIAL,3
INSULIN SHOCK THERAPY,1
UTERINE COMPRESSION SUTURES,1
PIK3CA RELATED OVERGROWTH SPECTRUM,14
VACCINATION SITE PUSTULE,4
MEVALONATE KINASE DEFICIENCY,7
URINARY MEATITIS,3
PERIPHERAL VEIN STENOSIS,8
TROPONIN ABNORMAL,119
ONCOVIRUS TEST POSITIVE,1
UNDIFFERENTIATED CARCINOMA OF COLON,3
APPLICATION SITE JOINT DISCOMFORT,2
ILIAC ARTERY DISEASE,17
RETINAL OCCLUSIVE VASCULITIS,211
URINARY BLADDER HERNIATION,13
VERTEBRAL ARTERY ARTERIOSCLEROSIS,2
BACTERIAL ENDOPHTHALMITIS,251
BREAKTHROUGH HAEMOLYSIS,376
MENINGITIS ESCHERICHIA,30
PARATRACHEAL AIR CYST,2
MODIFIED RODNAN SKIN SCORE ABNORMAL,9
CONFIRMED E-CIGARETTE OR VAPING PRODUCT USE ASSOCIATED LUNG INJURY,12
INTRAOPERATIVE NEUROPHYSIOLOGIC MONITORING,1
TROPONIN DECREASED,35
POST-DEPLETION B-CELL RECOVERY,113
TUBEROUS SCLEROSIS COMPLEX ASSOCIATED NEUROPSYCHIATRIC DISEASE,6
REACTIVE CAPILLARY ENDOTHELIAL PROLIFERATION,54
RECTOSIGMOID CANCER STAGE II,3
BASAL CELL CARCINOMA METASTATIC,15
PLASMINOGEN ACTIVATOR INHIBITOR TYPE 1 DEFICIENCY,1
CSF CULTURE NEGATIVE,2
ORBITAL SWELLING,54
GRANULOCYTE-COLONY STIMULATING FACTOR LEVEL DECREASED,11
ADENYLOSUCCINATE LYASE DEFICIENCY,1
PARAVALVULAR REGURGITATION,12
TROPICAL ULCER,2
RADIOTHERAPY TO TONGUE,1
PERICARDIAL MESOTHELIOMA MALIGNANT,9
NEURONE-SPECIFIC ENOLASE,1
PSEUDOSYNDACTYLY,1
HEREDITARY ANGIOEDEMA WITH NORMAL C1 ESTERASE INHIBITOR,9
NEGATIVE SYMPTOMS IN SCHIZOPHRENIA,64
SELF-DESTRUCTIVE BEHAVIOUR,739
CARDIAC THERAPEUTIC PROCEDURE,66
PROSTHETIC CARDIAC VALVE PANNUS,2
SARCOID-LIKE REACTION,229
VOCAL CORD ERYTHEMA,9
IMMUNE-MEDIATED CYSTITIS,105
ALOPECIA SYPHILITIC,1
RENAL-LIMITED THROMBOTIC MICROANGIOPATHY,223
FIBRINOGEN DEGRADATION PRODUCTS INCREASED,8
TONGUE INDURATION,5
GASTRIC INFARCTION,13
CONGENITAL RUBELLA SYNDROME,1
ELECTROCARDIOGRAM PR SEGMENT DEPRESSION,2
ORAL MACULE,5
FOLLICULAR LYMPHOMA STAGE IV,41
TRANSIENT HYPOTHYROXINAEMIA OF PREMATURITY,1
AICARDI-GOUTIERES SYNDROME,6
VERY LONG-CHAIN ACYL-COENZYME A DEHYDROGENASE DEFICIENCY,2
ISODICENTRIC CHROMOSOME 15 SYNDROME,1
MEDICAL DEVICE SITE DYSAESTHESIA,2
PHOTON RADIATION THERAPY TO BREAST,2
ENDOSCOPIC RETROGRADE CHOLANGIOPANCREATOGRAPHY NORMAL,2
INJECTION SITE MUSCLE ATROPHY,30
TROPONIN I DECREASED,10
AGONAL RESPIRATION,271
HIGH GRADE B-CELL LYMPHOMA BURKITT-LIKE LYMPHOMA STAGE IV,6
MEDICAL DEVICE SITE HYPERHIDROSIS,8
BRONCHIAL SCARRING,4
FOLLICULAR LYMPHOMA STAGE III,39
FOLLICULAR LYMPHOMA STAGE I,4
INTERMEDIATE DENSITY LIPOPROTEIN INCREASED,2
VESSEL PUNCTURE SITE HYPOAESTHESIA,1
BODY MODIFICATION,19
JUVENILE ABSENCE EPILEPSY,4
TRACHEAL COMPRESSION,43
HAEMORRHAGIC OCCLUSIVE RETINAL VASCULITIS,72
OPITZ TRIGONOCEPHALY SYNDROME,6
CONGENITAL DYSERYTHROPOIETIC ANAEMIA,3
ADMINISTRATION SITE RECALL REACTION,4
NICOTINE TEST POSITIVE,3
SACROILIAC FUSION,42
WALLED-OFF PANCREATIC NECROSIS,18
VITAL CAPACITY,2
ENCEPHALITIS CALIFORNIA,2
GENITOURINARY MELANOMA,5
MALIGNANT NEOPLASM REMOVAL,1
PERFUSION BRAIN SCAN ABNORMAL,14
BRAIN STEM AUDITORY EVOKED RESPONSE,1
IMMUNE-MEDIATED ADRENAL INSUFICIENCY,8
CYTOKINE INCREASED,132
HIGH INTENSITY FOCUSED ULTRASOUND,3
NON-NEUTRALISING ANTIBODIES,1
STOMACH DILATION PROCEDURE,2
RHEUMATOID ARTHRITIS-ASSOCIATED INTERSTITIAL LUNG DISEASE,85
PULMONARY ALVEOLAR MICROLITHIASIS,2
MONTREAL COGNITIVE ASSESSMENT ABNORMAL,7
PENILE ARTERY OCCLUSION,1
PERIANAL CYST,2
URETERAL DIVERTICULUM,1
ASYMMETRIC THIGH FOLD,1
MONOLID EYES,1
LOSS OF CAR T-CELL PERSISTENCE,27
"ANASTOMOTIC ULCER, OBSTRUCTIVE",1
SHORT INTERPREGNANCY INTERVAL,1
CYSTINURIA,14
ORTHOSTATIC PROTEINURIA,3
EYE DROP INSTILLATION,1
STOMA SITE HYPOAESTHESIA,2
ORGANIC DUST TOXIC SYNDROME,1
ANAL CANCER STAGE I,8
STENOSIS OF VESICOURETHRAL ANASTOMOSIS,2
SEROMA DRAINAGE,4
"DUODENAL ULCER, OBSTRUCTIVE",1
INCOMPLETE PRECOCIOUS PUBERTY,1
NODAL MARGINAL ZONE B-CELL LYMPHOMA STAGE IV,3
CAMPYLOBACTER URINARY TRACT INFECTION,5
HAEMANGIOMA RUPTURE,15
POSITIVE VESSEL REMODELLING,2
URETHRAL PROSTHESIS REMOVAL,1
SCAPHOID ABDOMEN,7
EUSTACHIAN VALVE HYPERTROPHY,2
MIDDLE EAR PROSTHESIS REMOVAL,2
URETHRITIS UREAPLASMAL,1
PULMONARY VENOUS HYPERTENSION,13
OPHTHALMIA NODOSA,2
LUNG SQUAMOUS CELL CARCINOMA STAGE 0,2
XITH NERVE INJURY,7
IMMUNE-MEDIATED NEUROLOGICAL DISORDER,82
METAMYELOCYTE PERCENTAGE,4
FALLOPIAN TUBE CONGESTION,1
COMPUTED TOMOGRAPHIC ABSCESSOGRAM,1
SUBCUTANEOUS BIOPSY,2
MAGNETIC RESONANCE IMAGING HEAD NORMAL,2
PRIMARY MEDIASTINAL LARGE B-CELL LYMPHOMA STAGE I,1
STIFF SKIN SYNDROME,8
HORMONE RECEPTOR POSITIVE HER2 NEGATIVE BREAST CANCER,310
FUNGAL URETHRITIS,2
LUMBOSACRAL RADICULOPLEXUS NEUROPATHY,50
ANTIPSYCHOTIC DRUG LEVEL THERAPEUTIC,1
PANCREATITIS FUNGAL,2
MICROCOLON,2
FRAMINGHAM RISK SCORE,2
DNA MISMATCH REPAIR DEFICIENCY TEST,1
SPHENOID BONE DEHISCENCE,1
CARDIAC VENTRICULOGRAM RIGHT ABNORMAL,1
TROPONIN I ABNORMAL,15
PARAINFLUENZAE VIRAL BRONCHITIS,15
PRENATAL CARE,2
INTESTINAL STENT REMOVAL,2
APPLICATION SITE JOINT INFECTION,6
B-CELL DEPLETION THERAPY,4
CONGENITAL ECTOPIC PANCREAS,2
FINNEGAN SCORE INCREASED,10
OSTEOMYELITIS BLASTOMYCES,12
SALIVARY GLAND CANCER STAGE 0,2
EXPOSURE TO TOBACCO,9
CHONDRONECROSIS,7
MAGNETIC RESONANCE IMAGING NORMAL,4
VACCINATION SITE JOINT MOVEMENT IMPAIRMENT,1
ANTASTHMATIC DRUG LEVEL,6
INADEQUATE PERITONEAL DIALYSIS,143
HEAD AND NECK CANCER STAGE I,6
PROBABLE E-CIGARETTE OR VAPING PRODUCT USE ASSOCIATED LUNG INJURY,2
INFANTILE FIBROMATOSIS,3
MAGNETIC RESONANCE IMAGING HEPATOBILIARY ABNORMAL,8
NEONATAL BRADYARRHYTHMIA,1
AORTIC ANNULUS RUPTURE,5
CHILD SYNDROME,2
OROPHARYNGEAL STENOSIS,3
CANCER WITH A HIGH TUMOUR MUTATIONAL BURDEN,34
BRONCHOSCOPIC LUNG VOLUME REDUCTION,7
POST ABLATION SYNDROME,2
FALLOPIAN TUBE CANCER STAGE IV,6
PLATELET STORAGE POOL DEFICIENCY,3
CANCER CELLS URINE PRESENT,5
CONGENITAL HYPERINSULINAEMIC HYPOGLYCAEMIA,12
PSEUDOHYPOPYON,4
PARANASAL SINUS MASS,17
EXTRAHEPATIC BILIARY TREE INJURY,2
COLO-URETHRAL FISTULA,4
BENIGN NEOPLASM OF AMPULLA OF VATER,3
CHRONIC CORONARY SYNDROME,46
ECHOCARDIOGRAM NORMAL,4
MALARIAL MYOCARDITIS,2
IMMUNE-MEDIATED OESOPHAGITIS,61
CUTANEOUS B-CELL LYMPHOMA,59
CHOLAEMIA,1
TRANSSPHENOIDAL SURGERY,7
BLADDER SQUAMOUS CELL CARCINOMA RECURRENT,1
ACQUIRED LEFT VENTRICLE OUTFLOW TRACT OBSTRUCTION,47
ANGIOCENTRIC LYMPHOMA RECURRENT,2
ORBIT ATROPHY,3
SPINAL DEFORMITY CORRECTION,2
SARS-COV-2 RNA INCREASED,68
VULVAR ADENOCARCINOMA,2
STENOTROPHOMONAS BACTERAEMIA,68
TRACHEAL ASPIRATE CULTURE,5
SUPRA-AORTIC TRUNK SCLEROSIS,1
PERITONEAL CATHETER INSERTION,9
PERINEOPLASTY,3
ERYTHROPOIETIN DEFICIENCY ANAEMIA,9
ACQUIRED BLASCHKOID DERMATITIS,5
FOETAL HAEMOGLOBIN DECREASED,2
RICKETTSIALPOX,1
ANASTOMOTIC EROSION,8
MENINGITIS GONOCOCCAL,4
EXTRAGONADAL PRIMARY SEMINOMA (PURE),3
STERILISATION REVERSAL,1
PHOTON RADIATION THERAPY,2
SKIN GRAFT SCAR CONTRACTURE,2
CHAGOMA,1
AICHMOPHOBIA,2
OESOPHAGEAL LESION EXCISION,1
GASTRIC ELECTRICAL STIMULATION,7
MONOCYTE CHEMOTACTIC PROTEIN-2 DECREASED,1
DENTAL IMPLANT REMOVAL,19
SALIVARY GLAND CANCER STAGE II,2
TRACHEAL ASPIRATION PROCEDURE,5
SUPERFICIAL VEIN THROMBOSIS,795
PELVIC ORGAN PROLAPSE,86
"EAR, NOSE AND THROAT INFECTION",79
MULTIPLE SCLEROSIS PSEUDO RELAPSE,326
"EAR, NOSE AND THROAT DISORDER",139
POLIOVIRUS TEST POSITIVE,2
VAGINAL REFLUX,1
CELLULITE,320
PRODUCT AFTER TASTE,925
POSITIVE AIRWAY PRESSURE THERAPY,231
BONE DEMINERALISATION,1048
EPIRETINAL MEMBRANE,256
SACRAL PAIN,564
COVID-19 SCREENING,3
MYOCARDIAL INJURY,981
TELANGIECTASIA CONGENITAL,19
TERTIARY ADRENAL INSUFFICIENCY,53
ARRHYTHMIC STORM,325
CORONAVIRUS PNEUMONIA,158
ACUTE MACULAR NEURORETINOPATHY,163
HYPOPHARYNGEAL CANCER STAGE III,1
BRIEF RESOLVED UNEXPLAINED EVENT,124
BACTERIURIA IN PREGNANCY,9
SPONTANEOUS BACTERIAL PERITONITIS,241
PNEUMONITIS ASPIRATION,333
TRAUMATIC HEART INJURY,18
LENGTH AT BIRTH,1
UTERINE ARTERY EMBOLISATION,10
EAR INFLAMMATION,273
POSITRON EMISSION TOMOGRAPHY-MAGNETIC RESONANCE IMAGING,1
MUSCLE REATTACHMENT,8
APPENDIX CANCER METASTATIC,13
IMMUNE-MEDIATED ADRENAL INSUFFICIENCY,745
VON WILLEBRAND'S FACTOR ANTIGEN ABNORMAL,1
CONJUNCTIVAL THINNING,6
OCULAR IMPLANT EXPOSURE,5
BULLOUS OEDEMA OF THE BLADDER,3
FLOATING-HARBOR SYNDROME,1
MAGNETIC RESONANCE IMAGING BREAST ABNORMAL,2
NEUROMUSCULAR SCOLIOSIS,16
ANAL CYST,57
JC POLYOMAVIRUS TEST NEGATIVE,3
COMPLEMENT FACTOR C1 DECREASED,5
ALK GENE REARRANGEMENT POSITIVE,9
FOETAL VASCULAR MALPERFUSION,47
SPONTANEOUS INTERNAL CAROTID ARTERY RECANALISATION,1
CHECKPOINT KINASE 2 GENE MUTATION,7
SKIN TEMPERATURE,23
MYOCARDIAL STRAIN IMAGING,10
AMYLOID RELATED IMAGING ABNORMALITY-OEDEMA/EFFUSION,1086
STOOL CHYMOTRYPSIN,1
ACQUIRED HYPOCALCIURIC HYPERCALCAEMIA,4
ALLERGIC FUNGAL RHINOSINUSITIS,24
COMBINED TIBIA-FIBULA FRACTURE,4
IMMUNOSUPPRESSANT DRUG LEVEL ABNORMAL,62
VACCINATION SITE PAPULE,3
PLEURISY BACTERIAL,38
NEUTROPHIL/LYMPHOCYTE RATIO DECREASED,5
HYDROXYAPATITE CRYSTAL DEPOSITION DISEASE,8
OCULAR SURFACE STEM CELL TRANSPLANT REJECTION,9
MATERNAL EXPOSURE VIA PARTNER DURING PREGNANCY,59
HODGKIN'S DISEASE LYMPHOCYTE PREDOMINANCE TYPE STAGE UNSPECIFIED,3
CHOROID FISSURE CYST,4
CORNEAL DIAMETER INCREASED,3
NASOPHARYNGEAL CANCER STAGE 0,2
TOOTH RESTORATION,94
ACQUIRED FACTOR V DEFICIENCY,110
RIGHT ATRIAL VOLUME DECREASED,2
ENDOSCOPIC SLEEVE GASTROPLASTY,3
CARDIOHEPATIC SYNDROME,3
PARASITIC OESOPHAGITIS,1
BLOOD OSMOLARITY NORMAL,1
BREAST PROLIFERATIVE CHANGES,4
CBL GENE MUTATION,4
WEISSELLA INFECTION,11
BENZODIAZEPINE DRUG LEVEL THERAPEUTIC,4
ULTRASOUND LIVER,2
DEVICE WIRELESS COMMUNICATION ISSUE,247
RENAL ECHINOCOCCIASIS,2
RENAL ARTERY EMBOLISATION,4
VACCINE ASSOCIATED ENHANCED DISEASE,1
POST THROMBOTIC RETINOPATHY,3
ANTI-NEURONAL ANTIBODY POSITIVE,6
CULTURE THROAT,3
TOPICAL STEROID WITHDRAWAL REACTION,379
HERPES VIRUS TEST ABNORMAL,4
MYELIN OLIGODENDROCYTE GLYCOPROTEIN ANTIBODY-ASSOCIATED DISEASE,145
PROVIDENCIA URINARY TRACT INFECTION,2
BONE CEMENT IMPLANTATION SYNDROME,7
HISTONE ANTIBODY NEGATIVE,3
INTERNAL CAPSULE INFARCTION,9
LOW LUNG COMPLIANCE,38
PERIPHERAL SPONDYLOARTHRITIS,61
ANTI-THYROID ANTIBODY INCREASED,116
CEREBRAL CANDIDIASIS,15
NONINFECTIVE CHORIORETINITIS,27
LEUKAEMIA BASOPHILIC,2
VACCINE INDUCED ANTIBODY ABSENT,80
CYTOMEGALOVIRUS PERICARDITIS,3
ADENOVIRUS INTERSTITIAL NEPHRITIS,50
HYPERZINCAEMIA,4
THROMBOSIS WITH THROMBOCYTOPENIA SYNDROME,42
ACCIDENTAL EXPOSURE TO PRODUCT BY ELDERLY PERSON,18
PANCREATIC SARCOMA,2
PERINEUM STIMULATION,2
HEREDITARY AREFLEXIC DYSTASIA,1
RIGHT ATRIAL VOLUME ABNORMAL,3
EYELID CYST REMOVAL,4
ANTI-POLYETHYLENE GLYCOL ANTIBODY PRESENT,11
DEVICE AUDIO ISSUE,104
OCCUPATIONAL EXPOSURE TO VIBRATION,1
ACROKERATOSIS VERRUCIFORMIS,1
VULVOVAGINITIS ALLERGIC,6
OXYGENATION INDEX,1
ANAL PAPILLITIS,1
5'NUCLEOTIDASE,1
HEPATIC NEUROENDOCRINE TUMOUR,32
ADCY5-RELATED DYSKINESIA,6
HYPOMELANOSIS OF ITO,1
PARANASAL SINUS HYPOPLASIA,2
PELVIC MISALIGNMENT,49
UVULA DEVIATION,9
SUPRACLAVICULAR FOSSA PAIN,3
FORESKIN OEDEMA,23
CEREBRAL NOCARDIOSIS,211
BACTERIAL MYOSITIS,15
SICK LEAVE,222
SEVERE CUTANEOUS ADVERSE REACTION,198
EPILEPSIA PARTIALIS CONTINUA,42
CHILD-PUGH-TURCOTTE SCORE DECREASED,3
FUNGAL MYOSITIS,35
INTESTINAL VASCULAR DISORDER,12
SPLENIC INFECTION BACTERIAL,2
DENTAL ROOT PERFORATION,10
HCOV-OC43 INFECTION,31
PERIPHERAL NERVOUS SYSTEM FUNCTION TEST,1
WU VIRUS INFECTION,1
PERSISTENT COMPLEX BEREAVEMENT DISORDER,6
INDETERMINATE TUBERCULOSIS TEST,6
BOWEL OBSTRUCTION SURGERY,51
MATERNALLY INHERITED DIABETES AND DEAFNESS,1
MALIGNANT SPINAL CORD COMPRESSION,42
INSTILLATION SITE THROMBOSIS,2
HORMONE RECEPTOR NEGATIVE HER2 POSITIVE BREAST CANCER,9
SMALL INTESTINE NEUROENDOCRINE TUMOUR,53
DISEASE PROPENSITY,50
CHONDROSARCOMA RECURRENT,1
ANOGENITAL LICHEN PLANUS,15
SEPTIC ENDOCARDITIS,15
SOMNIPHOBIA,30
RIGHT ATRIAL VOLUME INCREASED,2
MALIGNANT GASTRIC ULCER,9
BLOOD IMMUNOGLOBULIN A,3
GAMMA RADIATION THERAPY TO PROSTATE,1
"RADIATION THERAPY TO EAR, NOSE, OR THROAT",3
INTRATUMOURAL ANEURYSM,3
ABSTAINS FROM RECREATIONAL DRUGS,3
RADIOCHEMOTHERAPY,7
HAEMORRHAGIC CEREBELLAR INFARCTION,14
URINE GLUCOSE/CREATININE RATIO INCREASED,9
CHRONIC GRAFT VERSUS HOST DISEASE IN LUNG,167
IDIOPATHIC INFLAMMATORY MYOPATHY,27
RADIOIMMUNOTHERAPY,2
ILIAC ARTERY ARTERIOSCLEROSIS,11
ROTAVIRUS TEST,1
ANXIOLYTIC THERAPY,20
ENZYME ACTIVITY NORMAL,1
RADIATION RELATED TOOTH DISORDER,1
MONONUCLEAR CELL COUNT,1
CEREBELLAR TONSILLAR ECTOPIA,7
ECZEMA COXSACKIUM,2
POLYMERS ALLERGY,68
VENOUS RECONSTRUCTION,2
ASTROVIRUS TEST,1
LYMPHODEPLETION,28
METAPNEUMOVIRUS PNEUMONIA,92
POST INTENSIVE CARE SYNDROME,11
TRACHEITIS OBSTRUCTIVE,2
PROSTHETIC VALVE ENDOCARDITIS,53
SCAN GALLIUM,1
VALLECULAR CYST,2
SWOLLEN JOINT COUNT ABNORMAL,19
PROSTHETIC CARDIAC VALVE FAILURE,10
REOVIRAL INFECTION,3
UNDIFFERENTIATED SPONDYLOARTHRITIS,7
BRONCHIAL ATRESIA,7
HETEROGENEOUS TESTIS,2
FLATFOOT RECONSTRUCTION,1
MULTISYSTEM INFLAMMATORY SYNDROME,168
OROFACIAL GRANULOMATOSIS,17
AMASTIA,3
CAPSULAR CONTRACTURE ASSOCIATED WITH IMPLANT,3
BETA 2 MICROGLOBULIN,2
RETROPERITONEAL DISORDER,21
EAR ODOUR,6
STOMA HERNIA REPAIR,4
SUPERIOR MESENTERIC ARTERY DISSECTION,27
TET2 GENE MUTATION,11
SF3B1 GENE MUTATION,11
CONGENITAL DYSFIBRINOGENAEMIA,12
ANTICONVULSANT DRUG LEVEL THERAPEUTIC,6
11-BETA-HYDROXYLASE DEFICIENCY,4
NO DEVICE MALFUNCTION,61
CONJUNCTIVAL DEFECT,26
IMMUNE-MEDIATED CHOLESTASIS,35
VACCINATION SITE HYPERAESTHESIA,2
CHRONIC LEUKAEMIA IN REMISSION,1
PSEUDOHALLUCINATION,30
FOLLICULAR CYSTITIS,18
GYNAECOLOGICAL DISORDER PROPHYLAXIS,1
MAGNETIC RESONANCE IMAGING BREAST,1
CONGENITAL GROWTH HORMONE DEFICIENCY,2
EXPOSURE VIA GRANDMOTHER,6
PERNIO-LIKE ERYTHEMA,12
HCOV-HKU1 INFECTION,21
HAEMOGLOBIN E DISEASE,3
HEPATITIS A ANTIGEN POSITIVE,2
LISTERIA TEST,1
MASTOIDITIS FUNGAL,2
MAGNETIC RESONANCE IMAGING ABDOMINAL,4
ADRENAL ANDROGEN EXCESS,7
VACCINATION SITE NERVE DAMAGE,3
HER2 POSITIVE SALIVARY GLAND CANCER,14
CAMPTODACTYLY-ARTHROPATHY-COXA VARA-PERICARDITIS SYNDROME,4
TRANSILLUMINATION,2
RADIAL PULSE,4
SARS-COV-2 RNA,8
METAPNEUMOVIRUS BRONCHIOLITIS,11
VOCAL CORD FIXATION,3
HEMISECTION OF TOOTH,1
PROSTATIC ASYMMETRY,2
CLONORCHIASIS,2
SCAR DISCOMFORT,11
PROTEIN S,1
KMT2A GENE MUTATION,16
FEAR OF SURGERY,23
OESOPHAGEAL-PULMONARY FISTULA,33
ACQUIRED ASPLENIA,3
PSEUDOHERNIA,1
CARPECTOMY,4
HIV INFECTION CDC GROUP IV SUBGROUP B,2
EFFECTIVE PERITONEAL SURFACE AREA INCREASED,2
ACQUIRED RIGHT VENTRICLE OUTFLOW OBSTRUCTION,4
LOEFGREN SYNDROME,24
OROPHARYNGEAL LYMPHOID HYPERPLASIA,7
BLEB REVISION,2
SCROTAL INJURY,12
MALIGNANT AIRWAY OBSTRUCTION,6
HOMOLOGOUS RECOMBINATION DEFICIENCY POSITIVE ADVANCED OVARIAN CANCER,3
CRANIOLACUNIA,2
CORNEAL LACERATION,17
"DEMENTIA OF THE ALZHEIMER'S TYPE, WITH DELUSIONS",6
OPHTHALMIC ARTERY ANEURYSM,9
DELAYED HAEMATOPOIETIC RECONSTITUTION,7
ANTI-PLATELET FACTOR 4 ANTIBODY POSITIVE,19
TRANSGENERATIONAL EPIGENETIC INHERITANCE,12
HEREDITARY FRUCTOSE INTOLERANCE,1
FOIX-CHAVANY-MARIE SYNDROME,3
BREAST MILK ODOUR ABNORMAL,9
SPINAL FRACTURE TREATMENT,5
ATYPICAL DOSE RESPONSE RELATIONSHIP,2
CHRONIC INFLAMMATORY RESPONSE SYNDROME,40
UNHEALTHY LIFESTYLE,18
FALLOPIAN TUBE STENT INSERTION,1
INTRINSIC FACTOR ANTIBODY,1
HEAVY METAL INCREASED,22
DEVICE PSYCHOGENIC COMPLICATION,1
PLASMIN INCREASED,1
INTERFERON GAMMA RECEPTOR DEFICIENCY,3
PERIPHERAL EXUDATIVE HAEMORRHAGIC CHORIORETINOPATHY,5
RADIOISOTOPE UPTAKE INCREASED,42
ANORCHISM,1
GAUCHER'S DISEASE TYPE III,3
POSTOPERATIVE LYMPHOCELE,4
LENTIGO MALIGNA STAGE III,2
HOLOTRANSCOBALAMIN DECREASED,1
BIOPSY SITE UNSPECIFIED NORMAL,1
LIVER IRON CONCENTRATION DECREASED,1
RADIATION SITE INFECTION,6
NEUROENDOCRINE TUMOUR OF THE RECTUM,32
PATHOLOGICAL DISSECTION,3
PROSTHETIC CARDIAC VALVE MALFUNCTION,17
INCISIONAL HERNIA PERFORATION,1
JEAVONS SYNDROME,5
HOMOCYSTEINE URINE,1
GROWING TERATOMA SYNDROME,29
ABORTION INCOMPLETE COMPLICATED,5
PENILE GANGRENE,9
LARYNGOSTOMY,1
MENISCOPATHY,44
HIV INFECTION CDC CATEGORY B,1
PITUITARY SCAN ABNORMAL,2
CURRARINO SYNDROME,2
CHEST WALL RESECTION,1
ENDOSCOPIC SWALLOWING EVALUATION ABNORMAL,2
NUTRITIONAL ASSESSMENT,1
HCOV-229E INFECTION,2
CONGENITAL MUSCULOSKELETAL DISORDER OF SKULL,64
CENTRAL SLEEP APNOEA SYNDROME,315
CONGENITAL MUSCULOSKELETAL DISORDER OF SPINE,50
CONGENITAL MUSCULOSKELETAL DISORDER OF LIMBS,98
OBSTRUCTIVE SLEEP APNOEA SYNDROME,1378
COLORECTAL ADENOMA,316
FUNGAL FOOT INFECTION,421
STOMA PROLAPSE,137
RHEUMATIC BRAIN DISEASE,1
ORAL DYSPLASIA,9
CONGENITAL MUSCULOSKELETAL DISORDER,87
CD19 LYMPHOCYTES DECREASED,128
HEMIHYPOAESTHESIA,330
SUPERFICIAL INFLAMMATORY DERMATOSIS,111
VANCOMYCIN INFUSION REACTION,359
ANISOCORIA,352
BIOPSY OVARY ABNORMAL,2
HAEMORRHAGIC GASTROENTERITIS,5
MONONUCLEOSIS HETEROPHILE TEST NEGATIVE,1
OROPHARYNGEAL FISTULA,17
SARCOIDOSIS OF LYMPH NODE,53
RED BLOOD CELL TRANSFUSION,395
GREATER TROCHANTERIC PAIN SYNDROME,188
BREAST ABSENT,2
SUPRA-AORTIC TRUNK STENOSIS,1
CORONARY SINUS DILATATION,4
IDIOPATHIC ENVIRONMENTAL INTOLERANCE,47
SARS-COV-1 TEST NEGATIVE,1
PULMONARY HISTOPLASMOSIS,96
CD19 LYMPHOCYTE COUNT ABNORMAL,21
CENTRAL HYPOTHYROIDISM,305
PILONIDAL DISEASE,235
RED BLOOD CELL SIDEROCYTES PRESENT,4
GASTRIC ASPIRATION PROCEDURE,6
TROCHLEAR DYSPLASIA,3
PENIS FRENULECTOMY,1
KOHLER'S DISEASE,4
MYELOCYTE PERCENTAGE,1
GASTRIN-RELEASING PEPTIDE PRECURSOR,2
RETINAL WHITE DOTS SYNDROME,24
PERINEAL SWELLING,42
DOLICHOCEPHALY,4
LINEAGE SWITCH LEUKAEMIA,51
CD19 LYMPHOCYTES INCREASED,16
ARTERIOVENOUS GRAFT SITE PSEUDOANEURYSM,4
KINAESTHETIC SENSE DISORDER,3
DRUG-GENETIC INTERACTION,324
PARALOGISM,5
PROSTHETIC VESSEL IMPLANTATION,3
WEBER'S SYNDROME,1
COLPOCLEISIS,2
IMMUNE DISORDER PROPHYLAXIS,1
RADIATION MYOCARDITIS,2
URETERAL WALL THICKENING,21
MULTISYSTEM INFLAMMATORY SYNDROME IN ADULTS,17
HYPOPHARYNGEAL CANCER STAGE II,4
VACCINATION SITE EXFOLIATION,2
MUCOPOLYSACCHARIDOSIS IV,3
HIV MENINGOENCEPHALITIS,2
OSTEOCHONDRODYSPLASIA,23
RECTAL ULTRASOUND ABNORMAL,1
NEUROPATHIC PRURITUS,36
PRENATAL SCREENING TEST,3
COOLING THERAPY,3
CENTRAL SEROUS CHORIORETINOPATHY,610
CAFFEINE DEPENDENCE,6
PIEBALDISM,2
ORTHOBUNYAVIRUS TEST POSITIVE,9
PULMONARY BLASTOMYCOSIS,111
CATHETER SITE NERVE DAMAGE,1
HER2 PROTEIN OVEREXPRESSION,2
LEUKAEMIA RECURRENT PROPHYLAXIS,1
BCOR GENE MUTATION,3
AORTO-ATRIAL FISTULA,2
FOOD PROTEIN-INDUCED ENTEROCOLITIS SYNDROME,39
CYTOTOXIC LESIONS OF CORPUS CALLOSUM,127
PULMONARY SEPTAL THICKENING,89
VASCULAR ACCESS STEAL SYNDROME,1
RHEUMATOID MENINGITIS,29
REACTIVE ANGIOENDOTHELIOMATOSIS,2
PYRUVATE DEHYDROGENASE COMPLEX DEFICIENCY,1
ULTRASOUND THERAPY,1
SEMINAL VESICULAR INFECTION,1
INHIBIN A INCREASED,1
INHIBIN B INCREASED,1
OPHTHALMIC ARTERY OCCLUSION,46
WARM AUTOIMMUNE HAEMOLYTIC ANAEMIA,126
ALCOHOL TEST,1
COMPUTERISED TOMOGRAM NORMAL,4
INTRA-ABDOMINAL ORGAN AVULSION,1
UREA REDUCTION RATIO,1
TRANSVALVULAR PRESSURE GRADIENT ABNORMAL,3
CHONDRODERMATITIS NODULARIS CHRONICA HELICIS,11
EPIGLOTTIC ABSCESS,2
PULMONARY BULLAE RUPTURE,8
ZRSR2 GENE MUTATION,2
DUODENAL RUPTURE,10
REACTION TO SWEETENER,31
JUGULAR VEIN HAEMORRHAGE,10
SEPTIC CEREBRAL EMBOLISM,49
DENTAL PROSTHESIS REMOVAL,9
VIRURIA,104
ABIOTROPHIA DEFECTIVA ENDOCARDITIS,9
FREE PROSTATE-SPECIFIC ANTIGEN NEGATIVE,1
PRODUCT DOSE CONFUSION,335
ARTERIAL STENT REMOVAL,1
CERVICAL LASER THERAPY,1
INFUSION SITE JOINT PAIN,4
MEDIASTINAL OPERATION,2
BLOOD FOLLICLE STIMULATING HORMONE,2
HYPERGLYCAEMIC CRISIS,48
BLOOD SELENIUM,3
VEXAS SYNDROME,89
CARCINOID TUMOUR IN THE LARGE INTESTINE,18
STRESS MANAGEMENT,1
LIVER OPACITY,2
PERIORBITAL DERMATITIS,71
FOETAL SURGERY,1
PRODUCT STERILITY ISSUE,113
FOLLICULAR DISORDER,34
BREAKTHROUGH COVID-19,230
DUODENAL BULB DEFORMITY,8
PUPIL CONSTRICTION PROCEDURE,3
HEPATIC ARTERY HAEMORRHAGE,7
LIPOPROTEIN METABOLISM DISORDER,5
INTESTINAL BARRIER DYSFUNCTION,109
DYSANIA,75
DIVERSION PROCTITIS,9
ASEPTIC PUSTULE,4
SUBMANDIBULAR ABSCESS,59
OVERGROWTH OF NONSUSCEPTIBLE ORGANISMS,1
OCULAR CYST,68
POSITIVE DOSE RESPONSE RELATIONSHIP,7
RADIOTHERAPY TO ADRENAL GLAND,3
EPIGLOTTIS DYSFUNCTION,24
INTELLIGENCE TEST,1
CD34 CELL COUNT INCREASED,2
CLEAR CELL PAPILLARY RENAL CELL CARCINOMA,13
PRODUCT ADMINISTERED FROM UNAUTHORISED PROVIDER,85
TRIGEMINAL NEUROPATHY,19
MALIGNANT MIDDLE CEREBRAL ARTERY SYNDROME,5
PHOTON RADIATION THERAPY TO BRAIN,1
LIVER SCAN,3
TROPONIN C INCREASED,13
LUMBAR FLEXION SYNDROME,8
PLEURAL INJURY,7
SIGMOID SINUS THROMBOSIS,63
EPIGLOTTIS RECONSTRUCTION,1
ALCOHOLIC COMA,17
VIBRATION SYNDROME,44
OCULAR MELANOMA,60
SKULL BASE TUMOUR,15
UNKNOWN SCHEDULE OF PRODUCT ADMINISTRATION,10
STOMACH CONTENT ANALYSIS,2
CARD9 DEFICIENCY,4
PERITONEAL EFFLUENT PLATELET COUNT,1
PHARMACEUTICAL NOMADISM,474
UGT1A1 GENE MUTATION,13
LYSOSOMAL STORAGE DISORDER,17
GASTROINTESTINAL NEUROENDOCRINE CARCINOMA,28
OVARIAN DYSFUNCTION,39
PENIS CARCINOMA STAGE II,1
SPONTANEOUS RUPTURE OF MEMBRANES,32
DELTA-BETA THALASSAEMIA,1
INTESTINAL TRANSPOSITION,2
ULTRASOUND HEAD ABNORMAL,5
POST PROCEDURAL COMPLICATION CIRCULATORY,18
MASOCHISM,1
LYMPH NODES SCAN NORMAL,1
NASOPHARYNGEAL CANCER STAGE I,1
PREGNANCY WITH YOUNG MATERNAL AGE,2
MUCOUS MEMBRANE PEMPHIGOID,103
SUBCLAVIAN VEIN PERFORATION,6
DELUSION OF THEFT,7
PULMONARY ARTERY COMPRESSION,3
MONKEYPOX,252
GRANULOMATOUS T-CELL PSEUDOLYMPHOMA,1
VARICELLA MENINGITIS,45
ANETODERMA,2
EPILEPSY OF INFANCY WITH MIGRATING FOCAL SEIZURES,8
EYE ABRASION,48
ADULT T-CELL LYMPHOMA/LEUKAEMIA STAGE III,1
ENDOCRINE PROCEDURAL COMPLICATION,2
SEPTIC CARDIOMYOPATHY,46
HAEMATOLOGICAL NEOPLASM,62
RED BLOOD CELL HYPERCHROMIC MORPHOLOGY,14
THYROTOXIC MYOPATHY,13
FOLLICULAR ECZEMA,9
CARDIAC CONTRACTILITY DECREASED,74
ENTEROCOLITIS AIDS,1
ROTATOR CUFF TEAR ARTHROPATHY,17
PAEDIATRIC ACUTE-ONSET NEUROPSYCHIATRIC SYNDROME,43
MEDICAL DEVICE ADJUSTMENT,14
CHRONIC MYOCARDITIS,19
BILE DUCT PRESSURE,1
SHOULDER GIRDLE PAIN,14
BREAST SCAN,7
SPLENIC MARGINAL ZONE LYMPHOMA STAGE IV,2
SCOLIOSIS RADIATION,1
ORAL HERPES ZOSTER,21
STOOL MAGNESIUM INCREASED,1
ACETATE INTOLERANCE,1
TONSILLOLITH REMOVAL,2
CONE-ROD DYSTROPHY,16
ANGIOGRAM PERIPHERAL,5
POSTAURICULAR FISTULA,1
BLOOD CANNABINOIDS DECREASED,1
FINGER TAPPING TEST,1
RENAL LIPOMA,7
HYDROVARIUM,1
MICROORCHIDISM,1
NEOVAGINAL PROLAPSE,1
AMYLOID ARTHROPATHY,64
URINARY TRACT IMAGING ABNORMAL,2
LEUKAEMIC INFILTRATION GINGIVA,2
UROSTOMY CLOSURE,1
VASCULAR ACCESS SITE ERYTHEMA,14
HIV-2 INFECTION,1
ANTI-SACCHAROMYCES CEREVISIAE ANTIBODY,8
SUBCLAVIAN ARTERIOSCLEROSIS,4
ANGIOTENSIN CONVERTING ENZYME ABNORMAL,1
INTESTINAL LIPOMATOSIS,13
HEPATIC NEOPLASM REMOVAL,6
VACCINATION SITE THROMBOSIS,3
ELSBERG SYNDROME,11
POLYPOID CYSTITIS,4
PALATAL POLYP,4
MAISONNEUVE FRACTURE,2
CORNEAL PACHYMETRY,1
CERVIX SCARRING,22
CARCINOID TUMOUR OF THE MESENTERY,3
INBORN ERROR OF AMINO ACID METABOLISM,13
DEVICE CALIBRATION FAILURE,51
URETHRAL STRICTURE TRAUMATIC,5
BCG RELATED CYSTITIS,19
ANEURYSM THROMBOSIS,13
COMPLEMENT FACTOR C3,7
PUVA,6
BREAST SCAN ABNORMAL,6
JEJUNAL OPERATION,1
EASTERN COOPERATIVE ONCOLOGY GROUP PERFORMANCE STATUS ABNORMAL,120
PHOSPHOLIPASE A2 ACTIVITY INCREASED,9
MAXILLOFACIAL PAIN,16
DEVICE USER INTERFACE ISSUE,33
CRANIAL NERVE NEOPLASM,5
AORTO-BRONCHIAL FISTULA,3
LEPTOSPIRA SEPSIS,1
SUCK-SWALLOW BREATHING COORDINATION DISTURBANCE,7
VACCINE POSITIVE RECHALLENGE,1
BLOOD PRESSURE SYSTOLIC NORMAL,1
GRANULOCYTE PERCENTAGE INCREASED,7
PHARYNGECTOMY,3
INCREASED FOETAL MOVEMENTS,9
HEAVY METAL ABNORMAL,13
ORONASAL FISTULA,8
RETINOL BINDING PROTEIN DECREASED,3
NEONATAL HYPERGLYCAEMIA,33
EARLY REPOLARISATION SYNDROME,10
ANTI-MELANOMA DIFFERENTIATION-ASSOCIATED PROTEIN 5 ANTIBODY POSITIVE,12
THYMIC CARCINOMA,19
SLEEP RELATED HYPERMOTOR EPILEPSY,10
COCHLEAR INJURY,12
AUREOBASIDIUM PULLULANS INFECTION,2
FRIGOPHOBIA,12
EPIPLOIC APPENDAGE REMOVAL,2
MULTIFOCAL FIBROSCLEROSIS,5
CYTOKERATIN 19 INCREASED,11
ENCEPHALOMYELITIS VIRAL,13
THALIDOMIDE EMBRYOPATHY,1
NEUROENDOCRINE CARCINOMA OF THE CERVIX,15
BLOOD MERCURY,1
CANDIDA URETHRITIS,3
"AUTOMATISM, COMMAND",2
PHENYLALANINE SCREEN NEGATIVE,1
LIPOPROTEIN ABNORMAL,15
GAMMA BUTYRIC DEHYDROGENASE INCREASED,2
PARADOXICAL MASSETER MUSCLE BULGING,10
RETINAL MICROANGIOPATHY,10
CRANIOFACIAL INJURY,11
TROPICAL EOSINOPHILIA,3
ARTERIOGRAM CORONARY NORMAL,2
GASTRIN-RELEASING PEPTIDE PRECURSOR INCREASED,9
SEGMENTAL ARTERIAL MEDIOLYSIS,8
DIABETIC COMPLICATION NEUROLOGICAL,4
PERIPHERAL VEIN THROMBOSIS,208
TRICHOTEMNOMANIA,1
INCISION SITE SKIN PUCKERING,1
TRACHEAL SCARRING,3
OROPHARYNGEAL SUCTIONING,1
SQUAMOPROLIFERATIVE LESION,2
PORPHYROMONAS BACTERAEMIA,4
OLFACTORY DYSFUNCTION,42
BLOOD LOSS ASSESSMENT,1
EPISCLERAL VENOUS PRESSURE INCREASED,4
SCHISTOSOMIASIS CUTANEOUS,3
THORACIC SPINAL CORD PARALYSIS,1
HOMONYMOUS DIPLOPIA,4
CD19 ANTIGEN NEGATIVE,4
NODAL MARGINAL ZONE B-CELL LYMPHOMA STAGE III,2
GASTROINTESTINAL ANASTOMOTIC HAEMORRHAGE,12
IMMUNE COMPLEX ASSAY,1
OESOPHAGOSTOMY,2
DESTRUCTIVE SPONDYLOARTHROPATHY,4
VARICELLA ENCEPHALITIS,9
INTRA-ABDOMINAL CALCIFICATION,13
JOINT FISTULA,4
BRONCHOGRAM,2
CYP2B6 POLYMORPHISM,2
SYMPHYSIOTOMY,6
NEUROACANTHOCYTOSIS,1
JOINT IMPINGEMENT,12
LEUKOCYTE ADHESION DEFICIENCY TYPE I,6
BENIGN NEOPLASM OF CORNEA,1
HEEL-KNEE-SHIN TEST ABNORMAL,1
MONOCLONAL ANTIBODY UNCONJUGATED THERAPY,2
ANTERIOR SEGMENT NEOVASCULARISATION,11
BERNARD-SOULIER SYNDROME,2
GINGIVAL SCAR,2
HYPOXIC ISCHAEMIC ENCEPHALOPATHY NEONATAL,41
DIROFILARIASIS,4
ADAMTS13 INHIBITOR SCREEN ASSAY,3
MUCOPOLYSACCHARIDOSIS VI,2
GRAFT VERSUS HOST DISEASE ORAL,60
ATRIAL NATRIURETIC PEPTIDE,2
PREGNANCY RELATED INFECTION,5
LUMBAR SPINAL CORD PARALYSIS,1
HYPOINSULINISM,1
ANTI-TRANSGLUTAMINASE ANTIBODY DECREASED,1
UMBILICAL CORD BLOOD PH,2
RECURRENT PYOGENIC CHOLANGITIS,3
PELVIC FLOOR HERNIA,12
ACQUIRED GENERALISED LIPODYSTROPHY,12
NSAID EXACERBATED RESPIRATORY DISEASE,350
LOCHIOSTASIS,1
ABNORMAL MENSTRUAL CLOTS,158
PUNCTURE SITE INFLAMMATION,22
OMENTITIS,4
BIRTH DEFECT CORRECTION,1
TRIGGER POINTS,98
AUTOINFLAMMATION WITH INFANTILE ENTEROCOLITIS,1
PANCREATIC CYSTADENOMA,50
HAEMATOLOGICAL INFECTION,2293
CARBOHYDRATE ANTIGEN 27.29,2
PARIETAL LOBE EPILEPSY,6
COMPUTERISED TOMOGRAM ABDOMEN NORMAL,1
PLATELET FACTOR 4,1
MULTIVISCERAL TRANSPLANTATION,1
"EAR, NOSE AND THROAT EXAMINATION",1
PENILE DERMATITIS,57
RADIATION ANAEMIA,4
SPLEEN ISCHAEMIA,19
POSTERIOR INTEROSSEOUS SYNDROME,1
ACRAL LENTIGINOUS MELANOMA STAGE I,3
WT1 GENE MUTATION,9
MEDULLARY COMPRESSION SYNDROME,11
PROGRESSIVE MACULAR HYPOMELANOSIS,5
POLYRADICULONEUROPATHY,39
BACTERIAL GINGIVITIS,10
ERYTHROID DYSPLASIA,30
IMMUNE-MEDIATED MYASTHENIA GRAVIS,301
MUELLER-WEISS SYNDROME,2
CD19 EXPRESSION DECREASED,3
FACTOR VIII ACTIVITY INCREASED,19
CATATHRENIA,11
IMMATURE GRANULOCYTE COUNT,7
EYE MUSCLE ENTRAPMENT,2
VASCULAR ACCESS SITE VESICLES,2
ILIAC VEIN STENOSIS,4
STREPTOCOCCAL BRONCHITIS,9
OPHTHALMIC VASCULAR THROMBOSIS,83
ULTRASOUND JOINT,2
PHARYNGEAL PUSTULE,5
PELVIC INFLAMMATORY DISEASE MYCOPLASMAL,1
MUSICAL EAR SYNDROME,17
CARBOHYDRATE ANTIGEN 50 INCREASED,2
CARBOHYDRATE ANTIGEN 242 INCREASED,4
INSULIN THERAPY,11
NEOVAGINAL FISTULA,1
GASTROPEXY,1
ANTITHROMBIN III ABNORMAL,2
CYP1A2 POLYMORPHISM,1
VESSEL PUNCTURE SITE OCCLUSION,3
CABIN FEVER,3
MAGNETIC RESONANCE ELASTOGRAPHY,1
PREGNENOLONE DEFICIENCY,15
GLUTATHIONE INCREASED,5
RADIATION INDUCED FATIGUE,37
CD19 ANTIGEN LOSS,13
BARTHOLIN'S GLAND DISORDER,4
PYRUVATE KINASE DEFICIENCY ANAEMIA,7
PERIVASCULAR EPITHELIOID CELL TUMOUR,10
PLASMA CELL COUNT,1
HAEMATOLOGICAL CYST,3
BLOOD URIC ACID NORMAL,1
GLYCOSYLATED HAEMOGLOBIN NORMAL,2
CONGENITAL PULMONARY AIRWAY MALFORMATION,35
TIGHT HAMSTRING SYNDROME,9
HEPATIC VASCULAR DISORDER,23
PERICARDITIS HISTOPLASMA,1
CHRONIC MYELOMONOCYTIC LEUKAEMIA (IN REMISSION),1
CAECOSTOMY,4
GASTRIC NEUROENDOCRINE CARCINOMA,34
DYSKINESIA HYPERPYREXIA SYNDROME,47
HEREDITARY RENAL MICROHAEMATURIA,1
FEMALE GENITAL POLYP,3
THALAMIC STROKE,64
SEXUAL ABSTINENCE,14
VIRAL ABDOMINAL INFECTION,10
PANCREASTATIN ABNORMAL,2
CHRONIC ARSENIC TOXICITY,2
SMALL PATELLA SYNDROME,6
LUMBAR ARTERY EMBOLISATION,2
ALLERGIC LYMPHANGITIS,1
TICK REMOVAL,8
CONGENITAL EPIBLEPHARON,4
ASCENDING FLACCID PARALYSIS,26
ADMINISTRATION SITE ECZEMA,4
BLOOD PRODUCT REFUSAL,3
DYSMEGAKARYOPOIESIS,10
SCROTAL DISCOMFORT,15
PULMONARY ANGIOPLASTY,27
CHRONIC RHINOSINUSITIS WITHOUT NASAL POLYPS,7
INTERSTITIAL LUNG ABNORMALITY,100
MESONEPHRIC DUCT CYST,7
BLOOD COPPER,5
VARICELLA ZOSTER VIRAEMIA,5
COBBLE STONE TONGUE,1
PAPILLA OF VATER SCLEROSIS,1
OVAL PUPIL,3
FEBRILE STATUS EPILEPTICUS,9
CHRONIC MYELOMONOCYTIC LEUKAEMIA WITH N-RAS GENE MUTATION,1
DERMAL FILLER INJECTION,2
CONDOM,1
FACTOR VIII ACTIVITY DECREASED,18
SPONTANEOUS SPLENIC RUPTURE,62
BRONCHUS COMPRESSION,7
DIMINISHED OVARIAN RESERVE,14
ORAL APPLIANCE,2
MENSTRUAL HEADACHE,12
SINGLE ATRIUM,4
ADENOSINE DEAMINASE DECREASED,7
WHITE BLOOD CELLS URINE NEGATIVE,2
VERTEBROBASILAR ARTERY DISSECTION,83
PROSTHETIC CARDIAC VALVE REGURGITATION,31
VACCINATION SITE JOINT ERYTHEMA,1
CONGENITAL ENDOCRINE ANOMALY,2
GALLBLADDER ATROPHY,13
PELVIC FLUID COLLECTION DRAINAGE,1
IMMUNE-MEDIATED PERICARDITIS,54
THROMBOELASTOGRAM,2
MALIGNANT NEOPLASM OLIGOPROGRESSION,173
PULMONARY ATYPICAL ADENOMATOUS HYPERPLASIA,6
NAEVUS SPILUS,9
LICHEN PLANUS PEMPHIGOIDES,53
VAGINAL NECROSIS,11
MERKEL CELL POLYOMAVIRUS INFECTION,8
IMMUNE-MEDIATED SCLERITIS,13
VASCULAR ACCESS SITE EXTRAVASATION,82
MYOCARDIAL STRAIN IMAGING ABNORMAL,16
ANTIVIRAL TREATMENT,3
NATURAL KILLER T CELL COUNT,1
TATTOO ASSOCIATED SKIN REACTION,19
TESSELLATED FUNDUS,10
DRUG RESISTANCE MUTATION,174
FACIAL MYOKYMIA,11
BRONCHIAL ARTERY HYPERTROPHY,5
TRANSITIONAL CELL CANCER OF THE RENAL PELVIS AND URETER RECURRENT,2
SCAN THYROID GLAND,1
ROUTINE IMMUNISATION SCHEDULE NOT ADMINISTERED,1
INFLUENZA VIRUS TEST NEGATIVE,1
OMENTAL OEDEMA,4
NON-HODGKIN'S LYMPHOMA UNSPECIFIED HISTOLOGY AGGRESSIVE STAGE IV,2
CYP3A5 POLYMORPHISM,1
FEMORAL DEROTATION OSTEOTOMY,3
TARTRATE-RESISTANT ACID PHOSPHATASE DECREASED,1
ANTI-POLYETHYLENE GLYCOL ANTIBODY ABSENT,1
VACCINATION SITE HYPOAESTHESIA,2
POPLITEAL PULSE ABNORMAL,1
INTERMITTENT POSITIVE PRESSURE BREATHING,10
ACQUIRED CORONARY ARTERY FISTULA,3
FOLLICULITIS GENITAL,11
RHEUMATOID PLEURITIS,5
REACTION TO FLAVOURING,13
SPLENIC MARGINAL ZONE LYMPHOMA REFRACTORY,2
FEMORAL VEIN PERFORATION,1
USELESS HAND SYNDROME,3
MEDULLARY CARCINOMA OF BREAST,1
TENONECTOMY,3
METASTATIC MESOTHELIOMA,9
BLOOD IMMUNOGLOBULIN D DECREASED,3
NEUROENDOCRINE CANCER OF THE PROSTATE METASTATIC,12
HYDRONEPHROSIS REPAIR,1
NEW ONSET REFRACTORY STATUS EPILEPTICUS,105
CONJUNCTIVAL SUFFUSION,7
HOLTER VALVE INSERTION,1
VEGETARIAN,1
EGFR GENE OVEREXPRESSION,11
PEPTIC ULCER REPAIR,1
CD25 ANTIGEN POSITIVE,1
LARGE FIBRE NEUROPATHY,4
NICOTINAMIDE INCREASED,4
ANDROGEN REPLACEMENT THERAPY,1
FOLLICULAR LYMPHOMA STAGE II,6
DERMATOPOROSIS,12
RAYNAUD'S PHENOMENON OF THE NIPPLE,3
VULVOVAGINITIS GONOCOCCAL,1
BASOPHILOPENIA,1
HAEMOPHILIA CARRIER,1
ADNEXA UTERI CALCIFICATION,2
ANGIOCENTRIC LYMPHOMA STAGE III,1
SCALP HAEMATOMA,39
ANTIPSYCHOTIC THERAPY,7
THYROID HORMONES TEST,3
AMOEBOMA,1
ABDOMINAL WALL PAIN,16
MALIGNANT CENTRAL NERVOUS SYSTEM NEOPLASM,7
MAGNETIC RESONANCE IMAGING HEPATOBILIARY,1
OCCUPATIONAL EXPOSURE TO COMMUNICABLE DISEASE,3
SORDES,1
CHEST SCAN ABNORMAL,31
RETINOSCHISIS CONGENITAL,3
TRIPLOPIA,17
URETHRAL MEATOTOMY,1
BIZARRE PERSONAL APPEARANCE,7
DERMAL FILLER REACTION,9
HEPATIC SARCOMA,4
MATERNAL DEATH,31
DRUG ADMINISTERED TO FOETUS,2
EXOCRINE PANCREATIC FUNCTION TEST NORMAL,1
URINE SODIUM,2
LARYNGEAL NERVE PALSY,7
PLACENTAL LAKE,2
TARDIVE SEIZURE,14
HEREDITARY ALPHA TRYPTASAEMIA,20
NICOTINIC STOMATITIS,2
COCCIDIOIDES ENCEPHALITIS,2
DENTAL ATTRITION,21
VASCULAR ACCESS SITE PHLEBITIS,4
SENSORY PROCESSING SENSITIVITY,40
PINTA,4
DIALYSIS EFFICACY TEST ABNORMAL,4
DEVICE EFFECT INCREASED,2
HYDROTUBATION,1
HYSTEROSALPINGOGRAM,1
MUCOCUTANEOUS TOXICITY,92
HERITABLE PULMONARY ARTERIAL HYPERTENSION,5
CD8 LYMPHOCYTES,1
SPHINGOMONAS PAUCIMOBILIS BACTERAEMIA,5
ADAMTS13 ACTIVITY ASSAY,1
ACUTE GRAFT VERSUS HOST DISEASE IN EYE,10
CAYLER CARDIOFACIAL SYNDROME,2
PELIZAEUS-MERZBACHER DISEASE,1
GLYCATED SERUM PROTEIN INCREASED,1
BLOODBORNE INFECTION,22
COMPUTERISED TOMOGRAM PANCREAS,2
ABDOMINAL WALL SINUS,2
KARNOFSKY SCALE ABNORMAL,9
STUMP APPENDICITIS,4
MEAN CELL HAEMOGLOBIN CONCENTRATION NORMAL,1
CHITOTRIOSIDASE DECREASED,2
DENGUE SHOCK SYNDROME,3
BENIGN RESPIRATORY TRACT NEOPLASM,2
VENOUS ARTERIALISATION,3
CERULOPLASMIN ABNORMAL,1
MYXOMA,12
CARDIAC INDEX,1
DYSPHOTOPSIA,12
ENDOBRONCHIAL LIPOMA,1
ACUTE ASEPTIC ARTHRITIS,5
CEREBRAL DYSRHYTHMIA,4
EXCESSIVE MATERNAL GESTATIONAL WEIGHT GAIN,3
ISCHAEMIC DEMYELINATION,8
ARTERIAL FLOW VELOCITY INCREASED,4
HAEMOGLOBIN ELECTROPHORESIS ABNORMAL,2
PRECURSOR T-LYMPHOBLASTIC LEUKAEMIA ACUTE,4
ALLERGY TO SILK,1
REAPPEARANCE OF INFANTILE REFLEXES,1
MONOVISION PRESBYOPIA CORRECTIVE PROCEDURE,2
SI QIII TIII PATTERN,1
EZH2 GENE MUTATION,5
YELLOW FEVER IMMUNISATION,1
TERRIEN'S MARGINAL DEGENERATION,1
HEPATIC VENOUS PRESSURE GRADIENT ABNORMAL,11
GRISCELLI SYNDROME,1
VITAMIN A DEFICIENCY RELATED CORNEAL DISORDER,3
HABIT COUGH,8
BETA-2 GLYCOPROTEIN ANTIBODY,1
ABETALIPOPROTEINAEMIA,1
BRAIN FOG,14399
DILATED CARDIOMYOPATHY,917
MICROSATELLITE INSTABILITY CANCER,3
MYELODYSPLASTIC SYNDROME WITH EXCESS BLASTS,116
GRAVES' DISEASE,830
SHOULDER FRACTURE,1537
MESENTERIC LYMPHADENITIS,52
ACNE TROPICA,3
PIGMENTARY MACULOPATHY,482
CUBOID SYNDROME,1
KLEBSIELLA URINARY TRACT INFECTION,229
CONGENITAL FACIAL DIPLEGIA,6
MYELODYSPLASTIC SYNDROME WITH MULTILINEAGE DYSPLASIA,51
SLEEVE GASTRECTOMY,230
GATA2 DEFICIENCY,4
EYE INFECTION CHLAMYDIAL,2
PROCTITIS CHLAMYDIAL,11
PHARYNGEAL CHLAMYDIA INFECTION,7
DEPRESSED FRACTURE,5
RADIATION CARDIAC INJURY,3
EAR DRYNESS,103
LACTATION INSUFFICIENCY,183
CARDIAC DEVICE IMPLANTATION,61
APOLIPOPROTEIN ABNORMAL,3
VACCINE INTERACTION,306
ULTRASOUND PELVIS,1
GLYCATED ALBUMIN DECREASED,1
SUSPECTED DRUG-INDUCED LIVER INJURY,186
APHTHOVIRUS TEST POSITIVE,1
COLOPATHY,54
VASCULAR ACCESS SITE HYPERAESTHESIA,7
STRESS ULCER HAEMORRHAGE,7
INCENTIVE SPIROMETRY,3
MYELODYSPLASTIC SYNDROME WITH SINGLE LINEAGE DYSPLASIA,52
LYMPHATIC MALFORMATION,36
HUMAN EPIDIDYMIS PROTEIN 4 INCREASED,3
DIABETIC COMPLICATION RENAL,6
MATRIXECTOMY,4
RETICULOCYTE HAEMOGLOBIN DECREASED,6
VENOUS FLOW VELOCITY DECREASED,4
ARTERIAL FLOW VELOCITY DECREASED,11
WOUND CELLULITIS,43
TRICHOBLASTIC CARCINOMA,3
FAECAL CALPROTECTIN NORMAL,1
RUNX1 GENE MUTATION,15
CALCINEURIN INHIBITOR INDUCED PAIN SYNDROME,89
COMPUTERISED TOMOGRAM HEART ABNORMAL,75
HERPES SIMPLEX BRONCHITIS,1
VESSEL PUNCTURE SITE PHLEBITIS,4
SUPINE POSITION,2
PUNCTURE SITE RASH,4
GRANULOMA INGUINALE,1
ADMINISTRATION SITE PALLOR,3
LACTOBACILLUS BACTERAEMIA,19
PROSTATE EXAMINATION,1
CHONDRODYSPLASIA PUNCTATA,15
ANTI-POLYETHYLENE GLYCOL ANTIBODY,2
ASIA SYNDROME,12
SCLERAL HAEMATOMA,3
CUTIBACTERIUM ACNES INFECTION,57
APOLIPOPROTEIN INCREASED,7
RADICAL ORCHIDECTOMY,2
MIDDLE EAR PROSTHESIS INSERTION,1
INTRAPULMONARY LYMPHADENOPATHY,20
LATEX-FRUIT SYNDROME,1
SOLID ORGAN TRANSPLANT,2
CHRONIC TRAUMATIC ENCEPHALOPATHY,12
HEART TRANSPLANT FAILURE,13
BILE ACIDS INCREASED,159
PROTON RADIATION THERAPY,4
SERPENTINE SUPRAVENOUS HYPERPIGMENTATION,6
PULMONARY ARTERY STENT INSERTION,3
NANOPARTICLE TOXICITY,2
VASCULAR ACCESS SITE DISCOMFORT,18
RADIATION INDUCED ENCEPHALOPATHY,5
NEONATAL PULMONARY HYPERTENSION,36
POST PROCEDURAL MENINGITIS,7
VASCULAR RINGS AND SLINGS,5
OESOPHAGEAL WALL HYPERTROPHY,29
TEAR FILM INSTABILITY,6
STERNECTOMY,2
LUMBAR CANAL RECALIBRATION,3
TEMPOROMANDIBULAR JOINT ANKYLOSIS,2
NTRK GENE AMPLIFICATION,1
MACULAR PNEUMATIC DISPLACEMENT,1
MITRAL VALVE DYSPLASIA,12
PSYCHIATRIC CARE,48
TONGUE BASE MUCOSECTOMY,1
URINARY SQUAMOUS EPITHELIAL CELLS INCREASED,8
VASCULAR ACCESS SITE LACERATION,2
N-TELOPEPTIDE INCREASED,3
STRUCTURAL BRAIN DISORDER,9
LOCALISED LIPODYSTROPHY,6
VAGINAL CUFF,1
TOOTH GEMINATION,1
MICRONEEDLING,2
MATERNAL-FOETAL THERAPY,1
ORTHOBIOLOGIC TREATMENT,2
VISUAL PROCESSING DISORDER,18
UNEXPECTED VAGINAL BLEEDING ON HORMONAL IUD,17
STENOTROPHOMONAS TEST,1
SUBEPENDYMAL CYST,11
SPOROTHRIX TEST,1
SUPEROXIDE DISMUTASE ACTIVITY INCREASED,1
TOOTH CONCRESCENCE,1
PSEUDO-HEPARIN RESISTANCE,1
TRIGGER TOE,6
TRABECULAR MESHWORK PIGMENTATION,3
FAILED BACK SURGERY SYNDROME,19
NUCLEIC ACID TEST POSITIVE,4
POSITRON EMISSION TOMOGRAM PROSTATE,3
TRANSIENT HEPATIC ATTENUATION DIFFERENCES,6
POSTERIOR PITUITARY INJECTION,1
NOCTURNAL HYPOVENTILATION,1
HYPERTROPHIC NEUROPATHY,1
RETROBULBAR OEDEMA,10
CARDIOPULMONARY EXERCISE TEST,1
MOREL-LAVELLEE SEROMA,1
N-TELOPEPTIDE DECREASED,3
PLACENTAL OEDEMA,11
NICOTINE ALLERGY,6
OTOLARYNGOSCOPY,1
URINARY TRACT SPASM,12
PALATAL OBTURATOR,1
UTERINE LEIOMYOMA CALCIFICATION,13
NEUROGLIAL CYST,1
SCLEROSING EPITHELIOID FIBROSARCOMA,2
WNT4 DEFICIENCY,1
PARAMYOTONIA CONGENITA,1
NTRK GENE FUSION NEGATIVE,1
SPINAL IMPLANTATION,47
RAPADILINO SYNDROME,1
MINIMALLY INVASIVE OSTEOSYNTHESIS,1
VOCAL CORD HAEMORRHAGE,7
STOMA SITE MUCOCUTANEOUS SEPARATION,6
MYOFUNCTIONAL THERAPY,1
VITAMIN TEST,1
NEURODEVELOPMENTAL DELAY,41
SLEEP APNOEA DEVICE IMPLANT,7
PROSTATIC ARTERY EMBOLISATION,15
PROSTATE SARCOMA,4
UTERINE CERVIX LYMPHOMA,2
PENILE PIGMENTATION,2
WHOLE BODY GAMMA MEASUREMENT,1
PERIODONTIC-ENDODONTIC DISEASE,2
TRIGEMINAL ANAESTHESIA,1
LIVER HERNIA,1
PEMPHIGOID ANTIBODY PANEL,1
PRURIGO OF PREGNANCY,1
MEGALENCEPHALY,8
PUNCTOPLASTY,1
PINPRICK TEST,1
RHIZOBIUM RADIOBACTER BACTERAEMIA,15
MAGNETIC RESONANCE IMAGING PELVIC,1
RABSON MENDENHALL SYNDROME,1
PALATAL PERFORATION,6
N-TELOPEPTIDE NORMAL,2
STRESS ECHOCARDIOGRAM NORMAL,1
CAPRIPOX VIRAL INFECTION,16
BONE GROWTH STIMULATION,3
VASCULAR ACCESS SITE MASS,1
VIRAL VECTOR SHEDDING,7
MONKEYPOX IMMUNISATION,2
PERITONEAL WASHING,1
MAGNETIC THERAPY,2
SKIN LASER THERAPY,3
PULMONARY TRACTOTOMY,1
GONIOSYNECHIALYSIS,1
UNINTENDED TRANSDUCTION OF NON-TARGET TISSUES,1
PSEUDO RICHTER'S SYNDROME,5
TUMOUR BIOPSY,4
SPOROTHRIX TEST POSITIVE,2
MENSTRUAL CLOTS,197
PROSTATE MASSAGE,1
PERTUSSIS-LIKE SYNDROME,2
VASCULAR ACCESS SITE SCAR,9
TRANSFERRIN RECEPTOR INCREASED,2
PIERCING ASSOCIATED COMPLICATION,16
UTERINE LEIOMYOMA NECROSIS,8
OXYGEN COMBINING POWER DECREASED,6
RECTAL NEOPLASM EXCISION,2
PERIAPICAL DISEASE,2
MATERNAL DISEASE COMPLICATING PREGNANCY,2
TESTOSTERONE DEFICIENCY SYNDROME,16
REST REGIMEN,44
MAXILLARY EXPANSION,1
MYELODYSPLASTIC SYNDROME WITH RINGED SIDEROBLASTS,8
URINE OUTPUT FLUCTUATION,32
POST VACCINATION FEVER,2
CARDIOPULMONARY EXERCISE TEST NORMAL,1
SPINAL STABILISATION,3
PROCTITIS VIRAL,10
NTRK GENE FUSION POSITIVE,2
RESTLESS LEG AUGMENTATION SYNDROME,136
PERIPHERAL BLOOD MONONUCLEAR CELL APHERESIS,1
UTERINE LEIOMYOMA PROLAPSE,3
TONGUE EROSION,26
VASCULAR ACCESS SITE IRRITATION,3
MAGNETIC RESONANCE IMAGING LARYNX,1
POIRIER-BIENVENU NEURODEVELOPMENTAL SYNDROME,1
VASCULAR ACCESS SITE COLDNESS,3
PERLMAN SYNDROME,1
ULTRASOUND JOINT ABNORMAL,1
VASCULAR ACCESS SITE WARMTH,5
S100 PROTEIN INCREASED,4
VASCULAR ACCESS SITE INDURATION,1
OMENTAL TORSION,3
DRY NEEDLING,1
COMPUTERISED TOMOGRAM OESOPHAGUS ABNORMAL,1
VASCULAR ACCESS SITE PALLOR,1
MANDIBULAR ARCH EXPANSION,1
NAIL DYSPLASIA,6
PIEZOGENIC PAPULES,1
NTRK GENE FUSION TEST,1
SUN'S PROCEDURE,1
VASCULAR ACCESS SITE DISCOLOURATION,2
PLATYPNOEA-ORTHODEOXIA SYNDROME,27
REDUCED PARASYMPATHETIC ACTIVITY,6
N-TELOPEPTIDE ABNORMAL,2
THROMBOMODULIN,1
OCULOCEREBROCUTANEOUS SYNDROME,2
METHYLMALONIC ACIDAEMIA,9
PCSK9 GENE MUTATION,1
OLIGODONTIA,1
TEMPORAL PULSE INCREASED,2
OVERGROWTH SYNDROME,3
PARAOVARIAN CYSTECTOMY,1
ULTRASOUND JOINT NORMAL,1
MICRODONTIA,3
PUPILLARY CAPTURE,1
SCROTOLITH,2
VASCULAR ACCESS SITE HYPOAESTHESIA,1
NTRK GENE FUSION CANCER,4
PITUITARY STALK INTERRUPTION SYNDROME,15
CONGENITAL CARNITINE DEFICIENCY,1
FASCIOLA TEST POSITIVE,2
SECRETORY BREAST CARCINOMA,1
STATUS DYSTONICUS,15
POST BREAST THERAPY PAIN SYNDROME,4
SPEECH LATENCY,21
LYME ARTHRITIS,1
MARSHALL-WHITE SYNDROME,1
SKIN RESURFACING,2
MACULAR HYPOPLASIA,1
VENTRICULAR OUTFLOW TRACT DREDGING,1
RIGHT-HANDEDNESS,1
URINE POTASSIUM/CREATININE RATIO,1
MUENKE SYNDROME,2
TRANSPULMONARY THERMODILUTION,1
MAINZER-SALDINO SYNDROME,1
VASCULAR ACCESS SITE FIBROSIS,1
SYNDROME Z,1
OMENTAL HAEMORRHAGE,2
USE OF ERROR-PRONE ABBREVIATION,2
SPINAL CORD HYPOXIA,1
STING-ASSOCIATED VASCULOPATHY WITH ONSET IN INFANCY,2
VASCULAR ACCESS SITE REACTION,2
PSYCHOGENIC BLINDNESS,6
VASCULAR ACCESS SITE INJURY,8
CAPRIPOXVIRUS TEST,1
ONCOTYPE TEST,2
SPONDYLOCOSTAL DYSOSTOSIS,1
SUBUNGUAL ABSCESS,3
OCULAR VACCINIA VIRUS INFECTION,1
TRICUSPID VALVE THROMBOSIS,8
PHARYNGOGRAPHY,1
MACRODONTIA,2
TOOTH FUSION,3
MOISTURE-ASSOCIATED SKIN DAMAGE,8
PENILE CYST,2
NON-EPILEPTIC PAROXYSMAL EVENT,14
ACROCEPHALOSYNDACTYLY,1
ADENOSINE DEAMINASE 2 DEFICIENCY,10
HELICOBACTER TEST FALSE NEGATIVE,9
HIGH-ENERGY TRAUMA,2
GLAUCOMATOUS OPTIC NEUROPATHY,19
RESPIRATORY SINUS ARRHYTHMIA MAGNITUDE,5
FEMUR RESECTION,4
ELECTROCARDIOGRAM QT INTERVAL NORMAL,5
INFANTILE DIARRHOEA,65
ASPARTATE-GLUTAMATE-TRANSPORTER DEFICIENCY,2
CALCIUM EMBOLISM,2
SKIN GRAFT REMOVAL,1
BRAINSTEM COMPRESSION,29
PSEUDOPHAKIA,59
VOCAL CORD BOWING,1
PERICARDITIS MENINGOCOCCAL,1
URINE ARSENIC,1
IRIS HAMARTOMA,2
KERATOTOMY,1
AORTIC ANEURYSM THROMBOSIS,2
EXTRA-OSSEOUS EWING'S SARCOMA METASTATIC,1
SYSTEMIC CONTACT DERMATITIS,7
PUBERTAL DISORDER,6
MAXILLARY SINUS FLOOR AUGMENTATION,6
ECTOPIC ATRIAL RHYTHM,30
BONE NON-UNION,20
DRUG DECHALLENGE POSITIVE,11
CORNEAL ENDOTHELIAL MICROSCOPY,2
HYPERPARASITAEMIA,6
INCREASED NEED FOR SLEEP,216
GENITAL SCARRING,11
PROGRESSIVE DIAPHYSEAL DYSPLASIA,3
MUCOID DEGENERATION OF THE ANTERIOR CRUCIATE LIGAMENT,2
LDL/HDL RATIO,2
ALCOHOLIC ENCEPHALOPATHY,7
FASCICULAR BLOCK,15
AGEP-DRESS OVERLAP,32
RADIATION HYPOTHYROIDISM,3
APOL1-MEDIATED KIDNEY DISEASE,4
GASTROOESOPHAGEAL REFLUX IN NEONATE,20
CHANTER SYNDROME,92
NEUROENDOCRINE CARCINOMA OF THE OESOPHAGUS,3
COLLAGENOUS GASTRITIS,25
HERPES SIMPLEX VIRUS CONJUNCTIVITIS NEONATAL,1
ANTI-TRANSGLUTAMINASE ANTIBODY NEGATIVE,2
GESTATIONAL ALLOIMMUNE LIVER DISEASE,4
LECITHIN-CHOLESTEROL ACYLTRANSFERASE ACTIVITY DECREASED,1
SUPRAORBITAL NEURALGIA,7
JAMESTOWN CANYON ENCEPHALITIS,5
JAMESTOWN CANYON VIRUS INFECTION,2
ENDOMETRIAL HYPERPLASIA WITH CELLULAR ATYPIA,25
DESMOPLASTIC FIBROBLASTOMA,1
CONGENITAL FIBROSARCOMA,3
CATAMENIAL PNEUMOTHORAX,4
SUBCONJUNCTIVAL FIBROSIS,11
RENIN-ANGIOTENSIN SYSTEM INHIBITION,3
CHYLOMICRON INCREASED,3
NEONATAL MUCOCUTANEOUS HERPES SIMPLEX,2
BARAKAT SYNDROME,1
COWDEN'S DISEASE,3
MYOPLASTY,3
MAGNETIC RESONANCE IMAGING JOINT,1
MARFANOID HABITUS,1
DRUG RECHALLENGE POSITIVE,44
PLACENTAL POLYP,1
CONGENITAL ARACHNOID CYST,13
COAGULATION FACTOR INHIBITOR ASSAY,2
NASAL MUCOSA TELANGIECTASIA,1
POLLUTION,2
ANAEMIC RETINOPATHY,3
OROCUTANEOUS FISTULA,15
BRAIN RADIATION NECROSIS,69
IDIOPATHIC HISTAMINERGIC ANGIOEDEMA,5
GALLBLADDER HAEMATOMA,8
CHEILECTOMY,3
PARADOXICAL PSORIATIC ARTHRITIS,15
CENTRAL NERVOUS SYSTEM NEUROBLASTOMA,2
TYPHUS RICKETTSIA TEST POSITIVE,1
PANCREATIC POLYPEPTIDE LEVEL DECREASED,5
GASTROINTESTINAL SCAN ABNORMAL,2
IDIOPATHIC PANCREATITIS,36
SIALODOCHITIS FIBRINOSA,3
VACCINATION SITE PARAESTHESIA,6
URETHROSCROTAL FISTULA,3
TENON'S CAPSULE THICKENING,2
LABRUNE SYNDROME,2
HYPERPHENYLALANINAEMIA,13
MULTIPATHOGEN PCR TEST POSITIVE,1
PUNCTURE SITE DISCOLOURATION,7
SUPRAPUBIC PROSTATECTOMY,1
ANAPHYLAXIS PROPHYLAXIS,1
HERPES SIMPLEX VIRUS URETHRITIS,4
ANTERIOR CAPSULE OPACIFICATION,5
LITHOTOMY POSITION,2
HODGKIN'S DISEASE MIXED CELLULARITY REFRACTORY,3
PSEUDO-OCCLUSION OF INTERNAL CAROTID ARTERY,3
CHROMOSOMAL MICRODUPLICATION,2
INADVERTENT INJECTION AIR BUBBLE,111
PUDENDAL BLOCK,1
GASTRIC VARICEAL LIGATION,1
VITAMIN B12 ABSORPTION TEST NORMAL,4
BLADDER FISTULA REPAIR,1
NEONATAL BACTERAEMIA,6
METABOLIC STROKE,2
SUPPLEMENTARY MOTOR AREA SYNDROME,1
AST TO PLATELET RATIO INDEX INCREASED,1
MYOPIC TRACTION MACULOPATHY,2
THORACIC INSUFFICIENCY SYNDROME,4
DIFFUSE IDIOPATHIC PULMONARY NEUROENDOCRINE CELL HYPERPLASIA,6
CSF LACTATE DECREASED,4
FACTOR VIII ACTIVITY ABNORMAL,1
PANCREATIC PSEUDOCYST RUPTURE,7
COAGULATION FACTOR IX LEVEL ABNORMAL,1
BRACHIOCEPHALIC ARTERIOSCLEROSIS,3
CARBOXYHAEMOGLOBIN,1
EX-ALCOHOL USER,2
DOPAMINE AGONIST WITHDRAWAL SYNDROME,52
ANASTOMOTIC OBSTRUCTION,6
HEPATITIS VIRAL TEST,1
OESOPHAGEAL POLYPECTOMY,1
PEPSINOGEN TEST POSITIVE,1
MESANGIOLIPIDOSIS,1
INSTILLATION SITE URTICARIA,1
DRUG METABOLITE LEVEL,2
MCLEOD NEUROACANTHOCYTOSIS SYNDROME,2
GLUTEUS MEDIUS SYNDROME,4
DISSEMINATED GONOCOCCAL INFECTION,21
PANCREATIC CONTUSION,1
GOMORI METHENAMINE SILVER STAIN,1
IRIS TEAR,2
CANCER SCREENING,7
AUTOIMMUNE CEREBELLAR ATAXIA,7
IMMUNE-MEDIATED OPTIC NEURITIS,26
IMMUNE-MEDIATED MYELITIS,23
ARSENICAL KERATOSIS,1
LYMPHOBLAST MORPHOLOGY ABNORMAL,1
DEMODEX BLEPHARITIS,10
PURINES ABNORMAL,2
DYSKALAEMIA,6
INFECTED METASTASIS,4
BLOOD PYRUVIC ACID ABNORMAL,1
TOPHUS REMOVAL OPERATION,1
PARADOXICAL SKIN REACTION,39
CHEDIAK-HIGASHI SYNDROME,1
KL-6,2
CERVICOGENIC DYSPHAGIA,1
MUCOSITIS MANAGEMENT,7
ATRIAL ESCAPE RHYTHM,3
PERCUTANEOUS EPIDURAL NEUROPLASTY,2
UTERINE DIVERTICULUM,1
CAMPYLOBACTER BACTERAEMIA,29
CUTIBACTERIUM TEST POSITIVE,3
ACUTE NECROTISING MYELITIS,10
CYTOKERATIN 19,1
MEVALONIC ACIDURIA,2
CONGENITAL HYPOGONADOTROPIC HYPOGONADISM,6
ONCOLOGICAL EVALUATION,1
MONOCLONAL IMMUNOGLOBULIN,10
DNMT3A GENE MUTATION,17
METAL FUME FEVER,1
APOLIPOPROTEIN E E4 GENE CARRIER,1
SCHIMKE IMMUNOOSSEOUS DYSPLASIA,2
GENITOURINARY SYNDROME OF MENOPAUSE,3
BENIGN MACROCRANIA OF INFANCY,1
EXTRAGONADAL PRIMARY MALIGNANT TERATOMA,3
TETANUS IMMUNISATION,2
EROSIVE PUSTULAR DERMATOSIS,47
POSITIONAL THERAPY,1
IMMOBILISATION BANDAGE,3
CDKL5 DEFICIENCY DISORDER,4
BRUNNER SYNDROME,2
ATYPICAL MIGRAINE,45
NEUROPSYCHOLOGICAL SYMPTOMS,573
PSEUDO CUSHING'S SYNDROME,148
POLYCYSTIC OVARIAN SYNDROME,363
VESSEL HARVESTING,1
PRIMARY STABBING HEADACHE,68
ADMINISTRATION SITE PHOTOSENSITIVITY REACTION,1
BUTANOL-EXTRACTABLE IODINE DECREASED,1
ICTAL BRADYCARDIA SYNDROME,16
CONDOM CATHETER PLACEMENT,7
URACHAL REMNANT RESECTION,1
WEST NILE VIRUS TEST NEGATIVE,2
STEREOTACTIC ELECTROENCEPHALOGRAPHY,4
MITRAL COMMISSUROTOMY,1
POST PROCEDURAL CARDIAC VALVE AVULSION,1
PHOBIC POSTURAL VERTIGO,2
CONGENITAL HIGH AIRWAY OBSTRUCTION SYNDROME,2
DISTAL CLAVICLE EXCISION,2
SUBARACHNOID ABSCESS,1
CEREBROVASCULAR PSEUDOANEURYSM,1
OVERCHELATION,7
RESPIRATORY SYNCYTIAL VIRUS IMMUNISATION,10
HCOV-NL63 INFECTION,8
SICK CELL SYNDROME,1
PARAPHIMOSIS,18
DECOMPENSATED HYPOTHYROIDISM,134
LEPTIN LEVEL DECREASED,4
BRONCHIAL STENT INSERTION,3
RENAL CYST ASPIRATION,4
CONCOMITANT DRUG EFFECT DECREASED,35
CHARCOT-LEYDEN CRYSTALS,5
TUMOUR RESPONSE ASSESSMENT,1
CARDIAC HAEMOLYTIC ANAEMIA,1
PHOTOTHERAPEUTIC KERATECTOMY,1
FLAP SURGERY,16
VAGINAL RING PLACEMENT,1
PERIPHERAL VASCULAR HAEMATOMA,16
ATRIAL SWITCH OPERATION,1
TETHERED ORAL TISSUE,75
AUTOLOGOUS BLOOD PATCHING,3
BIOPSY CORNEA,3
PUNCTURE SITE PRURITUS,8
WHITE BLOOD CELLS URINE ABNORMAL,19
BAUHIN'S VALVE SYNDROME,6
ORAL APPLIANCE APPLICATION,7
RECTAL EXAMINATION,1
ARTHRITIS-DERMATITIS SYNDROME,6
ANISOMELIA,2
OVERPROTECTIVE PARENT,3
CONGENITAL ALOPECIA,1
DACRYOCYSTOCOELE,2
NEONATAL LEUKAEMIA,1
ADMINISTRATION SITE JOINT PAIN,2
ANTACID THERAPY,119
BILE ACIDS,9
CONTRAST ECHOCARDIOGRAM,2
THYROID NEOPLASM REMOVAL,4
AGGREGATIBACTER INFECTION,2
HYPNIC HEADACHE,7
PARACUSIS,3
REFUSAL OF VACCINATION,2
STOCKHOLM SYNDROME,1
T-CELL LYMPHOMA UNCLASSIFIABLE,2
INDOLENT SYSTEMIC MASTOCYTOSIS,28
DIALYSIS INDUCED HYPERTENSION,1
OCCIPITOCERVICAL FUSION,3
INFECTIVE EXACERBATION OF ASTHMA,44
ENDOMETRIAL THINNING,30
CATHETER SITE DEHISCENCE,9
HEINZ BODIES,6
POOR SCHOOL ATTENDANCE,24
HEART-TYPE FATTY ACID-BINDING PROTEIN INCREASED,2
VASCULAR ACCESS DEVICE CULTURE NEGATIVE,1
PARIETAL LOBE STROKE,32
MIDDLE CEREBRAL ARTERY STROKE,105
PROGESTIN THERAPY,2
CONGENITAL PERFORATED NASAL SEPTUM,3
SAPOVIRUS INFECTION,30
GASTRIC STENT REMOVAL,2
HER2 MUTANT NON-SMALL CELL LUNG CANCER,6
FOLLICULAR LYMPHOMA REFRACTORY,59
EPITHELIOID SARCOMA RECURRENT,2
BILE ACIDS DECREASED,3
GENITAL ULCER SYNDROME,7
PHOTOSENSITIVE SEIZURE,8
PERIORBITAL INJURY,8
SARCOPENIC OBESITY,2
ACQUIRED ATTR AMYLOIDOSIS,38
TRAUMATIC TORTICOLLIS,2
MALE REPRODUCTIVE TRACT NEOPLASM,4
HUMAN PLACENTAL LACTOGEN INCREASED,1
MOLYBDENUM DEFICIENCY,1
INFUSION SITE PHOTOSENSITIVITY REACTION,1
VOCAL FOLD IMMOBILITY,5
CORNEAL EPITHELIAL DOWNGROWTH,1
CANCER CELLS PRESENT,41
IMMUNE-MEDIATED VASCULITIS,39
BENIGN PANCREATIC HYPERENZYMAEMIA,2
IMMUNE EFFECTOR CELL ENCEPHALOPATHY SCORE,8
SYMPATHETIC NERVE DESTRUCTION,2
SIALIC ACID INCREASED,3
OCCIPITAL LOBE STROKE,53
PHLYCTENULAR KERATOCONJUNCTIVITIS,10
PERISPLENITIS,2
UROBILINOGEN URINE DECREASED,2
MENINGITIS TRYPANOSOMAL,1
LECLERCIA BACTERAEMIA,9
VASCULAR ACCESS DEVICE CULTURE POSITIVE,4
CONGENITAL ARTERIAL OCCLUSION,1
TOOTH AGENESIS,15
HAEMANGIOMA EMBOLISATION,1
PULMONARY ABLATION,4
VERTEBRAL END PLATE IMPRESSION,3
ANICTERIC LEPTOSPIROSIS,1
HYPOKINETIC DYSARTHRIA,23
FIBROBLAST GROWTH FACTOR 23,1
TOOTH WHITENING,5
TUBERCULOMA,15
OMENTOPLASTY,10
HER2 POSITIVE ENDOMETRIAL CANCER,5
STOMATOCOCCUS TEST POSITIVE,2
IMMUNE EFFECTOR CELL-ASSOCIATED HLH-LIKE SYNDROME,112
FOLLICULAR LYMPHOMA RECURRENT,71
STENOTROPHOMONAS MALTOPHILIA PNEUMONIA,67
MITOGEN STIMULATION TEST ABNORMAL,2
CALCITONIN SECRETION DISORDER,7
PARATHYROID GLAND ABSCESS,2
OESTRONE DECREASED,4
ATRIAL STANDSTILL,13
OPTIC NERVE SHEATH MENINGIOMA,19
PCDH19 GENE-RELATED EPILEPSY,2
ALVEOLAR BONE DEFECT,15
GASTROENTERITIS CRYPTOCOCCAL,1
MEDICAL DEVICE SITE PHLEBITIS,2
ACCESSORY MUSCLE,5
VESSEL PUNCTURE SITE DISCOLOURATION,6
RAPID-ONSET DYSTONIA-PARKINSONISM,5
CONGENITAL COVID-19,2
PHILADELPHIA CHROMOSOME TEST,6
ZINC METABOLISM DISORDER,2
COMPUTED TOMOGRAPHIC GASTROGRAPHY,1
AUTONOMIC NERVE OPERATION,1
AORTO-CARDIAC FISTULA,12
DYSPHORIC MILK EJECTION REFLEX,7
URETHRAL NECROSIS,1
PLEURAL MESOTHELIOMA MALIGNANT RECURRENT,2
PROGESTERONE DEFICIENCY,4
GLOTTAL INCOMPETENCE,6
SEXUAL LIFE IMPAIRMENT,49
LIPOBLASTOMA,2
NOCTURNAL HYPERTENSION,22
STRESSED EATING,34
DROPPED SHOULDER SYNDROME,1
PEDAL PULSE INCREASED,1
ROBOTIC SURGERY,5
MULTIPLE DRUG HYPERSENSITIVITY,71
THERAPEUTIC DRUG MONITORING,9
FRUCTOSE INCREASED,1
INFANTILE POSTURAL ASYMMETRY,5
UTERINE CERVIX CANAL ATRESIA,2
IMMATURE PLATELET FRACTION INCREASED,9
EPIRETINAL MEMBRANE PEEL,5
NEXT-GENERATION SEQUENCING,2
ENDOSCOPIC SUBURETERAL TRANSURETHRAL INJECTION,1
CANCER SCREENING ABNORMAL,18
REMOVAL OF MEDICAL DEVICE OCCLUSION,1
OCCIPITAL LOBE EPILEPSY,3
SUBACUTE MYELO-OPTICONEUROPATHY,1
11-DEOXYCORTICOSTERONE INCREASED,3
NEURODEGENERATION WITH BRAIN IRON ACCUMULATION DISORDER,3
UTERINE LEIOMYOMA RUPTURE,3
FOETAL THERAPEUTIC PROCEDURE,1
BENIGN FASCICULATION SYNDROME,3
IMMUNOTOXICITY,111
SEMEN ANALYSIS,1
PSEUDOPHAKIC GLAUCOMA,2
BLEPHAROKERATOCONJUNCTIVITIS,6
ELECTROCARDIOGRAM RR INTERVAL ABNORMAL,2
MEMBRANOUS-LIKE GLOMERULOPATHY WITH MASKED IGG-KAPPA DEPOSITS,10
PROGRESSIVE MYOCLONIC EPILEPSY,4
DIFFUSE INFILTRATIVE LYMPHOCYTOSIS SYNDROME,1
MAZABRAUD'S SYNDROME,1
FUSARIUM ENDOCARDITIS,4
CD19 ANTIGEN,2
VISUAL TRACKING TEST,1
EXPOSURE VIA GRANDFATHER,2
AIRWAY COMPRESSION,36
CEREBRAL BYPASS SURGERY,5
LOOSE BODY REMOVAL,2
SUBCUTANEOUS BIOPSY ABNORMAL,2
MESENTERIC ARTERY EMBOLISATION,2
CORE DECOMPRESSION,4
GASTROOESOPHAGEAL HAEMORRHAGE,13
DIPLOPIA CORRECTION,1
SPERMATIC VEIN THROMBOSIS,9
INTRACRANIAL HAEMORRHAGE NEONATAL,12
PROMYELOCYTE COUNT,2
INJECTABLE CONTRACEPTION,1
METHAEMOGLOBINURIA,2
UNADJUSTED DOSE ADMINISTERED,56
MEDIASTINAL LYMPHADENECTOMY,8
DOSAGE NOT ADJUSTED,16
SIGMOID MESOCOLON HERNIA,1
PANCREASTATIN DECREASED,1
INSTILLATION SITE ULCER,1
EYE MUSCLE RECESSION,1
POST VACCINATION CHALLENGE STRAIN SHEDDING,1
GLOBAL LONGITUDINAL STRAIN ABNORMAL,49
HYPOXIA INTOLERANCE,1
GRANULOCYTE PERCENTAGE DECREASED,12
ANTI-NUCLEOSOME ANTIBODY,1
PYLORUS DILATION PROCEDURE,1
DIAMINE OXIDASE DEFICIENCY,2
STAHL'S EAR,1
HUMAN EPIDERMAL GROWTH FACTOR RECEPTOR POSITIVE,12
ANTI-LRP2 NEPHROPATHY,4
SPLANCHNIC HYPOPERFUSION,3
SEXUAL ACTIVITY DECREASED,38
BLOOD PROINSULIN DECREASED,1
DUODENAL STUMP FISTULA,7
PELVIC RESECTION,1
ANTI-IA2 ANTIBODY,1
TRANSFERRIN,4
ANAL GONOCOCCAL INFECTION,3
BLOOD LEAD ABNORMAL,1
SUPERIOR OBLIQUE MYOKYMIA,1
ENDOSCOPIC SWALLOWING EVALUATION,5
LABELLED DRUG-GENETIC INTERACTION MEDICATION ERROR,2
LACK OF CONCOMITANT DRUG EFFECT,54
TORNWALDT CYST,3
PULMONARY ARTERY DISSECTION,8
BRONCHIAL PROSTHESIS INSERTION,1
CTLA4 DEFICIENCY,6
BIOPSY EAR,1
ORTHOKERATOLOGY,2
MATERNAL ALCOHOL USE,6
RET GENE FUSION POSITIVE,3
HER2 POSITIVE OVARIAN CANCER,1
THERAPEUTIC GARGLE,1
HEMISPHERECTOMY,7
SYPHILIS MUSCULOSKELETAL,1
NASAL CAVITY FISTULA,1
FOETAL POSTERIOR CEREBRAL ARTERY,1
SUBCLAVIAN VEIN EMBOLISM,3
POLYCYSTIC THYROID DISEASE,2
CUPPING THERAPY,1
T-CELL LYMPHOCYTOSIS,14
ALLERGY TO DENTAL MATERIAL,5
MUSCLE ENZYME ABNORMAL,4
MAGNETIC RESONANCE IMAGING NECK ABNORMAL,3
HEART FAILURE WITH PRESERVED EJECTION FRACTION,258
MIXED OBSTRUCTIVE AND RESTRICTIVE LUNG DISEASE,9
TOBACCO USE DISORDER,15
JOINT DEFORMITY,68
LOCALISED MELANOMA,21
5-HYDROXYINDOLACETIC ACID,9
ACUTE CHOLECYSTITIS NECROTIC,183
NAIL DEFORMATION,60
CONGENITAL APLASIA,286
TEMPOROMANDIBULAR PAIN AND DYSFUNCTION SYNDROME,388
FOETAL EXPOSURE VIA FATHER,40
EXERTIONAL RHABDOMYOLYSIS,30
DEVICE RELATED FUNGAEMIA,7
IMMUNE-MEDIATED GASTROINTESTINAL DISORDER,41
STOMA SITE PARAESTHESIA,3
REACTIVE ATTACHMENT DISORDER,2
ENDOBRONCHIAL ULTRASOUND,1
BRACHYTHERAPY TO LUNG,1
ANTI-GAD ANTIBODY NEGATIVE,1
BACTERIAL DACRYOCYSTITIS,2
SALIVARY HYPOSECRETION,143
ABSCESS OF EXTERNAL EAR,11
PEMPHIGUS DISEASE AREA INDEX,1
SLEEP-RELATED HYPOVENTILATION,6
GLUTATHIONE REDUCTASE ACTIVITY INCREASED,2
HEART FAILURE WITH REDUCED EJECTION FRACTION,451
OLFACTORY REFERENCE SYNDROME,1
APPLICATION SITE JOINT EFFUSION,1
ANTI-TITIN ANTIBODY,3
NEUROGENIC COUGH,7
PROSTHETIC TRACHEAL RECONSTRUCTION,1
RADIAL KERATOTOMY,1
SPEECH-LANGUAGE THERAPY,16
GONIOSCOPY,1
ECTOPIC TOOTH,2
ALVEOLAR BONE RESECTION,1
GLOBAL LONGITUDINAL STRAIN,3
BACTERIAL URETHRITIS,3
HYPERVITAMINOSIS B6,5
RADIATION OEDEMA,8
LOWRY-WOOD SYNDROME,2
POUCHITIS INFECTIVE,13
GASTRODUODENAL ARTERY ANEURYSM,6
HYDROXYPROLINE DECREASED,1
TEMPORAL ARTERY STENOSIS,2
SKIN TEMPERATURE DECREASED,10
ALVEOLAR OXYGEN PARTIAL PRESSURE ABNORMAL,1
MATERNAL PRE-PREGNANCY OBESITY,2
SPIROMETRY,2
SOFT TISSUE SURGERY,3
OESOPHAGOGASTROSCOPY,17
INTRAMAMMARY LYMPH NODE,1
PONCET'S DISEASE,7
VISUAL CORTEX ATROPHY,2
HIGH GRADE B-CELL LYMPHOMA REFRACTORY,4
PLATELET ENGRAFTMENT FAILURE,5
LEUKOCYTE ADHESION DEFICIENCY,13
ALPHA-THALASSAEMIA-INTELLECTUAL DEFICIT SYNDROME,2
RAPID ALTERNATING MOVEMENT TEST ABNORMAL,1
SUBCLAVIAN ARTERY DISSECTION,2
APROSODY,3
TOOTH SOCKET HAEMOSTASIS,2
CHOLECYSTIC INTRAEPITHELIAL NEOPLASIA,1
GASTROOESOPHAGEAL CANCER RECURRENT,3
ANTI-RNA POLYMERASE III ANTIBODY POSITIVE,2
URINE LUTEINISING HORMONE TEST,1
DIABETIC MYONECROSIS,2
CEREBELLAR CYST,5
PULMONARY ARTERY CATHETERISATION,6
PROSTHETIC CARDIAC VALVE CALCIFICATION,2
ANTI-REFLUX DEVICE REMOVAL,2
HEART FAILURE WITH MIDRANGE EJECTION FRACTION,52
BLOOD DONATION,3
SCLERODERMA OVERLAP SYNDROME,9
GREEN NAIL SYNDROME,2
CEBPA GENE MUTATION,2
ENCEPHALITIS BACTERIAL,50
IMPOSTOR PHENOMENON,5
PHYTOSTEROLAEMIA,2
OESOPHAGOGASTROSTOMY,1
DISTRACTION OSTEOGENESIS,2
SEX WORKER,2
AMMONIURIA,1
FOETAL BRAIN SCAN ABNORMAL,6
BLOOD CREATINE PHOSPHOKINASE MB DECREASED,3
ATYPICAL LYMPHOID HYPERPLASIA,7
BILIARY CATHETER REMOVAL,1
EAR OSSICLE FRACTURE,3
KAPOSIFORM HAEMANGIOENDOTHELIOMA,3
SPONDYLECTOMY,9
ATYPICAL LYMPHOCYTES INCREASED,19
BLOOD ALUMINIUM ABNORMAL,2
CEREBRAL SULCAL PROMINENCE,2
CAREGIVER STRESS SYNDROME,1
BACTERIAL NAIL INFECTION,5
SKIN GRAFT NECROSIS,3
BRUCELLA SEPSIS,1
ATYPICAL LYMPHOCYTIC LOBULAR PANNICULITIS,1
FRACTURED MAXILLA ELEVATION,1
OCULAR STEM CELL TRANSPLANT,3
DIENCEPHALIC SYNDROME,6
PRODUCT KNOWLEDGE DEFICIT,556
YOUNG-SIMPSON SYNDROME,1
CHLORINE SENSITIVITY,9
MEDICALLY INDUCED PRETERM BIRTH,16
CONGENITAL ZIKA SYNDROME,1
RESIDUAL SYMPTOM,35
GENERALISED PUSTULAR PSORIASIS,255
LACRIMO-AURICULO-DENTO-DIGITAL SYNDROME,1
THORAX HYPERPHONESIS,1
PERITONEAL THICKENING,28
SUBCORTICAL STROKE,5
IMMUNE-COMPLEX MEMBRANOPROLIFERATIVE GLOMERULONEPHRITIS,21
MEDICAL AID IN DYING,21
CONGENITAL CLASPED THUMB,1
ALLESCHERIOSIS,1
EPITHELITIS,21
TRACHEOSCOPY ABNORMAL,2
OPSOCLONUS,20
BRCA1 GENE MUTATION ASSAY,1
DISSEMINATED HERPES SIMPLEX,65
SPLENIC IRON OVERLOAD,2
HEPATIC IRON OVERLOAD,19
CHEST WALL RIGIDITY,64
BIOPSY PERITONEUM,1
PATELLAR LATERAL RELEASE,1
SPINAL CORD CONTUSION,5
MONOCLONAL ANTIBODY CHEMOIMMUNOCONJUGATE THERAPY,1
BINOCULAR VISUAL DYSFUNCTION,31
PRODUCT STRENGTH CONFUSION,16
PRODUCT WITH QUALITY ISSUE ADMINISTERED,363
ORTHOPOXVIRUS TEST POSITIVE,1
INAPPROPRIATE SINUS TACHYCARDIA,26
SUPRAVENTRICULAR BRADYCARDIA,5
PRODUCT REGIMEN CONFUSION,44
OLIGOCLONAL GAMMOPATHY,4
SKIN TEMPERATURE INCREASED,78
OPTIC NERVE CUP/DISC RATIO DECREASED,1
CINGULECTOMY,1
MULTIPLE ACYL-COENZYME A DEHYDROGENASE DEFICIENCY,398
BILE ACIDS ABNORMAL,22
HEMICLONIC SEIZURE,10
MECKEL'S CAVE TUMOUR,1
DISSEMINATED SUPERFICIAL ACTINIC POROKERATOSIS,6
BRACHYTHERAPY TO BREAST,1
CENTRAL NERVOUS SYSTEM LISTERIA INFECTION,12
GENITAL DRYNESS,17
APHANTASIA,48
DILATATION OF SINOTUBULAR JUNCTION,2
HIGH GRADE B-CELL LYMPHOMA RECURRENT,11
INFUSION SITE JOINT WARMTH,1
PALLIATIVE RADIATION,10
CSF SHUNT CONVERSION,1
ADVANCED SYSTEMIC MASTOCYTOSIS,12
COFFIN-LOWRY SYNDROME,1
FEVER HALLUCINATIONS,4
BIOFEEDBACK THERAPY,2
OPTIC DISC TRACTION SYNDROME,1
EPIDIDYMITIS BLASTOMYCES,1
DISSEMINATED ENTEROVIRAL INFECTION,16
CENTRAL VENOUS PRESSURE,1
COLONIC ANGIOECTASIA,10
HUMAN ANTICHIMERIC ANTIBODY NEGATIVE,1
TRANSPLANT RECIPIENT,2
COLOSTOMY BAG USER,34
BILIARY TRACT INFECTION CRYPTOSPORIDIAL,2
CREATININE RENAL CLEARANCE NORMAL,1
ALKALINURIA,4
PROTHROMBIN INDEX,2
ACQUIRED HYPERTROPHY OF THE RETINAL PIGMENT EPITHELIUM,4
COMPUTERISED TOMOGRAM HEART,2
LATERAL CUTANEOUS NERVE OF THIGH DECOMPRESSION,1
INTRAOSSEOUS ACCESS PLACEMENT,4
LACK OF EMPATHY,28
INJECTION SITE FOREIGN BODY SENSATION IN EYE,4
MULTIPLE BIRTH SIBLING,1
DUCHENNE MUSCULAR DYSTROPHY GENE CARRIER,1
RESPIROVIRUS TEST,3
LITHOPEDION,1
TESTICULAR PERFORATION,1
GASTROINTESTINAL FISTULA REPAIR,2
HYPOPHENYLALANINAEMIA,25
MEDIASTINAL BIOPSY ABNORMAL,1
PROSTHETIC CARDIAC VALVE OBSTRUCTION,11
DIAPHRAGMATIC PLICATION,2
GODET'S SIGN POSITIVE,2
APGAR SCORE,1
PERCUTANEOUS FRACTURE PINNING,2
HYPOTHYROID MYOPATHY,7
HARVEY-BRADSHAW INDEX ABNORMAL,25
CONGENITAL GASTROINTESTINAL VESSEL ANOMALY,1
CAPILLARIASIS,3
IDIOPATHIC CD4 LYMPHOCYTOPENIA,9
BREAST PARAESTHESIA,3
GENITAL CANCER MALE IN SITU,1
GASTRIC BYPASS REVERSAL,4
FOLLICULITIS BARBAE,4
CARDIAC POLYP,3
RET GENE AMPLIFICATION,1
CILIARY ZONULAR WEAKNESS,7
FOLLICLE STIMULATING HORMONE DEFICIENCY,1
HUMAN HERPESVIRUS 6 VIRAEMIA,37
DISSEMINATED NEONATAL HERPES SIMPLEX,2
NEUTROPHIL ENGRAFTMENT FAILURE,1
INTRINSIC FACTOR ANTIBODY ABNORMAL,1
ABDOMINAL ADHESIOLYSIS,2
COMPLEMENT FACTOR C5 INCREASED,1
VASCULAR ACCESS SITE CELLULITIS,6
PD-L1 PROTEIN EXPRESSION,5
BROAD AUTISM PHENOTYPE,5
EYELID NAEVUS,1
MALLAMPATI SCORE,1
NERVE OEDEMA,8
YAO SYNDROME,12
BLOOD GALACTOSE DECREASED,1
MIDDLE EAR OPERATION,1
CERVICAL SPONDYLOTIC AMYOTROPHY,3
FIBROID MYOLYSIS PROCEDURE,1
HEAD AND NECK PLASTIC SURGERY,1
CHEMOKINE DECREASED,1
DENTAL BONE GRAFT,28
CERVICAL PLEXUS BLOCK,1
ARTERIOVENOUS GRAFT SITE COMPLICATION,4
BLOOD CREATINE PHOSPHOKINASE NORMAL,1
OMENN SYNDROME,2
IMMUNE-MEDIATED POLYSEROSITIS,6
THYROID CYSTECTOMY,1
DELAYED PLATELET ENGRAFTMENT,3
GRANULOCYTAPHERESIS,2
GLUCOSYLSPHINGOSINE DECREASED,1
HISTIOCYTOSIS-LYMPHADENOPATHY PLUS SYNDROME,1
BIOPSY SALIVARY GLAND,1
VESICOURETHRAL ANASTOMOSIS,1
AORTIC VALVOTOMY,1
CIRCULATING TUMOUR DNA TEST POSITIVE,5
JOINT PANNUS,5
SEXUAL HARASSMENT,7
NEURONOPHAGIA,3
MICROGLIAL NODULES,2
RHUPUS SYNDROME,5
GENE THERAPY,5
CERVIX STENT PLACEMENT,1
DELAYED PASSAGE OF MECONIUM,6
FRONTONASAL DYSPLASIA,5
CEREBELLAR DENSITY DECREASED,2
IMMUNE EFFECTOR CELL-ASSOCIATED HAEMATOTOXICITY,130
PERIPROSTATIC VENOUS PLEXUS DILATATION,4
PARVIMONAS INFECTION,2
HETEROGENEOUSLY DENSE BREASTS,8
PHONASTHENIA,4
HEALTH ASSESSMENT QUESTIONNAIRE SCORE INCREASED,100
NIKOLSKY'S SIGN POSITIVE,48
GASTROINTESTINAL MICROORGANISM OVERGROWTH,306
MACULAR PIGMENTARY CHANGES,13
INCISION SITE DISCOMFORT,13
METABOLIC DYSFUNCTION-ASSOCIATED LIVER DISEASE,176
TRAUMATIC SUBARACHNOID HAEMORRHAGE,57
MUCOLIPIDOSIS,1
PEPSINOGEN I INCREASED,1
INFLUENZA MYOCARDITIS,3
LABRAL RECONSTRUCTION,3
METABOLIC DYSFUNCTION-ASSOCIATED STEATOHEPATITIS,206
OTITIS MEDIA MORAXELLA,2
ROHHAD SYNDROME,1
GLYCOPROTEIN METABOLISM DISORDER,1
PLASTIC SURGERY OF THE LIPS AND MOUTH,1
DIABETIC OPHTHALMOPLEGIA,1
KNIEST DYSPLASIA,1
LARYNGOPLASTY,1
DESQUAMATIVE INFLAMMATORY VAGINITIS,20
VANILLYL MANDELIC ACID INCREASED,1
COLD SHOCK RESPONSE,8
NEUTROPHIL PERCENTAGE,1
DORSAL ROOT GANGLIONOPATHY,5
ANTIDEPRESSANT DRUG CLEARANCE,1
ENDOMETRIOSIS SURGICAL REMOVAL,7
URODYNAMICS MEASUREMENT,1
ABNORMAL GENE CARRIER,3
PULMONARY ARTERY ARTERIOSCLEROSIS,2
ACTIVITIES OF DAILY LIVING ASSESSMENT,19
HANDL SYNDROME,2
VAGINAL HYPOPLASIA,3
WRONG DEVICE,5
TRAUMATIC PAIN,37
OROPHARYNGEAL CANCER STAGE II,1
BROAD LIGAMENT LEIOMYOMA,1
PROLIFERATIVE VITREORETINOPATHY,11
CATHETER SITE DISCOMFORT,67
MONOCULAR VISION,11
LYMPHOVENOUS BYPASS,4
STOMA SITE COMPLICATION,18
RESISTANCE TO THYROID HORMONE,1
RADIAL DYSPLASIA,1
DISTAL CLAVICULAR OSTEOLYSIS,1
HEPASCORE,1
CORONARY BRACHYTHERAPY,1
CHOROIDAL OSTEOMA,11
LATERAL POSITION,2
MOLYBDENUM COFACTOR DEFICIENCY,1
RENAL PERIVASCULAR EPITHELIOID CELL TUMOUR,19
CSF LEUKOCYTE/ERYTHROCYTE RATIO INCREASED,1
BORRELIA TEST,1
SICKLE CELL NEPHROPATHY,2
QUALITY OF LIFE SCALE,10
DEGENERATIVE MULTIVALVULAR DISEASE,2
GOTTRON'S PAPULES,12
SACCADIC EYE MOVEMENT DISORDER,22
INGROWN EYELASH REMOVAL,1
ADENOSINE DEAMINASE,2
BLOOD CREATINE PHOSPHOKINASE MM,1
INTRATYMPANIC INJECTION,1
MAST CELL DEGRANULATION TEST,3
HAEMORRHAGIC PANCREATIC CYST,2
MULTIPLE ENDOCRINE NEOPLASIA TYPE 2B,1
SCROTECTOMY,3
ORTHOSTATIC HEADACHE,15
ANGIOMYOFIBROBLASTOMA,1
RETICULAR VEINS,1
IMMUNOTACTOID GLOMERULONEPHRITIS,2
MIGRAINE PRODROME,2
CORNEAL ENDOTHELIAL DISORDER,11
VACCINE COADMINISTRATION,1
ANAL PAPILLOMA,2
OPITZ-G/BBB SYNDROME,1
PENILE CURVATURE REPAIR,1
TRYPOPHOBIA,1
ANGIOGRAM RETINA,1
APPENDICEAL MUCINOUS NEOPLASM,7
ODONTOMA,2
DEXAMETHASONE SUPPRESSION TEST,1
TENDON SHEATH EFFUSION,1
IATROGENIC KAPOSI SARCOMA,45
OLFACTORY GROOVE MENINGIOMA,22
PD-L1 POSITIVE CANCER,4
WRONG DEVICE SELECTED,3
HEPATITIS D ANTIBODY POSITIVE,2
CEC SYNDROME,9
OSTEOPATHIA STRIATA,2
DENTAL SEPSIS,6
GLOBOTRIAOSYLCERAMIDE,5
GLOBOTRIAOSYLSPHINGOSINE,4
THYROID AGENESIS,2
UROTHELIAL PAPILLOMA,3
ILLICIT PRESCRIPTION ATTAINMENT,105
INTRACRANIAL CALCIFICATION,36
HEPATIC PSEUDOLESION,2
POSTPARTUM NEUROSIS,1
UPPER CROSSED SYNDROME,1
POIKILOTHERMIA,2
MYOCARDITIS-MYOSITIS-MYASTHENIA GRAVIS OVERLAP SYNDROME,179
PRESBYVESTIBULOPATHY,1
IMMUNE-MEDIATED MUCOSITIS,36
UHL'S ANOMALY,1
HMG COA REDUCTASE ANTIBODY TEST,18
ATYPICAL STEVENS-JOHNSON SYNDROME,7
ANTIANGIOGENIC THERAPY,4
GLUCOSE TRANSPORTER TYPE 1 DEFICIENCY SYNDROME,1
NEUROENDOCRINE TUMOUR OF THE THYMUS,1
THALAMIC MICROHAEMORRHAGE,5
AORTIC NECROSIS,1
RED CELL DISTRIBUTION WIDTH NORMAL,1
GLYCOGEN STORAGE DISEASE TYPE VI,2
BREAST RADIAL SCAR,3
MYOGLOBIN URINE ABSENT,1
SENTINEL LYMPHADENECTOMY,5
PERICARDIAL RUPTURE,5
COMPUTERISED TOMOGRAM SPINE ABNORMAL,2
MYELODYSPLASTIC SYNDROME/MYELOPROLIFERATIVE NEOPLASM OVERLAP SYNDROME,7
SATB2-ASSOCIATED SYNDROME,2
KALEIDOSCOPE VISION,27
PANCREATICOBILIARY CARCINOMA,4
ILEOCAECAL VALVE LIPOMA,3
APOLIPOPROTEIN E INCREASED,4
HEMICRANIA CONTINUA,6
MYOEPITHELIAL CARCINOMA OF SALIVARY GLAND,2
KLEBSIELLA PNEUMONIAE INVASIVE SYNDROME,1
INTRAOSSEOUS MENINGIOMA,15
BONE INJURY DUE TO BIRTH TRAUMA,1
HEPATOBILIARY OPERATION,1
TESTICULAR HYPOTROPHY,2
WOMAN OF NON-CHILDBEARING POTENTIAL,2
RETINAL PIGMENT EPITHELIUM CHANGE,22
SPINAL ROD ADJUSTMENT,2
RADIATION PANCREATITIS,1
ACTINOMYCES BACTERAEMIA,25
CUFFITIS,13
BACTERIAL INFECTION INDEX INCREASED,1
HIGH-RESOLUTION COMPUTERISED TOMOGRAM OF LUNG,1
CANINE RETRACTION,1
LOOSE ANAGEN SYNDROME,1
SEPSIS ASSOCIATED ACUTE KIDNEY INJURY,21
ANTI FACTOR XA ASSAY,4
GASTROINTESTINAL NEUROENDOCRINE TUMOUR,59
PORTO-SINUSOIDAL VASCULAR DISORDER,42
RENAL MILK OF CALCIUM CYST,2
ANTICHOLINERGIC EFFECT,65
GLUCAGON SECRETION DISORDER,1
POLIO IMMUNISATION,1
MIKULICZ'S SYNDROME,1
HEART VALVE EXPLANTATION,2
ARRHYTHMIA INDUCED CARDIOMYOPATHY,43
ACCIDENTAL HIGH SPINAL ANAESTHESIA,16
LASER SURGERY,19
RED BLOOD CELL MACROCYTES,4
HUMAN PAPILLOMAVIRUS REACTIVATION,13
LIPOPROTEIN-ASSOCIATED PHOSPHOLIPASE A2 INCREASED,1
PHANTOM VIBRATION SYNDROME,1
TRISOMY 12,3
SNAPPING SCAPULA SYNDROME,1
STOMA SITE WOUND,16
SERRATED POLYPOSIS SYNDROME,3
NEONATAL METABOLIC BONE DISEASE,3
PULMONARY RESIDUAL VOLUME INCREASED,7
OVARIAN GERM CELL EMBRYONAL CARCINOMA STAGE II,1
COLORECTAL NEOPLASM,4
ANAPLASTIC GANGLIOGLIOMA,1
TYPE I HYPERLIPIDAEMIA,1
GASTROCOLIC FISTULA,2
ANTERIOR CHAMBER REFORMATION,1
PARADOXICAL OSTEOBLASTIC FLARE,3
UTERINE ISTHMOCOELE,2
POSTIMPLANTATION SYNDROME,1
CRYPTOCOCCUS TEST,1
PSEUDODIABETES,1
POLYMERASE CHAIN REACTION NEGATIVE,4
ANORECTAL HERPES,5
HYPOARGININAEMIA,5
MANGANESE DEFICIENCY,3
GAMMA-AMINOBUTYRATE AMINOTRANSFERASE INCREASED,3
TYMPANOMASTOIDECTOMY,1
OSTEOPOROSIS CIRCUMSCRIPTA CRANII,1
GUT DERIVED INFECTION,11
THROMBOMODULIN INCREASED,3
SLOW VITAL CAPACITY,2
BASDAI SCORE,6
TRISOMY 4P,1
DEEP TISSUE INJURY,11
LENEGRE'S DISEASE,1
EPIDIDYMAL CANCER,2
LYMPHOCYTE/MONOCYTE RATIO INCREASED,6
INVOLUNTARY VOCALISATION,27
GEMELLA INFECTION,8
DOPAMINE SUPERSENSITIVITY PSYCHOSIS,11
NIPPLE BLISTER,2
REGENERATIVE SIDEROTIC HEPATIC NODULE,2
RADIATION THROMBOCYTOPENIA,2
CONJUNCTIVAL PRIMARY ACQUIRED MELANOSIS,5
STEATOBLEPHARON,5
CONGENITAL THROMBOTIC THROMBOCYTOPENIC PURPURA,5
FEAR OF TRAVELLING,3
LENS DENSITY INCREASED,1
HEPATIC VASCULAR FISTULA,2
TEMPORARY MECHANICAL CIRCULATORY SUPPORT,6
FLUOROSIS DENTAL,1
SIDEROPENIC DYSPHAGIA,1
MEDICATION ERROR IN TRANSFER OF CARE,17
SENILE XEROSIS,1
MESENTERIC THICKENING,5
EOSINOPHILIC CHOLANGITIS,9
ILIAC VEIN PERFORATION,1
FITZPATRICK SKIN PHOTOTYPE IV,1
IMMUNE-MEDIATED PROCTITIS,16
NEUTROPHIL GELATINASE-ASSOCIATED LIPOCALIN INCREASED,1
BONE CEMENT ALLERGY,1
CANTHOPLASTY,1
SPERMATIC CORD PAIN,1
INCLUSION CONJUNCTIVITIS,1
CYCLODIALYSIS CLEFT,2
LARYNGEAL SENSORY NEUROPATHY,1
NEWCASTLE DISEASE,4
PELVIC FLOOR STIMULATION,1
SPERMATIC CORD PERFORATION,1
SPONTANEOUS SUBDURAL HAEMATOMA,14
CARBON DIOXIDE COMBINING POWER INCREASED,2
HTLV-2 TEST NEGATIVE,1
NASAL CAVITY TOXICITY,1
AUTOIMMUNE VASCULITIS,16
COLONOSCOPY NORMAL,2
ELECTROCARDIOGRAM AMBULATORY NORMAL,1
SPERMATOCYTIC SEMINOMA,1
LEUCINE AMINOPEPTIDASE DECREASED,1
AUTOIMMUNE NODOPATHY,5
REPRODUCTIVE SYSTEM DISORDER PROPHYLAXIS,2
CENTRAL NERVOUS SYSTEM BACTERIAL INFECTION,11
ATHEROGENIC INDEX OF PLASMA INCREASED,2
EOSINOPHILIC HEPATITIS,5
ACQUIRED LARYNGOCELE,1
ATOPIC CATARACT,3
FACIAL COSMETIC PROCEDURE,5
SCHLEMM'S CANAL OBSTRUCTION,1
INFECTED INTESTINAL ULCER,5
NEUTROPHIL ENGRAFTMENT ANALYSIS,1
CONGENITAL THYMUS ABSENCE,1
PREGNANCY TEST URINE NEGATIVE,1
METRORRHOEA,1
PAPULAR-PURPURIC GLOVES-AND-SOCKS SYNDROME,4
ZOSTER SINE HERPETE,5
PERINEOTOMY,1
CORPORAL INJURY,4
VACCINE VIRAEMIA,1
MUSCLE STRENGTH NORMAL,1
ALDOSTERONE/RENIN RATIO,1
SEROLOGY NEGATIVE,1
RADIATION NEUTROPENIA,2
MOREL-LAVALLEE SEROMA,25
PRECEREBRAL ARTERY DISSECTION,1
ZHU-TOKITA-TAKENOUCHI-KIM SYNDROME,2
CONGENITAL ANISOCORIA,6
BIOPSY PERICARDIUM ABNORMAL,1
TUBERCULID,3
SICCA SYNDROME,82
LARYNGEAL DYSKINESIA,112
SCABIES,148
INCREASED DOSE ADMINISTERED,279
GASTROINTESTINAL BASIDIOBOLOMYCOSIS,1
FAECAL OCCULT BLOOD POSITIVE,133
PHENOLSULFONPHTHALEIN TEST ABNORMAL,2
PRODUCT INEFFECTIVE,683
ROBERTS SYNDROME,3
ANORECTAL POLYP,93
MALIGNANT MELANOMA STAGE 0,179
IGG DEFICIENCY,36
IMMUNOLOGY TEST NORMAL,1
DOOR SYNDROME,3
POOR PROGNOSIS,28
ANTERIOR CORD SYNDROME,1
INTRAMAMMARY LYMPHADENOPATHY,4
ADAPTIVE SERVO-VENTILATION,1
OVARIOLEUKODYSTROPHY,5
DISSEMINATED NOCARDIOSIS,91
CANNABIS INTERACTION,13
SLEEP-RELATED BREATHING DISORDER,31
NOSOCOMEPHOBIA,1
CORNEAL SUTURES REMOVAL,1
ACTIVITIES OF DAILY LIVING DECREASED,497
TEMPORARY TRANSVENOUS PACING,2
CONNECTIVE TISSUE DISEASE-ASSOCIATED INTERSTITIAL LUNG DISEASE,50
HEREDITARY BREAST AND OVARIAN CANCER SYNDROME,1
CHUNG-JANSEN SYNDROME,1
SKIN INFECTION HELMINTHIC,1
VACCINATION SITE CALCIFICATION,1
NIKOLSKY'S SIGN TEST,14
BULLOUS KERATOPATHY,11
URINE COPPER,1
DIHYDROPYRIMIDINE DEHYDROGENASE GENOTYPING,2
PULMONARY INFLAMMATORY PSEUDOTUMOUR,2
COAGULATION FACTOR LEVEL ABNORMAL,4
PERIORBITAL ECZEMA,46
RADIATION LYMPHOEDEMA,1
MUCOSAL IRRITATION,18
IMMUNOREACTIVE TRYPSINOGEN INCREASED,1
BENIGN RECURRENT INTRAHEPATIC CHOLESTASIS,9
SIGMOID-SHAPED VENTRICULAR SEPTUM,3
DEVICE IMPLANTATION ERROR,85
PERICARDIAL DECOMPRESSION SYNDROME,1
CUTANEOUS COLLAGENOUS VASCULOPATHY,9
SPINAL RADIOTHERAPY,2
BENIGN NEUROENDOCRINE TUMOUR OF APPENDIX,5
LEFT-SIDED PORTAL HYPERTENSION,1
COELIAC PLEXUS BLOCK,3
LAMINOPLASTY,3
FAILED ARTIFICIAL INSEMINATION,1
URINE CALCIUM/CREATININE RATIO,1
SERIAL TRANSVERSE ENTEROPLASTY,1
CONNECTIVE TISSUE DYSPLASIA,1
BISPECTRAL INDEX,1
LEFT VENTRICULAR OUTFLOW TRACT GRADIENT INCREASED,54
ENHANCED RESPIRATORY DISEASE,5
NONINFECTIVE MASTOIDITIS,1
HEPATITIS C VIRUS CORE ANTIGEN,1
BASDAI SCORE INCREASED,61
GESTATIONAL HYPERTHYROIDISM,3
RETICULOCYTE HAEMOGLOBIN INCREASED,5
HER2 LOW BREAST CANCER,2
UNKNOWN ROUTE OF PRODUCT ADMINISTRATION,1
MAXILLOFACIAL SPACE INFECTION,8
BACILLUS CALMETTE-GUERIN INFECTION,37
HAEMOPHILIA A WITHOUT INHIBITORS,6
PHANTOSMIA,28
ACROSCLEROSIS,14
GAUCHER'S DISEASE TYPE II,3
BIOPSY SITE COMPLICATION,7
DISSEMINATED ESCHERICHIA INFECTION,4
VASCULAR ACCESS SITE ULCER,1
PONTIAC FEVER,1
RINNE TUNING FORK TEST ABNORMAL,1
PES ANSERINUS SYNDROME,3
HERPES SIMPLEX ANORECTAL,4
BOBBLE-HEAD DOLL SYNDROME,3
BIERNACKI'S SIGN,1
CHEST X-RAY NORMAL,1
MAGNETIC RESONANCE IMAGING HEART ABNORMAL,1
PERITONEAL FLUID PROTEIN INCREASED,1
SWELLING OF NOSE,137
MAINTENANCE OF ANAESTHESIA,1
CONTROLLED OVARIAN STIMULATION,1
RADIOISOTOPE THERAPY,2
COLD FLASH,94
HEPATOBILIARY DISORDER PROPHYLAXIS,2
OCULAR STROKE,105
NEUROGENIC PULMONARY OEDEMA,7
SYPHILIS TEST POSITIVE,12
FACIAL NERVE NEURITIS,5
TARDIVE AKATHISIA,26
HAEMORRHAGIC CELLULITIS,1
QUEENSLAND TICK TYPHUS,1
ODONTOID PROCESS HYPOPLASIA,2
FOETAL URINARY TRACT DILATATION,2
ANTI-PLATELET FACTOR 4 ANTIBODY TEST,1
ECZEMATOUS CHEILITIS,13
HARVEY-BRADSHAW INDEX DECREASED,5
BURN OEDEMA,2
CUTIS RHOMBOIDALIS NUCHAE,1
SUCCENTURIATE PLACENTA,1
HYPOHAEMOGLOBINAEMIA,16
OCULAR DEMODICOSIS,31
OPHTHALMIC CYSTICERCOSIS,1
DIABETIC COMPLICATION CARDIOVASCULAR,2
POSTPRANDIAL HYPOTENSION,1
PEMPHIGOID GESTATIONIS,10
PERICARDIAL PERFORATION,1
INTRACRANIAL VENOUS SINUS STENOSIS,16
BARTONELLA TEST,1
OSTEOPLASTY,3
SPONTANEOUS ORGASM,6
RADIATION LEUKOENCEPHALOPATHY,2
FALSE NEGATIVE RADIOISOTOPE INVESTIGATION RESULT,4
GASTRIC SUBEPITHELIAL NEOPLASM,1
BONE MARROW POLYMORPHONUCLEAR LEUKOCYTE COUNT INCREASED,1
ULTRASOUND CHEST,2
ADRENAL INFARCTION,27
BRONCHIAL VARICES,1
CHRONIC DISEASE DECOMPENSATION,24
PROSTATIC UROTHELIAL CARCINOMA,4
ISSUE WITH ADDITIONAL CONDITION FOR NONPRESCRIPTION USE,1
PROCEDURAL PANCREATITIS,12
PERIPHERAL ARTERY STENT REMOVAL,1
FAECAL OCCULT BLOOD,23
PROCTOSIGMOIDOSCOPY,1
HER2 POSITIVE COLORECTAL CANCER,4
GLUTARIC ACIDAEMIA TYPE I,1
BURKITT'S LYMPHOMA STAGE I,3
CIRCULATING TUMOUR DNA TEST,1
PLESIOMONAS SHIGELLOIDES INFECTION,3
TRACHEAL BRONCHUS,2
INSPISSATED BILE SYNDROME,1
TUBERCULOSIS SEPSIS,1
BIOPSY SALIVARY GLAND ABNORMAL,1
TENSILON TEST ABNORMAL,1
ORTHOREXIA NERVOSA,1
NOREPINEPHRINE,1
URINE VITAMIN C PRESENT,3
BREVIBACTERIUM TEST POSITIVE,2
IMPLANT SITE SEROMA,1
COAGULATION FACTOR VII LEVEL ABNORMAL,1
TRENCH FOOT,2
COMPLICATED MALARIA,1
BIOPSY ANUS,1
B-CELL LYMPHOMA UNCLASSIFIABLE,1
DERMAL FILLER SITE INFECTION,1
IMMUNOADSORPTION THERAPY,1
HRD GENE MUTATION ASSAY NEGATIVE,1
EYE DISORDER PROPHYLAXIS,1
AGATSTON SCORE,1
FACE AND MOUTH X-RAY,1
ABLEPHARON MACROSTOMIA SYNDROME,1
SPLENIC SEQUESTRATION CRISIS,1
ANTICACHECTIC THERAPY,1
ESCUTCHEONECTOMY,1
MPL GENE MUTATION,1
PROPHYLAXIS AGAINST BRONCHOSPASM,1
OLFACTORY TEST,1
INVOLUNTARY MEDICAL TREATMENT,15
INFECTED ACROCHORDON,2
PARATHYROID HORMONE-RELATED PROTEIN,1
VERTEBROBASILAR INFARCTION,2
PARACHUTE MITRAL VALVE,4
SOMATIC PAIN,5
PENILE SCARRING,4
MET GENE AMPLIFICATION,6
WITNESS OF DEATH,1
HEALTH ASSESSMENT QUESTIONNAIRE SCORE,2
ALLERGY ALERT TEST,1
ROUTINE IMMUNISATION SCHEDULE INCOMPLETE,1
PARTICLE THERAPY,4
PERIPHERAL NERVE HYPEREXCITABILITY,3
NEUROLEUKAEMIOSIS,4
ANGIOMA SERPIGINOSUM,1
OSTEOLIPOMA,3
PAPILLARY UROTHELIAL NEOPLASM OF LOW MALIGNANT POTENTIAL,6
EYELID DISCOLOURATION,42
BRACHYTHERAPY TO UTERUS,2
CHAPLE SYNDROME,3
TOOTH ABSCESS DRAINAGE,2
X-RAY WITH CONTRAST UPPER GASTROINTESTINAL TRACT ABNORMAL,1
MUCINOUS ENDOMETRIAL CARCINOMA,1
SMITH-MAGENIS SYNDROME,1
URETHRAL DISCHARGE SYNDROME,1
PREPUCE DORSAL SLIT,1
B SYMPTOMS,14
RADIATION MASTITIS,2
DISEASE IN REMISSION,10
HEALTHCARE-ASSOCIATED INFECTION,3
PRECEREBRAL ARTERY EMBOLISM,1
CARDIAC CEPHALGIA,1
HEAD CRUSHING INJURY,2
MATERNAL CANCER IN PREGNANCY,1
INTRANASAL SCARRING,1
INTRAUTERINE GAS,1
MITOCHONDRIAL CARDIOMYOPATHY,1
STOOL DNA TEST ABNORMAL,2
INFECTIOUS IRIDOCYCLITIS,6
CARDIOTHORACIC RATIO DECREASED,2
SPLENIC SARCOIDOSIS,1
EMBRYO-FOETAL TOXICITY,26
INTERFERONOPATHY,2
FLAT CHEST,1
MULLERIAN DUCT CYST,1
GLYCOPENIA,1
INFUSION SITE ABSCESS STERILE,1
BLOOD ALDOSTERONE,1
ARTIFICIAL URINARY SPHINCTER REMOVAL,1
SYSTEMIC RIGHT VENTRICLE,1
DISEASE ACTIVITY SCORE,13
CORONARY SLOW FLOW PHENOMENON,2
FGFR2 GENE MUTATION,3
TRANSFUSION-RELATED ALLOIMMUNE NEUTROPENIA,1
MENINGOENCEPHALITIS HELMINTHIC,1
INCISION SITE SEROMA,7
TERSON SYNDROME,2
NEOEHRLICHIOSIS,12
PROCTOSCOPY ABNORMAL,2
INTERFACE FLUID SYNDROME,1
NEPHROTOMY,1
URACHAL SINUS INFECTION,1
VITAMIN A DEFICIENCY RELATED CONJUNCTIVAL DISORDER,2
BLOOD CHOLINESTERASE,1
POWASSAN VIRUS ENCEPHALITIS,6
HYPERCHLORURIA,4
GALLBLADDER ADHESION,7
LAMBL'S EXCRESCENCES,4
EYE INFECTION GONOCOCCAL,4
PLASMA VISCOSITY ABNORMAL,2
OSTEOCHONDRAL AUTOGRAFT,1
CEREBRAL ANGIOPLASTY,1
VASOPROLIFERATIVE RETINAL TUMOUR,4
ALBUMINOCYTOLOGICAL DISSOCIATION PRESENT,1
BILOMA RUPTURE,1
TRACHELOPLASTY,1
URINE ALCOHOL TEST,1
BILE CAST NEPHROPATHY,28
APOLIPOPROTEIN B/APOLIPOPROTEIN A-1 RATIO,1
LYMPHOCUTANEOUS NOCARDIOSIS,9
DENGUE VIRAEMIA,11
PSYCHOGENIC LOSS OF APPETITE,40
TEMPERATURE PERCEPTION TEST DECREASED,1
HARVEY-BRADSHAW INDEX INCREASED,181
PD-1 TEST,2
INFECTION-INDUCED SEROCONVERSION,2
OVARIAN GERM CELL ENDODERMAL SINUS TUMOUR STAGE II,1
GENETIC TESTING,1
RESPIRATORY PATHOGEN PANEL,1
CORNEAL EPITHELIAL DEBRIDEMENT,1
REDUCTION OF INCREASED INTRACRANIAL PRESSURE,1
AQUEOUS MISDIRECTION,3
CONGENITAL MUSCULOSKELETAL DISORDER OF HEAD AND NECK,2
PEDAL PULSE,1
LIVER-KIDNEY MICROSOMAL ANTIBODY POSITIVE,4
SYPHILIS TEST FALSE POSITIVE,2
SERONEGATIVE SPONDYLOARTHRITIS,1
PORTAL HYPERTENSIVE BILIOPATHY,1
B-CELL LEUKAEMIA/LYMPHOMA PANEL,1
SAVANT SYNDROME,1
ATYPICAL PARKINSONISM,13
URINE MERCURY ABNORMAL,1
ANTI IFN GAMMA AUTOANTIBODY SYNDROME,1
MUSCLE INFARCTION,1
CORTICAL HAND STROKE,3
CHRONIC HYPERPLASTIC CANDIDIASIS,3
OPTIC DISC OEDEMA,87
OREXIN DEFICIENCY,1
OROPHARYNGEAL ERYTHEMA,111
SOCIOECONOMIC PRECARITY,125
CD3 LYMPHOCYTES DECREASED,10
STREPTOBACILLARY FEVER,1
BIOPSY PANCREAS ABNORMAL,1
OSTEOCHONDRAL DEFECTS,3
MYRINGOSCLEROSIS,1
ADENOCARCINOMA GASTRIC STAGE IV,2
ISCHIOFEMORAL IMPINGEMENT SYNDROME,2
EPSTEIN-BARR VIRUS POSITIVE MUCOCUTANEOUS ULCER,26
RADIATION BONE INJURY,3
CORNEAL EPITHELIOPATHY,33
ARTERIAL RECANALISATION PROCEDURE,1
BASFI SCORE INCREASED,39
PAINFUL LACTATION,2
PERICARDIAL INJURY,1
PRODUCT INFORMATION CONTENT COMPLAINT,203
ANIMAL-ASSISTED THERAPY,1
LABELLED DRUG-ALCOHOL INTERACTION ISSUE,18
VERTEBROBASILAR ARTERY STENOSIS,16
BASDAI SCORE DECREASED,4
ALLAN-HERNDON-DUDLEY SYNDROME,1
BASFI SCORE,2
BENIGN GLIOMA,1
VASCULAR ACCESS SITE ABSCESS,2
ENDOSCOPY CAPSULE RETENTION,4
ACQUIRED ARTERIOVENOUS MALFORMATION,11
SLEEP-RELATED RHYTHMIC MOVEMENT DISORDER,1
ANTERIOR CUTANEOUS NERVE ENTRAPMENT SYNDROME,2
RED BLOOD CELL HEINZ BODIES PRESENT,1
LUPUS RETINOPATHY,1
CLONAL CYTOPENIA OF UNDETERMINED SIGNIFICANCE,19
CORONECTOMY,1
CERUMINOUS ADENOMA,1
SUBMANDIBULAR GLAND ENLARGEMENT,13
GASTROINTESTINAL TRACT BIOPSY,1
PERIPANCREATIC INFLAMMATION,4
ORTHOSTATIC TACHYCARDIA,8
TORTUOUS OESOPHAGUS,1
ANORECTAL HERPES ZOSTER,1
POOR TRUNCAL INCURVATION REFLEX,1
DELAYED UMBILICAL CORD CLAMPING,1
IMMUNOPARESIS,4
URETERIC PAPILLOMA,1
ADENOSIS SCLEROSING,2
BENIGN PERIPHERAL NERVE SHEATH TUMOUR,1
BACTERIAL BURSITIS,2
ICTAL CENTRAL APNOEA,1
HARLEQUIN FOETUS,1
CONJUNCTIVITIS GONOCOCCAL NEONATAL,1
EXPOSURE TO VACCINATED PERSON,1
FOOD PROTEIN-INDUCED ENTEROPATHY,1
PROTHROMBIN FRAGMENT 1.2 INCREASED,2
TUMOUR INFLAMMATION-ASSOCIATED NEUROTOXICITY,5
INTERFERON ALPHA LEVEL DECREASED,1
GLAUCOMA DRAINAGE DEVICE EXPOSURE,8
ARID1A GENE MUTATION,1
PRODUCT DESICCANT ISSUE,19
GLYCOLIC ACID DECREASED,1
GLYCOLIC ACID INCREASED,1
FAECAL-ORAL TRANSMISSION OF INFECTION,1
BONE CRISIS,4
PNEUMOCYSTIS TEST,1
ALLOIMMUNE HAEMOLYTIC ANAEMIA,7
LAST MENSTRUAL PERIOD DETERMINATION,1
COMPLICATED DIVERTICULITIS,5
PERITONEAL MESOTHELIOMA MALIGNANT RECURRENT,1
VASCULAR INDURATION,1
MATERNAL PRE-PREGNANCY UNDERWEIGHT,1
EXPOSURE TO POLLUTED SOIL,1
ADENOSQUAMOUS CELL LUNG CANCER STAGE III,1
MET EXON 14 SKIPPING MUTATION CANCER,1
FOETAL CARDIAC FUNCTION TEST ABNORMAL,1
OTOPALATODIGITAL SPECTRUM DISORDER,2
MYOMETRIAL THINNING,1
PULSATING VEIN,4
EYELASH RESECTION,2
HAEMOGLOBIN E,1
PERIPORTAL FIBROSIS,9
ARBOVIRUS TEST POSITIVE,1
TREATMENT BOOSTED ANTIBODY POSITIVE,1
CORNEAL LEUKOPLAKIA,1
AORTIC ARCH REPLACEMENT,3
EXERCISE ELECTROCARDIOGRAM,1
CARDIAC TUBERCULOSIS,1
PHARYNGEAL PARALYSIS,2
CERVICITIS MYCOPLASMAL,1
INHERITED CARDIAC CONDUCTION DISORDER,1
REACTIVE INFECTIOUS MUCOCUTANEOUS ERUPTION,12
CLENCHED HAND,14
SECONDARY FAILURE OF PLATELET RECOVERY,1
THERAPEUTIC SKIN CARE TOPICAL,1
IMMATURE PLATELET FRACTION DECREASED,2
CAROTID ARTERY COMPRESSION,2
NEUROENDOCRINE TUMOUR METASTATIC,7
EXTRANODAL MARGINAL ZONE B-CELL LYMPHOMA (MALT TYPE) STAGE II,2
INVASIVE PNEUMOCOCCAL DISEASE,4
LABELLED DRUG-ALCOHOL INTERACTION MEDICATION ERROR,10
LUNG ENTRAPMENT,2
VASOLIGATION,1
JUVENILE POLYMYOSITIS,1
CONGENITAL PARVOVIRUS B19 INFECTION,1
APOLIPOPROTEIN A-I ABNORMAL,1
SHALLOW ANTERIOR CHAMBER,5
ULNAR DIMELIA,4
BREAST ARCHITECTURAL DISTORTION,1
SCHWARTZ JAMPEL SYNDROME,1
PRIMARY HYPEROXALURIA,3
BILE DUCT RESECTION,1
BLEEDING RISK ASSESSMENT,1
PARAINFLUENZA VIRUS TEST POSITIVE,10
AST/ALT RATIO INCREASED,19
IMPRESSION CYTOLOGY,1
PTEN HAMARTOMA TUMOUR SYNDROME,1
PARATHYROID SCAN ABNORMAL,6
OSMOTIC NEPHROPATHY,7
LIPOPROTEIN-ASSOCIATED PHOSPHOLIPASE A2,1
SUPERNUMERARY RIB,2
SUBCUTANEOUS FLUID COLLECTION,6
OVARIAN STROMAL HYPERPLASIA,8
WILMS' TUMOUR GENE OVEREXPRESSION,1
SUBFASCIAL HAEMATOMA,5
FAECAL LACTOFERRIN INCREASED,3
TRICHILEMMAL CARCINOMA,1
PARADUODENAL HERNIA,1
BLADDER ADENOCARCINOMA STAGE 0,1
FUNGAL ABDOMINAL INFECTION,5
PERICARDIAL MESOTHELIOMA MALIGNANT RECURRENT,1
PNH CLONE INCREASED,3
PAROXYSMAL DYSKINESIA,2
PRODUCT DISPENSED BY UNAUTHORISED PROVIDER,6
TUMOUR THROMBECTOMY,2
LACK OF DANGER AWARENESS,6
THYMOMA BENIGN,14
OTOENDOSCOPY,1
PRIMARY COENZYME Q10 DEFICIENCY,9
MICROCYSTIC MACULAR OEDEMA,3
HAEMOPHILIA B WITHOUT INHIBITORS,1
ARGININE LEVEL DECREASED,3
PAPILLON-LEFEVRE SYNDROME,1
MAMMARY TUBERCULOSIS,2
SPECIFIC GRAVITY BODY FLUID DECREASED,1
COMPUTERISED TOMOGRAM EAR,4
BEAVER TAIL LIVER,3
FAECAL LACTOFERRIN,1
ARACHNOID CYST SURGERY,2
LOW-LYING PLACENTA,3
ASPHYXIATING THORACIC DYSTROPHY,1
DYSPHAGIA LUSORIA,1
SURGICAL PRECONDITIONING,1
PERICARDIOCUTANEOUS FISTULA,1
ENCEPHALOCUTANEOUS ANGIOMATOSIS,1
HEPATIC ACTINOMYCOSIS,2
LYMPHOCELE DRAINAGE,1
RETINAL HAMARTOMA,2
KOCURIA INFECTION,4
XYY SYNDROME,1
WOMAN OF CHILDBEARING POTENTIAL,1
PATIENT-DEVICE INTERACTION ISSUE,27
ICTAL EPILEPTIC HEADACHE,1
UTEROPLACENTAL ACUTE ATHEROSIS,1
GLUCOSYLCERAMIDE INCREASED,1
MENOPAUSAL ACNE,1
ABDOMINOTHORACIC FISTULA,2
BETA GLOBIN ABNORMAL,1
AFRICAN TRYPANOSOMIASIS RELAPSE,1
GENIOSPASM,1
GLUCOSYLSPHINGOSINE ABNORMAL,1
ERYTHROPLASIA OF PENIS,1
HELICOBACTER BACTERAEMIA,1
ACUTE NECROTISING ENCEPHALOPATHY,3
APOLIPOPROTEIN B/APOLIPOPROTEIN A-1 RATIO INCREASED,1
CLUSTER DIFFERENTIATED ANTIGEN,1
MICROVASCULAR INTRAPULMONARY SHUNT,17
CHRONIC KIDNEY DISEASE-ASSOCIATED PRURITUS,2
TOTAL FEMORAL REPLACEMENT,1
DEMENTED RELATIVE,1
NASOPALATINE DUCT CYST,2
UTERINE CERVIX DILATION PROCEDURE,1
CATHETER SITE PALLOR,2
ULCERATIVE JEJUNITIS,4
STRANGULATED HAEMORRHOIDS,2
MET GENE FUSION OVEREXPRESSION,1
EAR CANALPLASTY,1
HYPERPHANTASIA,2
HEART FAILURE WITH IMPROVED EJECTION FRACTION,2
NEUTROPHIL/LYMPHOCYTE RATIO,2
DRUG HALF-LIFE,1
ENCEPHALITIS PERIAXIALIS DIFFUSA,1
OVARIAN MELANOMA,1
ATM GENE MUTATION,1
TINEA IMBRICATA,1
HORMONE RECEPTOR POSITIVE HER2 POSITIVE BREAST CANCER,2
SIMULTANAGNOSIA,1
INTRAMYOCARDIAL DISSECTING HAEMATOMA,1
HAPLOINSUFFICIENCY OF A20,2
TNFAIP3 MUTATION,2
FURUNCLE EXCISION,3
STERNOCLEIDOMASTOID SYNDROME,1
FAMILIAL ACROMEGALY,1
SCLEROCHOROIDAL CALCIFICATION,1
BODY STALK ANOMALY,5
INFLUENZA A VIRUS TEST NEGATIVE,1
BENIGN PHYLLODES BREAST TUMOUR,3
INAPPROPRIATE BATCH PRODUCTION RECORDS,2
PRODUCT PRESCRIBED BY UNAUTHORISED PROVIDER,1
CATHETER SITE COLDNESS,1
IDIOPATHIC CYTOPENIA OF UNDETERMINED SIGNIFICANCE,1
HEALTH ASSESSMENT QUESTIONNAIRE SCORE DECREASED,1
AORTITIS SYPHILITIC,2
RADIOTHERAPY TO CHEST,1
SPINAL DYNAMIC STABILISATION DEVICE INSERTION,1
SYNOVIAL FLUID RED BLOOD CELLS,1
VENTRICULAR HYPEREXCITABILITY,4
OESTROGEN RECEPTOR GENE OVEREXPRESSION,1
PAINFUL LEGS-MOVING TOES SYNDROME,1
TESTICULAR SPERM EXTRACTION,1
BILOTHORAX,1
SPINAL NERVE SHEATH TUMOUR,3
COMBINED RETINAL DETACHMENT,1
SEGMENTAL COLITIS ASSOCIATED WITH DIVERTICULOSIS,2
CAR T-CELL CLONAL EXPANSION PRESENT,3
GALLBLADDER DIVERTICULUM,1
PRODUCT ADMINISTERED IN INAPPROPRIATE SETTING,3
CHEST WALL PROSTHESIS INSERTION,1
BLOOD LACTIC ACID NORMAL,2
NASAL VALVE SURGERY,1
VANILLYL MANDELIC ACID DECREASED,1
LACRIMAL GLAND NEOPLASM,3
ADRENAL VEIN SAMPLING,2
CRICOPHARYNGEAL DYSFUNCTION,2
CD45 EXPRESSION DECREASED,2
SYNDESMOSIS RUPTURE,1
PACING INDUCED CARDIOMYOPATHY,1
AIRWAY PATENCY DEVICE INSERTION,1
GLYCOGEN STORAGE DISEASE TYPE IX,5
ELECTROCARDIOGRAM PR SEGMENT ELEVATION,2
IMMUNISATION STRESS-RELATED RESPONSE,1
PERIFOLLICULITIS,2
IDIOPATHIC DILATED EPISCLERAL VESSELS,1
DIAPHRAGMATIC HERNIA GANGRENOUS,1
SPLEEN HYPOPERFUSION,1
VACCINATION SITE GRANULOMA,1
FLUID RESUSCITATION,2
SPINAL X-RAY,1
NEPHROPROTECTIVE THERAPY,1
THORACIC HYPOPLASIA,1
ATYPICAL ABSENCE SEIZURE,2
ADENOVIRUS TEST NEGATIVE,1
ASTHENOTERATOZOOSPERMIA,1
ANTI-AQUAPORIN-4 ANTIBODY NEGATIVE,1
CHROMIUM DEFICIENCY,8
AUTOLOGOUS INTESTINAL RECONSTRUCTION SURGERY,2
NICOTINE PRODUCT USER,1
SEX HORMONE BINDING GLOBULIN,1
CEREBROSPINAL FLUID LEAKAGE REPAIR,1
CYP1A2 GENE STATUS ASSAY,1
OESOPHAGOGASTRODUODENOSCOPY NORMAL,1
IMMUNE EFFECTOR CELL ENCEPHALOPATHY SCORE ABNORMAL,5
CYSTATIN C DECREASED,1
HIGH-ALTITUDE PULMONARY OEDEMA,1
OPTOMETRIC THERAPY,1
ANTI-IGLON5 DISEASE,1
UNKNOWN IMMUNISATION STATUS,1
FITZPATRICK SKIN PHOTOTYPE II,1
MICROBIOLOGY TEST,1
HAEMOCHROMATOSIS CARRIER,1
PLATELET-LARGE CELL COUNT DECREASED,1
CREATINE KINASE INCREASED,427
DOSING ERROR,89
CREATINE KINASE MB INCREASED,14
SUSPECTED OFF LABEL USE,1713
PRODUCT STORAGE ISSUE,1779
PSEUDO-PELGER-HUET ANOMALY,4
PRODUCT INEFFECTIVE FOR UNAPPROVED USE,1380
MEDIAN NERVE COMPRESSION,1
PRODUCT ADMINISTRATION ISSUE,77
ARRHYTHMOGENIC CARDIOMYOPATHY,6
HYALINE OCCLUSIVE GLOMERULAR MICROANGIOPATHY,20
DEGENERATIVE CARDIAC VALVE DISEASE,1
LYMPHOID LEUKAEMIA (IN REMISSION),1
CREATINE KINASE DECREASED,13
POSTERIOR CORD SYNDROME,6
PARAINFLUENZA VIRUS INFECTION,58
INTERSTITIAL LUNG THICKENING,8
WRONG TECHNIQUE IN PRODUCT USAGE PROCESS PERFORMED IN ERROR,295
MESENCHYMAL STROMAL CELL THERAPY,1
VACCINE ASSOCIATED PARALYTIC POLIOMYELITIS,1
ABSENT NAVEL,1
RETINAL TRANSPLANT,1
IMMUNE-MEDIATED HYPOPITUITARISM,14
TRIGEMINAL NERVE STIMULATION,2
AIR IN DEVICE ISSUE,9
CREATINE KINASE ABNORMAL,16
DEVICE DISPENSING ISSUE,33
CHRONIC POST RHEUMATIC ARTHROPATHY,1
HARVEY-BRADSHAW INDEX,1
BLADDER ADHESION,1
INFERIOR VENA CAVA COMPRESSION,3
DUPLICATE THERAPY ISSUE,4
PERCEPTUAL DISTURBANCE,18
TONSIL ASYMMETRY,1
HYPOTHALAMIC OBESITY,1
DRUG TITRATION ISSUE,73
VENOUS FLOW VELOCITY INCREASED,1
ADENOCARCINOMA GASTRIC STAGE III,1
GASTROINTESTINAL STROMAL TUMOUR MALIGNANT,3
BARIATRIC GASTRIC BALLOON REMOVAL,1
ENTEROPATHIC UVEITIS,1
LEFT ATRIAL APPENDAGE FILLING DEFECT,1
NON-FUNCTIONAL KIDNEY,7
ALLERGIC OTITIS EXTERNA,1
MUSCLE LENGTHENING SURGERY,1
RADIOTHERAPY TO GASTROINTESTINAL TRACT,2
PNEUMONIA PARAINFLUENZA VIRAL,7
ADENOCARCINOMA GASTRIC STAGE 0,1
ORAL LEUKOEDEMA,1
GOWERS' SIGN,1
PARA-UMBILICAL HERNIA,3
SYPHILIS TEST,1
PERINEAL OEDEMA,3
SOLUBLE ST2 INCREASED,1
PERIPROSTHETIC JOINT INFECTION,7
INTESTINAL FAILURE,3
SCLEROCORNEA,1
CONTAMINATED PRODUCT ADMINISTERED,23
MYOFIBRILLAR MYOPATHY,1
IMMUNOELECTROPHORESIS,1
ACQUIRED MACROCEPHALY,1
DEVICE OUTPUT ISSUE,4
T-CELL MALIGNANCY,3
NIJMEGEN BREAKAGE SYNDROME,1
CREATINE KINASE,4
METAPNEUMOVIRUS BRONCHITIS,2
TRANSPLANT ASSOCIATED THROMBOTIC MICROANGIOPATHY,8
DEVICE INCOMPATIBILITY ISSUE,3
MOBILITY SUPPORT,5
BLOOD ELECTROLYTES,1
CEREBRAL FOLATE DEFICIENCY,1
PRODUCT SELECTION ISSUE,25
HYPERPHOSPHATASIA-INTELLECTUAL DISABILITY SYNDROME,1
BCG-RELATED OSTEOMYELITIS,1
COMPUTERISED TOMOGRAM VENOGRAPHY,1
DEVELOPMENTAL AND EPILEPTIC ENCEPHALOPATHY WITH SPIKE-AND-WAVE ACTIVATION IN SLEEP,2
SEPTIC DEVICE LOOSENING,1
HEARING THERAPY,1
HYPERECHOGENIC PANCREAS,1
FIBROADENOMATOID MASTOPATHY,2
ANNIVERSARY REACTION,1
ENCEPHALITIS POST IMMUNISATION,1
GEMELLA BACTERAEMIA,1
DYSTHYROID OPTIC NEUROPATHY,5
ORBIT PLASTIC REPAIR,1
BILE ACID SYNTHESIS DISORDER,2
HER2 ULTRALOW BREAST CANCER,1
FGFR2 GENE FUSION CANCER,1
CAR TRANSGENE LEVEL ELEVATED,1
CARDIO-ANKLE VASCULAR INDEX INCREASED,1
PHLEBECTASIA,1
LUNG DISEASE INFECTIVE EXACERBATION,15
GASTRIC NEUROENDOCRINE HYPERPLASIA,1
BLOOD ZINC,1
ANTIBODY-DEPENDENT ENHANCEMENT,1
EYE FLAT BLEB,2
CRANIOSPINAL IRRADIATION,1
PULMONARY GANGRENE,1
GLANZMANN'S DISEASE,1
INDETERMINATE HIV TEST,1
SMEAR VAGINA,8
B-CELL MALIGNANCY,2
INCISION SITE FIBROSIS,5
CARDIAC DEVICE REPLACEMENT,1
BASIDIOBOLOMYCOSIS,1
OCHLOPHOBIA,2
HAEMOGLOBIN LEPORE TRAIT,1
POSTMENOPAUSAL OSTEOPENIA,1
CELL BANK MANAGEMENT ISSUE,1
ASEPTIC PROCESS SIMULATION ISSUE,1
BREAST ADENOSIS,1
HISTOTRIPSY,1
INTRAMUSCULAR HAEMANGIOMA,1
OCULAR DRUG DELIVERY DEVICE PLACEMENT,1
FLANK DISCOMFORT,3
ENTEROGRAPHY,1
BI-RADS ABNORMAL,1
COELIAC ARTERY DISSECTION,2
BRIP1 GENE MUTATION,1
BILIARY CANDIDIASIS,1
EPIGENETIC CHANGE,1
MANUFACTURING EQUIPMENT MAINTENANCE ISSUE,1
POSTICTAL MIGRAINE,1
DENTAL PULP EXPOSURE,1
CHOLECYSTOKININ-CHOLESCINTIGRAPHY,1
DEVICE PROGRAMMING ISSUE,2
ABSENCE TO TONIC CLONIC SEIZURE,1
MIDFACE HYPOPLASIA,1
APOL1 GENE MUTATION,1
GRAFT VERSUS HOST DISEASE OF THE KIDNEY,1
SHORT TELOMERE SYNDROME,1
REPLICATION COMPETENT RETROVIRUS TEST,1
SUBCAPSULAR HEPATIC FLUID COLLECTION,1
CREATINE KINASE MB ABNORMAL,2
LHERMITTE-DUCLOS DISEASE,1
CREATINE KINASE BB INCREASED,1
BEIGHTON SCORE,1
PACHYCHOROID PIGMENT EPITHELIOPATHY,1
INTRAHEPATIC LYMPHATIC STASIS,1
REGISCAR SCORE,1
EAR CULTURE,1
EXTERNAL MANUFACTURING SUPPLY MANAGEMENT ISSUE,1
PREMATURE FONTANELLE CLOSURE,1
TEMPOROPARIETOOCCIPITAL DISCONNECTION SURGERY,1
ATRIAL ELECTROMECHANICAL DISSOCIATION,1
CORONARY ARTERY THROMBECTOMY,1
MSI-H/DMMR CANCER,1
POST-EJACULATION URINALYSIS,1
SEBORRHOEIC MELANOSIS,1
ASPARTATE BETA-HYDROXYLASE INCREASED,1
ORTHOSIS APPLICATION,1
MANUFACTURING DATA MANAGEMENT SYSTEM ISSUE,1
SCLERAL DEPRESSION,1
CEPHALHAEMATOMA EXCISION,1
DEVICE FILTRATION ISSUE,1
UNINTENDED DEVICE COMPATIBILITY ISSUE,1
BREAST CANDIDIASIS,1
HEPATIC FLEXURE MOBILISATION,1
ANTI-JC VIRUS ANTIBODY POSITIVE,1
ALPHA-L-FUCOSIDASE TEST,1
HIGH GRADE SEROUS OVARIAN CARCINOMA,10
NEOVAGINAL HAEMORRHAGE,1
MATERNAL BODY MASS INDEX NORMAL,1
LIGAMENT OEDEMA,1
ARTERIOVENOUS GRAFT REMOVAL,1
ICTAL PARESIS,1
DYSMORPHIC URINARY RED BLOOD CELLS,1
LEIOMYOMATOSIS PERITONEALIS DISSEMINATA,1
SPLENIC VEIN DILATATION,1
ANALYTICAL TESTING REPEATED WITHOUT APPROPRIATE RATIONALE,1
TESTICULAR RADIOTHERAPY,1
EARLY INFANTILE DEVELOPMENTAL AND EPILEPTIC ENCEPHALOPATHY,2
CARDIAC ALLOGRAFT VASCULOPATHY,1
DRUG EFFECT MORE THAN EXPECTED,2
SCHWARTZ-MATSUO SYNDROME,1
BACTEROSPERMIA,1
SUBCLAVIAN ARTERY ANGIOPLASTY,1
CONTRACEPTION BREAKTHROUGH BLEEDING,1
PARASITE STOOL TEST,1
SPLENIC SCLEROSING ANGIOMATOID NODULAR TRANSFORMATION,1
TRACHEITIS SICCA,1
COMPUTERISED TOMOGRAM DENTAL,1
LOW-LEVEL LASER THERAPY,1
MYOSTEATOSIS,1
MANUFACTURING QUALIFICATION ISSUE,1
OPTIC ATAXIA,1
URETHRAL POLYPECTOMY,1
HEPATIC VEIN HAEMORRHAGE,1
INTERLEUKIN-2 RECEPTOR DECREASED,1
LEFT VENTRICULAR END-DIASTOLIC VOLUME,1
DEVICE TEMPERATURE PRODUCTION ISSUE,1
EPILEPTIC NEGATIVE MYOCLONUS,1
SUPERIOR CLUNEAL NERVE ENTRAPMENT SYNDROME,1
MYELOPROLIFERATIVE NEOPLASM TRANSFORMATION,1
COMPUTERISED TOMOGRAM OF GALLBLADDER ABNORMAL,1
ONYCHOPAPILLOMA,2
MULTIPLE SELF-HEALING SQUAMOUS EPITHELIOMA,1
GASTRODUODENAL ARTERY EMBOLISATION,1
HCN1 GENE MUTATION,1
EOSINOPHILIC BRONCHIOLITIS,1
RESPIRATORY GAS ANALYSIS,1
DISTAL FEMORAL REPLACEMENT,1
ACYLCARNITINE PROFILE,1
ACQUIRED RENAL ARTERIOVENOUS FISTULA,1
CREATINE KINASE BB,1
VULVOPLASTY,1
OSTEOCHONDROPLASTY,1
MANUFACTURING VALIDATION ISSUE,1
PROGRESSIVE MULTIFOCAL LEUKOENCEPHALOPATHY ASSOCIATED IMMUNE RECONSTITUTION INFLAMMATORY SYNDROME,1
RADIATION EYE INJURY,1
COMPLEXION-ASSOCIATED MELANOSIS,1
NATURAL KILLER/T-CELL LYMPHOMA,1
BI-RADS INCOMPLETE,1
RANSON'S SCORE,1
MEGADUODENUM,1
INTRAUTERINE TRANSFUSION,1
VANISHING WHITE MATTER DISEASE,1
CREATINE KINASE MM INCREASED,1
DEVICE MECHANICAL PARTS LUBRICATION ISSUE,1
ACKR1 GENE POLYMORPHISM,1
DIASTOLIC HYPERAEMIA-FREE RATIO,1
POLYMICROBIAL SEPSIS,2
ATRIAL FIBRILLATION CONVERSION PAUSE,1
INFRARED SPECTROSCOPY,1
RETINOL BINDING PROTEIN ABNORMAL,1
SPIRITUAL EXPERIENCE,1
INTESTINAL ULTRASOUND,1
DEVICE ELECTROMAGNETIC COMPATIBILITY ISSUE,1
AUTOIMMUNE PLEURITIS,2
BENIGN FAMILIAL INFANTILE EPILEPSY,1
TROMBICULOSIS,1
MANUFACTURING CELL CULTURE MANAGEMENT ISSUE,1
INFORMATION TECHNOLOGY USE DISORDER,1
BILATERAL TONIC CLONIC SEIZURE,7
IMPAIRED MATERNAL-INFANT BONDING,1
LOW-LUMINANCE DEFICIT,1
NOROVIRUS TEST NEGATIVE,1
OPTIC NERVE CALCIFICATION,1
MESENTERIC RESECTION,1
SPLENIC ARTERY HAEMORRHAGE,1
DEVICE PLACEMENT ERROR,3
URACHAL CALCULUS,1
PULMONARY LYMPHOMATOID GRANULOMATOSIS,4
GLUTEAL HERPES SIMPLEX INFECTION,1
RUCAM SCORE,1
MICROSOMATOGNOSIA,1
OVARIAN VEIN DILATATION,1
APOLIPOPROTEIN C-III INCREASED,1
CELL CULTURE PRODUCTION ISSUE,1
SUBRETINAL INJECTION,1
BI-RADS NEGATIVE,1
ASPERGILLUS OTITIS EXTERNA,1
ANORECTAL WOUND,1
SALIVARY GLAND ULTRASOUND,1
INTRAOCULAR PARTICLES,1
CHRONIC HISTIOCYTIC INTERVILLOSITIS,1
URINARY BLADDER HAEMANGIOMA,1
PSEUDOMONAS FOLLICULITIS,1
CONCERN OF DISEASE STIGMA,2
AUTOSOMAL DOMINANT HYPOCALCAEMIA TYPE 1,1
INTERSPINOUS LIGAMENT SWELLING,1
DIALYSIS ACCESS REMOVAL,1
BILE REFLUX GASTROPATHY,1
BACILLUS TEST,1
KNEE TORQUE ASSESSMENT,1
CAROTID ARTERY PSEUDOANEURYSM,1
VOCAL CORD CYST REMOVAL,1
TRAUMATIC ABDOMINAL EVISCERATION,1
CELL BANK ISSUE,1
POST STROKE ANXIETY,1
VICTIM OF BULLYING,2
DYSORTHOGRAPHY,1
LIVER VENOUS DEPRIVATION PROCEDURE,1
MYOCLONIC TONIC CLONIC SEIZURE,1
OMPHALITH,1
CREATINE KINASE MB DECREASED,1
EXPERIENCE OF INSIGHTFULNESS,1
EXTERNAL SUPPLIER QUALIFICATION ISSUE IN MANUFACTURING,1
ENLARGED VESTIBULAR AQUEDUCT,1
PRODUCT USE IN COUNTRY WHERE PRODUCT IS UNAPPROVED,3
GESTATIONAL HYPOTHYROIDISM,1
PULMONARY ARTERY FILLING DEFECT,1
DENGUE POST VACCINE,1
CREATINE KINASE MM DECREASED,1
LACRIMAL CANALICULAR LACERATION,1
CREATINE KINASE MB NORMAL,1
VISUALLY INDUCED MOTION SICKNESS,1
SAGGING EYE SYNDROME,1
SPLENIC ARTERY ARTERIOSCLEROSIS,1
PHOSPHORYLATED TAU INCREASED,1
INGUINAL ULTRASOUND,1
GLASGOW-IMRIE SCORE,1
GENITAL ABSCESS MALE,3
CORNEAL EPITHELIUM INJURY,2
CYTOLETHAL DISTENDING TOXIN POSITIVE,1
PELGER-HUET ANOMALY,1
BENIGN NEOPLASM PROGRESSION,3
SCHWANNOMATOSIS,2
PROSTATE ADENOMA REMOVAL,1
CYTOMEGALOVIRUS RESPIRATORY TRACT INFECTION,1
ARTERIOVENOUS GRAFT PLACEMENT,1
PSEUDOMONAS TEST NEGATIVE,1
DYSKERATOSIS,2
JOINT CAPSULOTOMY,1
AIRWAY ENDOSCOPY,1
PULMONARY TOXOCARIASIS,1
PROSTHETIC VALVE LEAFLET THICKENING,1
KERATONEURALGIA,1
GASTROENTEROPANCREATIC NEUROENDOCRINE TUMOUR METASTATIC,1
PITT-HOPKINS SYNDROME,1
BARD 1 GENE MUTATION,4
INTERLEUKIN THERAPY,1
ASEPTIC CAVERNOUS SINUS THROMBOSIS,1
HAEMORRHAGIC INTESTINAL INFARCTION,1
ACUTE CORNEAL HYDROPS,1
EYELID SEBORRHOEIC KERATOSIS,1
PULMONARY ARTERY INTIMAL SARCOMA,2
DEVELOPMENTAL DISORDER OF SCHOLASTIC SKILLS,2
CRANIOCERVICAL DISLOCATION,1
PELLEGRINI STIEDA DISEASE,1
BAROREFLEX FAILURE,1
SPONTANEOUS ECHOCARDIOGRAPHIC CONTRAST,1
HUMAN PAPILLOMA VIRUS POSITIVE OROPHARYNGEAL SQUAMOUS CELL CARCINOMA,1
VENOGRAM,2
ROTATOR CUFF INJURY OF HIP,1
SPHEROPHAKIA,1
IMMUNOREACTIVE TRYPSINOGEN ABNORMAL,1
APOLIPOPROTEIN B ABNORMAL,1
U2AF1 GENE MUTATION,3
ADDUCTED THUMB,1
LACTATION INHIBITION THERAPY,2
DURAL ECTASIA,1
ZYGOMATIC ABSCESS,1
CONGENITAL BILATERAL PERISYLVIAN SYNDROME,1
CONJUNCTIVAL LYMPHANGIECTASIA,1
POST ABLATION TUBAL STERILISATION SYNDROME,2
VAGINAL CALCULUS,1
LIMB LENGTHENING SURGERY,3
TRACHEAL NECROSIS,1
URETERIC ATRESIA,3
SUPERIOR MEDIASTINAL SYNDROME,1
IRREVERSIBLE ELECTROPORATION,1
GALLBLADDER SQUAMOUS CELL CARCINOMA,1
ADENOCARCINOMA GASTRIC RECURRENT,2
CEREBROVASCULAR INFUNDIBULAR DILATATION,1
BARLOW TEST,1
PROCOLLAGEN TYPE II N-TERMINAL PROPEPTIDE INCREASED,1
