pt,a,b,c,d,ROR,se_ln_ror,ROR_lcl,ROR_ucl,PRR,se_ln_prr,PRR_lcl,PRR_ucl,chisq,n,IC,IC025,sig_ROR,sig_PRR,sig_BCPNN,signal,sens_trio,drug
OFF LABEL USE,863,7020,841617,16835040,2.45908384601401,0.0360894206500951,2.29114936045886,2.63932743368418,2.2993490548038,0.0321407048858278,2.1589678961636,2.44885812578404,664.677561145885,17684540,1.20039013480045,1.19960541055536,TRUE,TRUE,TRUE,TRUE,TRUE,scopolamine
NAUSEA,775,7108,638816,17037841,2.90799100817344,0.0378501416097222,2.7000659267082,3.13192786145309,2.72041102195824,0.0341317469036453,2.54437427663326,2.90862716085326,873.78203615747,17684540,1.44271868562905,1.44193396138396,TRUE,TRUE,TRUE,TRUE,TRUE,scopolamine
VOMITING,570,7313,373862,17302795,3.60731626263988,0.043518517088763,3.31238271809583,3.92851059982185,3.41878774942096,0.0403751027085107,3.15866928857665,3.70032713391712,995.017215213798,17684540,1.77193019568757,1.77114547144247,TRUE,TRUE,TRUE,TRUE,TRUE,scopolamine
HEADACHE,496,7387,518756,17157901,2.22082635291484,0.0464056888266588,2.02774473515178,2.43229317985722,2.14401170480552,0.0434872957410789,1.96883816118191,2.33477097354899,311.632747367299,17684540,1.09957726604189,1.09879254179679,TRUE,TRUE,TRUE,TRUE,TRUE,scopolamine
DIZZINESS,490,7393,398276,17278381,2.87537361572813,0.046675990730443,2.62399424344715,3.1508352012099,2.75880212369378,0.0437768810930914,2.53196045335347,3.00596683791679,561.410386270186,17684540,1.46291135613859,1.46212663189349,TRUE,TRUE,TRUE,TRUE,TRUE,scopolamine
DEATH,397,7486,748992,16927665,1.1985621552738,0.0515157119525608,1.08345156539714,1.32590259309654,1.18856225984773,0.0489215186341269,1.07988895364942,1.30817177151434,12.3951754625705,17684540,0.249096219655782,0.248311495410685,TRUE,FALSE,TRUE,TRUE,FALSE,scopolamine
DIARRHOEA,347,7536,554275,17122382,1.42241877575582,0.0549217928761997,1.27725350283428,1.58408269707851,1.40382441888823,0.052504635119728,1.26654301704469,1.55598583904816,41.5880461811718,17684540,0.489102831734148,0.488318107489051,TRUE,FALSE,TRUE,TRUE,FALSE,scopolamine
MALAISE,333,7550,374635,17302022,2.03697544232236,0.0560194644350771,1.82516050492768,2.27337209052131,1.99317069510768,0.0536540812783222,1.79420977022435,2.21419450822591,168.2167018886,17684540,0.994426710248547,0.99364198600345,TRUE,FALSE,TRUE,TRUE,FALSE,scopolamine
PRODUCT ADHESION ISSUE,277,7606,33138,17643519,19.3902033587081,0.0614151200336018,17.1911432134551,21.8705633257585,18.7439917222293,0.0592737151659685,16.6881148071473,21.0531404980823,4623.02820429179,17684540,4.21699021030547,4.21620548606037,TRUE,TRUE,TRUE,TRUE,TRUE,scopolamine
VISION BLURRED,275,7608,108192,17568465,5.86949664333742,0.0614581481412551,5.20339298072352,6.62087045390889,5.69962329855526,0.0593185859069164,5.07403143418288,6.40234617518987,1069.50317360101,17684540,2.50784744808062,2.50706272383552,TRUE,TRUE,TRUE,TRUE,TRUE,scopolamine
PNEUMONIA,272,7611,272961,17403696,2.27859988002895,0.0617379976490719,2.01890380079369,2.57170124263811,2.23448226397315,0.0596089111234728,1.98809339438874,2.51140665831028,188.231171930216,17684540,1.15914692765994,1.15836220341484,TRUE,TRUE,TRUE,TRUE,TRUE,scopolamine
CONFUSIONAL STATE,256,7627,125334,17551323,4.70031730964175,0.0636034496499628,4.14941457411276,5.32436140489575,4.58014970450814,0.0615411801238101,4.05970768041224,5.1673107935633,720.065049290145,17684540,2.19309422815416,2.19230950390907,TRUE,TRUE,TRUE,TRUE,TRUE,scopolamine
HYPERSENSITIVITY,254,7629,155900,17520757,3.74173350549299,0.0638322653186126,3.30170092717365,4.24041121074941,3.65339146434175,0.0617779120096111,3.23675471595495,4.12365791140503,493.043233855901,17684540,1.86753098479771,1.86674626055261,TRUE,TRUE,TRUE,TRUE,TRUE,scopolamine
PRODUCT USE IN UNAPPROVED INDICATION,251,7632,240825,17435832,2.38109359402003,0.064181778914747,2.0996351441663,2.70028186527353,2.3371186489358,0.0621393941707115,2.0691245838122,2.63982344124487,194.465013931267,17684540,1.2238713450003,1.2230866207552,TRUE,TRUE,TRUE,TRUE,TRUE,scopolamine
DYSPNOEA,238,7645,463201,17213456,1.15690594489666,0.0658384545967753,1.0168461035505,1.31625755427873,1.15216871099011,0.0638508240535767,1.01663523686884,1.30577092986977,4.90932029388897,17684540,0.204254129758573,0.203469405513477,TRUE,FALSE,TRUE,TRUE,FALSE,scopolamine
PYREXIA,220,7663,275051,17401606,1.81635175690547,0.068407930060092,1.58843684648765,2.07696875837944,1.79356888407543,0.0664994616888179,1.57439091991304,2.04325958771491,78.4042998480748,17684540,0.842322908113207,0.84153818386811,TRUE,FALSE,TRUE,TRUE,FALSE,scopolamine
FALL,205,7678,272926,17403731,1.70256305473702,0.0707955682712691,1.48197473837877,1.9559854026436,1.68429267211351,0.0689550646971554,1.47136975007618,1.92802781570602,57.8434044820667,17684540,0.751702855724474,0.750918131479377,TRUE,FALSE,TRUE,TRUE,FALSE,scopolamine
PRODUCT QUALITY ISSUE,205,7678,111758,17564899,4.1963604869527,0.0708328727928939,3.65240249260874,4.82133099298163,4.11323808433627,0.0689933682019508,3.59298585645533,4.70882107928071,485.240553011892,17684540,2.03827387413249,2.03748914988739,TRUE,TRUE,TRUE,TRUE,TRUE,scopolamine
DRUG INEFFECTIVE FOR UNAPPROVED INDICATION,204,7679,52895,17623762,8.85134966713892,0.0710714302249465,7.70038208388827,10.1743511005625,8.64816872941263,0.0692383877120251,7.55070058017859,9.9051500689518,1378.65364353368,17684540,3.10748456903939,3.10669984479429,TRUE,TRUE,TRUE,TRUE,TRUE,scopolamine
DRY MOUTH,203,7680,65101,17611556,7.15063954310738,0.0712161093837926,6.21905661044814,8.22176884345267,6.99225062680003,0.0693870109717788,6.10314334551651,8.01088325475792,1043.07025652882,17684540,2.80190847320714,2.80112374896205,TRUE,TRUE,TRUE,TRUE,TRUE,scopolamine
DRUG INTOLERANCE,201,7682,89875,17586782,5.11999139943491,0.0715295899429702,4.4502254729086,5.89055815033887,5.01494024235177,0.069708960061454,4.37449875884942,5.74914453535564,647.941809361688,17684540,2.32365284646139,2.32286812221629,TRUE,TRUE,TRUE,TRUE,TRUE,scopolamine
SWELLING FACE,201,7682,50893,17625764,9.06174117146186,0.0715891375463606,7.87542045407368,10.4267643280038,8.85618364571483,0.0697700624611156,7.72426451345451,10.153975000469,1399.32122476858,17684540,3.14164172508316,3.14085700083807,TRUE,TRUE,TRUE,TRUE,TRUE,scopolamine
DYSPHONIA,199,7684,49009,17627648,9.31502980430806,0.0719425279269347,8.0899443235568,10.7256337973162,9.10512355908958,0.0701328611545472,7.93574212948552,10.4468206846412,1433.95910924996,17684540,3.18147565793284,3.18069093368774,TRUE,TRUE,TRUE,TRUE,TRUE,scopolamine
WRONG TECHNIQUE IN PRODUCT USAGE PROCESS,193,7690,199122,17477535,2.20288539706215,0.0729140962026857,1.90952862155729,2.54130994309587,2.1734350759112,0.0711298626957147,1.89060024644262,2.49858215034591,123.546536053106,17684540,1.11922257256738,1.11843784832228,TRUE,TRUE,TRUE,TRUE,TRUE,scopolamine
CONSTIPATION,190,7693,184162,17492495,2.34590058852002,0.0734753929217784,2.03126266940471,2.70927519818566,2.31346102086572,0.0717054814268046,2.01013510668948,2.6625582913576,143.030617920981,17684540,1.20920836384452,1.20842363959942,TRUE,TRUE,TRUE,TRUE,TRUE,scopolamine
MYDRIASIS,186,7697,9151,17667506,46.6549952753058,0.0749373011925343,40.2819263657459,54.0363577544736,45.5777620999656,0.0732032098384993,39.4858205103668,52.6095791144993,7952.19507535045,17684540,5.48187174135179,5.48108701710669,TRUE,TRUE,TRUE,TRUE,TRUE,scopolamine
SOMNOLENCE,185,7698,160496,17516161,2.62282030359691,0.0744419038684051,2.26674313502814,3.03483276894309,2.58473559521616,0.0726961089766781,2.24148556539682,2.98054923944814,181.189461878323,17684540,1.36899793891963,1.36821321467453,TRUE,TRUE,TRUE,TRUE,TRUE,scopolamine
ABDOMINAL PAIN,181,7702,185751,17490906,2.21287155314978,0.0752338953414388,1.90948311030858,2.56446390350537,2.18502304989973,0.0735073710563627,1.89184384028227,2.52363626792833,117.447407021068,17684540,1.12688662263926,1.12610189839416,TRUE,TRUE,TRUE,TRUE,TRUE,scopolamine
ANGIOEDEMA,179,7704,35805,17640852,11.4475522701932,0.0757916923248103,9.86727982011276,13.2809097712715,11.2103187478839,0.0740784004216131,9.695297809802,12.9620821241924,1659.71110733919,17684540,3.48020412947924,3.47941940523414,TRUE,TRUE,TRUE,TRUE,TRUE,scopolamine
TOXICITY TO VARIOUS AGENTS,178,7705,156879,17519778,2.57994914666974,0.075856409084795,2.2235191118903,2.99351490338362,2.5442735221477,0.0741447235992942,2.20014110734848,2.94223299309347,168.145938744444,17684540,1.34626100946164,1.34547628521654,TRUE,TRUE,TRUE,TRUE,TRUE,scopolamine
ANXIETY,174,7709,225318,17451339,1.74817163757283,0.0766898977808331,1.50419558996805,2.03171987392874,1.73165738348965,0.0749976851554543,1.49493617276763,2.00586309196248,54.4428380274713,17684540,0.791683068917677,0.79089834467258,TRUE,FALSE,TRUE,TRUE,FALSE,scopolamine
SWOLLEN TONGUE,174,7709,23093,17653564,17.2545343495016,0.0769428668484611,14.8391202072076,20.0631136793084,16.8957510212238,0.0752563470566422,14.5786733480697,19.5810960130321,2586.10158412019,17684540,4.06840220974297,4.06761748549788,TRUE,TRUE,TRUE,TRUE,TRUE,scopolamine
ASTHENIA,172,7711,304871,17371786,1.2710016057309,0.0771166388958223,1.09270540421954,1.47839031044635,1.26508859340238,0.0754342212412524,1.09121426458423,1.46666809727475,9.71630647531899,17684540,0.339067953568965,0.338283229323868,TRUE,FALSE,TRUE,TRUE,FALSE,scopolamine
HALLUCINATION,162,7721,58803,17617854,6.28629829784951,0.0794947740659846,5.3793235625415,7.34619247756781,6.1776619507416,0.0778648419462273,5.30327622134248,7.19621335657673,703.418705924822,17684540,2.62373505684481,2.62295033259972,TRUE,TRUE,TRUE,TRUE,TRUE,scopolamine
WEIGHT DECREASED,162,7721,228004,17448653,1.60568703942624,0.0794153612792237,1.37423555818089,1.87612003868846,1.59323983653558,0.0777837615714648,1.36795018413984,1.85563276072079,36.2264466911018,17684540,0.671582001009928,0.670797276764831,TRUE,FALSE,TRUE,TRUE,FALSE,scopolamine
URINARY TRACT INFECTION,154,7729,144946,17531711,2.4099913379924,0.081423863196803,2.05449973721923,2.82699391193869,2.38244615645608,0.0798341642695986,2.03735580835623,2.78598841946605,124.425943993271,17684540,1.25155484484623,1.25077012060114,TRUE,TRUE,TRUE,TRUE,TRUE,scopolamine
ACUTE KIDNEY INJURY,151,7732,150160,17526497,2.27942845358812,0.0822104970149823,1.94020213149726,2.67796534736177,2.25492081734661,0.0806366187875634,1.92527167038665,2.641013198663,106.254880601139,17684540,1.17226997102697,1.17148524678188,TRUE,TRUE,TRUE,TRUE,TRUE,scopolamine
HYPOTENSION,148,7735,159792,17516865,2.09750375876487,0.0830202051454791,1.7825204560652,2.46814672059608,2.07689858861427,0.0814622799975533,1.77040732815429,2.436449329367,83.3181530757517,17684540,1.0537383961775,1.0529536719324,TRUE,TRUE,TRUE,TRUE,TRUE,scopolamine
FEELING ABNORMAL,146,7737,195774,17480883,1.68495617952113,0.0835687098581683,1.43038678386326,1.9848319062614,1.67227019674679,0.0820214067736767,1.42392927490234,1.96392311066107,39.8702162630275,17684540,0.741375703421478,0.740590979176381,TRUE,FALSE,TRUE,TRUE,FALSE,scopolamine
DECREASED APPETITE,145,7738,200624,17476033,1.63229724616137,0.0838500194017002,1.38491994712366,1.92386159601477,1.62066676275488,0.0823081061787071,1.37921398167994,1.90438959493372,34.8366305180082,17684540,0.696188388300609,0.695403664055512,TRUE,FALSE,TRUE,TRUE,FALSE,scopolamine
COUGH,144,7739,242024,17434633,1.34039259820677,0.0841299547374224,1.13663011304925,1.58068336981466,1.33417459311458,0.0825933679913148,1.1347698069031,1.56861932180793,12.2131188749808,17684540,0.415732584620768,0.414947860375671,TRUE,FALSE,TRUE,TRUE,FALSE,scopolamine
DEHYDRATION,142,7741,101844,17574813,3.16553078504056,0.0847426199482719,2.68109477978953,3.7374975426367,3.12652211175935,0.0832175500117772,2.65598303015625,3.68042280554219,206.287704435991,17684540,1.64319182142094,1.64240709717584,TRUE,TRUE,TRUE,TRUE,TRUE,scopolamine
SEIZURE,142,7741,113114,17563543,2.84830862411187,0.0847368477823353,2.41244590512401,3.36291976576901,2.81501421530508,0.0832116718365956,2.39138437492511,3.31368939073956,167.037208897172,17684540,1.49197546063948,1.49119073639439,TRUE,TRUE,TRUE,TRUE,TRUE,scopolamine
CONDITION AGGRAVATED,140,7743,262675,17413982,1.19866583412513,0.0852987131350028,1.01412244837038,1.41679122102832,1.19513758133083,0.0837839620616195,1.01414383471061,1.40843319204014,4.52546461902783,17684540,0.257051221583313,0.256266497338217,TRUE,FALSE,TRUE,TRUE,FALSE,scopolamine
PLATELET COUNT DECREASED,140,7743,87199,17589458,3.64720126062274,0.0853436050633329,3.08541641757569,4.31127447164489,3.60018766472179,0.0838296685806772,3.05469521831584,4.24309146899472,263.794505684024,17684540,1.84640092251265,1.84561619826755,TRUE,TRUE,TRUE,TRUE,TRUE,scopolamine
WHITE BLOOD CELL COUNT INCREASED,130,7753,28217,17648440,10.4874294659169,0.0886385148372487,8.81492102942693,12.4772730731693,10.3309705250861,0.0871827706084589,8.70822516604237,12.2561084440475,1092.33613271715,17684540,3.36291567052434,3.36213094627924,TRUE,TRUE,TRUE,TRUE,TRUE,scopolamine
TACHYCARDIA,128,7755,68198,17608459,4.26165098329665,0.0891973600652491,3.57809241789719,5.07579653688955,4.20869001337886,0.0877510760997863,3.54365729992536,4.99852839299332,313.75119427993,17684540,2.07130924866401,2.07052452441891,TRUE,TRUE,TRUE,TRUE,TRUE,scopolamine
THROMBOCYTOPENIA,127,7756,87892,17588765,3.27681497683863,0.0895230844067037,2.74946586400942,3.90530994873889,3.24013408097938,0.0880822429203515,2.72637671170749,3.85070368949457,197.391586616336,17684540,1.69461362411287,1.69382889986778,TRUE,TRUE,TRUE,TRUE,TRUE,scopolamine
DRUG INTERACTION,122,7761,122274,17554383,2.25680272254007,0.0912896818151972,1.88706235568587,2.69898793387413,2.237352014415,0.0898776269995823,1.8759831736076,2.66833098869463,83.9837338970891,17684540,1.16099675075546,1.16021202651037,TRUE,TRUE,TRUE,TRUE,TRUE,scopolamine
HYPERTENSION,122,7761,169192,17507465,1.6266180598864,0.0912772603115708,1.36015629960206,1.94528107800751,1.61692030480507,0.0898650094668691,1.35579483302318,1.9283384243774,28.9730570366927,17684540,0.692851891396789,0.692067167151692,TRUE,FALSE,TRUE,TRUE,FALSE,scopolamine
PRODUCT USE ISSUE,122,7761,184374,17492283,1.49138223101077,0.0912745945641673,1.2470804212633,1.78354252143699,1.48377743179938,0.089862301549497,1.24416054802597,1.76954290232906,19.4334375436408,17684540,0.568963623113532,0.568178898868435,TRUE,FALSE,TRUE,TRUE,FALSE,scopolamine
SEPSIS,121,7762,88871,17587786,3.08505447871861,0.0916766311942869,2.57766285772855,3.69232194510056,3.05304996369578,0.0902707219673265,2.5579610185479,3.64396252063068,167.668147593432,17684540,1.60893150592071,1.60814678167561,TRUE,TRUE,TRUE,TRUE,TRUE,scopolamine
HAEMOGLOBIN DECREASED,120,7763,79615,17597042,3.41661805082198,0.0920584965526275,2.85255913804433,4.09221276064609,3.37983076601942,0.0906586010842437,2.82959836444115,4.03705916376139,201.691172232749,17684540,1.75542137399591,1.75463664975081,TRUE,TRUE,TRUE,TRUE,TRUE,scopolamine
WHITE BLOOD CELL COUNT DECREASED,118,7765,91216,17585441,2.92969754687698,0.0928136796275274,2.44240785689699,3.51420738020455,2.90081205778254,0.091425529422599,2.4249155039511,3.47010466173597,147.546223190474,17684540,1.53523494987088,1.53445022562578,TRUE,TRUE,TRUE,TRUE,TRUE,scopolamine
ANAEMIA,116,7767,153866,17522791,1.70084720767944,0.0935734776759826,1.41583925470202,2.04322716315687,1.69053409387875,0.0921969467327814,1.41105619055543,2.02536620560908,32.9818523064028,17684540,0.757035104312051,0.756250380066954,TRUE,FALSE,TRUE,TRUE,FALSE,scopolamine
NEUTROPHIL COUNT INCREASED,116,7767,8292,17668365,31.8230464820457,0.0941811778407748,26.4589811026923,38.274576162549,31.369478881904,0.092813662745024,26.1518682380151,37.628065282609,3365.10396799938,17684540,4.9518903391582,4.9511056149131,TRUE,TRUE,TRUE,TRUE,TRUE,scopolamine
VERTIGO,115,7768,49602,17627055,5.26101082069504,0.0940457476282836,4.37538061688436,6.3259033393944,5.19884968351631,0.0926763228736441,4.33530425546666,6.23440396316274,390.182844426379,17684540,2.37549472480147,2.37471000055637,TRUE,TRUE,TRUE,TRUE,TRUE,scopolamine
TREMOR,114,7769,126674,17549983,2.03296052342077,0.0943853684584307,1.6896101035932,2.4460841474598,2.01802236540098,0.0930210313554576,1.68168586843265,2.42162602641961,58.9152473647367,17684540,1.01228763135807,1.01150290711297,TRUE,TRUE,TRUE,TRUE,TRUE,scopolamine
NEUTROPENIA,107,7776,115600,17561057,2.09035642786072,0.0973812234405601,1.72714091854333,2.5299556906937,2.07555646112457,0.0960600493525861,1.71935908268211,2.50554678583825,59.9742335227118,17684540,1.05280666323169,1.05202193898659,TRUE,TRUE,TRUE,TRUE,TRUE,scopolamine
DRUG HYPERSENSITIVITY,106,7777,178671,17497986,1.33483554520494,0.0978171793692982,1.10195560666674,1.61693077467271,1.3303331263553,0.0965020585966843,1.10107320707027,1.60732839171277,8.77818766280969,17684540,0.411575135112005,0.410790410866908,TRUE,FALSE,TRUE,TRUE,FALSE,scopolamine
CHEST PAIN,105,7778,136073,17540584,1.74017710008209,0.0982841965229183,1.43526552152743,2.10986489554034,1.73031808758575,0.0969754953087161,1.43079936766833,2.09253704738878,32.5918982818595,17684540,0.790567691136111,0.789782966891014,TRUE,FALSE,TRUE,TRUE,FALSE,scopolamine
LOWER RESPIRATORY TRACT INFECTION,105,7778,41073,17635584,5.79635239446011,0.0983706301550808,4.77991319885223,7.02893539757815,5.73246592973623,0.0970630959141006,4.73936008955081,6.93367142708525,410.13459866896,17684540,2.51611567559418,2.51533095134909,TRUE,TRUE,TRUE,TRUE,TRUE,scopolamine
AGITATION,96,7787,52679,17623978,4.12446362865712,0.102781931603247,3.3719236447356,5.04495416160272,4.0864135831984,0.10153195424665,3.34901100723075,4.98618127467917,224.049725500925,17684540,2.02885174559208,2.02806702134698,TRUE,TRUE,TRUE,TRUE,TRUE,scopolamine
DYSPHAGIA,96,7787,76160,17600497,2.8490433312146,0.102753456854179,2.32934354895862,3.4846933191831,2.82652548777979,0.101503128468212,2.31660344991494,3.4486896466299,113.657853241309,17684540,1.49785556252369,1.49707083827859,TRUE,TRUE,TRUE,TRUE,TRUE,scopolamine
GAIT DISTURBANCE,96,7787,161056,17515601,1.34075428357507,0.102719773847253,1.0962569418503,1.63978167918446,1.33660454220463,0.101469029054182,1.09554633780035,1.63070391511601,8.20776935932134,17684540,0.418356230994941,0.417571506749844,TRUE,FALSE,TRUE,TRUE,FALSE,scopolamine
WITHDRAWAL SYNDROME,93,7790,35752,17640905,5.89068785724278,0.104446565412261,4.80019962959959,7.22890840153706,5.83298977647104,0.103216988937387,4.76465149893618,7.14087268292598,372.200037896404,17684540,2.54113083735455,2.54034611310945,TRUE,TRUE,TRUE,TRUE,TRUE,scopolamine
THERAPEUTIC RESPONSE UNEXPECTED,92,7791,40486,17636171,5.14391819536389,0.10498892819429,4.18721897572691,6.31920483595014,5.09555583662058,0.103765857986712,4.15780659164648,6.24480449289877,302.854375001084,17684540,2.34660811490574,2.34582339066064,TRUE,TRUE,TRUE,TRUE,TRUE,scopolamine
APPLICATION SITE ERYTHEMA,91,7792,21380,17655277,9.64404622500255,0.105660669455098,7.8400549346728,11.863134680174,9.54426083790687,0.104445544873058,7.77743619926583,11.7124605857393,693.954696967588,17684540,3.24914917315361,3.24836444890851,TRUE,TRUE,TRUE,TRUE,TRUE,scopolamine
HOSPITALISATION,90,7793,143267,17533390,1.41337550175373,0.106049367782359,1.14811797170142,1.73991728915914,1.40865600471481,0.104838825134733,1.14700243882343,1.72999783823874,10.7501736406352,17684540,0.494056568019312,0.493271843774215,TRUE,FALSE,TRUE,TRUE,FALSE,scopolamine
BALANCE DISORDER,89,7794,70252,17606405,2.86181529367549,0.106670287087543,2.32189201925805,3.52729011822523,2.84079517936151,0.105466950730736,2.31028012238438,3.49313365634408,106.449112421348,17684540,1.50511150428466,1.50432678003956,TRUE,TRUE,TRUE,TRUE,TRUE,scopolamine
GENERAL PHYSICAL HEALTH DETERIORATION,87,7796,96816,17579841,2.02635358638973,0.107855966623632,1.64023614183506,2.50336445609635,2.01502633001323,0.106666161058186,1.6348753887997,2.48357222725557,44.6878366433473,17684540,1.01014608386198,1.00936135961689,TRUE,TRUE,TRUE,TRUE,TRUE,scopolamine
NEUTROPHIL COUNT DECREASED,87,7796,34272,17642385,5.74467241199969,0.107943312907294,4.64924106739834,7.09820390958076,5.69230827400096,0.106754481787098,4.61760906912242,7.01713224337935,336.315940260511,17684540,2.50599936605887,2.50521464181377,TRUE,TRUE,TRUE,TRUE,TRUE,scopolamine
APPLICATION SITE PRURITUS,86,7797,18819,17657838,10.3493220822709,0.108670860178527,8.3639109301674,12.8060268045485,10.247325164971,0.107490152726149,8.30066815919448,12.6505084919378,715.162225669199,17684540,3.3512408238203,3.35045609957521,TRUE,TRUE,TRUE,TRUE,TRUE,scopolamine
LOSS OF CONSCIOUSNESS,85,7798,94059,17582598,2.03759743100897,0.109103768914491,1.64530865167951,2.52341910839419,2.02640933236178,0.10792787256891,1.64005010770728,2.50378617274287,44.3873067638415,17684540,1.01826570287567,1.01748097863058,TRUE,TRUE,TRUE,TRUE,TRUE,scopolamine
FEBRILE NEUTROPENIA,83,7800,55126,17621531,3.40150134610036,0.110429139761848,2.73950101528799,4.22347403521812,3.37621597102407,0.109267658534652,2.72533385557849,4.18254602446806,139.035028150729,17684540,1.75387987994292,1.75309515569782,TRUE,TRUE,TRUE,TRUE,TRUE,scopolamine
VISUAL IMPAIRMENT,83,7800,109620,17567037,1.70526629405078,0.110388302129352,1.37349723103679,2.11717436913258,1.69784055481366,0.109226385841822,1.37063408080637,2.1031598367042,23.9368696230291,17684540,0.763252275871535,0.762467551626438,TRUE,FALSE,TRUE,TRUE,FALSE,scopolamine
HYPERHIDROSIS,82,7801,99344,17577313,1.8598350081031,0.111055992948023,1.49603463689886,2.31210305700943,1.85089089156568,0.10990121088716,1.49221368620832,2.29578184689197,32.2307964957275,17684540,0.887672755718797,0.8868880314737,TRUE,FALSE,TRUE,TRUE,FALSE,scopolamine
MALIGNANT NEOPLASM PROGRESSION,81,7802,92363,17584294,1.97654168788335,0.111735110824873,1.58779756713742,2.46046292348465,1.96650745260255,0.110587494901822,1.58329419900496,2.44247188145558,38.6451786811412,17684540,0.975014235567083,0.974229511321986,TRUE,FALSE,TRUE,TRUE,FALSE,scopolamine
DISORIENTATION,79,7804,27821,17648836,6.42174656091605,0.113235895350245,5.14357197974582,8.01754676614345,6.36741217320676,0.112103791591514,5.11138141489832,7.93209007360062,356.983595914765,17684540,2.66725954456599,2.6664748203209,TRUE,TRUE,TRUE,TRUE,TRUE,scopolamine
INFECTION,78,7805,125326,17551331,1.3995569438313,0.113827378009856,1.11969245846426,1.74937289629777,1.39560344368936,0.112701287396601,1.11899658172154,1.74058527421158,8.80385967104284,17684540,0.480634676031655,0.479849951786558,TRUE,FALSE,TRUE,TRUE,FALSE,scopolamine
ALANINE AMINOTRANSFERASE INCREASED,75,7808,40603,17636054,4.17219651080656,0.116129636733554,3.32286894665989,5.23861277835948,4.14201577526038,0.115026302320016,3.30597361700052,5.18948324157276,178.840091608413,17684540,2.04831386044719,2.04752913620209,TRUE,TRUE,TRUE,TRUE,TRUE,scopolamine
PARAESTHESIA,75,7808,123767,17552890,1.36227637738323,0.116058363647964,1.08511146522691,1.71023621797997,1.35882962763012,0.114954343987266,1.08471062582608,1.70222169209345,7.15256388062705,17684540,0.442133838306533,0.441349114061436,TRUE,FALSE,TRUE,TRUE,FALSE,scopolamine
CHEST DISCOMFORT,74,7809,82638,17594019,2.01753722108367,0.116849170691151,1.60456580828277,2.53679619585954,2.00798530501616,0.115752765211368,1.60040458638238,2.51936605247737,37.5860650811696,17684540,1.00510063079936,1.00431590655426,TRUE,TRUE,TRUE,TRUE,TRUE,scopolamine
RESPIRATORY FAILURE,74,7809,55155,17621502,3.02757096413896,0.116874968896577,2.40773313502713,3.80697752983908,3.00853756932147,0.115778808104461,2.39774242747363,3.77492519726381,99.4059401866342,17684540,1.58777127848302,1.58698655423793,TRUE,TRUE,TRUE,TRUE,TRUE,scopolamine
PULMONARY EMBOLISM,72,7811,68487,17608170,2.36991046281937,0.118454934775318,1.87888873350174,2.98925396785639,2.35739827795029,0.117373669833372,1.87293401534957,2.96717695088994,56.4345056631395,17684540,1.23632285339853,1.23553812915343,TRUE,TRUE,TRUE,TRUE,TRUE,scopolamine
MIGRAINE,71,7812,81152,17595505,1.97060065314212,0.11926816265324,1.55982369297238,2.48955503859814,1.96185872159663,0.118194406667682,1.55617566424131,2.47330023977802,33.6072249456595,17684540,0.971602723254227,0.97081799900913,TRUE,FALSE,TRUE,TRUE,FALSE,scopolamine
SALIVARY HYPERSECRETION,71,7812,7782,17668875,20.6354424879029,0.119754221228308,16.318375969788,26.0945995765705,20.4585914899781,0.118684863747834,16.21246811707,25.816794995767,1302.72858944147,17684540,4.34217523573423,4.34139051148913,TRUE,TRUE,TRUE,TRUE,TRUE,scopolamine
ELECTROCARDIOGRAM QT PROLONGED,70,7813,29803,17646854,5.30502610729266,0.120196990106477,4.19154161178782,6.71430814856035,5.26679804341971,0.119131675573186,4.17003534537273,6.65202074628705,241.808147672512,17684540,2.39418480762274,2.39340008337764,TRUE,TRUE,TRUE,TRUE,TRUE,scopolamine
MEMORY IMPAIRMENT,70,7813,118451,17558206,1.32807201143679,0.120092486680656,1.04953478194142,1.68053055306956,1.3251587752576,0.119026235617444,1.04942338987713,1.67334347278825,5.6193350216199,17684540,0.405956136553225,0.405171412308128,TRUE,FALSE,TRUE,TRUE,FALSE,scopolamine
ABDOMINAL DISTENSION,69,7814,85263,17591394,1.82186138223531,0.120964930102345,1.43730158011864,2.30931277192807,1.81466761902661,0.119906506120545,1.43459928876439,2.29542743631216,25.3374111228846,17684540,0.859181513116165,0.858396788871069,TRUE,FALSE,TRUE,TRUE,FALSE,scopolamine
APPLICATION SITE RASH,69,7814,11813,17664844,13.2046011093746,0.121265981062298,10.4112194180267,16.7474609319823,13.0977740794943,0.120210208779191,10.3483831380946,16.5776318433702,767.052493598579,17684540,3.70349068157181,3.70270595732671,TRUE,TRUE,TRUE,TRUE,TRUE,scopolamine
CARDIAC ARREST,69,7814,59051,17617606,2.63448251472829,0.120986446875427,2.07830641341573,3.33949704221058,2.62017586833526,0.119928213142232,2.07131183461533,3.31447996688602,69.2771624632518,17684540,1.38862210573746,1.38783738149236,TRUE,TRUE,TRUE,TRUE,TRUE,scopolamine
INFLUENZA,69,7814,101128,17575529,1.5346617578845,0.12095732473641,1.21074230547036,1.9452419399834,1.52998185666745,0.119898833403194,1.20955698380044,1.93529078256124,12.7315392875939,17684540,0.613173758575408,0.612389034330311,TRUE,FALSE,TRUE,TRUE,FALSE,scopolamine
APPLICATION SITE IRRITATION,68,7815,9912,17666745,15.5086922305928,0.12220796137044,12.2053337830142,19.7061005441713,15.3835379655058,0.121160465234169,12.1317194229222,19.5069826531774,908.782680645165,17684540,3.93409503901852,3.93331031477342,TRUE,TRUE,TRUE,TRUE,TRUE,scopolamine
DELIRIUM,68,7815,27308,17649349,5.62365574347687,0.121944730804803,4.42809853901531,7.14200545504867,5.58377136055711,0.12089495369413,4.40574913629675,7.07677664851905,255.634755022127,17684540,2.47829509475373,2.47751037050863,TRUE,TRUE,TRUE,TRUE,TRUE,scopolamine
RENAL FAILURE,67,7816,101164,17575493,1.48926428688389,0.122732463727906,1.1708460438797,1.89427818267084,1.48510588180698,0.121689548621488,1.16996584408627,1.8851315115957,10.6707781467509,17684540,0.570253859379604,0.569469135134507,TRUE,FALSE,TRUE,TRUE,FALSE,scopolamine
INTENTIONAL PRODUCT MISUSE,64,7819,85669,17590988,1.68071972003125,0.125557250979922,1.31407092437219,2.14966994924685,1.67519313597924,0.12453819094511,1.31236861739357,2.13832608128451,17.4886925102044,17684540,0.743893290856408,0.743108566611311,TRUE,FALSE,TRUE,TRUE,FALSE,scopolamine
MENTAL IMPAIRMENT,64,7819,19262,17657395,7.50332943632576,0.125717404980168,5.86463785337626,9.59990267730187,7.45053061811888,0.12469965460653,5.83499804525444,9.51335477081659,356.630038329915,17684540,2.89320085188883,2.89241612764373,TRUE,TRUE,TRUE,TRUE,TRUE,scopolamine
SPEECH DISORDER,63,7820,40623,17636034,3.49754032982336,0.126592126174844,2.72901132402334,4.48249820404054,3.47758028405666,0.1255815298505,2.71881719991225,4.4480977361957,111.287443914919,17684540,1.79649139155937,1.79570666731428,TRUE,TRUE,TRUE,TRUE,TRUE,scopolamine
HYPOKALAEMIA,62,7821,36069,17640588,3.87711210675213,0.12761141983286,3.01914050911181,4.9788998699985,3.85448354521228,0.126609024429611,3.00742232082167,4.94012540156086,131.106103122433,17684540,1.94470304394429,1.94391831969919,TRUE,TRUE,TRUE,TRUE,TRUE,scopolamine
INTESTINAL OBSTRUCTION,62,7821,31632,17645025,4.42206405985675,0.127626656206727,3.44339644445074,5.67888445752167,4.39514943703407,0.126624381475386,3.42916826854305,5.63324312518158,162.579006784528,17684540,2.13373047961837,2.13294575537328,TRUE,TRUE,TRUE,TRUE,TRUE,scopolamine
GASTROINTESTINAL DISORDER,61,7822,77171,17599486,1.77851642224102,0.128585777671704,1.38230365397442,2.2882965367894,1.77249212923624,0.127591100899021,1.38030981992737,2.27610374341155,20.6106315155421,17684540,0.825282524111085,0.824497799865988,TRUE,FALSE,TRUE,TRUE,FALSE,scopolamine
PNEUMONIA ASPIRATION,61,7822,20062,17656595,6.86348600978491,0.128729131431333,5.33295972604878,8.83326382091682,6.8181133538675,0.127735571678498,5.3080316479559,8.75779814238452,302.277577097,17684540,2.76563585332381,2.76485112907872,TRUE,TRUE,TRUE,TRUE,TRUE,scopolamine
AMNESIA,59,7824,47743,17628914,2.78444743684949,0.130759193203475,2.15493686930146,3.59785367220105,2.7710918109743,0.129781301393375,2.14871512538462,3.57374029443494,66.8840231522958,17684540,1.46931598705273,1.46853126280764,TRUE,TRUE,TRUE,TRUE,TRUE,scopolamine
LETHARGY,58,7825,43837,17632820,2.9814298554892,0.131878896454022,2.30232703469084,3.86084333340418,2.96685127733134,0.130909431518187,2.29542664609379,3.83467122191931,75.7147235141473,17684540,1.56766829923229,1.56688357498719,TRUE,TRUE,TRUE,TRUE,TRUE,scopolamine
MUSCULAR WEAKNESS,58,7825,90754,17585903,1.43629134997597,0.131834178039303,1.10923362733364,1.85978209746005,1.43308129056983,0.130864381244406,1.10886025170899,1.85210172536715,7.62525622465346,17684540,0.518841964109754,0.518057239864657,TRUE,FALSE,TRUE,TRUE,FALSE,scopolamine
PALPITATIONS,58,7825,92038,17584619,1.41615058983486,0.131833595046366,1.09368036686173,1.83370073547563,1.41308871818568,0.130863793915199,1.09339206772698,1.82626139735473,7.03621705372889,17684540,0.498586416380076,0.497801692134979,TRUE,FALSE,TRUE,TRUE,FALSE,scopolamine
PLEURAL EFFUSION,58,7825,46650,17630007,2.80120236277904,0.131873681173312,2.16317343243477,3.62741819938447,2.78794982731777,0.130904177579005,2.15703438573138,3.60340302920378,66.5982224347767,17684540,1.47805524218268,1.47727051793758,TRUE,TRUE,TRUE,TRUE,TRUE,scopolamine
DRUG WITHDRAWAL SYNDROME,57,7826,69734,17606923,1.83896684624017,0.132988856110514,1.41700538266735,2.38658166224087,1.83290048695618,0.132027603273945,1.41499440249571,2.37423143805997,21.6413657995285,17684540,0.873592929017489,0.872808204772393,TRUE,FALSE,TRUE,TRUE,FALSE,scopolamine
INCORRECT DRUG ADMINISTRATION DURATION,57,7826,21398,17655259,6.0094665467516,0.133110588709468,4.62945536670232,7.80085027631476,5.9732443479485,0.132150221939859,4.61022096098265,7.73924901696984,235.676371666964,17684540,2.5753200315218,2.5745353072767,TRUE,TRUE,TRUE,TRUE,TRUE,scopolamine
OROPHARYNGEAL PAIN,57,7826,81016,17595641,1.58186460175803,0.132981348014555,1.2189146563152,2.05288828494324,1.57765728445495,0.132020040372782,1.2179653690118,2.04357412002053,12.1029937114855,17684540,0.657412403512846,0.656627679267749,TRUE,FALSE,TRUE,TRUE,FALSE,scopolamine
HEART RATE INCREASED,55,7828,76687,17599970,1.61250864467691,0.135361226245778,1.23674524612265,2.10244117558541,1.60823514785372,0.134417061311821,1.23575232681642,2.0929924505627,12.6979473382699,17684540,0.685087267959246,0.684302543714149,TRUE,FALSE,TRUE,TRUE,FALSE,scopolamine
HYPONATRAEMIA,55,7828,43196,17633461,2.86817668811288,0.135398566221062,2.19964357919036,3.73989567767253,2.85514234613062,0.134454663896715,2.19370206913749,3.71601865693336,66.3743428502832,17684540,1.5123701424935,1.51158541824841,TRUE,TRUE,TRUE,TRUE,TRUE,scopolamine
APPLICATION SITE PAIN,54,7829,19935,17656722,6.10915727743728,0.136735029958551,4.67293885933945,7.98679455560874,6.07415861030781,0.135800477607526,4.65468641454274,7.92650665099659,228.534644218218,17684540,2.59942512116698,2.59864039692188,TRUE,TRUE,TRUE,TRUE,TRUE,scopolamine
OEDEMA PERIPHERAL,54,7829,75536,17601121,1.60721439015144,0.13659994248695,1.22969552827968,2.10063225937207,1.60305485988782,0.135664458902084,1.22876396405606,2.09135762358075,12.2944459859466,17684540,0.680436031460161,0.679651307215064,TRUE,FALSE,TRUE,TRUE,FALSE,scopolamine
SUICIDAL IDEATION,54,7829,66493,17610164,1.82673243285283,0.13660653247451,1.39763288807081,2.38757359655617,1.82106916361852,0.135671094436662,1.39585682200672,2.375811649446,20.0498710393939,17684540,0.864257791023796,0.8634730667787,TRUE,FALSE,TRUE,TRUE,FALSE,scopolamine
SYNCOPE,54,7829,77049,17599608,1.57551831119057,0.136598990938778,1.20544679490262,2.05920158350688,1.571575904898,0.135663500774399,1.20463716713932,2.05028608798547,11.2667738726887,17684540,0.651844425564813,0.651059701319717,TRUE,FALSE,TRUE,TRUE,FALSE,scopolamine
URINARY RETENTION,54,7829,26636,17650021,4.57049972329592,0.136688875129149,3.49632477434054,5.97469316178962,4.54604114343318,0.135754004962049,3.48399256913332,5.93184103229251,149.287799041682,17684540,2.18233211512694,2.18154739088184,TRUE,TRUE,TRUE,TRUE,TRUE,scopolamine
COLITIS,53,7830,32652,17644005,3.65764449485413,0.137935931217862,2.79118136463766,4.79308274991778,3.63977627739539,0.137009629930576,2.78259332292608,4.76101600630562,101.492737290131,17684540,1.86215315857458,1.86136843432948,TRUE,TRUE,TRUE,TRUE,TRUE,scopolamine
GASTROOESOPHAGEAL REFLUX DISEASE,53,7830,64413,17612244,1.85078203139903,0.137881180892173,1.41249995883618,2.42505786022949,1.84506194416522,0.136954508924634,1.41069432675662,2.41317591858016,20.5717316149668,17684540,0.883125903389609,0.882341179144513,TRUE,FALSE,TRUE,TRUE,FALSE,scopolamine
SEPTIC SHOCK,53,7830,34992,17641665,3.41259627816407,0.137928507183207,2.60422076363741,4.47189943354616,3.39637560040907,0.137002155672987,2.59655258936629,4.4425702241869,89.6549186602643,17684540,1.76245574873546,1.76167102449037,TRUE,TRUE,TRUE,TRUE,TRUE,scopolamine
UPPER RESPIRATORY TRACT INFECTION,53,7830,39174,17637483,3.04756373323694,0.137917447344042,2.32570751121265,3.99347065929988,3.0337972892611,0.136991020996683,2.31940958602659,3.96821934675855,72.3239044421648,17684540,1.59981736771186,1.59903264346676,TRUE,TRUE,TRUE,TRUE,TRUE,scopolamine
ANTIPSYCHOTIC DRUG LEVEL INCREASED,52,7831,2133,17674524,55.0228384754522,0.140809611444202,41.7525908483645,72.5107757957083,54.6664782571693,0.139902396886077,41.5560033049471,71.9131679510144,2674.73965648622,17684540,5.73847845174593,5.73769372750084,TRUE,TRUE,TRUE,TRUE,TRUE,scopolamine
CHRONIC KIDNEY DISEASE,52,7831,75591,17601066,1.54616201778586,0.139182444100122,1.17701097441127,2.03109149975379,1.54255927455044,0.138264552539525,1.17638288699754,2.02271653370842,9.95907095235436,17684540,0.62497705490312,0.624192330658023,TRUE,FALSE,TRUE,TRUE,FALSE,scopolamine
INTENTIONAL PRODUCT USE ISSUE,52,7831,86742,17589915,1.34654362789313,0.139176334677433,1.0250643772971,1.76884474963475,1.34425766206154,0.138258402426396,1.02516694019747,1.76266770918607,4.6043094408397,17684540,0.426588322825237,0.42580359858014,TRUE,FALSE,TRUE,TRUE,FALSE,scopolamine
NEUROLEPTIC MALIGNANT SYNDROME,52,7831,8457,17668200,13.8727351736799,0.139559194187679,10.5527806611961,18.2371630168271,13.7878205182148,0.138643797702837,10.5070219188845,18.093042549081,613.264191028539,17684540,3.77712213890396,3.77633741465886,TRUE,TRUE,TRUE,TRUE,TRUE,scopolamine
ADVERSE DRUG REACTION,51,7832,82610,17594047,1.38685361511979,0.140526461401912,1.0529605107283,1.82662400932823,1.38435081994396,0.139617464449641,1.05293455199716,1.82008196904975,5.46444855116445,17684540,0.468962443444298,0.468177719199201,TRUE,FALSE,TRUE,TRUE,FALSE,scopolamine
DISTURBANCE IN ATTENTION,51,7832,42082,17634575,2.72876491646083,0.14056793475264,2.07163042703966,3.59434669047024,2.71758046755312,0.139659208205011,2.06681733006093,3.57324447120274,55.4283395221967,17684540,1.44121861650536,1.44043389226027,TRUE,TRUE,TRUE,TRUE,TRUE,scopolamine
DYSKINESIA,51,7832,29322,17647335,3.91907015558779,0.140604712567399,2.97507480680342,5.16259653347053,3.90018488628232,0.139696225407099,2.96601516590072,5.12857868094064,109.97743158284,17684540,1.96167863812656,1.96089391388147,TRUE,TRUE,TRUE,TRUE,TRUE,scopolamine
HYPOXIA,51,7832,27611,17649046,4.16233083556246,0.140612227613978,3.15969419206292,5.4831249265179,4.14187176254284,0.139703789343342,3.14976666379021,5.44646747791357,121.514708146025,17684540,2.04826379135339,2.0474790671083,TRUE,TRUE,TRUE,TRUE,TRUE,scopolamine
DIABETES MELLITUS,50,7833,54373,17622284,2.06881081657826,0.141937004457685,1.56639598363293,2.73237306499261,2.06203160297571,0.141037156987557,1.56401914665049,2.71862038311782,27.4087328992523,17684540,1.04338362267366,1.04259889842857,TRUE,TRUE,TRUE,TRUE,TRUE,scopolamine
GASTROINTESTINAL HAEMORRHAGE,50,7833,68604,17608053,1.63833902533473,0.141923564670412,1.24049780218896,2.16377228335136,1.63429019224241,0.141023631280738,1.2396167504057,2.15462112107278,12.347802980438,17684540,0.708256329403628,0.707471605158531,TRUE,FALSE,TRUE,TRUE,FALSE,scopolamine
CONTRAINDICATED PRODUCT ADMINISTERED,49,7834,29723,17646934,3.7135487775129,0.143420753806872,2.80354106928761,4.9189379367543,3.69668160890981,0.142530331560629,2.79568205847164,4.88805759447579,96.396166626604,17684540,1.88449762149442,1.88371289724933,TRUE,TRUE,TRUE,TRUE,TRUE,scopolamine
LEUKOCYTOSIS,49,7834,13446,17663211,8.21654168371213,0.143562669769049,6.20134725755356,10.8865951923506,8.17168432705833,0.142673133405306,6.17825399290655,10.808300341449,307.523693273087,17684540,3.0260287857538,3.0252440615087,TRUE,TRUE,TRUE,TRUE,TRUE,scopolamine
STOMATITIS,49,7834,52250,17624407,2.10979729629037,0.143370176367098,1.5929479068157,2.79434412913866,2.10289889878711,0.142479437784383,1.59051382237029,2.78034916535953,28.4006485111028,17684540,1.07167040134129,1.07088567709619,TRUE,TRUE,TRUE,TRUE,TRUE,scopolamine
BLOOD ALKALINE PHOSPHATASE INCREASED,48,7835,15003,17661654,7.21199637545369,0.145009226285108,5.42776647768796,9.5827430920928,7.17417120406948,0.144128674591143,5.40862575481406,9.51604618224672,254.454050183891,17684540,2.8388470752285,2.83806235098341,TRUE,TRUE,TRUE,TRUE,TRUE,scopolamine
BLOOD CREATININE INCREASED,48,7835,47833,17628824,2.25786493321245,0.144851401602749,1.69980051455316,2.99914843711562,2.25020572773304,0.143969884255118,1.69696383255082,2.98381481089752,33.3982597093894,17684540,1.16925313572237,1.16846841147727,TRUE,TRUE,TRUE,TRUE,TRUE,scopolamine
HEPATIC STEATOSIS,48,7835,13735,17662922,7.87836547800943,0.145030441859487,5.92903097872369,10.4685981280624,7.83648275024786,0.144150019776677,5.90769693606986,10.3949919163907,285.501911740053,17684540,2.9658164807548,2.9650317565097,TRUE,TRUE,TRUE,TRUE,TRUE,scopolamine
LYMPHOCYTE COUNT DECREASED,48,7835,15732,17660925,6.87751814819088,0.144998576141344,5.17614537597864,9.13812353459101,6.84172963225619,0.144117959367574,5.15810554439289,9.07489464068379,238.903696955129,17684540,2.77060921381314,2.76982448956804,TRUE,TRUE,TRUE,TRUE,TRUE,scopolamine
BRADYCARDIA,47,7836,40050,17636607,2.64128915234211,0.14638728552925,1.98247890450425,3.51903284843512,2.63150346286348,0.145515128779661,1.97851327080744,3.50000708978638,47.5933600141638,17684540,1.39483846977569,1.39405374553059,TRUE,TRUE,TRUE,TRUE,TRUE,scopolamine
DIFFERENTIAL WHITE BLOOD CELL COUNT ABNORMAL,46,7837,1495,17675162,69.3953219933059,0.150118896809498,51.7066510921777,93.135227535228,68.9962119068297,0.149268599932871,51.4950222326102,92.4453869732963,2990.7383586826,17684540,6.06536710753503,6.06458238328993,TRUE,TRUE,TRUE,TRUE,TRUE,scopolamine
DYSURIA,46,7837,28829,17647828,3.5931030187006,0.147991466780703,2.68841796871657,4.80222549217625,3.5779713760696,0.14712887513637,2.68162616852414,4.77392386688223,85.4465288431647,17684540,1.83748492797167,1.83670020372657,TRUE,TRUE,TRUE,TRUE,TRUE,scopolamine
BRONCHITIS,45,7838,61766,17614891,1.63733572453821,0.149552842489125,1.22133777066479,2.19502609289634,1.63369750208429,0.148699362908042,1.22066415596821,2.18648799939527,11.0919823903183,17684540,0.707733409114732,0.706948684869635,TRUE,FALSE,TRUE,TRUE,FALSE,scopolamine
SURGERY,44,7839,50308,17626349,1.96660584069133,0.151244088501109,1.4620955572694,2.6452023011849,1.9612106032195,0.150400260809632,1.46049793082868,2.63358608662882,20.7694108561556,17684540,0.971126453331675,0.970341729086578,TRUE,FALSE,TRUE,TRUE,FALSE,scopolamine
UNRESPONSIVE TO STIMULI,44,7839,19724,17656933,5.02472487465692,0.151345949100856,3.73494331176447,6.7599044907775,5.00226034408672,0.150502692841629,3.72439566516327,6.71856880945157,140.739190854748,17684540,2.32000862130131,2.31922389705622,TRUE,TRUE,TRUE,TRUE,TRUE,scopolamine
ACUTE RESPIRATORY FAILURE,42,7841,16283,17660374,5.80956092086405,0.154914585921024,4.28822290818286,7.87062585501946,5.78393596099137,0.154090965744221,4.27620579610058,7.82327062728258,165.912403419993,17684540,2.52897834945041,2.52819362520531,TRUE,TRUE,TRUE,TRUE,TRUE,scopolamine
AKATHISIA,42,7841,9548,17667109,9.91130668517728,0.155054342540937,7.31384906807601,13.4312315298409,9.86382794855703,0.154231468758137,7.29056207019146,13.3453499005982,333.254340099373,17684540,3.29645862086607,3.29567389662097,TRUE,TRUE,TRUE,TRUE,TRUE,scopolamine
HIGH DENSITY LIPOPROTEIN DECREASED,42,7841,1688,17674969,56.087238153321,0.156619067171085,41.2617091671037,76.2396504450994,55.7937377090181,0.155804457706453,41.1113771109592,75.7197006352014,2205.43627338642,17684540,5.76721739824748,5.76643267400238,TRUE,TRUE,TRUE,TRUE,TRUE,scopolamine
C-REACTIVE PROTEIN INCREASED,41,7842,29406,17647251,3.13760399027498,0.156690222170932,2.3079198309779,4.26555492424456,3.12648617172858,0.15587603644503,2.30341479111558,4.24366285208921,59.3159000891582,17684540,1.64317526033281,1.64239053608771,TRUE,TRUE,TRUE,TRUE,TRUE,scopolamine
DYSARTHRIA,41,7842,27858,17648799,3.31224338723386,0.156696251981642,2.43635011873502,4.50302941761533,3.3002172577303,0.15588209776591,2.43138095545443,4.47952589403466,65.739442784646,17684540,1.72108251143336,1.72029778718827,TRUE,TRUE,TRUE,TRUE,TRUE,scopolamine
GENERALISED TONIC-CLONIC SEIZURE,41,7842,16109,17660548,5.73182091290257,0.15677976947222,4.21540182022668,7.79374597694237,5.70721040200202,0.155966051345361,4.20400186901309,7.74791534057205,158.920542968824,17684540,2.50976175814224,2.50897703389714,TRUE,TRUE,TRUE,TRUE,TRUE,scopolamine
EYE PAIN,40,7843,47372,17629285,1.89797616611546,0.158583317127802,1.39091922451202,2.58987974546554,1.89341964618084,0.157778951974706,1.38976933166196,2.57959207680628,16.8936485373289,17684540,0.920419761181337,0.91963503693624,TRUE,FALSE,TRUE,TRUE,FALSE,scopolamine
PLATELET COUNT INCREASED,40,7843,10331,17666326,8.72130861941618,0.158821770821494,6.38836665957154,11.9062082826981,8.68212907548917,0.158018619854712,6.36968672658126,11.8340773289351,271.002591960468,17684540,3.11311700389661,3.11233227965151,TRUE,TRUE,TRUE,TRUE,TRUE,scopolamine
PSYCHOTIC DISORDER,40,7843,21016,17655641,4.28460910228091,0.158666762948238,3.13943380831504,5.8475114559594,4.26794230485719,0.157862823248948,3.13215316974823,5.81559410744074,100.018836623443,17684540,2.09144061914492,2.09065589489983,TRUE,TRUE,TRUE,TRUE,TRUE,scopolamine
RED BLOOD CELL COUNT DECREASED,40,7843,23651,17653006,3.80668496716239,0.158650056379318,2.78933889492373,5.19508420636582,3.79244325732014,0.157846031563553,2.78328601221295,5.16749834436081,82.2162983306599,17684540,1.92133291713365,1.92054819288855,TRUE,TRUE,TRUE,TRUE,TRUE,scopolamine
SCHIZOPHRENIA,40,7843,10366,17666291,8.69184457303345,0.158820741915479,6.36679705787041,11.865960449985,8.65281453587484,0.158017585718753,6.34819283749763,11.7940965734368,269.853453436109,17684540,3.10825640090347,3.10747167665837,TRUE,TRUE,TRUE,TRUE,TRUE,scopolamine
TREATMENT NONCOMPLIANCE,40,7843,44751,17631906,2.00943653270653,0.158587215172034,1.47259096282019,2.74199372461358,2.00431443942881,0.157782869917595,1.47115477228553,2.73069594564936,20.1626170691488,17684540,1.00246313729258,1.00167841304749,TRUE,TRUE,TRUE,TRUE,TRUE,scopolamine
APPLICATION SITE REACTION,39,7844,4372,17672285,20.0973860767585,0.161236771470284,14.6518365384758,27.5668463852725,20.0029045269686,0.160445760560716,14.6055822080813,27.3947442706964,698.012100535353,17684540,4.30996847176283,4.30918374751774,TRUE,TRUE,TRUE,TRUE,TRUE,scopolamine
BLISTER,39,7844,47250,17629407,1.85508115393021,0.160591819100904,1.3541425890206,2.541332142988,1.85085076384988,0.159797615227063,1.35315929901268,2.53159295623448,15.2828568568838,17684540,0.88764150323445,0.886856778989354,TRUE,FALSE,TRUE,TRUE,FALSE,scopolamine
CHOLELITHIASIS,39,7844,22367,17654290,3.92436632681274,0.160665108171302,2.86423494839229,5.37688120720201,3.90989844824548,0.159871268631247,2.85811899621986,5.3487296700422,84.4206698246463,17684540,1.96526102059666,1.96447629635156,TRUE,TRUE,TRUE,TRUE,TRUE,scopolamine
CHRONIC OBSTRUCTIVE PULMONARY DISEASE,39,7844,42401,17634256,2.06779777655509,0.160599354527974,1.50939578750541,2.83278095786448,2.06251500181379,0.159805188152695,1.50788490545075,2.82114909256639,21.3787271464695,17684540,1.04372148105292,1.04293675680783,TRUE,TRUE,TRUE,TRUE,TRUE,scopolamine
LEUKOPENIA,39,7844,39258,17637399,2.23374395976002,0.160605232886188,1.63050996353186,3.06015430102393,2.22764019032825,0.159811095754483,1.6285874872326,3.04704589496638,26.4178004889484,17684540,1.15472695841778,1.15394223417268,TRUE,TRUE,TRUE,TRUE,TRUE,scopolamine
OXYGEN SATURATION DECREASED,39,7844,47604,17629053,1.84124914821885,0.160591329094102,1.34404701267743,2.52238083477686,1.83708718998207,0.159797122781326,1.34309802936202,2.51276471993585,14.9036336035238,17684540,0.876881877150306,0.876097152905209,TRUE,FALSE,TRUE,TRUE,FALSE,scopolamine
ANTICHOLINERGIC SYNDROME,38,7845,1332,17675325,64.2767384975798,0.164906235559548,46.5246173969452,88.8024306924775,63.9717129916927,0.164132959500832,46.3740669259158,88.2471677463448,2290.36097128258,17684540,5.9594236335885,5.9586389093434,TRUE,TRUE,TRUE,TRUE,TRUE,scopolamine
ASPIRATION,38,7845,8117,17668540,10.5437661893972,0.162992374126343,7.66044249819934,14.5123477505128,10.4977604662972,0.162209974630713,7.63872263794645,14.4268852308243,325.163102533352,17684540,3.38591464983714,3.38512992559204,TRUE,TRUE,TRUE,TRUE,TRUE,scopolamine
BLOOD TRIGLYCERIDES INCREASED,38,7845,11119,17665538,7.69576481004414,0.162890306502109,5.5923810921014,10.590264689787,7.66348787705141,0.162107414355691,5.57747789689268,10.5296780242613,219.559746889688,17684540,2.93372227810324,2.93293755385815,TRUE,TRUE,TRUE,TRUE,TRUE,scopolamine
HYPOPHAGIA,37,7846,21521,17655136,3.86867315710329,0.164927266967969,2.80009725788013,5.34504005329526,3.85520862496923,0.164154139269678,2.79458330773285,5.31837197370747,78.2011706021508,17684540,1.94497394289843,1.94418921865333,TRUE,TRUE,TRUE,TRUE,TRUE,scopolamine
PULMONARY OEDEMA,37,7846,34413,17642244,2.41760146440281,0.164874485517204,1.75001074278048,3.33986340643612,2.41094774701313,0.164101109024338,1.74784176998406,3.32562657481328,30.5784831679977,17684540,1.26869330114273,1.26790857689764,TRUE,TRUE,TRUE,TRUE,TRUE,scopolamine
VIRAL INFECTION,37,7846,27597,17649060,3.01587353489115,0.164896249167417,2.18298426483658,4.16654087936713,3.00641174105746,0.164122975295442,2.17943620859983,4.14717876169217,49.5553638694163,17684540,1.58675287782181,1.58596815357671,TRUE,TRUE,TRUE,TRUE,TRUE,scopolamine
ASPARTATE AMINOTRANSFERASE INCREASED,36,7847,33790,17642867,2.39540977030635,0.167137267686386,1.72627389128391,3.32391516586717,2.38903722790739,0.166374458684158,1.72425748140325,3.31011982716324,29.0988878967,17684540,1.25553633457623,1.25475161033113,TRUE,TRUE,TRUE,TRUE,TRUE,scopolamine
NEUTROPHILIA,36,7847,5077,17671580,15.9686082199553,0.167637222345157,11.4966518899371,22.1800617191532,15.9002497401991,0.166876698974033,11.4645135473277,22.0522171095199,499.278199526646,17684540,3.98142698874817,3.98064226450307,TRUE,TRUE,TRUE,TRUE,TRUE,scopolamine
HYPERGLYCAEMIA,35,7848,26805,17649852,2.93652908336171,0.169517588175331,2.10638630422807,4.09383741250127,2.92793102197421,0.168765586581413,2.10331671741914,4.07583888743019,44.4409280936037,17684540,1.54864226385022,1.54785753960513,TRUE,TRUE,TRUE,TRUE,TRUE,scopolamine
RASH ERYTHEMATOUS,35,7848,38619,17638038,2.03684649448826,0.169483923296761,1.46113610338858,2.8393957499836,2.03224296444804,0.168731771553256,1.45998450031628,2.82880500830924,18.3743996747375,17684540,1.02240922029209,1.021624496047,TRUE,TRUE,TRUE,TRUE,TRUE,scopolamine
RESPIRATORY DISTRESS,35,7848,20507,17656150,3.83974981666338,0.169551378775393,2.75408843197516,5.35337881071332,3.82714151480074,0.168799527778469,2.74909319303593,5.32794312372366,73.0554779529515,17684540,1.934450283936,1.9336655596909,TRUE,TRUE,TRUE,TRUE,TRUE,scopolamine
MENTAL STATUS CHANGES,34,7849,19409,17657248,3.94080045599734,0.172019616888174,2.8129265408354,5.52090785469878,3.92811655196284,0.171278648305957,2.80794784271858,5.49515180127614,74.163274342241,17684540,1.9719559198035,1.97117119555841,TRUE,TRUE,TRUE,TRUE,TRUE,scopolamine
PANCYTOPENIA,34,7849,43438,17633219,1.75843519824035,0.171936754359571,1.25536740549182,2.46309911575185,1.75516400748301,0.171195426906472,1.25485404544717,2.4549474134787,11.0655465939997,17684540,0.811120289021166,0.810335564776069,TRUE,FALSE,TRUE,TRUE,FALSE,scopolamine
BLOOD PRESSURE DECREASED,33,7850,50973,17625684,1.45361725034647,0.174499552442714,1.03255465860557,2.04638378500794,1.45171830714447,0.173769205276297,1.03268298145152,2.04078703837662,4.64879404683924,17684540,0.537471071872598,0.536686347627501,TRUE,FALSE,TRUE,TRUE,FALSE,scopolamine
LIVER FUNCTION TEST ABNORMAL,33,7850,18094,17658563,4.10265555179287,0.17460166782459,2.91367505727775,5.77682213897344,4.0896671421507,0.173871749897486,2.9086089813202,5.7503010686557,76.9667956642531,17684540,2.02999785752115,2.02921313327606,TRUE,TRUE,TRUE,TRUE,TRUE,scopolamine
RESTLESSNESS,33,7850,28005,17648652,2.64923354678475,0.174545648496075,1.88167229389246,3.72989409908952,2.64232948652294,0.173815495231003,1.87945631091487,3.7148536386834,33.6996348104236,17684540,1.4007545947653,1.3999698705202,TRUE,TRUE,TRUE,TRUE,TRUE,scopolamine
ABNORMAL BEHAVIOUR,32,7851,25784,17650873,2.79023574863717,0.177246192358361,1.97135978919529,3.9492616089886,2.78296852245978,0.17652725543644,1.9689979355379,3.93342910991228,36.5615690344054,17684540,1.47547843550586,1.47469371126076,TRUE,TRUE,TRUE,TRUE,TRUE,scopolamine
AGGRESSION,32,7851,33796,17642861,2.12778974792057,0.177220253610919,1.50340429535607,3.01149146995323,2.12321163401299,0.17650121096065,1.50228531280994,3.0007799479688,19.0326998098189,17684540,1.08552603470122,1.08474131045613,TRUE,TRUE,TRUE,TRUE,TRUE,scopolamine
ASCITES,32,7851,22964,17653693,3.13337975178751,0.177259627030849,2.21373989603198,4.43505973150249,3.12471957773484,0.17654074484535,2.21073421456403,4.41657453671104,46.2277235433242,17684540,1.6423609825793,1.6415762583342,TRUE,TRUE,TRUE,TRUE,TRUE,scopolamine
DEEP VEIN THROMBOSIS,32,7851,46347,17630310,1.55046983678363,0.177197645016293,1.09554353737125,2.19430504838185,1.54823527699965,0.176478510135446,1.0955076591335,2.18805633439581,6.22425944641862,17684540,0.630272204768062,0.629487480522965,TRUE,FALSE,TRUE,TRUE,FALSE,scopolamine
HAEMATOCHEZIA,32,7851,47173,17629484,1.52324971531453,0.17719657897204,1.07631237233299,2.15577722123215,1.5211256520277,0.176477439739599,1.07632756024709,2.14973892216003,5.7244806183568,17684540,0.604804239085859,0.604019514840762,TRUE,FALSE,TRUE,TRUE,FALSE,scopolamine
PANCREATITIS,32,7851,37042,17639615,1.94097381092317,0.177212937965388,1.37142789078326,2.74704879491547,1.93715405170085,0.176493865481358,1.37065939737398,2.73778141178655,14.5259380955453,17684540,0.953336139168643,0.952551414923546,TRUE,FALSE,TRUE,TRUE,FALSE,scopolamine
PRESCRIPTION DRUG USED WITHOUT A PRESCRIPTION,32,7851,5993,17670664,12.0180385374241,0.177607123276227,8.48499043097069,17.02220544172,11.9733122614889,0.176889653480057,8.46530862649334,16.9350242072043,320.218455034473,17684540,3.57471077198812,3.57392604774302,TRUE,TRUE,TRUE,TRUE,TRUE,scopolamine
RED CELL DISTRIBUTION WIDTH INCREASED,32,7851,3727,17672930,19.3274325129251,0.177892499022607,13.6379474700616,27.3904594779898,19.2530347150799,0.17717618487145,13.6045374550338,27.2467437401128,549.161817666802,17684540,4.25532309794979,4.25453837370469,TRUE,TRUE,TRUE,TRUE,TRUE,scopolamine
CARDIO-RESPIRATORY ARREST,31,7852,28801,17647856,2.41916665208903,0.180056097604298,1.69980437501178,3.44296518859065,2.41358576077674,0.179348470032022,1.69823675185827,3.43026154524678,25.6793904328452,17684540,1.27026931256614,1.26948458832104,TRUE,TRUE,TRUE,TRUE,TRUE,scopolamine
FLUID RETENTION,31,7852,43561,17633096,1.5981301093952,0.180023425224115,1.12298279013582,2.27431788713932,1.59577795496272,0.179315668585682,1.12288655712726,2.26782239522028,6.90750145988164,17684540,0.673876832803149,0.673092108558053,TRUE,FALSE,TRUE,TRUE,FALSE,scopolamine
BLOOD POTASSIUM DECREASED,30,7853,23196,17653461,2.9073841577739,0.18304054395338,2.03093097421769,4.16207283663625,2.90012530648211,0.182344543062266,2.02862584621016,4.146021706768,37.3489511285178,17684540,1.53489380058785,1.53410907634276,TRUE,TRUE,TRUE,TRUE,TRUE,scopolamine
CARDIOMEGALY,30,7853,7366,17669291,9.1637464876514,0.183293449667523,6.39809275499058,13.1248878229286,9.13267806260643,0.1825984129055,6.38509321148186,13.0625827740823,216.474501273678,17684540,3.18581738419712,3.18503265995203,TRUE,TRUE,TRUE,TRUE,TRUE,scopolamine
CELLULITIS,30,7853,40791,17635866,1.65165028004423,0.182989740471335,1.15386256492666,2.36418853552423,1.64917032210926,0.182293545456467,1.1537032399604,2.35741970475816,7.67816439043023,17684540,0.721322989266497,0.7205382650214,TRUE,FALSE,TRUE,TRUE,FALSE,scopolamine
CYTOKINE RELEASE SYNDROME,30,7853,18623,17658034,3.62224951299491,0.183069459157408,2.53015130505793,5.18573395518396,3.61227012882774,0.18237356865701,2.5266245063045,5.16439837065705,56.6417256521003,17684540,1.85122683332703,1.85044210908194,TRUE,TRUE,TRUE,TRUE,TRUE,scopolamine
DIPLOPIA,30,7853,19852,17656805,3.39776635399422,0.183060379649029,2.37339143361795,4.86426976722356,3.3886412758996,0.182364454491034,2.37024827412998,4.84459363268407,50.4928930320452,17684540,1.75917162410584,1.75838689986074,TRUE,TRUE,TRUE,TRUE,TRUE,scopolamine
"HALLUCINATION, VISUAL",30,7853,16128,17660529,4.18320213726328,0.183092145640238,2.92184834051847,5.98907885756278,4.17108795939726,0.182396341716752,2.91736284680078,5.96359646661971,72.2567430444856,17684540,2.05838587837849,2.0576011541334,TRUE,TRUE,TRUE,TRUE,TRUE,scopolamine
NEPHROLITHIASIS,30,7853,38526,17638131,1.74897781543525,0.182993678567614,1.22184730973003,2.50352345544758,1.74612746221147,0.182297498612327,1.22152167958095,2.49603520367728,9.57814036845662,17684540,0.803679127408752,0.802894403163655,TRUE,FALSE,TRUE,TRUE,FALSE,scopolamine
COMA,29,7854,35326,17641331,1.84392810976047,0.1861140691202,1.28032578217118,2.655629466587,1.84082346493198,0.185429648526725,1.2798858518127,2.64760410019757,11.1508567762975,17684540,0.879810654261687,0.879025930016591,TRUE,FALSE,TRUE,TRUE,FALSE,scopolamine
DRUG ADMINISTERED TO PATIENT OF INAPPROPRIATE AGE,29,7854,7066,17669591,9.23336417138968,0.186417975680992,6.40734015274882,13.305835477601,9.20307525080484,0.185734675211509,6.39488038997799,13.2444375667624,211.258368827177,17684540,3.19685032417246,3.19606559992736,TRUE,TRUE,TRUE,TRUE,TRUE,scopolamine
HEAD INJURY,29,7854,25568,17651089,2.54907050643104,0.186143090982152,1.76983854889966,3.67138598647677,2.54337178200043,0.185458777576024,1.76825196799683,3.65826824375272,27.1685219856767,17684540,1.34575017907773,1.34496545483263,TRUE,TRUE,TRUE,TRUE,TRUE,scopolamine
SEDATION,29,7854,20785,17655872,3.13650687471175,0.186167264938715,2.1775967950087,4.51767535554015,3.12864708790892,0.185483040760368,2.17505491159933,4.50031516375993,41.9908511110939,17684540,1.64417066711284,1.64338594286774,TRUE,TRUE,TRUE,TRUE,TRUE,scopolamine
ARRHYTHMIA,28,7855,34291,17642366,1.83395434154463,0.189395913404549,1.26523577434322,2.6583096961642,1.83099217973273,0.188723438012305,1.26485824440692,2.65052022791249,10.5719368698705,17684540,0.872091324844721,0.871306600599624,TRUE,FALSE,TRUE,TRUE,FALSE,scopolamine
COLITIS ULCERATIVE,28,7855,40477,17636180,1.553130855981,0.189384147308158,1.07152179034287,2.25120522750024,1.55116616437026,0.188711629934664,1.07157788111487,2.24539579613552,5.49237704382162,17684540,0.632998832998389,0.632214108753292,TRUE,FALSE,TRUE,TRUE,FALSE,scopolamine
DRUG EFFECTIVE FOR UNAPPROVED INDICATION,28,7855,28806,17647851,2.18383948495771,0.189410572080407,1.50657646949654,3.16555780116101,2.17963454958047,0.18873814896381,1.50565866402091,3.15530131978099,17.8877640320004,17684540,1.1233278517476,1.12254312750251,TRUE,TRUE,TRUE,TRUE,TRUE,scopolamine
GAIT INABILITY,28,7855,32641,17644016,1.92684078091912,0.189399805054018,1.32930751701996,2.79296953299126,1.92354869137634,0.188727343542587,1.32878655816109,2.78452513337891,12.4281097273052,17684540,0.943176546028658,0.942391821783561,TRUE,FALSE,TRUE,TRUE,FALSE,scopolamine
HAEMATURIA,28,7855,27110,17649547,2.32068335594829,0.189416304942588,1.60096365864513,3.36395595833395,2.31599235836278,0.188743902264435,1.59983454059319,3.35273459091962,20.9481795045817,17684540,1.21078443869784,1.20999971445274,TRUE,TRUE,TRUE,TRUE,TRUE,scopolamine
HYPERLIPIDAEMIA,28,7855,7205,17669452,8.74180143130323,0.18968511344285,6.02750680161107,12.6783917098044,8.71430296116794,0.189013667203081,6.01645915804492,12.6218884071503,190.55131128813,17684540,3.11843278372672,3.11764805948163,TRUE,TRUE,TRUE,TRUE,TRUE,scopolamine
LUNG DISORDER,28,7855,40603,17636054,1.54830008907884,0.189383944899808,1.06818941573593,2.24420232079343,1.54635255609721,0.188711426803912,1.06825296561228,2.23842695009774,5.41371069531538,17684540,0.628517968245833,0.627733244000737,TRUE,FALSE,TRUE,TRUE,FALSE,scopolamine
MOTION SICKNESS,28,7855,1522,17675135,41.3961478205082,0.191046277016371,28.4667609942469,60.1979640298274,41.2526628352267,0.190379631546399,28.4051818050351,59.910976901237,1079.98144948645,17684540,5.34075871988881,5.33997399564371,TRUE,TRUE,TRUE,TRUE,TRUE,scopolamine
PRESCRIBED OVERDOSE,28,7855,16883,17659774,3.72861345917138,0.189475277983515,2.57195135509603,5.40545150683646,3.71892156815821,0.188803085418764,2.56864796752531,5.38430248323859,55.6198994467779,17684540,1.89313686718804,1.89235214294294,TRUE,TRUE,TRUE,TRUE,TRUE,scopolamine
PRODUCTIVE COUGH,28,7855,42273,17634384,1.48699348569119,0.189381376144879,1.02589847476802,2.15532987022721,1.48526371052953,0.188708848880261,1.02605668681726,2.14998675819638,4.44695354396071,17684540,0.57040707129313,0.569622347048033,TRUE,FALSE,TRUE,TRUE,FALSE,scopolamine
STEVENS-JOHNSON SYNDROME,28,7855,13702,17662955,4.59506057881499,0.18951156118785,3.1693904407986,6.66203237416821,4.58229111335681,0.188839497803741,3.16474885090197,6.63477351182684,78.315521205458,17684540,2.19376721501594,2.19298249077085,TRUE,TRUE,TRUE,TRUE,TRUE,scopolamine
URINARY INCONTINENCE,28,7855,22652,17654005,2.77810422058022,0.189435466632827,1.91645139740429,4.02716347039062,2.77178848822245,0.188763132249408,1.91461591561409,4.01271678606012,31.713379776058,17684540,1.46967820022081,1.46889347597572,TRUE,TRUE,TRUE,TRUE,TRUE,scopolamine
APHASIA,27,7856,23651,17653006,2.56526035937906,0.19289029637924,1.75768042102313,3.74388918070276,2.55989919869109,0.192230087960754,1.75627819805291,3.73123342003809,25.6696727580539,17684540,1.35508419402923,1.35429946978413,TRUE,TRUE,TRUE,TRUE,TRUE,scopolamine
COGNITIVE DISORDER,27,7856,39299,17637358,1.54246145497191,0.192846651299249,1.05696336964181,2.25096480011443,1.54060347459841,0.192186292818203,1.05705746587066,2.24534535025471,5.12978447668042,17684540,0.623147968972267,0.622363244727171,TRUE,FALSE,TRUE,TRUE,FALSE,scopolamine
DIABETIC KETOACIDOSIS,27,7856,20241,17656416,2.9980086193547,0.192908759753717,2.05411912331001,4.3756253372695,2.99116525607643,0.192248614769485,2.05208375814608,4.35999239974583,35.7813779431047,17684540,1.57942768663373,1.57864296238863,TRUE,TRUE,TRUE,TRUE,TRUE,scopolamine
HAEMATOCRIT DECREASED,27,7856,12764,17663893,4.75621982866463,0.192983756410605,3.25829820649415,6.94277368888311,4.74335443029168,0.192323868912286,3.25369016648356,6.91504418064615,79.6519872139523,17684540,2.24350236212265,2.24271763787755,TRUE,TRUE,TRUE,TRUE,TRUE,scopolamine
PRODUCT INEFFECTIVE FOR UNAPPROVED USE,27,7856,1353,17675304,44.8984537642081,0.194688169018014,30.6555752263166,65.7587122581927,44.7480975227221,0.194034078210962,30.5921101373925,65.4545313451765,1132.29641625025,17684540,5.45589124849074,5.45510652424564,TRUE,TRUE,TRUE,TRUE,TRUE,scopolamine
RETCHING,27,7856,17085,17659572,3.55244595877686,0.19293241246859,2.43388522914631,5.18507287808986,3.54370359661944,0.192272348719571,2.43103864143005,5.16562549302237,49.2690322674099,17684540,1.82362303299123,1.82283830874613,TRUE,TRUE,TRUE,TRUE,TRUE,scopolamine
TINNITUS,27,7856,36446,17640211,1.66347467734817,0.192851815706584,1.1398754876273,2.42758795343388,1.66120221555844,0.192191474993992,1.1397925537978,2.42113601442762,7.11516327951754,17684540,0.731802550597736,0.731017826352639,TRUE,FALSE,TRUE,TRUE,FALSE,scopolamine
ARTERIOSCLEROSIS CORONARY ARTERY,26,7857,4416,17672241,13.2427797353233,0.197016038342528,9.00068821835693,19.4842006370822,13.2024001497444,0.196369742849981,8.98461748405858,19.4001992876421,291.588634279205,17684540,3.71490233858691,3.71411761434182,TRUE,TRUE,TRUE,TRUE,TRUE,scopolamine
BLOOD UREA INCREASED,26,7857,9675,17666982,6.04265762125908,0.196703404339612,4.10951594316995,8.88516108288776,6.02602574276704,0.196056078214198,4.10340780056499,8.84947049315722,108.758836529405,17684540,2.58797826039057,2.58719353614547,TRUE,TRUE,TRUE,TRUE,TRUE,scopolamine
MUSCLE RIGIDITY,26,7857,9168,17667489,6.37700591462444,0.196717932959026,4.3367774368257,9.37705589635252,6.35927127631666,0.196070654803913,4.33020683242022,9.33912229388436,117.158398577705,17684540,2.66541906531709,2.66463434107199,TRUE,TRUE,TRUE,TRUE,TRUE,scopolamine
APPLICATION SITE BURN,25,7858,4124,17672533,13.6335240590807,0.200922369226679,9.19558907085105,20.2132758257682,13.5934583351841,0.200288719593129,9.17995939898128,20.1288591244631,289.986107140617,17684540,3.75676454589588,3.75597982165078,TRUE,TRUE,TRUE,TRUE,TRUE,scopolamine
DELUSION,25,7858,11848,17664809,4.74342332349576,0.200528596177717,3.20183168199375,7.02724785703696,4.73155150019405,0.199893698251988,3.19779500984455,7.00094269021855,73.4668751561082,17684540,2.23991559545569,2.2391308712106,TRUE,TRUE,TRUE,TRUE,TRUE,scopolamine
DEPRESSED LEVEL OF CONSCIOUSNESS,25,7858,28099,17648558,1.99823401009761,0.200406846094259,1.34913868428603,2.95962098308956,1.99506822927147,0.199771561102105,1.34867953308292,2.95125501782467,12.4163219899618,17684540,0.995798308624025,0.995013584378929,TRUE,FALSE,TRUE,TRUE,FALSE,scopolamine
EOSINOPHILIA,25,7858,13877,17662780,4.04940724449745,0.200497823293723,2.73353263275853,5.99872078909142,4.03973641091728,0.199862827596502,2.73040050327438,5.97695109201748,57.1240082209631,17684540,2.01230765818155,2.01152293393645,TRUE,TRUE,TRUE,TRUE,TRUE,scopolamine
OSTEOARTHRITIS,25,7858,35489,17641168,1.5814721851338,0.200388356137016,1.06779417073323,2.34226252671378,1.57962811502998,0.199753012280876,1.06787804616114,2.33661979545616,5.32416168874296,17684540,0.659212245601655,0.658427521356558,TRUE,FALSE,TRUE,TRUE,FALSE,scopolamine
PARANOIA,25,7858,11835,17664822,4.74863716906652,0.200528827343361,3.20534959847413,7.03497520962286,4.73674881067166,0.199893930151959,3.20130613061914,7.00863596917552,73.5906079986205,17684540,2.24149609833416,2.24071137408906,TRUE,TRUE,TRUE,TRUE,TRUE,scopolamine
SEROTONIN SYNDROME,25,7858,15217,17661440,3.69253868440564,0.20048199779673,2.49270756737731,5.46989230276136,3.68399961715838,0.199846951804676,2.49004053369328,5.45045471974429,48.8480112558028,17684540,1.87954788775113,1.87876316350603,TRUE,TRUE,TRUE,TRUE,TRUE,scopolamine
SMALL INTESTINAL OBSTRUCTION,25,7858,9835,17666822,5.71494497591528,0.200571665819264,3.85728745347121,8.46724452655133,5.69999208686315,0.19993690467699,3.85198443589887,8.43459010049738,96.6940312632752,17684540,2.50794055650225,2.50715583225716,TRUE,TRUE,TRUE,TRUE,TRUE,scopolamine
APPLICATION SITE VESICLES,24,7859,5546,17671111,9.73033836037404,0.20487624567375,6.51229044385094,14.538584454071,9.70375861653934,0.20425490194892,6.50241527646585,14.4812238659787,186.614941097009,17684540,3.27295718648656,3.27217246224147,TRUE,TRUE,TRUE,TRUE,TRUE,scopolamine
DYSSTASIA,24,7859,23754,17652903,2.26946419658864,0.204538661722544,1.51990523863422,3.38867687845192,2.26559927958774,0.203916289221025,1.51916885542715,3.37878181041648,16.9733020903288,17684540,1.17907904602482,1.17829432177972,TRUE,TRUE,TRUE,TRUE,TRUE,scopolamine
GAMMA-GLUTAMYLTRANSFERASE INCREASED,24,7859,13949,17662708,3.86685749993357,0.204610986170649,2.58934417345004,5.77466181518452,3.85812927717594,0.20398883440913,2.58665182392878,5.75460577326311,50.7685665265384,17684540,1.94606461885593,1.94527989461084,TRUE,TRUE,TRUE,TRUE,TRUE,scopolamine
HEART RATE DECREASED,24,7859,28975,17647682,1.85997958628243,0.204520117577353,1.24571054014447,2.77714922520133,1.8573613559043,0.203897688431033,1.2454755007826,2.76985874410133,9.50595613646314,17684540,0.892703267886902,0.891918543641805,TRUE,FALSE,TRUE,TRUE,FALSE,scopolamine
PHOTOPHOBIA,24,7859,15337,17661320,3.51663014666224,0.204595131268764,2.35489638606982,5.25147843513104,3.50896820025606,0.203972931136225,2.35263291228278,5.23365025037458,43.0249573731057,17684540,1.80943428070438,1.80864955645929,TRUE,TRUE,TRUE,TRUE,TRUE,scopolamine
PNEUMOTHORAX,24,7859,13155,17663502,4.1004348158529,0.204621559606992,2.74569646448727,6.12360685040192,4.09099546083825,0.203999440098282,2.74271807482357,6.10206496038634,55.9900869360591,17684540,2.03046551390004,2.02968078965494,TRUE,TRUE,TRUE,TRUE,TRUE,scopolamine
PRE-EXISTING CONDITION IMPROVED,24,7859,6063,17670594,8.90035918189208,0.204838718899359,5.95724272738028,13.2974930167948,8.87630633140808,0.204217260992962,5.94838459022874,13.2454135898374,167.131354633287,17684540,3.14490314823614,3.14411842399105,TRUE,TRUE,TRUE,TRUE,TRUE,scopolamine
BODY TEMPERATURE INCREASED,23,7860,15107,17661550,3.42102206971104,0.208977841964697,2.27127826870116,5.15277769471314,3.41395832397929,0.208368768098802,2.26929595507441,5.13600326647801,39.231975505371,17684540,1.76989388694571,1.76910916270062,TRUE,TRUE,TRUE,TRUE,TRUE,scopolamine
CYSTITIS,23,7860,26216,17650441,1.97012790491365,0.208910719286899,1.30817555081698,2.96703600621143,1.96729739091987,0.208301449068709,1.3078569451478,2.95923727643067,10.9456574822662,17684540,0.975593136348178,0.974808412103081,TRUE,FALSE,TRUE,TRUE,FALSE,scopolamine
EPILEPSY,23,7860,25003,17651654,2.06584900397194,0.208915148290306,1.37172296890401,3.11122012531564,2.06273920730933,0.208305891035774,1.37129461128062,3.10282925519381,12.5994799523873,17684540,1.04387815643943,1.04309343219434,TRUE,TRUE,TRUE,TRUE,TRUE,scopolamine
IMMUNODEFICIENCY,23,7860,13931,17662726,3.71005826060575,0.208991211071109,2.46311006734221,5.58827332955585,3.70215120237996,0.208382176290413,2.46079628638345,5.56971074815239,45.3230749427321,17684540,1.88662713574557,1.88584241150047,TRUE,TRUE,TRUE,TRUE,TRUE,scopolamine
MUSCLE TWITCHING,23,7860,17556,17659101,2.94339337674512,0.208955747812713,1.95425658917268,4.43317659424381,2.93772319436974,0.208346609338641,1.95282199498978,4.41935700687513,29.3875758283054,17684540,1.5534528709175,1.5526681466724,TRUE,TRUE,TRUE,TRUE,TRUE,scopolamine
ORTHOSTATIC HYPOTENSION,23,7860,13361,17663296,3.86845966375496,0.208998537421911,2.56823598162595,5.82694903317445,3.86009044235875,0.208389524057437,2.56574054053046,5.80740647302892,48.693582967225,17684540,1.94679652401146,1.94601179976637,TRUE,TRUE,TRUE,TRUE,TRUE,scopolamine
PANIC ATTACK,23,7860,27643,17649014,1.86827397371742,0.208906006416042,1.24055545059594,2.81361678689424,1.86574063597856,0.208296722401656,1.24035362722366,2.80644813248406,9.24636263284642,17684540,0.89919180291673,0.898407078671634,TRUE,FALSE,TRUE,TRUE,FALSE,scopolamine
BLOOD BILIRUBIN INCREASED,22,7861,18346,17658311,2.69372127757839,0.213626590475784,1.77218898090858,4.09444726236726,2.68899441368054,0.213030846168406,1.77114608257246,4.08249270229766,23.3356573299355,17684540,1.42598098995441,1.42519626570931,TRUE,TRUE,TRUE,TRUE,TRUE,scopolamine
BLOOD CREATINE PHOSPHOKINASE INCREASED,22,7861,17726,17658931,2.78803710406483,0.213631052678148,1.83422296232102,4.23784406439121,2.78304702207961,0.213035320853797,1.83307915221401,4.22532257690636,25.126102447349,17684540,1.47551907880987,1.47473435456478,TRUE,TRUE,TRUE,TRUE,TRUE,scopolamine
CHOKING,22,7861,16273,17660384,3.0372280532427,0.2136428417736,1.99811713570273,4.61672345558469,3.03154252524938,0.213047142925376,1.99670670149178,4.60270408043864,29.9381159323241,17684540,1.59874618500417,1.59796146075908,TRUE,TRUE,TRUE,TRUE,TRUE,scopolamine
DROOLING,22,7861,5467,17671190,9.04610463954059,0.21392692209793,5.94789556933369,13.7581449095087,9.02364944455519,0.213332016585616,5.94005322920714,13.7079999380897,156.377771440701,17684540,3.16856029265554,3.16777556841044,TRUE,TRUE,TRUE,TRUE,TRUE,scopolamine
FEEDING DISORDER,22,7861,19221,17657436,2.57096726292026,0.21362078268728,1.69144883575445,3.90781708987339,2.56658298285122,0.213025022131294,1.69053727430108,3.8966003932595,21.0353722947149,17684540,1.35884180305954,1.35805707881444,TRUE,TRUE,TRUE,TRUE,TRUE,scopolamine
HEAD DISCOMFORT,22,7861,16266,17660391,3.03853631506218,0.213642903665081,1.99897756627114,4.61871263276565,3.03284713595126,0.213047204989964,1.99756573225042,4.60468539359919,29.9636554239511,17684540,1.5993660705544,1.59858134630931,TRUE,TRUE,TRUE,TRUE,TRUE,scopolamine
HYPERSOMNIA,22,7861,23432,17653225,2.10843191985153,0.213598897612957,1.38720463171676,3.2046354654592,2.10533849067016,0.213003075813645,1.3867879265054,3.19619898297411,12.7720361055102,17684540,1.07334154661965,1.07255682237456,TRUE,TRUE,TRUE,TRUE,TRUE,scopolamine
PRODUCT COMPLAINT,22,7861,24608,17652049,2.00753761222502,0.213594123456008,1.32083540705289,3.05125622994204,2.00472576045933,0.212998288293051,1.32052664237093,3.04342619504708,11.0835777615557,17684540,1.00275890924378,1.00197418499868,TRUE,TRUE,TRUE,TRUE,TRUE,scopolamine
PROGRESSIVE MULTIPLE SCLEROSIS,22,7861,894,17675763,55.3331679884299,0.216102708313529,36.227235695652,84.5154045248689,55.1815341313012,0.215513808971199,36.1696838452757,84.1865724375602,1142.34174248813,17684540,5.75168412853316,5.75089940428806,TRUE,TRUE,TRUE,TRUE,TRUE,scopolamine
ACCIDENTAL DEATH,21,7862,1175,17675482,40.1808994517123,0.220448093941799,26.0837751839419,61.8968945010137,40.0765230863075,0.219870870328249,26.0454684659789,61.6663011757801,786.135025834622,17684540,5.29977204657346,5.29898732232836,TRUE,TRUE,TRUE,TRUE,TRUE,scopolamine
DEMENTIA,21,7862,23848,17652809,1.97718867612406,0.218605193449181,1.28815349799785,3.03478977239073,1.97458548416686,0.218023090581293,1.28792608337461,3.02733820256702,10.1061918384773,17684540,0.980923215743418,0.980138491498322,TRUE,FALSE,TRUE,TRUE,FALSE,scopolamine
DERMATITIS CONTACT,21,7862,9554,17667103,4.93931085508037,0.218748637758998,3.21709406704618,7.58348721382431,4.92881668687579,0.218166917727951,3.21392129086322,7.5587519837178,65.6571185974912,17684540,2.29871694907188,2.29793222482678,TRUE,TRUE,TRUE,TRUE,TRUE,scopolamine
DEVICE RELATED INFECTION,21,7862,13430,17663227,3.51301733571267,0.218679579512698,2.28842391103561,5.39292162675962,3.50632275699265,0.21809767525796,2.28666951163787,5.37650902923811,37.5918148225733,17684540,1.8083479088557,1.8075631846106,TRUE,TRUE,TRUE,TRUE,TRUE,scopolamine
EOSINOPHIL COUNT DECREASED,21,7862,2079,17674578,22.708101107745,0.219607146460854,14.7654756703451,34.9232132734615,22.6502715855754,0.219027706626616,14.744609190943,34.7947372667876,430.288111814382,17684540,4.48760010821808,4.48681538397298,TRUE,TRUE,TRUE,TRUE,TRUE,scopolamine
EYE DISORDER,21,7862,27273,17649384,1.72855377526103,0.218593148740866,1.12619255073627,2.65309706765131,1.72661293683904,0.218011013687653,1.12621230807298,2.64709612236521,6.42639004627765,17684540,0.787477500758751,0.786692776513654,TRUE,FALSE,TRUE,TRUE,FALSE,scopolamine
GASTRITIS,21,7862,19613,17657044,2.404696250208,0.218625901810351,1.56661435449601,3.69112158277439,2.40095419499369,0.218043854257902,1.56596192735825,3.68117573342446,17.1672594453925,17684540,1.26270722077217,1.26192249652707,TRUE,TRUE,TRUE,TRUE,TRUE,scopolamine
HIATUS HERNIA,21,7862,9715,17666942,4.85741079425546,0.218744672913321,3.1637751385464,7.45768538878841,4.84713480457141,0.21816294230904,3.16068381553987,7.43342807596666,64.0192240902274,17684540,2.27466026805783,2.27387554381274,TRUE,TRUE,TRUE,TRUE,TRUE,scopolamine
PRODUCT ADMINISTRATION INTERRUPTED,21,7862,7549,17669108,6.25189182897632,0.218812171027423,4.07150314907663,9.59993152653834,6.23790099700772,0.218230620366745,4.06702482612058,9.56753659298075,92.1456582094457,17684540,2.63769613589847,2.63691141165337,TRUE,TRUE,TRUE,TRUE,TRUE,scopolamine
SCAR,21,7862,13204,17663453,3.57319194803175,0.21868249348584,2.32760912043212,5.48532852247486,3.56633706652615,0.218100597007402,2.32579488618521,5.46856481094934,38.7488693535115,17684540,1.83279361888281,1.83200889463771,TRUE,TRUE,TRUE,TRUE,TRUE,scopolamine
SUPRAVENTRICULAR TACHYCARDIA,21,7862,6824,17669833,6.91639330994831,0.218844328070644,4.50397145337138,10.6209590609395,6.90063227233459,0.218262863096162,4.49883209842528,10.5846861399103,105.672311425085,17684540,2.7829388946263,2.7821541703812,TRUE,TRUE,TRUE,TRUE,TRUE,scopolamine
ENCEPHALOPATHY,20,7863,19150,17657507,2.34532119730542,0.224007709412417,1.51190017416873,3.63815787080944,2.34190797594983,0.223439717801504,1.51138148693646,3.62882105889392,15.3788313174146,17684540,1.22682167632465,1.22603695207955,TRUE,TRUE,TRUE,TRUE,TRUE,scopolamine
LIMB DISCOMFORT,20,7863,28574,17648083,1.57097117777269,0.223969264488622,1.01279542405715,2.43677092408866,1.56952256384963,0.223401175064838,1.01298880161042,2.43181471948839,4.13697794358291,17684540,0.64995956137468,0.649174837129583,TRUE,FALSE,TRUE,TRUE,FALSE,scopolamine
PERICARDIAL EFFUSION,20,7863,18366,17658291,2.44554584984288,0.224012684886067,1.57649414662362,3.79366743383896,2.44187834800388,0.223444705928327,1.57588329025355,3.78376362217204,17.0271629455148,17684540,1.28706436761318,1.28627964336809,TRUE,TRUE,TRUE,TRUE,TRUE,scopolamine
SINUS TACHYCARDIA,20,7863,9952,17666705,4.51530311283299,0.224115409645736,2.91015433638411,7.00580101400791,4.50638441915588,0.22354769174648,2.90763976649501,6.98418723227547,54.4871223895493,17684540,2.16971722538866,2.16893250114357,TRUE,TRUE,TRUE,TRUE,TRUE,scopolamine
TYPE 2 DIABETES MELLITUS,20,7863,27713,17648944,1.61985784424249,0.223971691806711,1.04430738790756,2.51261215417754,1.61828519970553,0.223403608561501,1.04445581349,2.50737939677428,4.728473098452,17684540,0.694068325874337,0.69328360162924,TRUE,FALSE,TRUE,TRUE,FALSE,scopolamine
ANTIPSYCHOTIC DRUG LEVEL DECREASED,19,7864,506,17676151,84.4009397404091,0.233955298840391,53.3581190168719,133.503930804077,84.1999226333347,0.23341155006215,53.2877974618177,133.044098445605,1505.53847926825,17684540,6.3432101988829,6.3424254746378,TRUE,TRUE,TRUE,TRUE,TRUE,scopolamine
DIASTOLIC DYSFUNCTION,19,7864,2261,17674396,18.8866144626722,0.230653591890875,12.017601918113,29.6818124191641,18.8435032518653,0.230102041045845,12.0031390005895,29.5820630574733,318.400626478504,17684540,4.22456570238428,4.22378097813919,TRUE,TRUE,TRUE,TRUE,TRUE,scopolamine
DRY THROAT,19,7864,8392,17668265,5.08672811666297,0.229952078489372,3.24115174626099,7.98321243758454,5.0768780806086,0.229398840937025,3.23838514454657,7.95911847877901,62.0921592164424,17684540,2.34132219130279,2.34053746705769,TRUE,TRUE,TRUE,TRUE,TRUE,scopolamine
GLOMERULAR FILTRATION RATE DECREASED,19,7864,10826,17665831,3.94254033186374,0.229893817932119,2.51238722467997,6.18679482035348,3.93544807430882,0.229340439820971,2.51058923929853,6.16897073529575,41.5540250697019,17684540,1.97464137887675,1.97385665463165,TRUE,TRUE,TRUE,TRUE,TRUE,scopolamine
"HALLUCINATION, AUDITORY",19,7864,11892,17664765,3.58891406816999,0.229875808756851,2.28711931261452,5.63167129833046,3.5826741382835,0.229322387180297,2.2856206545246,5.61578490976454,35.3414857148256,17684540,1.8393768906851,1.83859216644,TRUE,TRUE,TRUE,TRUE,TRUE,scopolamine
HEPATITIS C,19,7864,9482,17667175,4.50170732284311,0.229922291833028,2.86855677633515,7.06465668998546,4.49326733310139,0.229368982427721,2.86628544851146,7.04376856017637,51.5251195074956,17684540,2.16552015868704,2.16473543444194,TRUE,TRUE,TRUE,TRUE,TRUE,scopolamine
INTENTIONAL SELF-INJURY,19,7864,17910,17658747,2.38217901562748,0.229814342579995,1.51828211793599,3.73763004612765,2.37884761878656,0.229260772585798,1.51780477254856,3.72835564609838,15.1844674267046,17684540,1.24937640855927,1.24859168431418,TRUE,TRUE,TRUE,TRUE,TRUE,scopolamine
MOUTH ULCERATION,19,7864,17011,17659646,2.5082004714441,0.229820762367397,1.59858179511744,3.93540676127255,2.50456533140129,0.229267207880185,1.59799780162091,3.92544188289524,17.1702633278601,17684540,1.32359299687048,1.32280827262539,TRUE,TRUE,TRUE,TRUE,TRUE,scopolamine
MUCOSAL INFLAMMATION,19,7864,20873,17655784,2.04367687178952,0.229797097713302,1.30258175719863,3.20641305868565,2.04116134970859,0.229243486056016,1.30239086501078,3.19899330337339,10.0932391206214,17684540,1.02872082306413,1.02793609881903,TRUE,TRUE,TRUE,TRUE,TRUE,scopolamine
MYOCARDITIS,19,7864,9984,17666673,4.27523797740678,0.229910759985864,2.72430862001205,6.70910029399695,4.26734383538335,0.229357422757245,2.72222900672562,6.68945315195509,47.4685174692998,17684540,2.09123868828297,2.09045396403787,TRUE,TRUE,TRUE,TRUE,TRUE,scopolamine
NERVOUS SYSTEM DISORDER,19,7864,17976,17658681,2.3734238267164,0.229813896566357,1.51270331948347,3.72388993180012,2.37011353206872,0.229260325494757,1.51223338326379,3.7146635017218,15.0480738747354,17684540,1.2440753296243,1.2432906053792,TRUE,TRUE,TRUE,TRUE,TRUE,scopolamine
PREMATURE BABY,19,7864,24709,17651948,1.72602692492186,0.229780913984378,1.10015557402671,2.70795241681235,1.72427701859514,0.22922726321458,1.10023347476904,2.70227302207784,5.78402072647299,17684540,0.785525872578163,0.784741148333067,TRUE,FALSE,TRUE,TRUE,FALSE,scopolamine
STAPHYLOCOCCAL INFECTION,19,7864,24229,17652428,1.76026905786668,0.229782658617635,1.12197739547645,2.76168411999696,1.75843661944229,0.229229012064962,1.1220263214594,2.75581711895476,6.21900524927919,17684540,0.813805674652058,0.813020950406961,TRUE,FALSE,TRUE,TRUE,FALSE,scopolamine
WRONG PATIENT RECEIVED PRODUCT,19,7864,2804,17673853,15.2287173225141,0.230467851681653,9.69360077235687,23.9244256840438,15.1944225579413,0.229915855256482,9.68224065603923,23.8447364686469,250.288746882603,17684540,3.91637039798669,3.9155856737416,TRUE,TRUE,TRUE,TRUE,TRUE,scopolamine
DYSTONIA,18,7865,9639,17667018,4.19474001933895,0.236191665690555,2.64030832288187,6.66431404141394,4.18744516708117,0.235653111431627,2.63850034397467,6.64570579547355,43.6149908508562,17684540,2.06402193723628,2.06323721299118,TRUE,TRUE,TRUE,TRUE,TRUE,scopolamine
EAR INFECTION,18,7865,23439,17653218,1.72368770356739,0.236062325923297,1.08522121456249,2.73778217709026,1.72203523893918,0.23552347581886,1.08532649323587,2.73227031923549,5.45243259879033,17684540,0.783650406173039,0.782865681927942,TRUE,FALSE,TRUE,TRUE,FALSE,scopolamine
EATING DISORDER,18,7865,17586,17659071,2.29812984075569,0.236092399664721,1.44680051365182,3.65040011745722,2.29516569802658,0.235553618396538,1.44646109399946,3.64184394813717,13.155197387985,17684540,1.19776564304057,1.19698091879547,TRUE,TRUE,TRUE,TRUE,TRUE,scopolamine
HYPOCALCAEMIA,18,7865,15325,17661332,2.63752600002696,0.236110166263399,1.66041144602465,4.18965035291318,2.63378688192466,0.235571425645036,1.65980926531187,4.17929546747951,18.2368504692851,17684540,1.3960883208804,1.3953035966353,TRUE,TRUE,TRUE,TRUE,TRUE,scopolamine
IMPAIRED GASTRIC EMPTYING,18,7865,11383,17665274,3.55170936416654,0.236158014999631,2.23571097976778,5.64233906871923,3.54588280466444,0.235619383813611,2.23440095894283,5.62713903880699,32.8714459087943,17684540,1.82450854884929,1.82372382460419,TRUE,TRUE,TRUE,TRUE,TRUE,scopolamine
METASTASES TO CENTRAL NERVOUS SYSTEM,18,7865,10982,17665675,3.68148109899074,0.236164806521341,2.31736814848208,5.84857571771829,3.67535821940406,0.23562619086317,2.31595763792113,5.83268787811956,35.0183506186147,17684540,1.87616539613573,1.87538067189063,TRUE,TRUE,TRUE,TRUE,TRUE,scopolamine
MUSCLE SPASTICITY,18,7865,9841,17666816,4.10859025963552,0.236187157631409,2.58610566053359,6.52738756160832,4.10149212127786,0.235648593068333,2.58436439860073,6.50923593824946,42.1619352212443,17684540,2.03415569354558,2.03337096930049,TRUE,TRUE,TRUE,TRUE,TRUE,scopolamine
MYOCARDIAL ISCHAEMIA,18,7865,6980,17669677,5.79357943957579,0.236275314425823,3.64607298882034,9.20594920222243,5.7826338059449,0.235736951285256,3.64302663814726,9.17886610641497,71.0451519311527,17684540,2.52865435019526,2.52786962595017,TRUE,TRUE,TRUE,TRUE,TRUE,scopolamine
PALLOR,18,7865,21033,17655624,1.92112501805582,0.23607266277889,1.20950180364322,3.05143929829859,1.91902172612064,0.235533836339314,1.20945424336749,3.04488111519574,7.92482966675156,17684540,0.939780151640374,0.938995427395277,TRUE,FALSE,TRUE,TRUE,FALSE,scopolamine
PARKINSONISM,18,7865,7486,17669171,5.40182025731779,0.236254820946962,3.39966375928016,8.5831023767325,5.39176916450646,0.235716410996999,3.3969208753618,8.55809593157697,64.2630810077599,17684540,2.42793718691974,2.42715246267464,TRUE,TRUE,TRUE,TRUE,TRUE,scopolamine
PNEUMONITIS,18,7865,23253,17653404,1.73749373273658,0.2360630487543,1.09391184009877,2.75971459548908,1.73580974349526,0.235524200304877,1.09400643150714,2.754129572586,5.61742470411083,17684540,0.795135712406574,0.794350988161477,TRUE,FALSE,TRUE,TRUE,FALSE,scopolamine
TRICUSPID VALVE INCOMPETENCE,18,7865,5115,17671542,7.90683338522315,0.236385831103968,4.97492921364436,12.5666138143666,7.89106235884563,0.235847720249597,4.97024552524517,12.5283277928446,107.97167461502,17684540,2.97579475422454,2.97501002997945,TRUE,TRUE,TRUE,TRUE,TRUE,scopolamine
ALTERED STATE OF CONSCIOUSNESS,17,7866,18049,17658608,2.11445428586309,0.242911753916276,1.31349263196508,3.40383860419221,2.11205092129888,0.242388164548923,1.31334678043729,3.39648230048897,9.95471688799599,17684540,1.07792964579731,1.07714492155221,TRUE,TRUE,TRUE,TRUE,TRUE,scopolamine
ANTIPSYCHOTIC DRUG LEVEL ABOVE THERAPEUTIC,17,7866,660,17675997,57.8808583547142,0.245898082380808,35.7455751727717,93.7233139398585,57.7581925432173,0.245380865384779,35.7059986972911,93.4299257147638,924.409359445673,17684540,5.81590711566814,5.81512239142305,TRUE,TRUE,TRUE,TRUE,TRUE,scopolamine
APHONIA,17,7866,11958,17664699,3.19258649233671,0.242969836531223,1.98299934912325,5.13999589337095,3.18785809320316,0.24244637263991,1.98209498141678,5.12712020245211,25.5073562198196,17684540,1.67118110373224,1.67039637948714,TRUE,TRUE,TRUE,TRUE,TRUE,scopolamine
CONVULSION,17,7866,15664,17660993,2.43673007327537,0.242929117450334,1.51363786635761,3.92277015657178,2.43363170828163,0.242405565603515,1.51326529515824,3.91376403761011,14.3543471205147,17684540,1.28218919456209,1.281404470317,TRUE,TRUE,TRUE,TRUE,TRUE,scopolamine
EMPHYSEMA,17,7866,7500,17669157,5.0915445207221,0.243072106089204,3.16185821908652,8.1989209541422,5.08272094380312,0.242548862943459,3.15961746751579,8.17632275368024,55.6484922827654,17684540,2.34297785074559,2.34219312650049,TRUE,TRUE,TRUE,TRUE,TRUE,scopolamine
FAILURE TO SUSPEND MEDICATION,17,7866,187,17676470,204.290848993366,0.253571112283677,124.281024595198,335.809518133333,203.852444270179,0.253069577714745,124.136286583732,334.759643441533,3145.64665399719,17684540,7.54649379727165,7.54570907302655,TRUE,TRUE,TRUE,TRUE,TRUE,scopolamine
FIBROMYALGIA,17,7866,20625,17656032,1.85009542565241,0.242897509900502,1.14930579064326,2.97819180229154,1.84826216138295,0.242373889745402,1.14934590405599,2.97218879463948,6.62056328648172,17684540,0.885623999674056,0.88483927542896,TRUE,FALSE,TRUE,TRUE,FALSE,scopolamine
HAEMATEMESIS,17,7866,19013,17657644,2.00713732754667,0.242905971632437,1.24684179150518,3.23104364890422,2.00496539623013,0.242382369767937,1.2467714339141,3.2242367211288,8.56492774574174,17684540,1.00293119808176,1.00214647383666,TRUE,TRUE,TRUE,TRUE,TRUE,scopolamine
HEPATIC CIRRHOSIS,17,7866,15294,17661363,2.49573293525716,0.242932296265092,1.55027936009485,4.01778095255441,2.49250732826752,0.24240875128629,1.54986527911828,4.00847277835764,15.1893475566129,17684540,1.31663824772948,1.31585352348439,TRUE,TRUE,TRUE,TRUE,TRUE,scopolamine
HYPERCHOLESTEROLAEMIA,17,7866,7160,17669497,5.33342440131987,0.243085129591853,3.31198151296546,8.58863968087942,5.32407920091109,0.242561914542042,3.30957050484032,8.564802984592,59.5851528281518,17684540,2.40975393387126,2.40896920962616,TRUE,TRUE,TRUE,TRUE,TRUE,scopolamine
HYPOTHERMIA,17,7866,7849,17668808,4.86505665009303,0.243059910703851,3.02128106457051,7.83401997456304,4.8567215031881,0.24253664124575,3.01919972821302,7.81258143974815,51.9751655595349,17684540,2.27750466830023,2.27671994405513,TRUE,TRUE,TRUE,TRUE,TRUE,scopolamine
IMPAIRED DRIVING ABILITY,17,7866,8022,17668635,4.7600917176468,0.243054258591986,2.95612884463389,7.66491393010168,4.7519829317531,0.242530976938105,2.95412138632182,7.64401283177766,50.2775205196247,17684540,2.24611880401866,2.24533407977357,TRUE,TRUE,TRUE,TRUE,TRUE,scopolamine
PARKINSON'S DISEASE,17,7866,16411,17660246,2.32571601068243,0.242923136388363,1.44469554793025,3.74401026575721,2.32285705188736,0.242399571618281,1.44440107623507,3.73557246133254,12.8057861806272,17684540,1.21504990726409,1.21426518301899,TRUE,TRUE,TRUE,TRUE,TRUE,scopolamine
PRESYNCOPE,17,7866,20266,17656391,1.88290703764519,0.24289927788003,1.1696847809646,3.03102081014514,1.88100301384207,0.242375661546789,1.16970181334825,3.02484983583552,7.01695124216681,17684540,0.910935706709953,0.910150982464856,TRUE,FALSE,TRUE,TRUE,FALSE,scopolamine
PUPIL FIXED,17,7866,904,17675753,42.2575654660249,0.245065113989024,26.1397143029449,68.3137473661756,42.1685919010215,0.244546135263056,26.111223761617,68.1006052856396,670.692217180083,17684540,5.37186179315181,5.37107706890671,TRUE,TRUE,TRUE,TRUE,TRUE,scopolamine
RENAL FAILURE ACUTE,17,7866,13216,17663441,2.88848596289606,0.242953455013891,1.79417212661153,4.65025124072396,2.88441336853234,0.242429955742676,1.79348172356497,4.63893240240577,20.9175390344348,17684540,1.52706659342977,1.52628186918467,TRUE,TRUE,TRUE,TRUE,TRUE,scopolamine
RESPIRATORY TRACT INFECTION,17,7866,22723,17653934,1.67907776069478,0.242888294793441,1.04308600609745,2.70284723405292,1.67761330275595,0.242364654715548,1.04324641798359,2.69771968067087,4.65537768097721,17684540,0.745974505463531,0.745189781218434,TRUE,FALSE,TRUE,TRUE,FALSE,scopolamine
SPINAL OSTEOARTHRITIS,17,7866,6842,17669815,5.58140981804774,0.243098481109836,3.46588626776771,8.98821633205639,5.57152982732,0.242575294860257,3.46330069736949,8.96310985652904,63.6338674461196,17684540,2.47513659891238,2.47435187466729,TRUE,TRUE,TRUE,TRUE,TRUE,scopolamine
TACHYPNOEA,17,7866,10626,17666031,3.59305740578748,0.242991407718634,2.23164800001108,5.78499007066535,3.58746537535511,0.242467990406141,2.23046184268999,5.77006410647688,31.6940321756057,17684540,1.84130189127236,1.84051716702726,TRUE,TRUE,TRUE,TRUE,TRUE,scopolamine
ACTIVATED PARTIAL THROMBOPLASTIN TIME PROLONGED,16,7867,2740,17673917,13.1187688756229,0.250982336713394,8.02144486558342,21.4552489851833,13.094171602756,0.250475650859952,8.01436005693761,21.3937642861454,177.718747466165,17684540,3.70309612528851,3.70231140104341,TRUE,TRUE,TRUE,TRUE,TRUE,scopolamine
ACTIVITIES OF DAILY LIVING IMPAIRED,16,7867,10377,17666280,3.46245489987433,0.250446674620226,2.11933500770361,5.6567715297894,3.45745689424221,0.249938902805208,2.11838301240799,5.64298717725968,27.9203732706417,17684540,1.78813176175666,1.78734703751156,TRUE,TRUE,TRUE,TRUE,TRUE,scopolamine
AGRANULOCYTOSIS,16,7867,14802,17661855,2.42675955123198,0.250389153749031,1.48556342053652,3.96426153073203,2.42386368001293,0.249881265020241,1.48526847857636,3.95559134528807,13.379610670682,17684540,1.27639317962518,1.27560845538008,TRUE,TRUE,TRUE,TRUE,TRUE,scopolamine
ATELECTASIS,16,7867,6486,17670171,5.54082763783234,0.250562064328371,3.39071982506129,9.05435202438519,5.53161119203692,0.250054526853846,3.38844886680202,9.03030371201877,59.2738724431064,17684540,2.46478845730245,2.46400373305735,TRUE,TRUE,TRUE,TRUE,TRUE,scopolamine
BACTERAEMIA,16,7867,9770,17666887,3.67770000204266,0.250458627334583,2.25103170745357,6.00856809801448,3.67226511684252,0.249950879805232,2.24994314117824,5.99372083745919,31.0795543255822,17684540,1.87495273055976,1.87416800631466,TRUE,TRUE,TRUE,TRUE,TRUE,scopolamine
BEDRIDDEN,16,7867,10511,17666146,3.41828769528789,0.250444221913314,2.09231074919772,5.5845866930794,3.41337933513,0.249936445114507,2.09138677681921,5.57102044185856,27.276247211146,17684540,1.76964956486948,1.76886484062438,TRUE,TRUE,TRUE,TRUE,TRUE,scopolamine
BLOOD CALCIUM DECREASED,16,7867,8746,17667911,4.10853094484043,0.250482549972604,2.51461505531893,6.71276762183009,4.10222160891281,0.249974851041349,2.51325311252974,6.6957928132008,37.4859011351005,17684540,2.03441179866985,2.03362707442475,TRUE,TRUE,TRUE,TRUE,TRUE,scopolamine
DISABILITY,16,7867,17752,17658905,2.02314641344988,0.250366734147137,1.2385423092576,3.30478933150745,2.02106974941142,0.249858799827031,1.23850338426033,3.29811204708611,8.25457670682224,17684540,1.01446262044582,1.01367789620072,TRUE,TRUE,TRUE,TRUE,TRUE,scopolamine
FOOT FRACTURE,16,7867,15860,17660797,2.26473790063719,0.250380154131463,1.38640481575798,3.69952390548959,2.26217088219114,0.24987224710332,1.38621264878833,3.69165373343441,11.2663447626063,17684540,1.17689645099297,1.17611172674787,TRUE,TRUE,TRUE,TRUE,TRUE,scopolamine
NEURALGIA,16,7867,21103,17655554,1.70156280278283,0.250348869629578,1.04170973581639,2.77938841528162,1.70013885189553,0.249840898968845,1.04187477996695,2.77429895732417,4.61523418601237,17684540,0.765202394788495,0.764417670543398,TRUE,FALSE,TRUE,TRUE,FALSE,scopolamine
PRODUCT ADMINISTERED AT INAPPROPRIATE SITE,16,7867,17906,17658751,2.00572891346447,0.250365766607806,1.22788188470141,3.27633180717999,2.00368760144932,0.249857830319808,1.22785400736123,3.26974052300387,8.04525005229677,17684540,1.00201227496085,1.00122755071576,TRUE,TRUE,TRUE,TRUE,TRUE,scopolamine
RESPIRATORY ARREST,16,7867,16511,17660146,2.17536303630376,0.250375189597672,1.33170515464499,3.55349254541124,2.1729774206015,0.249867272473909,1.33156967923427,3.54606367513511,10.1304673523477,17684540,1.11891904970655,1.11813432546146,TRUE,TRUE,TRUE,TRUE,TRUE,scopolamine
SLEEP APNOEA SYNDROME,16,7867,15624,17661033,2.29897741191549,0.250382056018407,1.40735997440627,3.75546927340134,2.29634089807677,0.249874152857651,1.40714608861983,3.7474300378805,11.7074363109305,17684540,1.19850340579809,1.19771868155299,TRUE,TRUE,TRUE,TRUE,TRUE,scopolamine
THINKING ABNORMAL,16,7867,13223,17663434,2.71678940230535,0.250405262875144,1.66305538028681,4.43818332448179,2.71330486210024,0.249897406896492,1.66257645538294,4.42808103703183,17.3017783221266,17684540,1.43894976529566,1.43816504105056,TRUE,TRUE,TRUE,TRUE,TRUE,scopolamine
THIRST,16,7867,14704,17661953,2.44294710221192,0.250390052881314,1.49547014489406,3.99071192733735,2.44001837537755,0.24988216598065,1.49516493451413,3.98196181220287,13.5941569556331,17684540,1.28596624704843,1.28518152280333,TRUE,TRUE,TRUE,TRUE,TRUE,scopolamine
TRANSAMINASES INCREASED,16,7867,17864,17658793,2.01044935874407,0.250366028828152,1.23077104906917,3.28404428031624,2.00839846571605,0.249858093073491,1.23074017762584,3.27742968858927,8.10186433080876,17684540,1.00539718192212,1.00461245767702,TRUE,TRUE,TRUE,TRUE,TRUE,scopolamine
ABSCESS,15,7868,12836,17663821,2.6235047475461,0.258595681076522,1.58037724129913,4.3551482396311,2.62041549583823,0.258103972705611,1.58003832787651,4.34582962304301,15.0238890598644,17684540,1.38875388701343,1.38796916276834,TRUE,TRUE,TRUE,TRUE,TRUE,scopolamine
ANHEDONIA,15,7868,19960,17656697,1.68645918552917,0.258541912665989,1.01601592750052,2.79931102207475,1.68515297117132,0.258050101796404,1.01620809311324,2.79444786505069,4.18014733055065,17684540,0.752439010898618,0.751654286653522,TRUE,FALSE,TRUE,TRUE,FALSE,scopolamine
ARTERIOSCLEROSIS,15,7868,6238,17670419,5.40043054499922,0.258754957733306,3.25215861075164,8.96778219086308,5.39205727870783,0.258263552650567,3.25024517924606,8.94525800161646,53.5529355305213,17684540,2.42801409169019,2.42722936744509,TRUE,TRUE,TRUE,TRUE,TRUE,scopolamine
BLOOD ALBUMIN DECREASED,15,7868,5062,17671595,6.65549737901772,0.258826912689129,4.00739914181414,11.0534648021258,6.64473593531795,0.258335644486159,4.00477375916971,11.0249712730988,71.7365470045847,17684540,2.7285863488717,2.7278016246266,TRUE,TRUE,TRUE,TRUE,TRUE,scopolamine
BLOOD SODIUM DECREASED,15,7868,13539,17663118,2.48718270925173,0.25858785950373,1.4982809584525,4.1287835864844,2.48435285505425,0.25809613622729,1.49801931388564,4.12011317291159,13.2985526185968,17684540,1.31191583748708,1.31113111324198,TRUE,TRUE,TRUE,TRUE,TRUE,scopolamine
BRAIN FOG,15,7868,14384,17662273,2.34095910350313,0.258579469559118,1.41021892507834,3.88598495369771,2.33840748780447,0.258087730292436,1.41004015899682,3.87800981704688,11.4881177074617,17684540,1.22466589301878,1.22388116877369,TRUE,TRUE,TRUE,TRUE,TRUE,scopolamine
BURSITIS,15,7868,10079,17666578,3.34165721204114,0.258636881679688,2.01282371009835,5.54776499638955,3.33720143908914,0.258145251803739,2.01207769990905,5.53503149782043,24.5303209002334,17684540,1.73713652230289,1.7363517980578,TRUE,TRUE,TRUE,TRUE,TRUE,scopolamine
CHROMATURIA,15,7868,17737,17658920,1.89806412561507,0.258554055697301,1.14347118628698,3.15062370451611,1.89635526326772,0.258062267983521,1.14354343289088,3.14475443703266,6.35624971035035,17684540,0.922652941404308,0.921868217159212,TRUE,FALSE,TRUE,TRUE,FALSE,scopolamine
END STAGE RENAL DISEASE,15,7868,18163,17658494,1.85350169275734,0.258551498512002,1.11663055718957,3.0766384664423,1.85187762509384,0.258059705922315,1.11672805833368,3.07098107970927,5.87924453046538,17684540,0.888441035576272,0.887656311331175,TRUE,FALSE,TRUE,TRUE,FALSE,scopolamine
GASTROENTERITIS VIRAL,15,7868,15694,17660963,2.14539685782663,0.258568248262402,1.29243855158496,3.56127389726025,2.14321736361536,0.258076487606511,1.29237062442137,3.55422862521266,9.14647440732533,17684540,1.09904316925422,1.09825844500912,TRUE,TRUE,TRUE,TRUE,TRUE,scopolamine
HAEMORRHOIDS,15,7868,15683,17660974,2.14690296867646,0.258568334684397,1.29334564982788,3.56377458533625,2.14472060859399,0.258076574193251,1.29327686906408,3.55672215204511,9.1641045545134,17684540,1.10005374944963,1.09926902520453,TRUE,TRUE,TRUE,TRUE,TRUE,scopolamine
ILEUS,15,7868,9288,17667369,3.62640730483205,0.258653216055236,2.1842709936403,6.02069522455276,3.62140970118211,0.258161617290552,2.18336354952389,6.00660766122789,28.4322422440478,17684540,1.85486658226754,1.85408185802244,TRUE,TRUE,TRUE,TRUE,TRUE,scopolamine
IMPAIRED WORK ABILITY,15,7868,16054,17660603,2.09724504561974,0.258565485252925,1.2634375865083,3.4813249410541,2.09515717606699,0.258073719329871,1.26339694960847,3.47450862041846,8.58651166661864,17684540,1.06635436350374,1.06556963925864,TRUE,TRUE,TRUE,TRUE,TRUE,scopolamine
JAUNDICE,15,7868,18177,17658480,1.852072649786,0.258551416506914,1.11576981848458,3.07426589540139,1.85045130134673,0.25805962376086,1.11586812949544,3.06861530331914,5.86409834856326,17684540,0.887330354709072,0.886545630463975,TRUE,FALSE,TRUE,TRUE,FALSE,scopolamine
LUNG CANCER METASTATIC,15,7868,2164,17674493,15.571003994279,0.259337478117673,9.36621446987821,25.8862495802965,15.5432778671809,0.258847178940791,9.35852584540468,25.815335753443,202.734095137278,17684540,3.94889641248541,3.94811168824032,TRUE,TRUE,TRUE,TRUE,TRUE,scopolamine
MONOCYTE COUNT INCREASED,15,7868,3036,17673621,11.0981522442435,0.259081456523845,6.67907146200039,18.4410338977743,11.0789371885967,0.258590671913928,6.67392430279395,18.3914056648029,136.885399687286,17684540,3.46328042902266,3.46249570477757,TRUE,TRUE,TRUE,TRUE,TRUE,scopolamine
NEPHROGENIC ANAEMIA,15,7868,4403,17672254,7.65191553201063,0.258884024669169,4.60684538490422,12.7097409218223,7.63925807508051,0.258392865054185,4.60365462780611,12.6765078303655,86.2801044465437,17684540,2.92916919024605,2.92838446600095,TRUE,TRUE,TRUE,TRUE,TRUE,scopolamine
NEUROTOXICITY,15,7868,15184,17661473,2.21752045439692,0.258572386746936,1.33587670104008,3.68102607212189,2.21520372132373,0.258080633979904,1.3357678969272,3.67363786646979,9.99816647801658,17684540,1.14665810765275,1.14587338340765,TRUE,TRUE,TRUE,TRUE,TRUE,scopolamine
ORAL PAIN,15,7868,18572,17658085,1.81264115360918,0.258549153735276,1.09201939837715,3.00879998710688,1.81109483655931,0.258057356674492,1.09214005588691,3.00333687912224,5.45003652824059,17684540,0.856340580501691,0.855555856256594,TRUE,FALSE,TRUE,TRUE,FALSE,scopolamine
PHOTOSENSITIVITY REACTION,15,7868,13334,17663323,2.52545054178404,0.258590055171364,1.52132698593663,4.19232715777449,2.52254787044994,0.258098336079334,1.52104365097859,4.18347478365767,13.7794987333703,17684540,1.33390284323096,1.33311811898586,TRUE,TRUE,TRUE,TRUE,TRUE,scopolamine
PREMATURE DELIVERY,15,7868,15273,17661384,2.20458723924123,0.25857164463807,1.32808741680807,3.65955194960458,2.20229511586325,0.258079890456449,1.3279859428063,3.65222523900056,9.84435326091587,17684540,1.13823483062386,1.13745010637877,TRUE,TRUE,TRUE,TRUE,TRUE,scopolamine
SCOLIOSIS,15,7868,5182,17671475,6.50133133110841,0.258818075184652,3.91464069502741,10.7972384618956,6.49086323901572,0.258326790174378,3.91210277581278,10.7694782069861,69.4932130326052,17684540,2.69488354993342,2.69409882568832,TRUE,TRUE,TRUE,TRUE,TRUE,scopolamine
ABNORMAL DREAMS,14,7869,17288,17659369,1.81735143363602,0.267607086223874,1.07559101933638,3.07065248218291,1.81589983905643,0.267131995817739,1.07573313174194,3.06534411573389,5.13314337443924,17684540,0.860160026725137,0.85937530248004,TRUE,FALSE,TRUE,TRUE,FALSE,scopolamine
ANISOCORIA,14,7869,338,17676319,93.0429819357061,0.272973055142185,54.4909356592539,158.870395282302,92.8795160284246,0.272507320049013,54.4448781284355,158.44657558649,1221.87891612813,17684540,6.47937960141311,6.47859487716801,TRUE,TRUE,TRUE,TRUE,TRUE,scopolamine
APNOEA,14,7869,5372,17671285,5.85248915435529,0.267846708730289,3.46214215731717,9.89318974943189,5.84387126165441,0.267372044178461,3.4602618240839,9.8694356262569,56.0808417555534,17684540,2.54381270554873,2.54302798130364,TRUE,TRUE,TRUE,TRUE,TRUE,scopolamine
AUTONOMIC NERVOUS SYSTEM IMBALANCE,14,7869,2304,17674353,13.6480165443513,0.268309032155222,8.06640979136915,23.0918538002108,13.6255540006977,0.2678351869647,8.06061643105254,23.0324471352728,162.817366485176,17684540,3.76014636904393,3.75936164479884,TRUE,TRUE,TRUE,TRUE,TRUE,scopolamine
COAGULOPATHY,14,7869,12331,17664326,2.54863277499852,0.267650528514439,1.50826806062862,4.30661444828943,2.54588244405219,0.267175515386957,1.50804380279647,4.29796363137066,13.1356962050984,17684540,1.34717200402026,1.34638727977516,TRUE,TRUE,TRUE,TRUE,TRUE,scopolamine
FOETAL DEATH,14,7869,4956,17671701,6.34388859093073,0.267875875345821,3.75262354426414,10.72447635086,6.33439798579651,0.26740126257021,3.75049677579381,10.6984754930153,62.7321968227382,17684540,2.65978108360076,2.65899635935566,TRUE,TRUE,TRUE,TRUE,TRUE,scopolamine
FOOD ALLERGY,14,7869,6774,17669883,4.64084402012089,0.267774778943115,2.74575939643799,7.8438894708079,4.63437797720808,0.267299986651823,2.74448656822218,7.82567474889988,39.8351867718213,17684540,2.21004037050774,2.20925564626265,TRUE,TRUE,TRUE,TRUE,TRUE,scopolamine
GENERAL PHYSICAL CONDITION ABNORMAL,14,7869,5720,17670937,5.49632038440655,0.267825566636303,3.2515790396998,9.29072841201241,5.48833503804327,0.267350864545943,3.24987730478852,9.26860267783973,51.2787150705419,17684540,2.45348503080988,2.45270030656479,TRUE,TRUE,TRUE,TRUE,TRUE,scopolamine
GLAUCOMA,14,7869,15803,17660854,1.98829422246799,0.267617241831982,1.17673929306305,3.35954950973815,1.98653903800592,0.267142169495673,1.17679576966394,3.35345983666176,6.85904280652535,17684540,0.989622849764161,0.988838125519064,TRUE,FALSE,TRUE,TRUE,FALSE,scopolamine
HYPERNATRAEMIA,14,7869,3971,17672686,7.91792100301209,0.267969279396392,4.68285929636453,13.3878617832082,7.90563495784626,0.267494832352381,4.67994294959707,13.3546636700137,84.1720585284074,17684540,2.97844721117257,2.97766248692747,TRUE,TRUE,TRUE,TRUE,TRUE,scopolamine
HYPOMAGNESAEMIA,14,7869,11502,17665155,2.73245223874275,0.267661447334594,1.61701688898274,4.61732668834848,2.72937544927904,0.267186453623932,1.61670052726756,4.60783566126361,15.3319693029251,17684540,1.44745914648697,1.44667442224187,TRUE,TRUE,TRUE,TRUE,TRUE,scopolamine
INTERVERTEBRAL DISC PROTRUSION,14,7869,17274,17659383,1.81882577819647,0.267607173815437,1.07646341852159,3.07314410737279,1.81737156521984,0.267132083565166,1.07660479235287,3.06782900236901,5.1474991433428,17684540,0.861327863190898,0.860543138945801,TRUE,FALSE,TRUE,TRUE,FALSE,scopolamine
METASTASES TO LIVER,14,7869,14923,17661734,2.10564760671264,0.267624213503587,1.24617593843972,3.55788593479501,2.10368400573662,0.267149153570309,1.24617362331323,3.55125988321428,8.10581639444949,17684540,1.0722084192632,1.0714236950181,TRUE,TRUE,TRUE,TRUE,TRUE,scopolamine
SINUS DISORDER,14,7869,17131,17659526,1.83402316902859,0.267608076698518,1.08545600139461,3.09882757128067,1.83254196588684,0.267132988054864,1.08558976206258,3.09344300590672,5.29605942506445,17684540,0.873310936227409,0.872526211982312,TRUE,FALSE,TRUE,TRUE,FALSE,scopolamine
TEMPERATURE REGULATION DISORDER,14,7869,1948,17674709,16.1425377256894,0.26845680468139,9.53798784387929,27.3203875377682,16.1156449782379,0.267983220782991,9.53094072925426,27.2495675340253,197.093292714021,17684540,4.00070189383117,3.99991716958607,TRUE,TRUE,TRUE,TRUE,TRUE,scopolamine
TERMINAL STATE,14,7869,6018,17670639,5.22406487488861,0.267809404488278,3.09061276700424,8.83024043270819,5.21656304712654,0.267334673697256,3.08904754182755,8.80935940809332,47.6211392256922,17684540,2.38039050678174,2.37960578253664,TRUE,TRUE,TRUE,TRUE,TRUE,scopolamine
TROPONIN INCREASED,14,7869,6058,17670599,5.18955946710917,0.267807356043175,3.07021132469032,8.77188069957331,5.18211892004086,0.267332621614273,3.06866339995625,8.75115742633365,47.1585087839534,17684540,2.37085514463494,2.37007042038984,TRUE,TRUE,TRUE,TRUE,TRUE,scopolamine
VOLVULUS,14,7869,2012,17674645,15.6290008077093,0.268426390002928,9.23510967997441,26.4496767999464,15.6030200882741,0.267952752348772,9.22832073399157,26.3812066022312,190.039126589475,17684540,3.95439276124927,3.95360803700417,TRUE,TRUE,TRUE,TRUE,TRUE,scopolamine
ABASIA,13,7870,14416,17662241,2.02380960481577,0.277704097401664,1.17431106423322,3.4878367762114,2.02212122160346,0.277246338952804,1.17438457660354,3.48180171667862,6.71589668089125,17684540,1.01521231908608,1.01442759484098,TRUE,TRUE,TRUE,TRUE,TRUE,scopolamine
ACUTE MYELOID LEUKAEMIA,13,7870,12242,17664415,2.38350190887828,0.277726275919537,1.38296161267015,4.10790964664425,2.38122035048485,0.277268554099024,1.3828778724672,4.10029726446266,10.4114165931067,17684540,1.25081315237969,1.25002842813459,TRUE,TRUE,TRUE,TRUE,TRUE,scopolamine
CARDIAC FAILURE ACUTE,13,7870,5639,17671018,5.17640317150504,0.27789842519008,3.00245273593607,8.92442018262564,5.16951578837304,0.277440987419502,3.00114742588179,8.9045587216983,43.6318368078231,17684540,2.36735026579995,2.36656554155486,TRUE,TRUE,TRUE,TRUE,TRUE,scopolamine
CIRCULATORY COLLAPSE,13,7870,11979,17664678,2.43586816955084,0.277729504659831,1.41333675513655,4.19818823636106,2.43350025299571,0.27727178817086,1.41323011976403,4.19034621362229,10.973143212163,17684540,1.28211134818603,1.28132662394094,TRUE,TRUE,TRUE,TRUE,TRUE,scopolamine
COELIAC DISEASE,13,7870,8254,17668403,3.53591203248573,0.277797321269512,2.05133031552733,6.09491012092967,3.53173001340387,0.277339716725396,2.05074264805677,6.08224386389824,23.5673217350082,17684540,1.81874784467913,1.81796312043404,TRUE,TRUE,TRUE,TRUE,TRUE,scopolamine
COORDINATION ABNORMAL,13,7870,9031,17667626,3.23155070696065,0.277778559351883,1.874826535477,5.57007263021321,3.22787061572756,0.277320923844424,1.87437197565978,5.55874119287866,19.9712207233187,17684540,1.68915073938236,1.68836601513727,TRUE,TRUE,TRUE,TRUE,TRUE,scopolamine
DIARRHOEA HAEMORRHAGIC,13,7870,7448,17669209,3.91873647974538,0.277820918135702,2.27331763037209,6.75510337513799,3.91392313784043,0.277363352527244,2.27256252416764,6.74075813801137,28.1652192556871,17684540,1.96674272319583,1.96595799895073,TRUE,TRUE,TRUE,TRUE,TRUE,scopolamine
EJECTION FRACTION DECREASED,13,7870,12185,17664472,2.39465937821149,0.277726963857436,1.38943355479034,4.12714484826267,2.39235941983057,0.277269243172914,1.38934493643419,4.11948353757375,10.5306748741356,17684540,1.257539015568,1.25675429132291,TRUE,TRUE,TRUE,TRUE,TRUE,scopolamine
EOSINOPHIL COUNT INCREASED,13,7870,6728,17669929,4.3382786307521,0.277846775939026,2.51657275935946,7.47868759527966,4.33277341418483,0.277389252988297,2.51563413387808,7.46250227958494,33.2748558415589,17684540,2.11314910623283,2.11236438198773,TRUE,TRUE,TRUE,TRUE,TRUE,scopolamine
INCISION SITE PAIN,13,7870,915,17675742,31.9098806424063,0.279540863695634,18.4491003355151,55.1918773324938,31.8589065908585,0.27908611801379,18.4360538063853,55.0546195961693,383.150557283722,17684540,4.97391502100632,4.97313029676122,TRUE,TRUE,TRUE,TRUE,TRUE,scopolamine
INTERNATIONAL NORMALISED RATIO INCREASED,13,7870,16390,17660267,1.77986446162589,0.277689054813298,1.03279288224212,3.06733088136849,1.77857837282706,0.277231271515019,1.03297303485962,3.06236554250232,4.43132593940141,17684540,0.830223938246604,0.829439214001507,TRUE,FALSE,TRUE,TRUE,FALSE,scopolamine
LEFT VENTRICULAR DYSFUNCTION,13,7870,5335,17671322,5.4714601020091,0.277916605728307,3.17348058741746,9.43345163873832,5.46408613507695,0.277459197933135,3.17204616730201,9.41229594931606,47.311348572785,17684540,2.44711226604054,2.44632754179544,TRUE,TRUE,TRUE,TRUE,TRUE,scopolamine
MALNUTRITION,13,7870,8647,17668010,3.37513227038955,0.277787410389338,1.95809329370074,5.81765837167813,3.37121539616463,0.277329789489629,1.95757594218345,5.80569724138567,21.6600349512319,17684540,1.75174470651981,1.75095998227471,TRUE,TRUE,TRUE,TRUE,TRUE,scopolamine
ORAL DISCOMFORT,13,7870,11135,17665522,2.62062496255668,0.277740895888057,1.52050219040207,4.516715094346,2.61795236018281,0.277283198207674,1.52031477435213,4.50806285369906,12.9921250335221,17684540,1.38739872903008,1.38661400478499,TRUE,TRUE,TRUE,TRUE,TRUE,scopolamine
POSTMORTEM BLOOD DRUG LEVEL INCREASED,13,7870,345,17676312,84.6332821391083,0.282752098177274,48.6247899784746,147.307421765909,84.4953609583639,0.282302525347864,48.5883448028177,146.93783154083,1033.66554455732,17684540,6.34808023886964,6.34729551462454,TRUE,TRUE,TRUE,TRUE,TRUE,scopolamine
URINE OUTPUT DECREASED,13,7870,6214,17670443,4.69726225856358,0.277868899405768,2.72469582487244,8.09788473425611,4.6911650355062,0.27741141294531,2.72360015261404,8.08012489250088,37.6907603921554,17684540,2.22757445225662,2.22678972801152,TRUE,TRUE,TRUE,TRUE,TRUE,scopolamine
ABDOMINAL SEPSIS,12,7871,688,17675969,39.1693285330607,0.291399943272211,22.1259276199261,69.3411062390508,39.1112247727668,0.290963760416127,22.1120019100052,69.1790779257188,438.019283682575,17684540,5.26520768688163,5.26442296263653,TRUE,TRUE,TRUE,TRUE,TRUE,scopolamine
ADENOVIRUS INFECTION,12,7871,2471,17674186,10.9048076477637,0.289594773827754,6.18172898819061,19.2365000248147,10.8897299245907,0.28915586793127,6.17849451112727,19.1933840221037,107.272896648988,17684540,3.43855025253712,3.43776552829202,TRUE,TRUE,TRUE,TRUE,TRUE,scopolamine
ATRIOVENTRICULAR BLOCK,12,7871,5731,17670926,4.70089156413527,0.289197040442961,2.66692463365868,8.28609148487334,4.6952578334782,0.288757529981935,2.66602412005103,8.26903476117704,34.8372562966836,17684540,2.22882995232793,2.22804522808283,TRUE,TRUE,TRUE,TRUE,TRUE,scopolamine
CHRONIC GASTRITIS,12,7871,2195,17674462,12.2761733406765,0.289682618459206,6.95793214617728,21.6593707331759,12.2590080381155,0.289243845861937,6.95418112157335,21.6104923716137,123.427680776617,17684540,3.60854788443434,3.60776316018925,TRUE,TRUE,TRUE,TRUE,TRUE,scopolamine
DECUBITUS ULCER,12,7871,6214,17670443,4.33538351786739,0.289173590640322,2.4596765037601,7.64147245309028,4.33030618662111,0.28873404448137,2.4589133511429,7.6259505692518,30.6864059220076,17684540,2.11232893724478,2.11154421299968,TRUE,TRUE,TRUE,TRUE,TRUE,scopolamine
DISSEMINATED INTRAVASCULAR COAGULATION,12,7871,9157,17667500,2.94152957623285,0.289084148070992,1.66916713399349,5.18378062426332,2.93857405740565,0.288644465693104,1.66892765336712,5.1741113363636,15.3343675931216,17684540,1.55387011651403,1.55308539226894,TRUE,TRUE,TRUE,TRUE,TRUE,scopolamine
EPICONDYLITIS,12,7871,1114,17675543,24.1901692621164,0.290444667082288,13.6901250588519,42.7435312982389,24.1548677232169,0.290007047451649,13.6818769785985,42.6445608039571,263.533387493656,17684540,4.57942768663373,4.57864296238863,TRUE,TRUE,TRUE,TRUE,TRUE,scopolamine
FAECALOMA,12,7871,4318,17672339,6.23968591735341,0.289295743620688,3.53923354099705,11.0005965687843,6.23170973683733,0.288856383349705,3.53775455670404,10.9770775845946,52.5729565553101,17684540,2.63626748909987,2.63548276485477,TRUE,TRUE,TRUE,TRUE,TRUE,scopolamine
GASTROENTERITIS,12,7871,11231,17665426,2.39804330358144,0.28904926546704,1.36085959377798,4.22572006116157,2.39591511385127,0.288609529935719,1.36082423684809,4.21833259383794,9.75529138989363,17684540,1.25967937402969,1.25889464978459,TRUE,TRUE,TRUE,TRUE,TRUE,scopolamine
IMPAIRED QUALITY OF LIFE,12,7871,14190,17662467,1.89766829448321,0.289017146158663,1.07697082926226,3.34377204845342,1.89630180716445,0.288577361667362,1.07712337215618,3.33848529965215,5.08351523286344,17684540,0.922612307258186,0.92182758301309,TRUE,FALSE,TRUE,TRUE,FALSE,scopolamine
LABELLED DRUG-DRUG INTERACTION MEDICATION ERROR,12,7871,8704,17667953,3.0947009381983,0.289093978315884,1.75605018957872,5.45381558780108,3.09151225225914,0.28865431091408,1.75575317399253,5.44350319135979,16.9647264031285,17684540,1.62696831759805,1.62618359335295,TRUE,TRUE,TRUE,TRUE,TRUE,scopolamine
LUNG INFECTION,12,7871,12302,17664355,2.18913928736381,0.289035856252583,1.24234182722439,3.85749776306463,2.1873291045085,0.28859610028362,1.24238492125208,3.85098734666565,7.73193912076747,17684540,1.12840694549887,1.12762222125377,TRUE,TRUE,TRUE,TRUE,TRUE,scopolamine
MEAN CELL VOLUME DECREASED,12,7871,1295,17675362,20.8089363770726,0.290228598420449,11.7815467781611,36.7533942103179,20.778781964219,0.289790652498663,11.7745766890514,36.6686456183196,223.865167873745,17684540,4.36437537291852,4.36359064867343,TRUE,TRUE,TRUE,TRUE,TRUE,scopolamine
METASTASES TO BONE,12,7871,14327,17662330,1.8795075194193,0.289015980342963,1.0666666049701,3.31176442488582,1.87816867757825,0.288576194074221,1.06682596698365,3.3065539184519,4.92709813139198,17684540,0.908762004981483,0.907977280736386,TRUE,FALSE,TRUE,TRUE,FALSE,scopolamine
MIDDLE INSOMNIA,12,7871,13810,17662847,1.94992704131823,0.289020500838862,1.10662160551476,3.4358767690022,1.94848100243762,0.288580721462059,1.10675452574662,3.43037062739739,5.53993545585802,17684540,0.961740034891429,0.960955310646332,TRUE,FALSE,TRUE,TRUE,FALSE,scopolamine
MITRAL VALVE INCOMPETENCE,12,7871,7048,17669609,3.82219093034085,0.289140662670944,2.16865704206315,6.73649324195653,3.81789481323263,0.288701066374675,2.16808672395693,6.72312626789472,24.9253605901736,17684540,1.93096633055541,1.93018160631032,TRUE,TRUE,TRUE,TRUE,TRUE,scopolamine
OBSTRUCTIVE SLEEP APNOEA SYNDROME,12,7871,1366,17675291,19.7272799142394,0.290159444083411,11.1706514709756,34.8382163588141,19.6987720671036,0.289721393626824,11.1640899263765,34.7580164178818,211.156079660605,17684540,4.28805862600967,4.28727390176457,TRUE,TRUE,TRUE,TRUE,TRUE,scopolamine
PORPHYRIA ACUTE,12,7871,1269,17675388,21.2353130397879,0.290255853745333,12.0223092986467,37.5084776723008,21.2045095694748,0.289817949009405,12.0151781279202,37.421935929283,228.872488750752,17684540,4.39336403837231,4.39257931412721,TRUE,TRUE,TRUE,TRUE,TRUE,scopolamine
RESPIRATORY RATE INCREASED,12,7871,6171,17670486,4.36560342523681,0.289175529522987,2.47681233253378,7.69476678394218,4.36048009134072,0.288735986315857,2.47603782364108,7.67911800273651,31.0282841144602,17684540,2.12232750845355,2.12154278420845,TRUE,TRUE,TRUE,TRUE,TRUE,scopolamine
URINE ODOUR ABNORMAL,12,7871,4781,17671876,5.6352767012715,0.289256978901792,3.19664739546794,9.93426536342923,5.62822059060104,0.288817559657882,3.19539565792085,9.9132847407938,45.5687664277525,17684540,2.48970557409499,2.4889208498499,TRUE,TRUE,TRUE,TRUE,TRUE,scopolamine
APPLICATION SITE SWELLING,11,7872,4121,17672536,5.99244228944352,0.302123881153152,3.31459766999739,10.8337023577101,5.98547579633381,0.301703229395727,3.31347505547828,10.8121895920917,45.567060887759,17684540,2.57826337776504,2.57747865351994,TRUE,TRUE,TRUE,TRUE,TRUE,scopolamine
BLOOD LACTATE DEHYDROGENASE INCREASED,11,7872,9841,17666816,2.50857248131469,0.301890370370063,1.38820109523661,4.53315871569511,2.50646740744758,0.301469392755915,1.38818112157917,4.5256190038446,9.95421332713491,17684540,1.32468700413114,1.32390227988604,TRUE,TRUE,TRUE,TRUE,TRUE,scopolamine
BLOOD MAGNESIUM DECREASED,11,7872,7273,17669384,3.39480959758725,0.301949788654385,1.87841078174414,6.13536310368148,3.39146786150029,0.301528894010344,1.87811045241374,6.12426933719845,18.5291989189648,17684540,1.76037270965326,1.75958798540816,TRUE,TRUE,TRUE,TRUE,TRUE,scopolamine
BLOOD PRESSURE DIASTOLIC INCREASED,11,7872,3977,17672680,6.20946841697484,0.302138421633788,3.43454337827034,11.2263826001889,6.20219908390536,0.301717790149313,3.43335202738785,11.2039992315216,47.8761598493193,17684540,2.6294382222319,2.62865349798681,TRUE,TRUE,TRUE,TRUE,TRUE,scopolamine
BONE DISORDER,11,7872,13105,17663552,1.88342623525434,0.301848450047898,1.04234149673838,3.40319789123265,1.88219349535991,0.301427413869916,1.04251922772402,3.39816500239454,4.54793194412944,17684540,0.911847730237038,0.911063005991941,TRUE,FALSE,TRUE,TRUE,FALSE,scopolamine
CHOLECYSTITIS,11,7872,8513,17668144,2.9001195206948,0.301916623310563,1.60479395033522,5.24098014736291,2.89746807901934,0.301495682360384,1.60465012475687,5.23187026219068,13.6575109103284,17684540,1.5335730388474,1.5327883146023,TRUE,TRUE,TRUE,TRUE,TRUE,scopolamine
CLOSTRIDIUM DIFFICILE COLITIS,11,7872,8623,17668034,2.86310608492696,0.301914141684583,1.58432010821068,5.17406577816138,2.86050629208995,0.301493197269005,1.58418799129565,5.16510432603015,13.3005772560762,17684540,1.51507453916864,1.51428981492355,TRUE,TRUE,TRUE,TRUE,TRUE,scopolamine
DEVICE OCCLUSION,11,7872,13206,17663451,1.86901103134015,0.301847483341564,1.03436567390182,3.37714439236385,1.86779840653427,0.301426445812737,1.03454796319289,3.37216930637513,4.43469224908968,17684540,0.900780786580034,0.899996062334937,TRUE,FALSE,TRUE,TRUE,FALSE,scopolamine
DRUG ADMINISTERED AT INAPPROPRIATE SITE,11,7872,8603,17668054,2.86976539782398,0.301914588170547,1.58800369666616,5.18610470229853,2.86715631252954,0.301493644378457,1.58786947318621,5.17711654471358,13.3647031695193,17684540,1.51842030838824,1.51763558414314,TRUE,TRUE,TRUE,TRUE,TRUE,scopolamine
ENTEROCOLITIS,11,7872,4945,17671712,4.99367103175582,0.30205695569907,2.76250999191913,9.02684531326292,4.9880982318891,0.301636210605289,2.76170363532879,9.00933889237286,35.0062915610764,17684540,2.3159274444895,2.3151427202444,TRUE,TRUE,TRUE,TRUE,TRUE,scopolamine
HOSPICE CARE,11,7872,9517,17667140,2.59402275218244,0.301896099942332,1.43547169289406,4.68762572759196,2.59179844033746,0.301475130330637,1.43542469166033,4.67974335007835,10.7473150932343,17684540,1.37293021876598,1.37214549452089,TRUE,TRUE,TRUE,TRUE,TRUE,scopolamine
INFECTIOUS MONONUCLEOSIS,11,7872,1696,17674961,14.5626434358941,0.302697543181534,8.04597845919026,26.3573392492443,14.5437180169172,0.302277689750116,8.04213726674082,26.3014329076882,137.856514839013,17684540,3.85364057360236,3.85285584935726,TRUE,TRUE,TRUE,TRUE,TRUE,scopolamine
LIGAMENT RUPTURE,11,7872,3649,17673008,6.76774848661065,0.302175822489451,3.74306145483007,12.2366197110969,6.75970012515528,0.301755243141614,3.74169326016695,12.2119967097424,53.8328868039556,17684540,2.75325998345869,2.7524752592136,TRUE,TRUE,TRUE,TRUE,TRUE,scopolamine
METASTASES TO LUNG,11,7872,9941,17666716,2.48332381579776,0.301888677387363,1.37423347572361,4.48751779304542,2.48125397411645,0.301467697408557,1.37422148795004,4.48007933077269,9.72175557072494,17684540,1.3101171464995,1.3093324222544,TRUE,TRUE,TRUE,TRUE,TRUE,scopolamine
NEUTROPENIC SEPSIS,11,7872,5538,17671119,4.45880726235147,0.30202110956361,2.46679546459574,8.05942871556898,4.45398081558173,0.301600314459822,2.46615842218355,8.04406761833471,29.4143126771584,17684540,2.15287582897897,2.15209110473387,TRUE,TRUE,TRUE,TRUE,TRUE,scopolamine
POST PROCEDURAL COMPLICATION,11,7872,12710,17663947,1.94200257823044,0.301852378238174,1.07475103148457,3.50906759181635,1.94068810044781,0.301431347549147,1.07491023948871,3.50379981961209,5.01493205948987,17684540,0.955963451495004,0.955178727249907,TRUE,FALSE,TRUE,TRUE,FALSE,scopolamine
PRODUCT LABEL CONFUSION,11,7872,5635,17671022,4.38203000447263,0.302015963665006,2.42434358118597,7.92057161745399,4.37731069329044,0.301595161380983,2.42373084025423,7.90551846243167,28.6166679733909,17684540,2.12787450318041,2.12708977893531,TRUE,TRUE,TRUE,TRUE,TRUE,scopolamine
PRODUCT SUPPLY ISSUE,11,7872,6953,17669704,3.55111424676019,0.301960266978551,1.96485667413313,6.4179807919612,3.5475544019404,0.301539386962061,1.96450688904645,6.40626016884849,20.0999546020461,17684540,1.825187428979,1.8244027047339,TRUE,TRUE,TRUE,TRUE,TRUE,scopolamine
SEASONAL ALLERGY,11,7872,13181,17663476,1.87255857778781,0.301847721245916,1.03632850720987,3.38355608559614,1.87134100270781,0.301426684049531,1.03650967471543,3.37856677447503,4.46249620229362,17684540,0.903512233192631,0.902727508947535,TRUE,FALSE,TRUE,TRUE,FALSE,scopolamine
SNORING,11,7872,3055,17673602,8.08390974079545,0.302263977763153,4.47022274239295,14.6188681108864,8.07402479760773,0.301843521251299,4.4684374871308,14.5889646258078,67.9438460422819,17684540,3.00874593497132,3.00796121072622,TRUE,TRUE,TRUE,TRUE,TRUE,scopolamine
STAPHYLOCOCCAL SEPSIS,11,7872,3343,17673314,7.38735920403999,0.302217326650217,4.08541928683712,13.3580110578477,7.37844623293198,0.301796805143564,4.08385477766304,13.3309022421757,60.4662812028514,17684540,2.87922094306575,2.87843621882066,TRUE,TRUE,TRUE,TRUE,TRUE,scopolamine
VENTRICULAR EXTRASYSTOLES,11,7872,6603,17670054,3.73941942040388,0.301972890065683,2.06899607076157,6.75847470147523,3.73559681306855,0.301552027669256,2.06858670087965,6.7459988715357,22.0077898279729,17684540,1.89958058643898,1.89879586219389,TRUE,TRUE,TRUE,TRUE,TRUE,scopolamine
ANTIPSYCHOTIC DRUG LEVEL BELOW THERAPEUTIC,10,7873,492,17676165,45.633385792133,0.319624143774644,24.3900746133057,85.3792344578405,45.5767659953652,0.319226578616615,24.3788017740206,85.2068784122893,427.314198499743,17684540,5.48184083892939,5.4810561146843,TRUE,TRUE,TRUE,TRUE,TRUE,scopolamine
APPLICATION SITE DRYNESS,10,7873,3112,17673545,7.21346336132374,0.316935971022198,3.87581005730981,13.4253363544024,7.20558125633665,0.316535029548062,3.87461863933404,13.4001320064351,53.2818480072734,17684540,2.84512957090226,2.84434484665716,TRUE,TRUE,TRUE,TRUE,TRUE,scopolamine
APPLICATION SITE SCAB,10,7873,1968,17674689,11.4073938251449,0.317230520354673,6.12568083152346,21.243129941132,11.3941914988413,0.316829951632366,6.12339696825246,21.2018917906801,94.3507373345681,17684540,3.50355768212105,3.50277295787596,TRUE,TRUE,TRUE,TRUE,TRUE,scopolamine
ATRIOVENTRICULAR BLOCK COMPLETE,10,7873,4894,17671763,4.58643942551221,0.316751329606465,2.46519618539877,8.53296249948972,4.58188983852057,0.316350154109282,2.46468802954295,8.51779788788567,27.9520560508995,17684540,2.19364112918938,2.19285640494429,TRUE,TRUE,TRUE,TRUE,TRUE,scopolamine
BLINDNESS UNILATERAL,10,7873,10796,17665861,2.07841219353532,0.316574951457503,1.11752601720501,3.86550038185272,2.07704417096329,0.316173552133821,1.11766942773454,3.85991813060242,5.58321899503926,17684540,1.05383942625273,1.05305470200764,TRUE,TRUE,TRUE,TRUE,TRUE,scopolamine
CRANIOCEREBRAL INJURY,10,7873,2840,17673817,7.90445192429823,0.316984519562144,4.24667565113862,14.7127695534717,7.89569326398579,0.31658363957432,4.24530438180439,14.6849239800453,60.0218085134565,17684540,2.9766381889407,2.9758534646956,TRUE,TRUE,TRUE,TRUE,TRUE,scopolamine
ELECTROENCEPHALOGRAM ABNORMAL,10,7873,1608,17675049,13.961572330144,0.317409772233476,7.4946210395869,26.0087202408552,13.9451298941043,0.317009430013258,7.49167087147404,25.9577137196335,119.436625575353,17684540,3.79338850045019,3.79260377620509,TRUE,TRUE,TRUE,TRUE,TRUE,scopolamine
ELECTROLYTE IMBALANCE,10,7873,9247,17667410,2.42678766358957,0.316599456992709,1.30477876538316,4.51363749962704,2.42497770841567,0.316198088785557,1.30483171432828,4.50672437046039,8.36886140950768,17684540,1.27705538626257,1.27627066201747,TRUE,TRUE,TRUE,TRUE,TRUE,scopolamine
EYELID PTOSIS,10,7873,7970,17668687,2.81582528537649,0.316626820558278,1.51386627355376,5.23749830237833,2.81352181552317,0.316225487088716,1.51381818561245,5.22909889817597,11.6801044780344,17684540,1.49121136177046,1.49042663752536,TRUE,TRUE,TRUE,TRUE,TRUE,scopolamine
GALLBLADDER DISORDER,10,7873,11440,17665217,1.96133916572441,0.316566715845088,1.05459491323656,3.64770517543887,1.96011965644403,0.316165306062318,1.05476872058708,3.64257016025254,4.70186282487891,17684540,0.970324415008495,0.969539690763398,TRUE,FALSE,TRUE,TRUE,FALSE,scopolamine
HYPERCALCAEMIA,10,7873,9832,17666825,2.28231921067533,0.316589294977966,1.22712876783005,4.24485279456758,2.28069252133031,0.316187913868212,1.22721923216703,4.23849157551671,7.18825182643025,17684540,1.18864859175002,1.18786386750493,TRUE,TRUE,TRUE,TRUE,TRUE,scopolamine
HYPERTENSIVE CRISIS,10,7873,8993,17667664,2.4953661900179,0.316604280741471,1.34163778830608,4.64123213922462,2.49346923937725,0.316202918658571,1.34167292801313,4.63405701785149,8.93978435753536,17684540,1.31719428856072,1.31640956431562,TRUE,TRUE,TRUE,TRUE,TRUE,scopolamine
HYPOALBUMINAEMIA,10,7873,5871,17670786,3.82299328877094,0.316697650307276,2.05506258941961,7.11184066180452,3.8194121733469,0.316296406720855,2.05475284836914,7.09959319997484,20.7838482561903,17684540,1.93153861771823,1.93075389347314,TRUE,TRUE,TRUE,TRUE,TRUE,scopolamine
HYPOGAMMAGLOBULINAEMIA,10,7873,5788,17670869,3.87783327953936,0.316701506510926,2.08452625120098,7.21391296235259,3.87418259670346,0.316300267816723,2.08420225983797,7.20145596318797,21.2932202411187,17684540,1.95204477481877,1.95126005057367,TRUE,TRUE,TRUE,TRUE,TRUE,scopolamine
INCOHERENT,10,7873,4310,17672347,5.20806875270205,0.316795030788329,2.7990801513645,9.69031919991607,5.20273059622266,0.31639391070555,2.79841038811677,9.67277915055461,33.8790630834429,17684540,2.37656879582933,2.37578407158424,TRUE,TRUE,TRUE,TRUE,TRUE,scopolamine
INCORRECT PRODUCT DOSAGE FORM ADMINISTERED,10,7873,387,17676270,58.0148815941443,0.320485650671446,30.9554068924595,108.728226318435,57.9425552189138,0.320089155546126,30.9408509382412,108.508318403984,545.514712212243,17684540,5.82038919573721,5.81960447149211,TRUE,TRUE,TRUE,TRUE,TRUE,scopolamine
INTERVERTEBRAL DISC DEGENERATION,10,7873,7247,17669410,3.09687399653857,0.316646587085854,1.66490140227152,5.76047839070335,3.09421400161717,0.316245278704817,1.66478031227637,5.75100523306425,14.1602578601816,17684540,1.62822683817908,1.62744211393399,TRUE,TRUE,TRUE,TRUE,TRUE,scopolamine
LIP DRY,10,7873,7688,17668969,2.91915787079301,0.316634088219039,1.56939840023432,5.42977657766217,2.9167233181217,0.316232763974351,1.5693234728493,5.42098239251392,12.5848537951768,17684540,1.54311643706932,1.54233171282423,TRUE,TRUE,TRUE,TRUE,TRUE,scopolamine
LOWER RESPIRATORY TRACT CONGESTION,10,7873,1671,17674986,13.4351455933866,0.317372835963834,7.2125554539395,25.0262390727137,13.4193709573427,0.316972447092091,7.20974267483379,24.9772460700096,114.266009387029,17684540,3.738280383644,3.7374956593989,TRUE,TRUE,TRUE,TRUE,TRUE,scopolamine
MIOSIS,10,7873,6226,17670431,3.60493779155269,0.316682316754851,1.93790438167647,6.70599468366051,3.60163329099256,0.31628105371403,1.93765129945516,6.6945803749278,18.7693334620463,17684540,1.84697918018238,1.84619445593728,TRUE,TRUE,TRUE,TRUE,TRUE,scopolamine
MULTI-ORGAN FAILURE,10,7873,6060,17670597,3.70372170584263,0.316689263281766,1.99098048717098,6.88984877688146,3.70029189269301,0.316288009054591,1.9907017379432,6.87805703393639,19.6796996390495,17684540,1.88590359173712,1.88511886749202,TRUE,TRUE,TRUE,TRUE,TRUE,scopolamine
MYOCLONUS,10,7873,8794,17667863,2.55186273702949,0.316608254600054,1.37200256466245,4.74634931184824,2.54989411754829,0.316206897562189,1.37202303230387,4.73895835392022,9.41465915306923,17684540,1.34944096298861,1.34865623874351,TRUE,TRUE,TRUE,TRUE,TRUE,scopolamine
ORAL CANDIDIASIS,10,7873,10508,17666149,2.13541148159464,0.316578961048692,1.14816451787234,3.97154077202829,2.13397115242859,0.316177566816797,1.14829312853889,3.96574077316983,6.02366405429939,17684540,1.09281161139947,1.09202688715437,TRUE,TRUE,TRUE,TRUE,TRUE,scopolamine
PETECHIAE,10,7873,7889,17668768,2.84474970309578,0.316628854907762,1.52941074963764,5.29131946743598,2.84240954109769,0.316227524020462,1.52935514903851,5.28280955826547,11.9324483679186,17684540,1.50593008611294,1.50514536186785,TRUE,TRUE,TRUE,TRUE,TRUE,scopolamine
PHYSICAL DISABILITY,10,7873,3873,17672784,5.7958511194807,0.316836346950272,3.11473195050928,10.7848414351332,5.78976733016258,0.316435279242953,3.11390933806982,10.7650551438972,39.5314913454479,17684540,2.53042840097169,2.52964367672659,TRUE,TRUE,TRUE,TRUE,TRUE,scopolamine
POLYP,10,7873,5464,17671193,4.10785332266867,0.31671768040292,2.208103345947,7.64206030099691,4.10391084731326,0.316316462226493,2.20771957948456,7.62872440829988,23.4401781343236,17684540,2.03500467351521,2.03421994927011,TRUE,TRUE,TRUE,TRUE,TRUE,scopolamine
SPLENOMEGALY,10,7873,9222,17667435,2.43336990666981,0.316599919984654,1.30831656554691,4.52588407012261,2.43155160157446,0.31619855236533,1.30836780516532,4.51894579473562,8.42338446273564,17684540,1.28095688423468,1.28017215998958,TRUE,TRUE,TRUE,TRUE,TRUE,scopolamine
STATUS EPILEPTICUS,10,7873,8898,17667759,2.52202166918373,0.316606155642877,1.3559641681611,4.69082697698291,2.52009090466618,0.316204795940291,1.35599238552781,4.68355002252404,9.16334258442978,17684540,1.33249855009237,1.33171382584728,TRUE,TRUE,TRUE,TRUE,TRUE,scopolamine
SUDDEN DEATH,10,7873,6486,17670171,3.4603781140311,0.316672150982204,1.86023058167779,6.43695292938665,3.45725699502307,0.316270875042424,1.86001505832968,6.42609094808599,17.4445584551278,17684540,1.78804847569499,1.78726375144989,TRUE,TRUE,TRUE,TRUE,TRUE,scopolamine
SUPRAVENTRICULAR EXTRASYSTOLES,10,7873,2114,17674543,10.6194728495567,0.317175203729013,5.70319176990887,19.7737000879903,10.6072700424407,0.316774565056831,5.70111330010843,19.7354747801838,86.6161758304991,17684540,3.40081634207601,3.40003161783091,TRUE,TRUE,TRUE,TRUE,TRUE,scopolamine
TENOSYNOVITIS,10,7873,2224,17674433,10.0941663156202,0.317138318800779,5.42146763202799,18.7942086023829,10.0826298874639,0.316737633472621,5.41952605847349,18.7579918152869,81.4621539200161,17684540,3.32797092239685,3.32718619815175,TRUE,TRUE,TRUE,TRUE,TRUE,scopolamine
TRIGGER FINGER,10,7873,3441,17673216,6.52365012976822,0.316887497641908,3.50550489403172,12.1403370704408,6.51664308913678,0.316486494757526,3.5044929666103,12.1177692624305,46.5747261058743,17684540,2.70058563444465,2.69980091019955,TRUE,TRUE,TRUE,TRUE,TRUE,scopolamine
TYPE 1 DIABETES MELLITUS,10,7873,4564,17672093,4.91815374726723,0.316774650214997,2.64337072105788,9.15052742661784,4.9131833632164,0.316373504291042,2.64277633370755,9.1340952515347,31.1070797066976,17684540,2.29414374246849,2.29335901822339,TRUE,TRUE,TRUE,TRUE,TRUE,scopolamine
WRONG PRODUCT ADMINISTERED,10,7873,6543,17670114,3.43022161825863,0.316670030266176,1.84402671306291,6.38082966315872,3.42713875435116,0.316268751635383,1.8438190245399,6.3700829014423,17.1694044530138,17684540,1.77544457649002,1.77465985224493,TRUE,TRUE,TRUE,TRUE,TRUE,scopolamine
APPLICATION SITE DISCHARGE,9,7874,1044,17675613,19.3517874190921,0.334956746978421,10.0369126722568,37.3114411315811,19.3308352325169,0.334577425549466,10.0335025394503,37.2433444171122,155.115210134236,17684540,4.2610915784094,4.2603068541643,TRUE,TRUE,TRUE,TRUE,TRUE,scopolamine
APPLICATION SITE SCAR,9,7874,1004,17675653,20.1228205036091,0.335013706997733,10.4356481717678,38.8023722489943,20.1009880306252,0.334634450135417,10.432077636899,38.731471703986,161.914563963361,17684540,4.31696284063398,4.31617811638888,TRUE,TRUE,TRUE,TRUE,TRUE,scopolamine
APPLICATION SITE URTICARIA,9,7874,1743,17674914,11.5906294359921,0.334382851545594,6.01831051984587,22.3223262208689,11.5785381427124,0.334002878350573,6.01651135842794,22.2824386983747,86.5458811940333,17684540,3.52659423983394,3.52580951558884,TRUE,TRUE,TRUE,TRUE,TRUE,scopolamine
ATRIOVENTRICULAR BLOCK SECOND DEGREE,9,7874,2160,17674497,9.35277336804674,0.334217191219678,4.85790473968982,18.0066045674724,9.34323702904985,0.333837029468184,4.8565688538325,17.9748461945762,66.7823619571532,17684540,3.21856696176284,3.21778223751774,TRUE,TRUE,TRUE,TRUE,TRUE,scopolamine
BRADYKINESIA,9,7874,5297,17671360,3.81317819082684,0.333806761554038,1.98218894053585,7.33549038522369,3.80996639281625,0.333426131829106,1.98199745119666,7.32384590385073,18.6258742694874,17684540,1.92797233920642,1.92718761496132,TRUE,TRUE,TRUE,TRUE,TRUE,scopolamine
DEFORMITY,9,7874,5890,17670767,3.42915570058644,0.333778290550296,1.78266356375071,6.59637020578544,3.42638234002507,0.333397628318056,1.78255128042089,6.58611960788228,15.4456770068201,17684540,1.77512660560651,1.77434188136142,TRUE,TRUE,TRUE,TRUE,TRUE,scopolamine
FISTULA,9,7874,9216,17667441,2.19118114701073,0.333686491951426,1.13930133529067,4.21422732537244,2.18982117868356,0.333305724861759,1.13944427581608,4.20846977459832,5.81567253359309,17684540,1.13004810359999,1.1292633793549,TRUE,TRUE,TRUE,TRUE,TRUE,scopolamine
FUNGAL OESOPHAGITIS,9,7874,554,17676103,36.4690002466648,0.336219009115029,18.8681126068954,70.4886602439071,36.4285053840211,0.335841113374766,18.8611264225048,70.3582582920527,305.156071311715,17684540,5.16439018735488,5.16360546310979,TRUE,TRUE,TRUE,TRUE,TRUE,scopolamine
GASTROINTESTINAL STROMAL TUMOUR,9,7874,2219,17674438,9.10406626311225,0.334198775269294,4.72889498251003,17.5271438316325,9.09481387235137,0.333818592544928,4.72761054910511,17.49628877285,64.5891043905295,17684540,3.17984778209508,3.17906305784999,TRUE,TRUE,TRUE,TRUE,TRUE,scopolamine
GENERALISED OEDEMA,9,7874,9079,17667578,2.22426280891773,0.333688945359273,1.15649653431093,4.27787277899829,2.22286507134571,0.333308181073007,1.15663265688191,4.27199517150868,6.05172835552446,17684540,1.15163417993043,1.15084945568534,TRUE,TRUE,TRUE,TRUE,TRUE,scopolamine
HAEMODYNAMIC INSTABILITY,9,7874,5961,17670696,3.38829825923366,0.333775261281772,1.76143407888555,6.5177375816355,3.38557154550372,0.333394595590443,1.76133022157427,6.507635280044,15.1107782143042,17684540,1.75786608328295,1.75708135903785,TRUE,TRUE,TRUE,TRUE,TRUE,scopolamine
HEPATITIS ACUTE,9,7874,4711,17671946,4.2876405595732,0.333841934318124,2.22867314080853,8.24879217659878,4.28388706914619,0.333461344743989,2.22838376905827,8.2354254576865,22.6187165010639,17684540,2.09681015518591,2.09602543094081,TRUE,TRUE,TRUE,TRUE,TRUE,scopolamine
HEPATITIS CHOLESTATIC,9,7874,4243,17672414,4.76069045515418,0.333876998684749,2.47438973501511,9.15950033621433,4.75639688492757,0.333496449128678,2.47400274712189,9.1444164131456,26.6496540337221,17684540,2.24745541790401,2.24667069365891,TRUE,TRUE,TRUE,TRUE,TRUE,scopolamine
HYPERHOMOCYSTEINAEMIA,9,7874,184,17676473,109.805701345098,0.341574224065837,56.2174368704948,214.476018813606,109.681478167107,0.341202259502884,56.1947920033716,214.077252073462,924.028872509451,17684540,6.70892426216703,6.70813953792194,TRUE,TRUE,TRUE,TRUE,TRUE,scopolamine
INTERNATIONAL NORMALISED RATIO DECREASED,9,7874,1978,17674679,10.2134471695637,0.33428091347866,5.30428302201835,19.6660892061102,10.2029282015913,0.333900824278827,5.3027690272278,19.6312046314508,74.3784229763252,17684540,3.34500514218544,3.34422041794035,TRUE,TRUE,TRUE,TRUE,TRUE,scopolamine
INTRA-ABDOMINAL HAEMATOMA,9,7874,982,17675675,20.5736628632117,0.335047008461406,10.6687575949157,39.6743107005087,20.5513156647125,0.334667789337543,10.6650932389753,39.6017705693532,165.88878472019,17684540,4.34864005224863,4.34785532800353,TRUE,TRUE,TRUE,TRUE,TRUE,scopolamine
OROPHARYNGEAL DISCOMFORT,9,7874,8291,17668366,2.43577164732426,0.333704630887887,1.26643077198551,4.68480682019992,2.43413243067756,0.333323884523383,1.26652330079938,4.67816161482118,7.59992875951902,17684540,1.28248567831346,1.28170095406837,TRUE,TRUE,TRUE,TRUE,TRUE,scopolamine
PANIC REACTION,9,7874,5521,17671136,3.65842217792025,0.333795288406035,1.90178551620403,7.03762475729302,3.65538706443537,0.333414645582159,1.90162594783644,7.0265420000415,17.3377705606215,17684540,1.86831753431304,1.86753281006795,TRUE,TRUE,TRUE,TRUE,TRUE,scopolamine
PATHOLOGICAL FRACTURE,9,7874,3941,17672716,5.12559116668601,0.333904044082139,2.66390726481802,9.86208685076144,5.12088099029375,0.333523525386254,2.66344496076381,9.84567824868127,29.7840892770146,17684540,2.35374436148329,2.35295963723819,TRUE,TRUE,TRUE,TRUE,TRUE,scopolamine
PHARYNGITIS,9,7874,10137,17666520,1.99199691681419,0.333671719635775,1.03576578382718,3.83103185928311,1.99086435658949,0.3332909356651,1.03594977255798,3.82599715867661,4.43703724963422,17684540,0.992757854303974,0.991973130058878,TRUE,FALSE,TRUE,TRUE,FALSE,scopolamine
PUPILS UNEQUAL,9,7874,706,17675951,28.6170713885337,0.335640579391192,14.8225238530044,55.2494826777048,28.5855410520505,0.335262031664903,14.8171819550336,55.1476765094913,236.578527368768,17684540,4.81958186776936,4.81879714352426,TRUE,TRUE,TRUE,TRUE,TRUE,scopolamine
RENAL ARTERY STENOSIS,9,7874,890,17675767,22.7004967279598,0.335204062393881,11.768033667658,43.7891806098702,22.67572132893,0.334825021148056,11.7639264163275,43.7089046284439,184.620919296093,17684540,4.48920399392067,4.48841926967557,TRUE,TRUE,TRUE,TRUE,TRUE,scopolamine
RENAL CYST,9,7874,6137,17670520,3.2910941428857,0.333768054225377,1.71092590593534,6.33066611462358,3.28847840683521,0.3333873803041,1.71084209424777,6.32091662262744,14.317120462238,17684540,1.71594924784215,1.71516452359705,TRUE,TRUE,TRUE,TRUE,TRUE,scopolamine
RESPIRATORY SYNCYTIAL VIRUS INFECTION,9,7874,7930,17668727,2.54670811497991,0.333712857659211,1.32408862009518,4.89825388155539,2.54494224246503,0.333332120693416,1.32415828195399,4.89120606331559,8.43512395539591,17684540,1.34663971847511,1.34585499423002,TRUE,TRUE,TRUE,TRUE,TRUE,scopolamine
TARDIVE DYSKINESIA,9,7874,10433,17666224,1.93544852075806,0.333667525656846,1.00637095173361,3.72224672229624,1.93438052168577,0.333286736893079,1.0065665932343,3.71741723580761,4.06097372344646,17684540,0.951270856087186,0.950486131842089,TRUE,FALSE,TRUE,TRUE,FALSE,scopolamine
TORTICOLLIS,9,7874,1569,17675088,12.8761414845965,0.334477976213108,6.68455250560933,24.802710337337,12.8625825256518,0.334098111205194,6.68248697003949,24.7581521626559,97.9101075207007,17684540,3.67749980942166,3.67671508517656,TRUE,TRUE,TRUE,TRUE,TRUE,scopolamine
WHITE BLOOD CELLS URINE POSITIVE,9,7874,1411,17675246,14.3181053038222,0.334584645737426,7.43158333240964,27.5860648157288,14.3029000586447,0.334204901973335,7.42921878705527,27.5362667261904,110.658455686679,17684540,3.82970608504307,3.82892136079797,TRUE,TRUE,TRUE,TRUE,TRUE,scopolamine
WOUND INFECTION,9,7874,9328,17667329,2.16485821554405,0.333684539772824,1.1256190736574,4.16358535768291,2.16352830003727,0.333303770452445,1.12576743911086,4.1579233351776,5.62917003055946,17684540,1.11263793168607,1.11185320744098,TRUE,TRUE,TRUE,TRUE,TRUE,scopolamine
APHAGIA,8,7875,2693,17673964,6.66710104385856,0.354257496453025,3.32956094281212,13.350179525916,6.6613498313315,0.353898885638037,3.32902785369199,13.329291170144,38.3836114373636,17684540,2.73217837348383,2.73139364923874,TRUE,TRUE,TRUE,TRUE,TRUE,scopolamine
APPLICATION SITE EROSION,8,7875,1071,17675586,16.7657804455115,0.355050345047367,8.35985643928887,33.6239498834035,16.7497806683247,0.354692535847777,8.35773780921945,33.5683122444331,117.604626705698,17684540,4.05597714850478,4.05519242425969,TRUE,TRUE,TRUE,TRUE,TRUE,scopolamine
APPLICATION SITE HAEMORRHAGE,8,7875,2717,17673940,6.60819975346291,0.35425286690032,3.30017548942489,13.2321157228148,6.60250831644303,0.35389425139397,3.29965161618426,13.2114299142619,37.9259184589169,17684540,2.71941578344115,2.71863105919605,TRUE,TRUE,TRUE,TRUE,TRUE,scopolamine
APPLICATION SITE HYPERSENSITIVITY,8,7875,1057,17675600,16.9878572179424,0.355067760428775,8.47030059236905,34.0704901449645,16.9716320679051,0.354709968796794,8.4681469737476,34.0140878448729,119.348374216557,17684540,4.0748185828796,4.0740338586345,TRUE,TRUE,TRUE,TRUE,TRUE,scopolamine
BLOOD PHOSPHORUS DECREASED,8,7875,2974,17673683,6.03706040712631,0.354207973070102,3.01521029911412,12.0874150536034,6.03194858634019,0.353849312064063,3.01477576879876,12.0686931760596,33.4974161590988,17684540,2.58939175570936,2.58860703146426,TRUE,TRUE,TRUE,TRUE,TRUE,scopolamine
BLOOD UREA DECREASED,8,7875,782,17675875,22.9622051719238,0.3555359518808,11.4386634201881,46.0947968297554,22.9399170022707,0.355178631886243,11.4355665918445,46.0178153696703,166.17556661769,17684540,4.50574745492834,4.50496273068324,TRUE,TRUE,TRUE,TRUE,TRUE,scopolamine
CACHEXIA,8,7875,3906,17672751,4.59633150464487,0.354094700745887,2.29614785433511,9.20074169470607,4.59268179615354,0.353735924886228,2.29593854042411,9.18697330496652,22.4423682986551,17684540,2.197028257366,2.1962435331209,TRUE,TRUE,TRUE,TRUE,TRUE,scopolamine
CARDIAC AMYLOIDOSIS,8,7875,981,17675676,18.3040186398719,0.355170956996418,9.12470488735265,36.7175818292114,18.286457793859,0.354813269427613,9.12234379889318,36.6566472409383,129.678931524381,17684540,4.18162958723369,4.18084486298859,TRUE,TRUE,TRUE,TRUE,TRUE,scopolamine
CLONUS,8,7875,2121,17674536,8.46538622841876,0.354398809852059,4.22645666320736,16.9557550702339,8.45781004044117,0.354040342177367,4.22564202976614,16.9286821212696,52.4169791440759,17684540,3.07549606354051,3.07471133929541,TRUE,TRUE,TRUE,TRUE,TRUE,scopolamine
CONTRAINDICATED DRUG ADMINISTERED,8,7875,692,17675965,25.9487512615836,0.355769767414523,12.9204941351879,52.1139272995573,25.9234322193291,0.355412682490748,12.9169244054847,52.0266525477843,189.512748171452,17684540,4.68024518616047,4.67946046191538,TRUE,TRUE,TRUE,TRUE,TRUE,scopolamine
ECONOMIC PROBLEM,8,7875,8418,17668239,2.13217952460148,0.353900881304647,1.06555839912997,4.26648556178786,2.13103054119455,0.353541908735799,1.06573376564859,4.26118728136588,4.80002410347408,17684540,1.09082409743055,1.09003937318545,TRUE,TRUE,TRUE,TRUE,TRUE,scopolamine
ENDOMETRIOSIS,8,7875,4048,17672609,4.43506091975657,0.354082019149303,2.215638434551,8.87769640353711,4.43157487543867,0.35372323042626,2.21545431673811,8.86448243515766,21.2207647072134,17684540,2.14561436098946,2.14482963674436,TRUE,TRUE,TRUE,TRUE,TRUE,scopolamine
ESCHERICHIA BACTERAEMIA,8,7875,1979,17674678,9.07287945651564,0.354446535340742,4.52933203452244,18.1742343032139,9.06468675885585,0.354088115982479,4.52842221210405,18.1450717683849,57.1753615221402,17684540,3.17508014074313,3.17429541649803,TRUE,TRUE,TRUE,TRUE,TRUE,scopolamine
FAILURE TO THRIVE,8,7875,3627,17673030,4.94997361061877,0.354122507987711,2.47267887999631,9.90918753908667,4.94596501124227,0.353763760330529,2.47241430502883,9.89420334718034,25.1349383730613,17684540,2.30371664918584,2.30293192494075,TRUE,TRUE,TRUE,TRUE,TRUE,scopolamine
GASTROINTESTINAL MOTILITY DISORDER,8,7875,4608,17672049,3.89595436507937,0.354039622927162,1.94647688239525,7.79791455632546,3.89301542877077,0.35368079119307,1.94637697150588,7.78655386418886,17.1737606483774,17684540,1.95902878934732,1.95824406510222,TRUE,TRUE,TRUE,TRUE,TRUE,scopolamine
HYPERPROLACTINAEMIA,8,7875,5866,17670791,3.06022498227612,0.353973889764538,1.52913101950075,6.12437837092893,3.05813417930033,0.353614991321858,1.52916158519907,6.11589039976269,11.0696327711335,17684540,1.61132874766795,1.61054402342285,TRUE,TRUE,TRUE,TRUE,TRUE,scopolamine
HYPERREFLEXIA,8,7875,2484,17674173,7.22814630779848,0.354301590733447,3.60943588826909,14.474865509246,7.22182572293709,0.353943024595202,3.60881499760021,14.4520477794394,42.7507190097733,17684540,2.8483679449688,2.8475832207237,TRUE,TRUE,TRUE,TRUE,TRUE,scopolamine
HYPOPHOSPHATAEMIA,8,7875,6142,17670515,2.92266352410931,0.353963068884673,1.4604253826843,5.84895481579394,2.92071232428781,0.353604159457849,1.46047741766201,5.84093966677193,10.0951227328239,17684540,1.54508560287884,1.54430087863374,TRUE,TRUE,TRUE,TRUE,TRUE,scopolamine
HYSTERECTOMY,8,7875,6991,17669666,2.56760647817035,0.353935137806253,1.28307721039378,5.13811871439835,2.56601560517461,0.353576200023204,1.2831846498338,5.1313239188549,7.64008319546081,17684540,1.35852320528745,1.35773848104235,TRUE,TRUE,TRUE,TRUE,TRUE,scopolamine
IRON DEFICIENCY ANAEMIA,8,7875,7473,17669184,2.40193325814201,0.353922104127829,1.20031810987834,4.80646199460696,2.40051051729904,0.353563153110789,1.20045139693837,4.80023660962857,6.53248177524002,17684540,1.26244088244071,1.26165615819561,TRUE,TRUE,TRUE,TRUE,TRUE,scopolamine
PROCEDURAL COMPLICATION,8,7875,4440,17672217,4.04340729300729,0.35405121937116,2.0201006479928,8.09323166812964,4.0403187152648,0.353692399402775,2.0199777084855,8.08136409245737,18.2742695347398,17684540,2.01251522526929,2.0117305010242,TRUE,TRUE,TRUE,TRUE,TRUE,scopolamine
PSEUDOMONAS INFECTION,8,7875,6649,17670008,2.69972692396756,0.353945531510468,1.34907259115463,5.40261918578993,2.69800196958576,0.353586604279971,1.34915941560606,5.39537029033649,8.54211457701047,17684540,1.43079984507463,1.43001512082954,TRUE,TRUE,TRUE,TRUE,TRUE,scopolamine
PYELONEPHRITIS,8,7875,6999,17669658,2.56467049034216,0.353934906833321,1.28161062686756,5.13224109268533,2.56308259691038,0.35357596881576,1.28171852439355,5.12545638808893,7.62021505007935,17684540,1.3568751170992,1.35609039285411,TRUE,TRUE,TRUE,TRUE,TRUE,scopolamine
RENAL PAIN,8,7875,8563,17668094,2.09605744908419,0.353898039310753,1.04751219834906,4.19418202173271,2.09494512387898,0.353539063855576,1.04769319902924,4.18900788525766,4.57622141199328,17684540,1.06620847633527,1.06542375209018,TRUE,TRUE,TRUE,TRUE,TRUE,scopolamine
RESPIRATORY ACIDOSIS,8,7875,3067,17673590,5.8539690820356,0.35419358015741,2.9238478031788,11.7204985759422,5.84904307002795,0.353834904561727,2.92344190629341,11.7024062497681,32.0819995746874,17684540,2.54508560287884,2.54430087863374,TRUE,TRUE,TRUE,TRUE,TRUE,scopolamine
SERUM FERRITIN INCREASED,8,7875,3997,17672660,4.49166335068762,0.354086470162716,2.24389592725512,8.99107637339926,4.48811986384181,0.353727685954602,2.24370296648473,8.97766781659622,21.6490245978806,17684540,2.16386977069673,2.16308504645163,TRUE,TRUE,TRUE,TRUE,TRUE,scopolamine
SPUTUM DISCOLOURED,8,7875,8391,17668266,2.13904357843721,0.353901421348531,1.06898758393924,4.28022504582573,2.13788762909972,0.353542449328144,1.06916187981715,4.27490317503584,4.84279755881904,17684540,1.09545444507294,1.09466972082784,TRUE,TRUE,TRUE,TRUE,TRUE,scopolamine
TONGUE BITING,8,7875,1444,17675213,12.434745108385,0.35471053195389,6.20441997031325,24.9214087135204,12.4231406480441,0.354352379624704,6.20298266075689,24.8806795056,83.5729763760884,17684540,3.62763055999705,3.62684583575195,TRUE,TRUE,TRUE,TRUE,TRUE,scopolamine
TUMOUR LYSIS SYNDROME,8,7875,7442,17669215,2.41194285543654,0.353922891606505,1.20531834558602,4.82649945484978,2.41050995643318,0.353563941389083,1.20545007107619,4.82023966772508,6.59856891890172,17684540,1.26843158775592,1.26764686351082,TRUE,TRUE,TRUE,TRUE,TRUE,scopolamine
VASCULAR DEVICE INFECTION,8,7875,4449,17672208,4.03522572220617,0.354050575941005,2.01601564859743,8.07684535607778,4.03214544746588,0.35369175531982,2.0158939869171,8.06500590558508,18.2130674973307,17684540,2.00959905238015,2.00881432813505,TRUE,TRUE,TRUE,TRUE,TRUE,scopolamine
ABDOMINAL INFECTION,7,7876,2187,17674470,7.18273674046486,0.378736603473729,3.41902946710484,15.089576612076,7.17724655180784,0.378401213526116,3.41866266984437,15.0681342502221,37.1018947474874,17684540,2.83946340964721,2.83867868540212,TRUE,TRUE,TRUE,TRUE,TRUE,scopolamine
AKINESIA,7,7876,1580,17675077,9.94252198635817,0.378968440414833,4.73055516302706,20.8968588342091,9.9345811448125,0.378633255828928,4.72988332005207,20.8664560718546,56.0036082326075,17684540,3.30672480721522,3.30594008297013,TRUE,TRUE,TRUE,TRUE,TRUE,scopolamine
BLINDNESS TRANSIENT,7,7876,5692,17670965,2.75922875815477,0.3783647084803,1.31436857158151,5.79239606335659,2.75766658622694,0.378028988570164,1.31448908914993,5.78530857620922,7.83493664092609,17684540,1.46231814270881,1.46153341846372,TRUE,TRUE,TRUE,TRUE,TRUE,scopolamine
BLOOD CREATININE DECREASED,7,7876,2544,17674113,6.17465721633431,0.378651883927887,2.93966514013291,12.9696376701959,6.17006218899519,0.378316418872108,2.93940957434803,12.9514674471699,30.246096459272,17684540,2.62196403644793,2.62117931220284,TRUE,TRUE,TRUE,TRUE,TRUE,scopolamine
BLOOD SODIUM INCREASED,7,7876,1888,17674769,8.32039777300273,0.378832190363993,3.95982158449914,17.4828632108043,8.31389735635792,0.378496885118172,3.95932913294839,17.4577275419846,44.8776822402603,17684540,3.05082908699195,3.05004436274685,TRUE,TRUE,TRUE,TRUE,TRUE,scopolamine
BRAIN ABSCESS,7,7876,2080,17674577,7.55227901463062,0.378767655259019,3.59471520989235,15.8668809584329,7.5464606773095,0.37843229283186,3.59430761130692,15.8442389780521,39.6241532713386,17684540,2.91159633489057,2.91081161064547,TRUE,TRUE,TRUE,TRUE,TRUE,scopolamine
BRUXISM,7,7876,4192,17672465,3.74686623460392,0.37844777323262,1.78454268639036,7.86700519246865,3.74442705362685,0.378112127080751,1.78455457540028,7.85671346407982,14.0602997443547,17684540,1.90298114721539,1.90219642297029,TRUE,TRUE,TRUE,TRUE,TRUE,scopolamine
CENTRAL VENOUS CATHETERISATION,7,7876,2748,17673909,5.71621057061306,0.378613349554275,2.72161086031851,12.0057807543303,5.71202263784707,0.37827785032451,2.72140584510346,11.9890984558523,27.1447373573367,17684540,2.51097461659189,2.51018989234679,TRUE,TRUE,TRUE,TRUE,TRUE,scopolamine
COLITIS ISCHAEMIC,7,7876,4917,17671740,3.1942686379579,0.378401299536658,1.52149226451871,6.70614788479981,3.19232015635627,0.378065612122436,1.52156494517328,6.69764903102305,10.5269523558452,17684540,1.67319617356595,1.67241144932085,TRUE,TRUE,TRUE,TRUE,TRUE,scopolamine
CONCUSSION,7,7876,6587,17670070,2.38420140228807,0.378333162217538,1.13579316256451,5.00479886129755,2.38297224970453,0.377997414285672,1.13595490242292,4.99892797746623,5.61444293486885,17684540,1.25187304838002,1.25108832413492,TRUE,TRUE,TRUE,TRUE,TRUE,scopolamine
CONVULSIVE THRESHOLD LOWERED,7,7876,259,17676398,60.6577560292644,0.383203824739291,28.6217813174431,128.551166179983,60.604780728972,0.382872348032884,28.615369761846,128.355477415639,399.556320382419,17684540,5.88352878454922,5.88274406030412,TRUE,TRUE,TRUE,TRUE,TRUE,scopolamine
DRUG DIVERSION,7,7876,5169,17671488,3.03849775996902,0.378388198107633,1.44733273167409,6.37895380605245,3.03668760085196,0.378052499059079,1.44742254310991,6.37096031774862,9.55182060678183,17684540,1.6011893180579,1.6004045938128,TRUE,TRUE,TRUE,TRUE,TRUE,scopolamine
EMERGENCY CARE,7,7876,2876,17673781,5.46176386811998,0.378591960543579,2.60057232990684,11.4708843926558,5.4578018806689,0.378256442342025,2.60039536193254,11.4550278794897,25.4294428467055,17684540,2.4454560985555,2.4446713743104,TRUE,TRUE,TRUE,TRUE,TRUE,scopolamine
ENCEPHALITIS,7,7876,5534,17671123,2.83803225840793,0.378371336878274,1.35188933977328,5.95790414407346,2.83640011001152,0.37803562285525,1.35200119356811,5.95056100715498,8.31480881432725,17684540,1.50288056834681,1.50209584410171,TRUE,TRUE,TRUE,TRUE,TRUE,scopolamine
EYE MOVEMENT DISORDER,7,7876,5319,17671338,2.95278465968708,0.378380988838187,1.40652474121995,6.19892206014161,2.95105061267226,0.378045283387264,1.40662397782119,6.19120664503586,9.02024007332918,17684540,1.55997450683979,1.55918978259469,TRUE,TRUE,TRUE,TRUE,TRUE,scopolamine
FLANK PAIN,7,7876,7361,17669296,2.13341213479493,0.378312065051781,1.01636342980845,4.4781691306505,2.13240567977228,0.377976298376494,1.01655272784998,4.47311178116886,4.20727081681958,17684540,1.09175387395907,1.09096914971397,TRUE,TRUE,TRUE,TRUE,TRUE,scopolamine
GRAFT VERSUS HOST DISEASE,7,7876,5117,17671540,3.06938462724904,0.378390795946971,1.46203768057223,6.44382981039543,3.06754704100132,0.378055099205423,1.46212409544749,6.43573611710163,9.74428002905954,17684540,1.61575645970876,1.61497173546366,TRUE,TRUE,TRUE,TRUE,TRUE,scopolamine
GROIN PAIN,7,7876,7196,17669461,2.18235038525155,0.378316181980498,1.0396693580954,4.58093062657192,2.18130047370814,0.37798041896305,1.03985327902698,4.57571452873776,4.47566908416704,17684540,1.12442903109883,1.12364430685374,TRUE,TRUE,TRUE,TRUE,TRUE,scopolamine
HAEMOGLOBIN INCREASED,7,7876,3814,17672843,4.1183007899314,0.378479007832252,1.96132799702007,8.64740697227505,4.11553177996952,0.378143389406318,1.9612990065981,8.6359100651958,16.4829123184578,17684540,2.03907667769289,2.0382919534478,TRUE,TRUE,TRUE,TRUE,TRUE,scopolamine
HEPATIC LESION,7,7876,3561,17673096,4.41095873999819,0.378503616150191,2.10060411997326,9.26236258463308,4.40792985363767,0.37816801956484,2.10054291014131,9.24991605778866,18.4110865054342,17684540,2.1379113201301,2.137126595885,TRUE,TRUE,TRUE,TRUE,TRUE,scopolamine
HEPATOMEGALY,7,7876,6610,17670047,2.37590229879317,0.378332464090196,1.13184115896699,4.98737096516498,2.37468051570405,0.377996715538135,1.13200381088297,4.98152700322264,5.5667184973245,17684540,1.24684965583362,1.24606493158852,TRUE,TRUE,TRUE,TRUE,TRUE,scopolamine
HYDRONEPHROSIS,7,7876,5778,17670879,2.71814705030781,0.378361252929016,1.2948079214151,5.70611537425747,2.71662135839456,0.378025529949682,1.29493295531354,5.69916116089466,7.58637344530971,17684540,1.44070997605555,1.43992525181046,TRUE,TRUE,TRUE,TRUE,TRUE,scopolamine
HYPERAEMIA,7,7876,1591,17675066,9.87377433180993,0.378962666961189,4.69789885928192,20.7521324906536,9.86589453727452,0.378627477264218,4.697234624578,20.7219529787418,55.5314921220472,17684540,3.29675952712243,3.29597480287733,TRUE,TRUE,TRUE,TRUE,TRUE,scopolamine
IMMUNE EFFECTOR CELL-ASSOCIATED NEUROTOXICITY SYNDROME,7,7876,5538,17671119,2.83598175567449,0.37837116440583,1.35091304476035,5.95359749446004,2.83435142809746,0.378035450229625,1.35102512399859,5.94626100970016,8.30227324903577,17684540,1.50183947500133,1.50105475075624,TRUE,TRUE,TRUE,TRUE,TRUE,scopolamine
INCORRECT DOSAGE ADMINISTERED,7,7876,4839,17671818,3.24577148530052,0.378405631189455,1.54601094642643,6.81433243350667,3.24377726984992,0.378069947621628,1.54607796254561,6.8056664872646,10.851698978866,17684540,1.69623253059906,1.69544780635396,TRUE,TRUE,TRUE,TRUE,TRUE,scopolamine
INFUSION SITE SWELLING,7,7876,5802,17670855,2.70689974595895,0.378360306866522,1.28945258213908,5.68249374670089,2.70538404150358,0.37802458304689,1.28957885248301,5.6755760207526,7.51852301518701,17684540,1.43473710552983,1.43395238128473,TRUE,TRUE,TRUE,TRUE,TRUE,scopolamine
ISCHAEMIC CARDIOMYOPATHY,7,7876,1817,17674840,8.64555536517731,0.37885950584792,4.11434943981408,18.1670586482134,8.63876621288044,0.378524224799069,4.11382105043395,18.1408672778638,47.1050690908859,17684540,3.10592120588566,3.10513648164057,TRUE,TRUE,TRUE,TRUE,TRUE,scopolamine
KIDNEY TRANSPLANT REJECTION,7,7876,3307,17673350,4.74981851292555,0.378532107377517,2.26185094218231,9.97447510133576,4.74648872355723,0.378196536075225,2.2617524154762,9.96092898970665,20.6603430942494,17684540,2.24445333282895,2.24366860858386,TRUE,TRUE,TRUE,TRUE,TRUE,scopolamine
LARGE INTESTINE POLYP,7,7876,6833,17669824,2.29833396721331,0.378325938916744,1.09490287214862,4.82448184146276,2.29718106377927,0.377990184567775,1.09507404835064,4.81888950590522,5.1242149607715,17684540,1.19903061027715,1.19824588603205,TRUE,TRUE,TRUE,TRUE,TRUE,scopolamine
MAJOR DEPRESSION,7,7876,5603,17671054,2.80307142468026,0.378368396232366,1.33524353275576,5.88447666594783,2.80147032104297,0.378032679597593,1.33535923027545,5.87724694729951,8.10143197935322,17684540,1.48502616455425,1.48424144030915,TRUE,TRUE,TRUE,TRUE,TRUE,scopolamine
MEAN CELL HAEMOGLOBIN CONCENTRATION DECREASED,7,7876,1538,17675119,10.2140585611438,0.378991243297822,4.85953242659487,21.4685247740136,10.2058765987021,0.3786560788971,4.85883052809327,21.4372402053729,57.868712561583,17684540,3.34542009725867,3.34463537301357,TRUE,TRUE,TRUE,TRUE,TRUE,scopolamine
METABOLIC DISORDER,7,7876,3848,17672809,4.08190462432781,0.378475947327147,1.94400609712915,8.5709326666797,4.07916793368081,0.378140326184718,1.94398111303203,8.55955385555005,16.2442089669045,17684540,2.02629607524801,2.02551135100291,TRUE,TRUE,TRUE,TRUE,TRUE,scopolamine
METASTASES TO SPINE,7,7876,2875,17673782,5.46366392121359,0.378592120268169,2.60147620957955,11.4748785070749,5.45970024654044,0.378256602208297,2.60129903219013,11.4590158275563,25.442233433505,17684540,2.44595659987566,2.44517187563056,TRUE,TRUE,TRUE,TRUE,TRUE,scopolamine
NO THERAPEUTIC RESPONSE,7,7876,7308,17669349,2.14889078124726,0.378313367197248,1.02373488691883,4.51067131611352,2.14787058139077,0.377977601678912,1.02392248426457,4.50556375633987,4.29180189903463,17684540,1.10216907102456,1.10138434677946,TRUE,TRUE,TRUE,TRUE,TRUE,scopolamine
NONSPECIFIC REACTION,7,7876,4246,17672411,3.69920284068631,0.378443764945517,1.76185559445481,7.76686903263268,3.69680598417422,0.378108115235268,1.76187272818632,7.75673195117481,13.751809645934,17684540,1.88454608042464,1.88376135617955,TRUE,TRUE,TRUE,TRUE,TRUE,scopolamine
OCCUPATIONAL EXPOSURE TO PRODUCT,7,7876,6375,17670282,2.46351734233561,0.378339834274025,1.17356258583811,5.17136262626688,2.46221775824373,0.378004092269261,1.17371560864933,5.16523444379111,6.07401464289915,17684540,1.29901832677109,1.298233602526,TRUE,TRUE,TRUE,TRUE,TRUE,scopolamine
PORTAL TRACT INFLAMMATION,7,7876,118,17676539,133.13969600847,0.389177008191071,62.091679028907,285.483963881463,133.022357701727,0.388850623374061,62.0766551841022,285.049953095054,865.8515356692,17684540,6.97302693538832,6.97224221114322,TRUE,TRUE,TRUE,TRUE,TRUE,scopolamine
POST PROCEDURAL INFECTION,7,7876,7309,17669348,2.14859665352018,0.378313342453712,1.02359481365701,4.51005370281704,2.14757671484523,0.377977576913392,1.02378244331988,4.50494709714843,4.29019246865097,17684540,1.10197186030169,1.10118713605659,TRUE,TRUE,TRUE,TRUE,TRUE,scopolamine
PREMATURE LABOUR,7,7876,3484,17673173,4.50846512884264,0.378511814677653,2.14700449523586,9.4672637449495,4.50534965809522,0.378176225368067,2.14693254873854,9.45450081961131,19.0566372026762,17684540,2.16938657849765,2.16860185425256,TRUE,TRUE,TRUE,TRUE,TRUE,scopolamine
RALES,7,7876,4377,17672280,3.58846215030714,0.378434451964301,1.70914323789375,7.53421967140443,3.58616363006711,0.378098793986083,1.70917255626053,7.52444189119999,13.0374787643131,17684540,1.84077913708988,1.83999441284478,TRUE,TRUE,TRUE,TRUE,TRUE,scopolamine
RETINAL DETACHMENT,7,7876,7310,17669347,2.14830260626579,0.378313317716944,1.02345477870535,4.50943625855805,2.14728292870092,0.377977552154646,1.02364244067649,4.50433060673342,4.28858360001313,17684540,1.10177467653307,1.10098995228797,TRUE,TRUE,TRUE,TRUE,TRUE,scopolamine
RHINOVIRUS INFECTION,7,7876,3679,17672978,4.26945343777174,0.37849171779238,2.0332633251267,8.96501325334487,4.26655020625272,0.37815611064727,2.03321769504945,8.95302588935633,17.47691770952,17684540,2.09097086441969,2.0901861401746,TRUE,TRUE,TRUE,TRUE,TRUE,scopolamine
SINUS BRADYCARDIA,7,7876,7093,17669564,2.21405398508404,0.3783188490209,1.05476740498755,4.64750335067893,2.21297592116224,0.377983088373025,1.05494784234143,4.64218441053399,4.65127179409826,17684540,1.145207910771,1.1444231865259,TRUE,TRUE,TRUE,TRUE,TRUE,scopolamine
ABDOMINAL TENDERNESS,6,7877,3673,17672984,3.66504541770229,0.408736996302097,1.64496024177029,8.16588606382643,3.66301696755562,0.408426262435891,1.64505141913051,8.15639751351496,11.5995645344971,17684540,1.87132083774098,1.87053611349589,TRUE,TRUE,TRUE,TRUE,TRUE,scopolamine
ANGLE CLOSURE GLAUCOMA,6,7877,1806,17674851,7.45466995251325,0.40908114718904,3.34357845371021,16.620547377687,7.44975709957464,0.408770674942282,3.34340886538034,16.5994896458316,33.3964196686769,17684540,2.89305155866772,2.89226683442263,TRUE,TRUE,TRUE,TRUE,TRUE,scopolamine
APLASTIC ANAEMIA,6,7877,4013,17672644,3.35446121040983,0.408708778066488,1.50564587579718,7.47347712567969,3.35266915570192,0.408398022728813,1.50575836295247,7.46493643611912,9.89309391260526,17684540,1.74379793665521,1.74301321241012,TRUE,TRUE,TRUE,TRUE,TRUE,scopolamine
APPLICATION SITE EXFOLIATION,6,7877,3851,17672806,3.49560535824645,0.408721602008346,1.56895882046818,7.78813099565931,3.49370587427468,0.408410856428903,1.56906162460535,7.77915955914827,10.6653221178333,17684540,1.8031553680852,1.8023706438401,TRUE,TRUE,TRUE,TRUE,TRUE,scopolamine
APPLICATION SITE INFLAMMATION,6,7877,1183,17675474,11.3809031955925,0.409437398957505,5.10101474994574,25.3919982389436,11.3730019626642,0.409127197060217,5.10057353645883,25.3589469337531,56.4829208257644,17684540,3.5008857989683,3.50010107472321,TRUE,TRUE,TRUE,TRUE,TRUE,scopolamine
ASTIGMATISM,6,7877,1245,17675412,10.8141054251282,0.409385988987258,4.8474597334924,24.124981449105,10.8066355998649,0.409075748105579,4.84705782361996,24.09366201888,53.1426960665939,17684540,3.42755272454814,3.42676800030304,TRUE,TRUE,TRUE,TRUE,TRUE,scopolamine
BLEPHAROSPASM,6,7877,5255,17671402,2.56146656363956,0.408636721425879,1.14987356963942,5.70594118334319,2.56027808217541,0.408325911244825,1.15004042324133,5.69982039378478,5.70035318081451,17684540,1.35529746397917,1.35451273973407,TRUE,TRUE,TRUE,TRUE,TRUE,scopolamine
BLOOD LACTIC ACID INCREASED,6,7877,4238,17672419,3.17632879951146,0.408692592905611,1.4257365854258,7.07638756397124,3.17467232700137,0.408381825251067,1.42586129037285,7.06839048922692,8.927499064522,17684540,1.66520985779919,1.6644251335541,TRUE,TRUE,TRUE,TRUE,TRUE,scopolamine
BREATH SOUNDS ABNORMAL,6,7877,4165,17672492,3.23201369922096,0.408697652520091,1.45071709191169,7.20051663428518,3.2303148431769,0.408386888716017,1.45083797785942,7.19234962503863,9.22817890761512,17684540,1.69024120182473,1.68945647757964,TRUE,TRUE,TRUE,TRUE,TRUE,scopolamine
BRONCHIAL SECRETION RETENTION,6,7877,1100,17675557,12.2397015476589,0.409515281810455,5.48509789358839,27.312237061599,12.2311466562107,0.409205138953342,5.48459706964607,27.2765613637664,61.5455976648469,17684540,3.60528312847925,3.60449840423415,TRUE,TRUE,TRUE,TRUE,TRUE,scopolamine
DISORGANISED SPEECH,6,7877,1779,17674878,7.56782152919861,0.409091418482856,3.39426101589606,16.8731639757771,7.56282255302518,0.40878095403733,3.39408362023636,16.8517607013357,34.0588695457805,17684540,2.9147104397975,2.9139257155524,TRUE,TRUE,TRUE,TRUE,TRUE,scopolamine
DRUG LEVEL ABOVE THERAPEUTIC,6,7877,3707,17672950,3.63142323200322,0.408733941640804,1.62987955712059,8.09092587996491,3.62942037276282,0.408423205450437,1.62997304181703,8.08153994224437,11.4136054197977,17684540,1.85804919885922,1.85726447461412,TRUE,TRUE,TRUE,TRUE,TRUE,scopolamine
DRUG MONITORING PROCEDURE NOT PERFORMED,6,7877,1752,17674905,7.68446065448045,0.409102006087724,3.44650357630447,17.133577332183,7.67937290058892,0.40879154968326,3.44631813138706,17.1118178583718,34.7420371154361,17684540,2.93669944357055,2.93591471932546,TRUE,TRUE,TRUE,TRUE,TRUE,scopolamine
DYSPHEMIA,6,7877,3363,17673294,4.00295805820014,0.408767695259575,1.79651543574445,8.91930728614611,4.00067241208201,0.408456984748833,1.79658341762378,8.90878741938034,13.4823013324458,17684540,1.9983140855922,1.9975293613471,TRUE,TRUE,TRUE,TRUE,TRUE,scopolamine
EMERGENCY CARE EXAMINATION,6,7877,647,17676010,20.8099177088854,0.410291689143043,9.31157244268568,46.506932928471,20.794839755536,0.409982133623929,9.31047290471032,46.4450479459158,112.0228942601,17684540,4.36547961716753,4.36469489292243,TRUE,TRUE,TRUE,TRUE,TRUE,scopolamine
FEELING DRUNK,6,7877,5571,17671086,2.41613105208247,0.408623513920547,1.08465876446498,5.38205143598009,2.41505319006135,0.408312693684618,1.08483557541285,5.37637411882062,4.97095205505186,17684540,1.27114524307332,1.27036051882822,TRUE,TRUE,TRUE,TRUE,TRUE,scopolamine
FOETAL EXPOSURE DURING DELIVERY,6,7877,667,17675990,20.1859093304687,0.410235207534205,9.03335462599349,45.1073773109057,20.1713063295829,0.409925609362901,9.03229891572261,45.0474018672708,108.354745472393,17684540,4.32195610410364,4.32117137985854,TRUE,TRUE,TRUE,TRUE,TRUE,scopolamine
FOOD INTOLERANCE,6,7877,3136,17673521,4.2927681308019,0.408794022320219,1.92648190631581,9.56554959816348,4.29026190109432,0.408483331835895,1.92652998582096,9.55414518094715,15.1138610078392,17684540,2.09895133341976,2.09816660917466,TRUE,TRUE,TRUE,TRUE,TRUE,scopolamine
FOREIGN BODY,6,7877,3047,17673610,4.41817809337101,0.40880541434449,1.98271834157852,9.84521969429233,4.41557641018438,0.408494732524993,1.98275780617537,9.83343249157897,15.8238620543958,17684540,2.14040692450718,2.13962220026208,TRUE,TRUE,TRUE,TRUE,TRUE,scopolamine
GASTRITIS EROSIVE,6,7877,3277,17673380,4.10802973967038,0.408777240425772,1.84363679566192,9.15359705432508,4.10566412018059,0.408466537176142,1.84369756280476,9.14275649531968,14.0722321793237,17684540,2.03561976414098,2.03483503989588,TRUE,TRUE,TRUE,TRUE,TRUE,scopolamine
GLOMERULOSCLEROSIS,6,7877,466,17676191,28.8930356811078,0.411022624525655,12.9099230212144,64.6640192585161,28.8718054116562,0.410713619914795,12.9082524623551,64.5773818074561,159.390715605038,17684540,4.83377574935212,4.83299102510702,TRUE,TRUE,TRUE,TRUE,TRUE,scopolamine
HAEMOPHILUS SEPSIS,6,7877,36,17676621,374.013393423892,0.441102542388477,157.548071092884,887.89419946617,373.729481161994,0.44081462386644,157.517342059516,886.719666948413,1911.76991868187,17684540,8.3241013759352,8.3233166516901,TRUE,TRUE,TRUE,TRUE,TRUE,scopolamine
"HALLUCINATIONS, MIXED",6,7877,3251,17673406,4.14088996044107,0.408780225544667,1.85837321411451,9.22687086439309,4.13849933000055,0.408469524565776,1.8584317246939,9.21593001068467,14.2571147458767,17684540,2.04709079431805,2.04630607007296,TRUE,TRUE,TRUE,TRUE,TRUE,scopolamine
HILAR LYMPHADENOPATHY,6,7877,662,17675995,20.3383766344096,0.410249008705604,9.10133875729041,45.4493097283909,20.3236575858486,0.409939420957366,9.10027234174701,45.3888677344273,109.251140517409,17684540,4.33271450623991,4.33192978199481,TRUE,TRUE,TRUE,TRUE,TRUE,scopolamine
HYPERVOLAEMIA,6,7877,4620,17672037,2.91363430272914,0.408668723240383,1.30788392361733,6.49083966607706,2.91217777528827,0.408357937419103,1.30802664070061,6.48364424010537,7.52557808412588,17684540,1.54086924807777,1.54008452383267,TRUE,TRUE,TRUE,TRUE,TRUE,scopolamine
HYPOMANIA,6,7877,2716,17673941,4.95671604453076,0.408854330593302,2.22418141754994,11.0463264157529,4.95370446311922,0.408543685974036,2.22418387052181,11.0328953613759,18.8946155431974,17684540,2.30596744720996,2.30518272296487,TRUE,TRUE,TRUE,TRUE,TRUE,scopolamine
HYPOVOLAEMIA,6,7877,3961,17672696,3.39850857014967,0.408712780123139,1.52540451481972,7.57167058912615,3.39668298960661,0.408402027830855,1.52551398036839,7.5629954758571,10.1334538731044,17684540,1.76258611656868,1.76180139232358,TRUE,TRUE,TRUE,TRUE,TRUE,scopolamine
INTESTINAL ISCHAEMIA,6,7877,4121,17672536,3.26653010738971,0.408700788701869,1.46620106535788,7.27745954807294,3.26480497981844,0.408390027284441,1.46631958393932,7.26918720379608,9.41510432260736,17684540,1.70554107570692,1.70475635146183,TRUE,TRUE,TRUE,TRUE,TRUE,scopolamine
KLEBSIELLA INFECTION,6,7877,4091,17672566,3.2904897149578,0.408702965672195,1.47694917282156,7.33087012301078,3.28874635097331,0.408392205911425,1.47706604802474,7.32252465995283,9.5450969020522,17684540,1.71606662123366,1.71528189698856,TRUE,TRUE,TRUE,TRUE,TRUE,scopolamine
MACULAR HOLE,6,7877,1091,17675566,12.3406769549281,0.409524438112452,5.53024974775032,27.5380524664091,12.3320452079118,0.409214302194921,5.52974191032497,27.5020681753741,62.1409377701214,17684540,3.61707098831076,3.61628626406567,TRUE,TRUE,TRUE,TRUE,TRUE,scopolamine
MALABSORPTION,6,7877,4555,17672102,2.95522282982302,0.40867250226365,1.3265425239023,6.58353714000531,2.95373464804211,0.40836171931867,1.32668238983746,6.57621480308738,7.74553216562763,17684540,1.5612843438562,1.56049961961111,TRUE,TRUE,TRUE,TRUE,TRUE,scopolamine
MONOCYTE COUNT DECREASED,6,7877,1018,17675639,13.225672065572,0.409604679414265,5.92591213858998,29.5175489435576,13.2163667208564,0.409294604298485,5.92534279010337,29.4788597871335,67.3590977785606,17684540,3.71641879871396,3.71563407446886,TRUE,TRUE,TRUE,TRUE,TRUE,scopolamine
NASAL SEPTUM DEVIATION,6,7877,1621,17675036,8.3055366137147,0.409158377984711,3.72464644584188,18.520399035126,8.29997613931634,0.408847964386445,3.72441811845896,18.4967427721904,38.3842188757495,17684540,3.04842026304143,3.04763553879633,TRUE,TRUE,TRUE,TRUE,TRUE,scopolamine
NEUTROPHIL COUNT ABNORMAL,6,7877,2388,17674269,5.6376426374605,0.408916171849855,2.52942071274539,12.5653333775447,5.6341127813366,0.40860557424703,2.5293763280949,12.5498236384339,22.8153893335419,17684540,2.49121136177046,2.49042663752536,TRUE,TRUE,TRUE,TRUE,TRUE,scopolamine
OCULOGYRIC CRISIS,6,7877,1783,17674874,7.55084209399837,0.409089877197158,3.38665576121646,16.835255883231,7.54585604140874,0.408779411581023,3.38647953719709,16.8139044610299,33.9594441868244,17684540,2.91148112666205,2.91069640241695,TRUE,TRUE,TRUE,TRUE,TRUE,scopolamine
ORAL DISORDER,6,7877,5989,17670668,2.24744493167862,0.408608183870924,1.00896186382115,5.00614433710975,2.24649546198561,0.40829735196321,1.00915022935619,5.00098173087825,4.14705202091708,17684540,1.16687476041237,1.16609003616728,TRUE,TRUE,TRUE,TRUE,TRUE,scopolamine
PARKINSONIAN REST TREMOR,6,7877,109,17676548,123.526849159031,0.419485383595948,54.2860442908699,281.082968237646,123.433590108549,0.419182617439391,54.2772597094979,280.704133713278,690.638111351398,17684540,6.87092874776958,6.87014402352449,TRUE,TRUE,TRUE,TRUE,TRUE,scopolamine
PERONEAL NERVE PALSY,6,7877,4434,17672223,3.0358890746307,0.408679832060952,1.36273246749087,6.76333960871436,3.03433949522593,0.408369054694675,1.36286680278223,6.75577110946707,8.17439672009178,17684540,1.60007483747649,1.59929011323139,TRUE,TRUE,TRUE,TRUE,TRUE,scopolamine
PNEUMOCONIOSIS,6,7877,153,17676504,88.0025689087365,0.416328743706933,38.9142951825694,199.013038735591,87.9363485087045,0.416023680274515,38.908270100867,198.744415236082,496.23092257145,17684540,6.4035358434296,6.40275111918451,TRUE,TRUE,TRUE,TRUE,TRUE,scopolamine
POLYCYTHAEMIA,6,7877,1642,17675015,8.19930502734104,0.409148736436073,3.67707601239654,18.283169209647,8.19382540915456,0.408838315517306,3.67685502245277,18.2598373951986,37.7607620380217,17684540,3.02991827153074,3.02913354728564,TRUE,TRUE,TRUE,TRUE,TRUE,scopolamine
PORTAL HYPERTENSION,6,7877,2340,17674317,5.75330221384557,0.40892667503909,2.58126013715528,12.8233826135475,5.74968432556914,0.408616085420146,2.58120779239167,12.8075197747114,23.4845481213669,17684540,2.52043150068545,2.51964677644035,TRUE,TRUE,TRUE,TRUE,TRUE,scopolamine
POSTURAL ORTHOSTATIC TACHYCARDIA SYNDROME,6,7877,1230,17675427,10.9459940487433,0.409397952190412,4.90646421247078,24.4197818483198,10.9384238388876,0.409087720381356,4.90605315975492,24.3880594406609,53.9198314863448,17684540,3.44495577080958,3.44417104656449,TRUE,TRUE,TRUE,TRUE,TRUE,scopolamine
PROTEIN URINE PRESENT,6,7877,3881,17672776,3.4685785579149,0.408719146463955,1.55683567140903,7.72787869225671,3.46669964489353,0.408408399016045,1.55694032983576,7.71898973750183,10.5170065887972,17684540,1.79197740637476,1.79119268212966,TRUE,TRUE,TRUE,TRUE,TRUE,scopolamine
PULSELESS ELECTRICAL ACTIVITY,6,7877,3801,17672856,3.54159808475997,0.408725780685206,1.58958906240274,7.89066639337357,3.53966359427303,0.408415038285336,1.5896887108487,7.88155459312079,10.9181773073577,17684540,1.8219799441517,1.8211952199066,TRUE,TRUE,TRUE,TRUE,TRUE,scopolamine
RADIOTHERAPY,6,7877,1687,17674970,7.98057177112329,0.409128883552246,3.57912174485271,17.7947357855721,7.9752586377189,0.408818447558762,3.57891585944315,17.772072000711,36.4776463330336,17684540,2.99105254081832,2.99026781657322,TRUE,TRUE,TRUE,TRUE,TRUE,scopolamine
RED BLOOD CELLS URINE POSITIVE,6,7877,740,17675917,18.1945215114823,0.410054906661784,8.14507064844533,40.6430622053571,18.1814342186916,0.409745172257203,8.14415455929571,40.5891793729903,96.6391611695543,17684540,4.17338697845872,4.17260225421362,TRUE,TRUE,TRUE,TRUE,TRUE,scopolamine
RESPIRATORY RATE DECREASED,6,7877,2161,17674496,6.22992296470309,0.408969954713109,2.79486234869488,13.8868879049657,6.22594230533632,0.408659397988318,2.79477718751794,13.8695699115111,26.2497067379398,17684540,2.63493536062028,2.63415063637519,TRUE,TRUE,TRUE,TRUE,TRUE,scopolamine
RESTING TREMOR,6,7877,617,17676040,21.8217821863666,0.410383260707122,9.76258735185523,48.7770465581273,21.8059340710402,0.410073774313456,9.76141666694221,48.7120647478213,117.967780600303,17684540,4.43333044568996,4.43254572144486,TRUE,TRUE,TRUE,TRUE,TRUE,scopolamine
SKIN EROSION,6,7877,2835,17673822,4.74862438564356,0.408835429994547,2.13088530664714,10.5821901749415,4.74577118935866,0.40852477100269,2.13090206428069,10.5693943233141,17.7042913847052,17684540,2.24423568252442,2.24345095827932,TRUE,TRUE,TRUE,TRUE,TRUE,scopolamine
SOMNAMBULISM,6,7877,4867,17671790,2.76572885471845,0.408655283238023,1.24152423355309,6.1611814663746,2.76438490278031,0.408344487186759,1.24167708909901,6.15443737974161,6.75031478734392,17684540,1.46582429152164,1.46503956727655,TRUE,TRUE,TRUE,TRUE,TRUE,scopolamine
STAPHYLOCOCCUS TEST POSITIVE,6,7877,1783,17674874,7.55084209399837,0.409089877197158,3.38665576121646,16.835255883231,7.54585604140874,0.408779411581023,3.38647953719709,16.8139044610299,33.9594441868244,17684540,2.91148112666205,2.91069640241695,TRUE,TRUE,TRUE,TRUE,TRUE,scopolamine
VENOOCCLUSIVE LIVER DISEASE,6,7877,3975,17672682,3.38653629746024,0.408711692349819,1.52003405755176,7.54498100686486,3.38471982939165,0.408400939229793,1.52014434440548,7.53634243066403,10.0680643304059,17684540,1.75750364262261,1.75671891837751,TRUE,TRUE,TRUE,TRUE,TRUE,scopolamine
VISCERAL CONGESTION,6,7877,396,17676261,34.0005251191617,0.411483812136279,15.1783139815678,76.16364437991,33.9754073783631,0.411175154115598,15.1762794807416,76.0613500819191,189.167237577379,17684540,5.06536710753503,5.06458238328993,TRUE,TRUE,TRUE,TRUE,TRUE,scopolamine
VULVOVAGINAL CANDIDIASIS,6,7877,1167,17675490,11.5369500152244,0.409451551659723,5.17081278581358,25.7408692147892,11.5289300101386,0.409141360492762,5.17036074613104,25.7073410744378,57.4027074158991,17684540,3.52043150068545,3.51964677644035,TRUE,TRUE,TRUE,TRUE,TRUE,scopolamine
ACUTE LYMPHOCYTIC LEUKAEMIA RECURRENT,5,7878,2414,17674243,4.64683855263354,0.447818314227025,1.93182125102412,11.1775913650366,4.64452544940341,0.447534734268964,1.93193313143784,11.1658195095506,14.2715597069588,17684540,2.21318933890024,2.21240461465514,TRUE,TRUE,TRUE,TRUE,TRUE,scopolamine
ATYPICAL PNEUMONIA,5,7878,2937,17673720,3.81924968642067,0.447735944322359,1.58802568207729,9.18541074735245,3.81746150318687,0.447452312159204,1.58816480976792,9.17600757722578,10.381135338826,17684540,1.93080286162533,1.93001813738024,TRUE,TRUE,TRUE,TRUE,TRUE,scopolamine
BILIRUBIN CONJUGATED INCREASED,5,7878,1514,17675143,7.40953730318668,0.448093175945176,3.07869365889245,17.8326423899757,7.40547188564057,0.447809770049262,3.07871413650412,17.8129606769159,27.6137209541588,17684540,2.88447823837808,2.88369351413298,TRUE,TRUE,TRUE,TRUE,TRUE,scopolamine
BLOOD CREATINE INCREASED,5,7878,3153,17673504,3.55756398299568,0.44770989559574,1.47929354718648,8.55561191163135,3.55594178079918,0.44742624691902,1.47944127773097,8.54695765135508,9.17290049920955,17684540,1.82858893701993,1.82780421277483,TRUE,TRUE,TRUE,TRUE,TRUE,scopolamine
BONE LESION,5,7878,2913,17673744,3.85072144226226,0.447739076982799,1.60110165623195,9.26115813332858,3.8489132972399,0.447455446805454,1.60123974888163,9.25166489279129,10.5273049530972,17684540,1.94262022496227,1.94183550071718,TRUE,TRUE,TRUE,TRUE,TRUE,scopolamine
BRADYPNOEA,5,7878,2429,17674228,4.6181386356009,0.447815457978397,1.91990063778294,11.1084938657336,4.61584373604769,0.44753187621041,1.92001346413305,11.0968041597724,14.1352968185332,17684540,2.20427094016644,2.20348621592134,TRUE,TRUE,TRUE,TRUE,TRUE,scopolamine
BUNDLE BRANCH BLOCK LEFT,5,7878,2774,17673883,4.04370576123665,0.447758285928831,1.68127981619832,9.72566025352777,4.04177521083628,0.447474667927504,1.68141156004681,9.7156146913108,11.4271582697046,17684540,2.0130342736796,2.0122495494345,TRUE,TRUE,TRUE,TRUE,TRUE,scopolamine
CANCER PAIN,5,7878,2329,17674328,4.81645436400165,0.447835194214971,2.00226906022542,11.5859716864919,4.81403367748382,0.447551624952798,2.00237534866887,11.5737143205217,15.0784217256295,17684540,2.26479554717282,2.26401082292772,TRUE,TRUE,TRUE,TRUE,TRUE,scopolamine
CARBOHYDRATE ANTIGEN 125 INCREASED,5,7878,3222,17673435,3.4813641978723,0.447702310229409,1.44762994694984,8.3722340117125,3.47979032739287,0.44741865674357,1.44778018138641,8.36379781841004,8.82373948192336,17684540,1.79740653039322,1.79662180614813,TRUE,TRUE,TRUE,TRUE,TRUE,scopolamine
CARDIOPULMONARY FAILURE,5,7878,2743,17673914,4.0894128533412,0.447762835323199,1.70026861240214,9.8356797055999,4.08745331201598,0.447479220205446,1.7003988520879,9.82550332670228,11.6411146554434,17684540,2.02921810406206,2.02843337981697,TRUE,TRUE,TRUE,TRUE,TRUE,scopolamine
CHOLECYSTITIS ACUTE,5,7878,3968,17672689,2.82673436872999,0.447637139303719,1.17557021473222,6.79706502531579,2.8255757144304,0.447353444492271,1.17574193850522,6.79050211318409,5.89133111398307,17684540,1.49737131479206,1.49658659054697,TRUE,TRUE,TRUE,TRUE,TRUE,scopolamine
CHRONIC KIDNEY DISEASE-MINERAL AND BONE DISORDER,5,7878,1057,17675600,10.6133675735669,0.448411714989051,4.40714609983561,25.5593004406736,10.6072700424407,0.448128510545605,4.40705972653446,25.5304408687324,43.3054870021618,17684540,3.40081634207601,3.40003161783091,TRUE,TRUE,TRUE,TRUE,TRUE,scopolamine
CLONIC CONVULSION,5,7878,498,17676159,22.52747853562,0.449594288745298,9.33276219626991,54.3769656292808,22.5138241663852,0.449311829689116,9.3322705160591,54.3139290403849,101.772319927449,17684540,4.47896980307464,4.47818507882954,TRUE,TRUE,TRUE,TRUE,TRUE,scopolamine
CONDUCTION DISORDER,5,7878,1271,17675386,8.82627356725868,0.448234062078865,3.66634093510246,21.2481889881614,8.82130954749003,0.44795074531854,3.66631427592267,21.2244494815043,34.539981795959,17684540,3.13597177911529,3.1351870548702,TRUE,TRUE,TRUE,TRUE,TRUE,scopolamine
DEAFNESS PERMANENT,5,7878,180,17676477,62.3271452145215,0.453522378608173,25.6230717680978,151.608404556268,62.2882468603324,0.45324236753157,25.6211379949184,151.430654551847,293.375345401118,17684540,5.92200293236385,5.92121820811876,TRUE,TRUE,TRUE,TRUE,TRUE,scopolamine
DRUG MONITORING PROCEDURE INCORRECTLY PERFORMED,5,7878,654,17676003,17.1538001541862,0.449061292400206,7.11396390201789,41.3627147652933,17.1435541817429,0.448778497878223,7.11365657378035,41.3151024278597,75.4355339855582,17684540,4.08924973787211,4.08846501362701,TRUE,TRUE,TRUE,TRUE,TRUE,scopolamine
FEELING OF DESPAIR,5,7878,3732,17672925,3.0055283385128,0.447654939875044,1.249882679091,7.2272387998633,3.00425627943725,0.447371256352447,1.25004853747575,7.22016427519178,6.67805285819439,17684540,1.58571954449942,1.58493482025432,TRUE,TRUE,TRUE,TRUE,TRUE,scopolamine
FLUID INTAKE REDUCED,5,7878,3912,17672745,2.8672079542782,0.447641168880485,1.19239277908496,6.8944408229182,2.8660236285429,0.447357476624621,1.19256317536216,6.88776209853349,6.06828533677171,17684540,1.51785097992942,1.51706625568432,TRUE,TRUE,TRUE,TRUE,TRUE,scopolamine
GLOSSITIS,5,7878,2644,17674013,4.24255759830609,0.447778078043987,1.76388940769538,10.2043217088433,4.24050092090009,0.447494472587191,1.76401460621316,10.193707011733,12.3600916785263,17684540,2.08215226451054,2.08136754026544,TRUE,TRUE,TRUE,TRUE,TRUE,scopolamine
GLUCOSE TOLERANCE IMPAIRED,5,7878,4646,17672011,2.41413079269449,0.447596058151043,1.00405924463816,5.8044657378121,2.41323384306066,0.447312337282645,1.00424449300675,5.79908341230425,4.13471666783302,17684540,1.27005916835555,1.26927444411046,TRUE,TRUE,TRUE,TRUE,TRUE,scopolamine
HAEMOPHILUS INFECTION,5,7878,733,17675924,15.3049592922352,0.448877766017484,6.34950267684566,36.8913584037334,15.295885995716,0.448594855800069,6.34925819061,36.8490493487812,66.3564670940246,17684540,3.92590738681977,3.92512266257467,TRUE,TRUE,TRUE,TRUE,TRUE,scopolamine
HANGOVER,5,7878,2779,17673878,4.03642915015337,0.4477575616568,1.67825675113988,9.70814523650315,4.03450321513488,0.447473943196397,1.67838873443514,9.69812050032126,11.3931242238147,17684540,2.01044089703144,2.00965617278634,TRUE,TRUE,TRUE,TRUE,TRUE,scopolamine
HERPES SIMPLEX,5,7878,4242,17672415,2.64410845665134,0.447618956496887,1.09965971981873,6.35770266431837,2.64306563763787,0.447335250153134,1.09983743171699,6.35166231245317,5.10228360792361,17684540,1.40115599953276,1.40037127528767,TRUE,TRUE,TRUE,TRUE,TRUE,scopolamine
HYPERACUSIS,5,7878,2850,17673807,3.93585668283428,0.447747551131648,1.63647308219944,9.46606943695718,3.93399453854731,0.447463926325966,1.63660837448111,9.45633254151397,10.9235479561313,17684540,1.97410936262996,1.97332463838486,TRUE,TRUE,TRUE,TRUE,TRUE,scopolamine
HYPERPARATHYROIDISM SECONDARY,5,7878,2299,17674358,4.87931329018069,0.447841449707906,2.02837554651093,11.7373226199095,4.87685273373633,0.447557884409273,2.02847976193751,11.7248853219193,15.3780777682923,17684540,2.28345939143785,2.28267466719275,TRUE,TRUE,TRUE,TRUE,TRUE,scopolamine
HYPOVENTILATION,5,7878,1977,17674680,5.67412525074149,0.447920538983082,2.35842059181877,13.6513807048612,5.67116056391494,0.447637023786406,2.35849856467589,13.6366681003784,19.1910770038549,17684540,2.50064314569368,2.49985842144858,TRUE,TRUE,TRUE,TRUE,TRUE,scopolamine
HYPOXIC-ISCHAEMIC ENCEPHALOPATHY,5,7878,2044,17674613,5.48811306126849,0.447902030738232,2.28118834585183,13.2033749111666,5.48526635756352,0.447618503818456,2.28127246541017,13.1891948329847,18.295235981323,17684540,2.45268012386892,2.45189539962382,TRUE,TRUE,TRUE,TRUE,TRUE,scopolamine
INCORRECT DRUG ADMINISTRATION RATE,5,7878,3721,17672936,3.01441514130534,0.447655824618898,1.25357618190901,7.24862100546073,3.01313744554147,0.447372141657366,1.25374174868455,7.24152105108572,6.71747791806749,17684540,1.58997243393853,1.58918770969343,TRUE,TRUE,TRUE,TRUE,TRUE,scopolamine
INTERCEPTED MEDICATION ERROR,5,7878,4402,17672255,2.54797967389791,0.447609385318045,1.05970054678305,6.12644811622057,2.54699782709219,0.447325672903412,1.05988140944371,6.12068281735146,4.69392412275013,17684540,1.34780321160273,1.34701848735763,TRUE,TRUE,TRUE,TRUE,TRUE,scopolamine
INTESTINAL PSEUDO-OBSTRUCTION,5,7878,845,17675812,13.2762888487301,0.448676302358003,5.51005220774694,31.9887795885311,13.2685022897749,0.448393265028289,5.50987632933615,31.9522875815571,56.3884108180366,17684540,3.7220653618551,3.72128063761,TRUE,TRUE,TRUE,TRUE,TRUE,scopolamine
INTRA-ABDOMINAL FLUID COLLECTION,5,7878,1743,17674914,6.43596909671108,0.447996334597898,2.67467963799021,15.4866016944537,6.43252119039577,0.447712867399806,2.67473240367673,15.4697078511527,22.8765497661238,17684540,2.68189492337957,2.68111019913447,TRUE,TRUE,TRUE,TRUE,TRUE,scopolamine
LYMPHOCYTE COUNT INCREASED,5,7878,2702,17673955,4.15147501056545,0.447769012523143,1.72605150136419,9.98506982539504,4.14947610468535,0.44748540132063,1.72617969836228,9.97471581880528,11.9321016322374,17684540,2.0509052206652,2.0501204964201,TRUE,TRUE,TRUE,TRUE,TRUE,scopolamine
MEAN CELL HAEMOGLOBIN DECREASED,5,7878,1653,17675004,6.78641939302125,0.448031196486505,2.82012813545938,16.3309913471265,6.78274920439191,0.44774775135965,2.82016928833601,16.3130940259348,24.5788753159042,17684540,2.75815610138441,2.75737137713932,TRUE,TRUE,TRUE,TRUE,TRUE,scopolamine
MUCOSAL DRYNESS,5,7878,1616,17675041,6.94181605184509,0.448046654075938,2.88461654343283,16.705447456218,6.9380472987994,0.447763218734249,2.88465254344312,16.6871051523321,25.3348422815756,17684540,2.79071601736262,2.78993129311753,TRUE,TRUE,TRUE,TRUE,TRUE,scopolamine
MUCOSAL INFECTION,5,7878,199,17676458,56.3762516568626,0.452937211952231,23.2032200543927,136.975891424872,56.341127813366,0.452656838894772,23.2015103071784,136.815346986266,265.135815594885,17684540,5.78095905090867,5.78017432666357,TRUE,TRUE,TRUE,TRUE,TRUE,scopolamine
MYOCARDIAL NECROSIS MARKER INCREASED,5,7878,1597,17675060,7.0244125226549,0.448054869880674,2.91889184784749,16.9044876824806,7.02059138062607,0.447771439739584,2.91892510812639,16.8859088561401,25.7369074416726,17684540,2.80772596047145,2.80694123622636,TRUE,TRUE,TRUE,TRUE,TRUE,scopolamine
NEUTROPENIC COLITIS,5,7878,1820,17674837,6.163651244668,0.447969243249532,2.56164497297747,14.830547193954,6.1603760631098,0.447685758897374,2.56170675482691,14.8144330600792,21.556528536043,17684540,2.61970364422542,2.61891891998033,TRUE,TRUE,TRUE,TRUE,TRUE,scopolamine
OBSTRUCTION,5,7878,3400,17673257,3.29907131550259,0.447684163222494,1.37187723907244,7.93356084260924,3.29761306907642,0.447400498230753,1.37203346145577,7.92564631900864,7.99409900951106,17684540,1.71994530998073,1.71916058573563,TRUE,TRUE,TRUE,TRUE,TRUE,scopolamine
PANCREATIC DISORDER,5,7878,4019,17672638,2.79085583640187,0.447633567183145,1.16065733011161,6.71074579680583,2.78971993900468,0.44734987010619,1.16083023054366,6.7042855477975,5.73506595972974,17684540,1.47896980307464,1.47818507882954,TRUE,TRUE,TRUE,TRUE,TRUE,scopolamine
PATIENT ELOPEMENT,5,7878,333,17676324,33.6900571554037,0.45069945123813,13.9270338068418,81.4976086707548,33.6693226272067,0.450417685235682,13.9261511730686,81.4024831474769,156.153498481485,17684540,5.05250495659798,5.05172023235288,TRUE,TRUE,TRUE,TRUE,TRUE,scopolamine
PLEURISY,5,7878,4268,17672389,2.62799708797208,0.447617352363198,1.09296259022087,6.31894335284986,2.62696448801777,0.447333645001983,1.09314083025101,6.31294910073193,5.03348079636193,17684540,1.39235079119905,1.39156606695396,TRUE,TRUE,TRUE,TRUE,TRUE,scopolamine
POTENTIATING DRUG INTERACTION,5,7878,2817,17673840,3.98197106513306,0.44775214117493,1.65563188981986,9.57706460056295,3.98007967158673,0.447468519278733,1.65576566498136,9.56719572534214,11.1386647799221,17684540,1.9908821202829,1.9900973960378,TRUE,TRUE,TRUE,TRUE,TRUE,scopolamine
PRODUCT PACKAGING CONFUSION,5,7878,2398,17674259,4.67784754833987,0.447821400257335,1.9447007983576,11.2522490369675,4.67551477683896,0.447537822254778,1.94481165664566,11.240388422056,14.4188738139676,17684540,2.2227634597503,2.2219787355052,TRUE,TRUE,TRUE,TRUE,TRUE,scopolamine
READING DISORDER,5,7878,1861,17674796,6.02784483797034,0.447955732033205,2.50526947958277,14.5033952182649,6.02465579519604,0.447672239125045,2.50533575536182,14.4876699152634,20.8992624123299,17684540,2.58765112202841,2.58686639778331,TRUE,TRUE,TRUE,TRUE,TRUE,scopolamine
SKIN ABRASION,5,7878,4609,17672048,2.43351597873208,0.447597988334528,1.01211789314887,5.8510970498901,2.43260673353435,0.447314268690532,1.01230250644014,5.8456592593516,4.21497029884171,17684540,1.28158210419718,1.28079737995208,TRUE,TRUE,TRUE,TRUE,TRUE,scopolamine
SUBCUTANEOUS ABSCESS,5,7878,3886,17672771,2.88639578455648,0.4476430792208,1.20036797444909,6.9406055496683,2.88519928843536,0.447359388176468,1.20053774133185,6.9338719203888,6.15241826591168,17684540,1.52745912790731,1.52667440366221,TRUE,TRUE,TRUE,TRUE,TRUE,scopolamine
SUSPECTED TRANSMISSION OF AN INFECTIOUS AGENT VIA PRODUCT,5,7878,1213,17675444,9.24833513220052,0.448276025072155,3.84134490314449,22.2660825502752,9.24310340878798,0.447992734850012,3.84130416679444,22.2411339784226,36.6080936439408,17684540,3.20308597497383,3.20230125072873,TRUE,TRUE,TRUE,TRUE,TRUE,scopolamine
THERAPEUTIC PRODUCT EFFECT INCREASED,5,7878,1121,17675536,10.0073942067918,0.448351483778069,4.15600938839153,24.0971396960416,10.001681030205,0.448068241264868,4.15594329496986,24.0700164391171,40.3310119549799,17684540,3.31639328079993,3.31560855655484,TRUE,TRUE,TRUE,TRUE,TRUE,scopolamine
THORACIC VERTEBRAL FRACTURE,5,7878,2499,17674158,4.4887612318347,0.447802581964762,1.86616161323022,10.7970163214029,4.48654839330125,0.447518992037313,1.86627870288376,10.7856969349383,13.5220479550171,17684540,2.16336554594755,2.16258082170245,TRUE,TRUE,TRUE,TRUE,TRUE,scopolamine
TIBIA FRACTURE,5,7878,3783,17672874,2.9650011606419,0.447650905086674,1.23303874855249,7.12972880449068,2.9637548069944,0.447367219005363,1.2332059366953,7.12277024835047,6.49862775935221,17684540,1.56616377741178,1.56537905316668,TRUE,TRUE,TRUE,TRUE,TRUE,scopolamine
TONGUE DISCOLOURATION,5,7878,3326,17673331,3.37248630154657,0.447691471672323,1.40238584730181,8.11022435516031,3.37098148973537,0.447407811314541,1.40253965851308,8.10209974111221,8.32720747896502,17684540,1.75164475420581,1.75086002996072,TRUE,TRUE,TRUE,TRUE,TRUE,scopolamine
TONGUE INJURY,5,7878,746,17675911,15.0382398262511,0.448851283743733,6.23917375593294,36.2465714080806,15.0293357035655,0.448568356824011,6.23893831064213,36.2050272728564,65.046175689556,17684540,3.90071529536589,3.8999305711208,TRUE,TRUE,TRUE,TRUE,TRUE,scopolamine
TRIPLE NEGATIVE BREAST CANCER,5,7878,616,17676041,18.2120282770035,0.449166304354669,7.55127417251986,43.9234447570979,18.2011110955517,0.448883575989859,7.55093074000885,43.8727961517795,80.6286648241089,17684540,4.17493493465968,4.17415021041459,TRUE,TRUE,TRUE,TRUE,TRUE,scopolamine
URINARY TRACT INFECTION BACTERIAL,5,7878,2208,17674449,5.08043433419429,0.447861463959643,2.11190057273389,12.2216042541471,5.07784621144014,0.447577911341469,2.11199815303294,12.2085912385904,16.3389503117107,17684540,2.34159665707915,2.34081193283406,TRUE,TRUE,TRUE,TRUE,TRUE,scopolamine
VOMITING PROJECTILE,5,7878,2358,17674299,4.75721111453482,0.447829298461119,1.97766364605343,11.4433299279256,4.75482800460552,0.447545725463236,1.9777718879483,11.4312421423051,14.7963093369452,17684540,2.24698047890632,2.24619575466122,TRUE,TRUE,TRUE,TRUE,TRUE,scopolamine
WEIGHT GAIN POOR,5,7878,1922,17674735,5.83651432260812,0.447936696098453,2.42583994072325,14.0425173426131,5.83344663624341,0.447653191134867,2.42591254496182,14.0273398266445,19.9745785832397,17684540,2.54124353658444,2.54045881233935,TRUE,TRUE,TRUE,TRUE,TRUE,scopolamine
ADENOCARCINOMA PANCREAS,4,7879,1114,17675543,8.05520253255991,0.501023594557608,3.01714769937194,21.505837402016,8.05162257440562,0.500770161090185,3.01730520684139,21.4856044173744,24.6164569573447,17684540,3.00475182514961,3.00396710090451,TRUE,TRUE,TRUE,TRUE,TRUE,scopolamine
ALANINE AMINOTRANSFERASE ABNORMAL,4,7879,1776,17674881,5.05245469482682,0.500689563802148,1.89368119761068,13.4802513091888,5.050398394081,0.500435961170987,1.8938516136283,13.4680688578709,12.965716214601,17684540,2.33379477213904,2.33301004789394,TRUE,TRUE,TRUE,TRUE,TRUE,scopolamine
AMNESTIC DISORDER,4,7879,385,17676272,23.3087421272724,0.502716996758885,8.701567441743,62.4367348978285,23.2974222023061,0.502464417414278,8.70164824552405,62.3755254128661,84.4854880227498,17684540,4.52782995300661,4.52704522876151,TRUE,TRUE,TRUE,TRUE,TRUE,scopolamine
ANTICHOLINERGIC EFFECT,4,7879,61,17676596,147.115249293099,0.516256156239114,53.4824852700594,404.672603849374,147.041107342424,0.516010204155904,53.4813069116563,404.273726597618,544.48953346215,17684540,7.10908848496435,7.10830376071925,TRUE,TRUE,TRUE,TRUE,TRUE,scopolamine
ANTISOCIAL BEHAVIOUR,4,7879,698,17675959,12.8563134893778,0.501557216068435,4.81041264451499,34.3597958743981,12.8502973465442,0.50130405237392,4.81054800619293,34.3266799711838,43.4651177261262,17684540,3.67612907768824,3.67534435344314,TRUE,TRUE,TRUE,TRUE,TRUE,scopolamine
AORTIC VALVE INCOMPETENCE,4,7879,2626,17674031,3.4168804307574,0.500507525968935,1.28111812164581,9.11318923745635,3.41565405479355,0.500253831051365,1.28129526225845,9.10538965192421,6.82431644661789,17684540,1.77060921381314,1.76982448956804,TRUE,TRUE,TRUE,TRUE,TRUE,scopolamine
APPLICATION SITE DISCOMFORT,4,7879,1702,17674955,5.27214871106449,0.500714010491908,1.97592875586506,14.0670820995315,5.26998093295409,0.500460420249066,1.97609825212187,14.0543108136846,13.8078240900133,17684540,2.39505436667451,2.39426964242941,TRUE,TRUE,TRUE,TRUE,TRUE,scopolamine
APPLICATION SITE PAPULES,4,7879,878,17675779,10.2205187168914,0.501264329868441,3.82638025061887,27.2996921373489,10.2158400317629,0.501011018176323,3.82652799904765,27.2736505731944,33.1057441409929,17684540,3.34682145243528,3.34603672819018,TRUE,TRUE,TRUE,TRUE,TRUE,scopolamine
APPLICATION SITE ULCER,4,7879,552,17676105,16.2568495229476,0.501934826881243,6.07828186702911,43.4802403365571,16.2491078766084,0.501681853740959,6.07840042903883,43.4379916012559,56.8325684188385,17684540,4.01251522526929,4.0117305010242,TRUE,TRUE,TRUE,TRUE,TRUE,scopolamine
APTYALISM,4,7879,595,17676062,15.0819480781271,0.501804392669544,5.64043915874179,40.3275616365412,15.0748026014922,0.501551353740546,5.64056362917448,40.2884690988256,52.2153070678722,17684540,3.90504410520402,3.90425938095892,TRUE,TRUE,TRUE,TRUE,TRUE,scopolamine
AUDITORY DISORDER,4,7879,1387,17675270,6.46961573540243,0.500847238955755,2.42408983132925,17.2666570449722,6.46684033733804,0.500593716204661,2.42425424575343,17.2506757580722,18.4341928085082,17684540,2.68954959345056,2.68876486920547,TRUE,TRUE,TRUE,TRUE,TRUE,scopolamine
BARRETT'S OESOPHAGUS,4,7879,2406,17674251,3.72935980900649,0.500542309737161,1.39818317104503,9.94728364141136,3.72797487443386,0.500288632459043,1.39835904366106,9.93864682136579,7.97270170713384,17684540,1.89663886687548,1.89585414263038,TRUE,TRUE,TRUE,TRUE,TRUE,scopolamine
BONE MARROW TRANSPLANT,4,7879,1333,17675324,6.73172126005229,0.500876395713345,2.52215358718653,17.9672131599211,6.72881286413193,0.500622887727832,2.5223168738384,17.9505291464851,19.4528120262997,17684540,2.74667254789945,2.74588782365435,TRUE,TRUE,TRUE,TRUE,TRUE,scopolamine
BREAST CANCER RECURRENT,4,7879,2471,17674186,3.6312451239814,0.500531388321685,1.36142790310681,9.68537600878322,3.62990997486356,0.500277705505405,1.36160417471093,9.6770020761807,7.61034296111241,17684540,1.85824348813847,1.85745876389337,TRUE,TRUE,TRUE,TRUE,TRUE,scopolamine
BRONCHOPNEUMONIA,4,7879,1193,17675464,7.52175650851569,0.500964269387314,2.81766836196942,20.0793044834608,7.51844723209376,0.50071080589236,2.8178282157893,20.0605020792386,22.5317972036089,17684540,2.9062488610493,2.9054641368042,TRUE,TRUE,TRUE,TRUE,TRUE,scopolamine
CARBON DIOXIDE DECREASED,4,7879,809,17675848,11.0922749854843,0.501361217264925,4.15196174812435,29.633838608745,11.0871539528898,0.501107954549922,4.15210546132905,29.6054577418496,36.5304610690251,17684540,3.46434475591777,3.46356003167268,TRUE,TRUE,TRUE,TRUE,TRUE,scopolamine
CHEMICAL BURN OF SKIN,4,7879,2399,17674258,3.74024312389332,0.500543521174196,1.40226013100465,9.97633628491497,3.73885266689782,0.500289844510373,1.40243595931507,9.9676703038876,8.01298766997673,17684540,1.90083536486293,1.90005064061784,TRUE,TRUE,TRUE,TRUE,TRUE,scopolamine
CHLOASMA,4,7879,306,17676351,29.3264896261843,0.503383502003022,10.9338067541098,78.6590629536614,29.3121161695682,0.503131257254283,10.9338522498692,78.5816503372393,107.975401354198,17684540,4.85533189271856,4.85454716847347,TRUE,TRUE,TRUE,TRUE,TRUE,scopolamine
CIRCADIAN RHYTHM SLEEP DISORDER,4,7879,633,17676024,14.1765241938346,0.501703851953149,5.30286807759458,37.8990831522893,14.1698381483221,0.501450762289809,5.30299702638375,37.8624223529997,48.6559434901819,17684540,3.8163067357365,3.8155220114914,TRUE,TRUE,TRUE,TRUE,TRUE,scopolamine
COMA SCALE ABNORMAL,4,7879,2493,17674164,3.59919596166385,0.500527820789637,1.34942145370892,9.59982630693502,3.59787707496505,0.500274136164236,1.34959785547338,9.5915382453083,7.49231324819277,17684540,1.84547619206459,1.84469146781949,TRUE,TRUE,TRUE,TRUE,TRUE,scopolamine
COMPLEX PARTIAL SEIZURES,4,7879,454,17676203,19.7661468924532,0.50232421741829,7.38473665098177,52.906499099341,19.7566245548191,0.502071440476226,7.38483691357786,52.8548183755317,70.6087035976868,17684540,4.29225250989586,4.29146778565076,TRUE,TRUE,TRUE,TRUE,TRUE,scopolamine
COMPLICATIONS OF TRANSPLANTED KIDNEY,4,7879,1537,17675120,5.83817883748033,0.500776990609333,2.18779897394825,15.5792796981216,5.8357238437787,0.500523432275902,2.18796608251194,15.5649911820155,15.9881169391088,17684540,2.54180515147802,2.54102042723292,TRUE,TRUE,TRUE,TRUE,TRUE,scopolamine
CUSHINGOID,4,7879,2672,17673985,3.35804815043096,0.500500976759483,1.25907582941392,8.9561622240511,3.35685162720354,0.500247278520406,1.25925320787371,8.94852026312179,6.61010560207656,17684540,1.74559389735134,1.74480917310624,TRUE,TRUE,TRUE,TRUE,TRUE,scopolamine
DAYDREAMING,4,7879,1306,17675351,6.87090210334837,0.500891877574284,2.5742219370812,18.3392484671798,6.86792308414078,0.500638377428399,2.57438462262118,18.3221912822211,19.9943572196809,17684540,2.77610520156799,2.77532047732289,TRUE,TRUE,TRUE,TRUE,TRUE,scopolamine
DEMENTIA WITH LEWY BODIES,4,7879,979,17675678,9.16605123379781,0.501147110831165,3.4323948975335,24.4775143096094,9.16190760764848,0.500893739858784,3.43254744547924,24.4543017523732,28.9674820842601,17684540,3.19040869165222,3.18962396740712,TRUE,TRUE,TRUE,TRUE,TRUE,scopolamine
DEVICE CONNECTION ISSUE,4,7879,1926,17674731,4.65892179969705,0.50064577001847,1.74633331048578,12.4292150904769,4.65706518581924,0.5003921451918,1.74650536428871,12.4180873351067,11.464614355,17684540,2.21707116583736,2.21628644159226,TRUE,TRUE,TRUE,TRUE,TRUE,scopolamine
DISTRIBUTIVE SHOCK,4,7879,2157,17674500,4.15992865667632,0.500590234722896,1.5594622717319,11.0967778716559,4.1583252424144,0.500336581744178,1.55963638419356,11.0869873240626,9.57863645509008,17684540,2.05397294113329,2.0531882168882,TRUE,TRUE,TRUE,TRUE,TRUE,scopolamine
ELECTROCARDIOGRAM T WAVE INVERSION,4,7879,1341,17675316,6.69155882044787,0.50087192813237,2.50712800121937,17.8598617325226,6.68867080379408,0.500618417884495,2.5072914610394,17.8432854004859,19.2966224389585,17684540,2.73806584054881,2.73728111630372,TRUE,TRUE,TRUE,TRUE,TRUE,scopolamine
ENDOCRINE OPHTHALMOPATHY,4,7879,780,17675877,11.5046989563299,0.501407047732863,4.30594981090265,30.7384209961406,11.4993686511383,0.501153808178805,4.30609159385063,30.7089332618058,38.1513717474709,17684540,3.51674645387759,3.5159617296325,TRUE,TRUE,TRUE,TRUE,TRUE,scopolamine
ENTEROCOLITIS INFECTIOUS,4,7879,615,17676042,14.5914617120533,0.501749930237931,5.45758661499171,39.0118874722875,14.5845651185168,0.501496863828907,5.45771351954084,38.9741123154727,50.2872232697759,17684540,3.85766069877854,3.85687597453344,TRUE,TRUE,TRUE,TRUE,TRUE,scopolamine
FACIAL SPASM,4,7879,867,17675790,10.3501972524748,0.501278743586738,3.8748201170056,27.6468532551965,10.3454527657299,0.501025439182036,3.87496726902897,27.620463734851,33.6150309629468,17684540,3.36492738939394,3.36414266514884,TRUE,TRUE,TRUE,TRUE,TRUE,scopolamine
FAECAL INCONTINENCE,4,7879,2149,17674508,4.17541655369006,0.500591958536497,1.56526304217112,11.138130095148,4.17380528054344,0.500338306431715,1.56543709103875,11.1282980450737,9.63681730896338,17684540,2.05932369382557,2.05853896958047,TRUE,TRUE,TRUE,TRUE,TRUE,scopolamine
FAECAL VOMITING,4,7879,444,17676213,20.2113418152256,0.502373594534298,7.55033307024806,54.1033533449756,20.201593576324,0.502120842449623,7.55043094176339,54.0504755517522,72.3543866224704,17684540,4.3241013759352,4.3233166516901,TRUE,TRUE,TRUE,TRUE,TRUE,scopolamine
GALLBLADDER ENLARGEMENT,4,7879,858,17675799,10.4587710804236,0.501290811206315,3.91537446728486,27.9375302226351,10.4539715010348,0.501037512902545,3.91552111892862,27.9108493671849,34.0414811864089,17684540,3.3799122389037,3.37912751465861,TRUE,TRUE,TRUE,TRUE,TRUE,scopolamine
GASTRIC ULCER PERFORATION,4,7879,914,17675743,9.81793999671731,0.501219580761051,3.67598434495453,26.2220773359506,9.81346558849875,0.500966246441601,3.6761339362929,26.1971159173174,31.5251435629909,17684540,3.28910595457899,3.2883212303339,TRUE,TRUE,TRUE,TRUE,TRUE,scopolamine
GASTROINTESTINAL HYPOMOTILITY,4,7879,1848,17674809,4.85558603092554,0.500667656014125,1.81997214376861,12.9544376733695,4.85362962548044,0.500414042280183,1.82014338067071,12.9427828551949,12.2134897059073,17684540,2.27658791473257,2.27580319048747,TRUE,TRUE,TRUE,TRUE,TRUE,scopolamine
GASTROINTESTINAL OEDEMA,4,7879,1468,17675189,6.11261301296552,0.500807523052937,2.29050335313497,16.3125881458047,6.11001876559119,0.500553980186102,2.29066929473103,16.2975639485576,17.0497036034383,17684540,2.60789434193579,2.60710961769069,TRUE,TRUE,TRUE,TRUE,TRUE,scopolamine
GASTROSTOMY,4,7879,1454,17675203,6.17147387244452,0.500814071433209,2.31252986889771,16.4698801388542,6.16884975783209,0.500560531883291,2.31269555940949,16.4546981464442,17.2777149676281,17684540,2.62168129366586,2.62089656942077,TRUE,TRUE,TRUE,TRUE,TRUE,scopolamine
HYPERPHAGIA,4,7879,3066,17673591,2.92645291342713,0.500452928957216,1.0973556588009,7.80433088016722,2.92547539070054,0.500199206347302,1.09753477352698,7.79784519636826,5.06347489478141,17684540,1.54743335773526,1.54664863349016,TRUE,TRUE,TRUE,TRUE,TRUE,scopolamine
HYPOPNOEA,4,7879,3144,17673513,2.85383747889113,0.500444844512822,1.0701434203057,7.61055780130585,2.85289680276331,0.500191117801814,1.07032282567089,7.60426664928455,4.80841033118994,17684540,1.51123647248532,1.51045174824022,TRUE,TRUE,TRUE,TRUE,TRUE,scopolamine
INFUSION SITE DISCHARGE,4,7879,1684,17674973,5.32850727104944,0.500720281659388,1.99702662168573,14.2176320682494,5.32631089542034,0.500466694594251,1.99719588136532,14.2047097229539,14.0242624306996,17684540,2.41035710928562,2.40957238504052,TRUE,TRUE,TRUE,TRUE,TRUE,scopolamine
INGROWING NAIL,4,7879,1975,17674682,4.54332076453833,0.500632904783419,1.70304478191818,12.1205054550801,4.54152280905714,0.500379273435652,1.70321731444201,12.1096875015878,11.0257587723609,17684540,2.18090040094529,2.18011567670019,TRUE,TRUE,TRUE,TRUE,TRUE,scopolamine
LEFT VENTRICULAR FAILURE,4,7879,2416,17674241,3.71392161576292,0.500540591285202,1.39239989106106,9.90607213960648,3.71254451485425,0.500286913135688,1.39257582650899,9.89747668486145,7.91558592662803,17684540,1.89066496583084,1.88988024158575,TRUE,TRUE,TRUE,TRUE,TRUE,scopolamine
LOCAL REACTION,4,7879,615,17676042,14.5914617120533,0.501749930237931,5.45758661499171,39.0118874722875,14.5845651185168,0.501496863828907,5.45771351954084,38.9741123154727,50.2872232697759,17684540,3.85766069877854,3.85687597453344,TRUE,TRUE,TRUE,TRUE,TRUE,scopolamine
LONG QT SYNDROME CONGENITAL,4,7879,74,17676583,121.27058928455,0.513459336019308,44.3292187606456,331.757613524159,121.209561457944,0.513212043587814,44.3283911273261,331.429980091708,452.418306259974,17684540,6.84605407913055,6.84526935488546,TRUE,TRUE,TRUE,TRUE,TRUE,scopolamine
MENIERE'S DISEASE,4,7879,1087,17675570,8.25529837037258,0.501045845643479,3.09196052386152,22.0410159372813,8.25161687938166,0.500792423436636,3.09211714530615,22.020246298707,25.3993279188241,17684540,3.04002091166919,3.0392361874241,TRUE,TRUE,TRUE,TRUE,TRUE,scopolamine
NEONATAL RESPIRATORY DEPRESSION,4,7879,233,17676424,38.5147763354209,0.504399466421155,14.3309138898603,103.50965804191,38.4957405488749,0.504147729999481,14.3309000588802,103.407464591731,143.623193388646,17684540,5.24271304909454,5.24192832484945,TRUE,TRUE,TRUE,TRUE,TRUE,scopolamine
NON-CARDIAC CHEST PAIN,4,7879,2041,17674616,4.39638657676286,0.500616552005764,1.64801993689215,11.7281438771851,4.39466317877896,0.500362912368648,1.64819307633053,11.7177196848281,10.4695422029706,17684540,2.13357117016369,2.13278644591859,TRUE,TRUE,TRUE,TRUE,TRUE,scopolamine
OESOPHAGEAL SPASM,4,7879,1313,17675344,6.83426854015422,0.500887802665269,2.56051741786615,18.2413234735446,6.8313081095871,0.500634300455999,2.5606802617753,18.2243645115446,19.8517771177838,17684540,2.76841666773629,2.76763194349119,TRUE,TRUE,TRUE,TRUE,TRUE,scopolamine
OSTEOSCLEROSIS,4,7879,1307,17675350,6.86564471254348,0.500891292774099,2.57225517452341,18.3251948662558,6.86266836104656,0.500637792332094,2.57241788279806,18.3081517776118,19.9738933742535,17684540,2.77500432777105,2.77421960352595,TRUE,TRUE,TRUE,TRUE,TRUE,scopolamine
PALLIATIVE CARE,4,7879,1453,17675204,6.17572162299585,0.500814544000059,2.31411941172465,16.4812314228479,6.17309535298545,0.500561004689504,2.31428508410588,16.4660380429204,17.2941737531419,17684540,2.62267113592829,2.62188641168319,TRUE,TRUE,TRUE,TRUE,TRUE,scopolamine
PERSONALITY DISORDER,4,7879,1912,17674745,4.69303896114931,0.500649566852963,1.75910857228083,12.5203270781113,4.6911650355062,0.500395943950756,1.75928048459284,12.5091078898935,11.594329672417,17684540,2.22757445225662,2.22678972801152,TRUE,TRUE,TRUE,TRUE,TRUE,scopolamine
PNEUMONIA STAPHYLOCOCCAL,4,7879,1333,17675324,6.73172126005229,0.500876395713345,2.52215358718653,17.9672131599211,6.72881286413193,0.500622887727832,2.5223168738384,17.9505291464851,19.4528120262997,17684540,2.74667254789945,2.74588782365435,TRUE,TRUE,TRUE,TRUE,TRUE,scopolamine
PROTEIN TOTAL DECREASED,4,7879,2599,17674058,3.45238234647641,0.500511478000739,1.29441911032683,9.2079480063088,3.45113795609383,0.500257785087443,1.2945961072765,9.20005330237538,6.95391249779518,17684540,1.78549670158869,1.78471197734359,TRUE,TRUE,TRUE,TRUE,TRUE,scopolamine
PULMONARY VASCULITIS,4,7879,466,17676191,19.2571343283907,0.502267756261449,7.19536309708973,51.5383612387366,19.2478702744375,0.50201495088976,7.19546607435595,51.4880490399275,68.6121896142713,17684540,4.2549393514278,4.2541546271827,TRUE,TRUE,TRUE,TRUE,TRUE,scopolamine
PUPILLARY REFLEX IMPAIRED,4,7879,1094,17675563,8.20247328596392,0.501039971476916,3.07221065319088,21.899724856781,8.19881859953187,0.500786546297439,3.07236750885811,21.8790968965211,25.1926075362948,17684540,3.0307939589876,3.03000923474251,TRUE,TRUE,TRUE,TRUE,TRUE,scopolamine
PURULENT DISCHARGE,4,7879,3130,17673527,2.8666045179344,0.500446265906289,1.0749278611164,7.64462598793136,2.86565736354245,0.500192539916339,1.07510721541326,7.63830063410786,4.85312881647665,17684540,1.51766683352022,1.51688210927512,TRUE,TRUE,TRUE,TRUE,TRUE,scopolamine
QUADRIPLEGIA,4,7879,1558,17675099,5.7594802387393,0.500768234576009,2.15834450407499,15.369007384039,5.75706517836191,0.500514671806747,2.15851194616379,15.3549298287702,15.68418057082,17684540,2.52227755985082,2.52149283560573,TRUE,TRUE,TRUE,TRUE,TRUE,scopolamine
RECTAL TENESMUS,4,7879,1047,17675610,8.57070643337209,0.501080917689569,3.20987360669751,22.8847044362666,8.56686489769614,0.500827513229553,3.21002882497407,22.8630888309768,26.6342094049144,17684540,3.09390934403062,3.09312461978553,TRUE,TRUE,TRUE,TRUE,TRUE,scopolamine
RENAL COLIC,4,7879,1663,17674994,5.39580090541112,0.50072776949892,2.02221736080826,14.3973976166432,5.39357038357658,0.500474186227891,2.02238633767193,14.3842948998964,14.2829003523529,17684540,2.42841790900638,2.42763318476129,TRUE,TRUE,TRUE,TRUE,TRUE,scopolamine
RENAL HAEMORRHAGE,4,7879,1684,17674973,5.32850727104944,0.500720281659388,1.99702662168573,14.2176320682494,5.32631089542034,0.500466694594251,1.99719588136532,14.2047097229539,14.0242624306996,17684540,2.41035710928562,2.40957238504052,TRUE,TRUE,TRUE,TRUE,TRUE,scopolamine
SERUM FERRITIN DECREASED,4,7879,1483,17675174,6.05078104373148,0.500800644038953,2.26736439967343,16.1473608937555,6.04821817119883,0.500547097687633,2.26753060472642,16.1325024545074,16.8103004549905,17684540,2.59326736594038,2.59248264169529,TRUE,TRUE,TRUE,TRUE,TRUE,scopolamine
SUDDEN UNEXPLAINED DEATH IN EPILEPSY,4,7879,441,17676216,20.3488373900138,0.502388843356612,7.60146997662009,54.4730406617137,20.3390193829657,0.502136098947498,7.60156710650599,54.4197931379964,72.89342982145,17684540,4.33379477213904,4.33301004789394,TRUE,TRUE,TRUE,TRUE,TRUE,scopolamine
SUICIDAL BEHAVIOUR,4,7879,3073,17673584,2.91978557722652,0.50045218667269,1.0948571468375,7.78653894857875,2.91881143764655,0.500198463686235,1.09503628826706,7.78007112624437,5.03998430634039,17684540,1.54414756965926,1.54336284541416,TRUE,TRUE,TRUE,TRUE,TRUE,scopolamine
SUPERIOR MESENTERIC ARTERY SYNDROME,4,7879,193,17676464,46.4972186181277,0.505280440332411,17.2712424645579,125.178680321265,46.474132372476,0.505029143040603,17.2711718476248,125.054918035075,174.370681431889,17684540,5.50940447853643,5.50861975429133,TRUE,TRUE,TRUE,TRUE,TRUE,scopolamine
SYSTEMIC CANDIDA,4,7879,2097,17674560,4.27896832292283,0.5006034837672,1.60404587002466,11.4146174063561,4.27730450543055,0.500349837505294,1.60421949320467,11.4045078679531,10.0264545470977,17684540,2.09459585131976,2.09381112707466,TRUE,TRUE,TRUE,TRUE,TRUE,scopolamine
TONGUE SPASM,4,7879,239,17676418,37.5478654396704,0.504292649808435,13.9740625620902,100.889930384333,37.5293202840496,0.504040860038625,13.9740552799579,100.790347022803,139.88465302581,17684540,5.20664379438702,5.20585907014192,TRUE,TRUE,TRUE,TRUE,TRUE,scopolamine
TUMOUR HAEMORRHAGE,4,7879,2401,17674256,3.73712712988871,0.500543174328835,1.40109286152879,9.9680182295064,3.7357382540141,0.500289497489134,1.4012687025253,9.95936059754563,8.00145161183371,17684540,1.8996351193354,1.8988503950903,TRUE,TRUE,TRUE,TRUE,TRUE,scopolamine
URINE OUTPUT INCREASED,4,7879,2123,17674534,4.22655834833941,0.500597650611295,1.58441719191752,11.2746791457735,4.22492112477054,0.500344001392223,1.58459103065656,11.2647100514865,9.8291128660885,17684540,2.07685198003213,2.07606725578703,TRUE,TRUE,TRUE,TRUE,TRUE,scopolamine
VOCAL CORD PARALYSIS,4,7879,1368,17675289,6.55947856059746,0.5008572355353,2.45771223246079,17.5068335579129,6.55665756424551,0.500603717846875,2.45787626085287,17.4906113458538,18.7832369488643,17684540,2.70939153181999,2.70860680757489,TRUE,TRUE,TRUE,TRUE,TRUE,scopolamine
WOUND DEHISCENCE,4,7879,2428,17674229,3.69556364560936,0.500538547820153,1.38552278682475,9.85706679718217,3.69419585992087,0.500284868634426,1.38569879696263,9.84852053084702,7.8477153772258,17684540,1.88352878454922,1.88274406030412,TRUE,TRUE,TRUE,TRUE,TRUE,scopolamine
ACCOMMODATION DISORDER,3,7880,429,17676228,15.6865464484754,0.579475017400052,5.0381169779199,48.8412120160359,15.6809572515522,0.57925592257171,5.03848506231115,48.8028479362439,40.9488383905412,17684540,3.96153129655049,3.96074657230539,TRUE,TRUE,TRUE,TRUE,TRUE,scopolamine
ACUTE FEBRILE NEUTROPHILIC DERMATOSIS,3,7880,1813,17674844,3.71152869434233,0.577937596496682,1.19564543149038,11.5213464511425,3.71049677932482,0.577717918610409,1.19582778174271,11.5131848913191,5.93080365034443,17684540,1.88987031142304,1.88908558717795,TRUE,TRUE,TRUE,TRUE,TRUE,scopolamine
ACUTE LEFT VENTRICULAR FAILURE,3,7880,574,17676083,11.7238209466032,0.578966712116507,3.76914428127823,36.4666267276455,11.7197398273796,0.578747424860056,3.76945199752531,36.4382678733251,29.2632140054592,17684540,3.54399129006848,3.54320656582338,TRUE,TRUE,TRUE,TRUE,TRUE,scopolamine
ACUTE PSYCHOSIS,3,7880,1914,17674743,3.51565468707732,0.577912415080563,1.13260176105601,10.9127747313802,3.51469731500308,0.577692727618331,1.1327809907456,10.9051063859741,5.38978773530189,17684540,1.81178417704581,1.81099945280071,TRUE,TRUE,TRUE,TRUE,TRUE,scopolamine
ADENOMYOSIS,3,7880,446,17676211,15.0886142473424,0.579398348225304,4.84680475059652,46.9724471317077,15.0832526029504,0.579179224394114,4.84716379500153,46.9355934121758,39.1860720600711,17684540,3.90584716397281,3.90506243972771,TRUE,TRUE,TRUE,TRUE,TRUE,scopolamine
AEROPHAGIA,3,7880,141,17676516,47.7279295820283,0.583568755195501,15.2064851609508,149.801564140324,47.7101465313184,0.583351197894511,15.2073025429785,149.681909438362,134.336219008398,17684540,5.54649379727165,5.54570907302655,TRUE,TRUE,TRUE,TRUE,TRUE,scopolamine
ANION GAP INCREASED,3,7880,987,17675670,6.8179493311527,0.578336809037357,2.19464125617106,21.1808799964263,6.81573521875977,0.578117282849542,2.19487273944902,21.1648929513352,14.8430813091575,17684540,2.76513408374699,2.76434935950189,TRUE,TRUE,TRUE,TRUE,TRUE,scopolamine
ANORECTAL INFECTION,3,7880,215,17676442,31.3005111557077,0.581473521537999,10.0136215995577,97.838927591578,31.2889798182135,0.581255180014852,10.014217169248,97.7610372851626,86.7533917590241,17684540,4.94823447393703,4.94744974969193,TRUE,TRUE,TRUE,TRUE,TRUE,scopolamine
ANTICOAGULATION DRUG LEVEL BELOW THERAPEUTIC,3,7880,680,17675977,9.89622480591221,0.578732132938794,3.18304527155353,30.7677890366144,9.89283920722926,0.57851275676401,3.18332478272318,30.7440409823251,23.8773522519167,17684540,3.30067703042387,3.29989230617877,TRUE,TRUE,TRUE,TRUE,TRUE,scopolamine
APPLICATION SITE DERMATITIS,3,7880,367,17676290,18.3366540339424,0.579814702383371,5.88534399950244,57.1305400651043,18.3300562967736,0.579595735960615,5.88575185644053,57.0854789732984,48.7563099953386,17684540,4.18503733819765,4.18425261395255,TRUE,TRUE,TRUE,TRUE,TRUE,scopolamine
APPLICATION SITE HYPERAESTHESIA,3,7880,75,17676582,89.7288426395939,0.588891863411262,28.2915793438686,284.581680774421,89.6950754788786,0.588676273376746,28.2928853459167,284.354404536646,252.999840013168,17684540,6.43101657985171,6.43023185560661,TRUE,TRUE,TRUE,TRUE,TRUE,scopolamine
APPLICATION SITE WOUND,3,7880,153,17676504,43.9845326963273,0.583091966306623,14.0269122584409,137.923377637875,43.9681742543523,0.582874231044587,14.0276806516592,137.813256180196,123.551290852009,17684540,5.43101657985171,5.43023185560661,TRUE,TRUE,TRUE,TRUE,TRUE,scopolamine
ATROPHIC VULVOVAGINITIS,3,7880,539,17676118,12.4851327425294,0.579064401452648,4.01313338512361,38.8421028257895,12.4807618940926,0.578845151204511,4.01345278278937,38.8118226094522,31.5082560432874,17684540,3.63426975736009,3.63348503311499,TRUE,TRUE,TRUE,TRUE,TRUE,scopolamine
BACTERIAL TRANSLOCATION,3,7880,306,17676351,21.9920759928337,0.580282920061933,7.05211578404474,68.5824540159739,21.9840871271761,0.580064130385261,7.05257771750763,68.528147604174,59.5063778039034,17684540,4.44495577080958,4.44417104656449,TRUE,TRUE,TRUE,TRUE,TRUE,scopolamine
BILIARY DILATATION,3,7880,1064,17675593,6.324517551811,0.578273415510242,2.03606263284842,19.6455264282351,6.32249122266532,0.578053865247401,2.03628635649393,19.6307828381794,13.4049852365801,17684540,2.65707433788953,2.65628961364444,TRUE,TRUE,TRUE,TRUE,TRUE,scopolamine
BLOOD ALKALINE PHOSPHATASE DECREASED,3,7880,832,17675825,8.08819110576923,0.578499971078652,2.60268906529139,25.1350944051861,8.08549358283161,0.578280506830659,2.60294044656945,25.1159055767766,18.561466810549,17684540,3.01078641135254,3.01000168710745,TRUE,TRUE,TRUE,TRUE,TRUE,scopolamine
BLOOD BILIRUBIN DECREASED,3,7880,548,17676109,12.2800786894661,0.579038091129088,3.94742580694039,38.202195555985,12.2757858775838,0.578818830914863,3.94774206221662,38.1724328837408,30.9035294038202,17684540,3.6105102901428,3.6097255658977,TRUE,TRUE,TRUE,TRUE,TRUE,scopolamine
BLOOD CHLORIDE INCREASED,3,7880,1143,17675514,5.88736360366122,0.578217246457371,1.89553759370507,18.2856042089703,5.88550364034637,0.577997674858706,1.89575442862164,18.271962115745,12.135175499398,17684540,2.55402746995705,2.55324274571196,TRUE,TRUE,TRUE,TRUE,TRUE,scopolamine
BLOOD ELECTROLYTES DECREASED,3,7880,1213,17675444,5.54759270341185,0.578173586192438,1.78629538442106,17.2288329642205,5.54586204527279,0.577953998006525,1.78650685601922,17.2160469026861,11.1517181808079,17684540,2.46849128527037,2.46770656102528,TRUE,TRUE,TRUE,TRUE,TRUE,scopolamine
BLOOD IMMUNOGLOBULIN G DECREASED,3,7880,2166,17674491,3.10658685686967,0.57785982208701,1.00091982133645,9.64201297001916,3.10578516201103,0.57764011462197,1.00109252534448,9.63537458163392,4.27789514950732,17684540,1.63360446104168,1.63281973679659,TRUE,TRUE,TRUE,TRUE,TRUE,scopolamine
BLOOD PHOSPHORUS INCREASED,3,7880,2143,17674514,3.13993275236812,0.577864109478089,1.01165512647595,9.74559158686613,3.13911836720294,0.577644403643825,1.01182836287342,9.73886924391695,4.3674541454587,17684540,1.64898443795744,1.64819971371234,TRUE,TRUE,TRUE,TRUE,TRUE,scopolamine
BODY TEMPERATURE ABNORMAL,3,7880,1817,17674840,3.70335718216841,0.57793654599511,1.19301548706098,11.4959567310439,3.70232837694876,0.577716867709371,1.19319770718248,11.4878157477583,5.90814029314294,17684540,1.8866960636279,1.8859113393828,TRUE,TRUE,TRUE,TRUE,TRUE,scopolamine
BONE DEMINERALISATION,3,7880,1045,17675612,6.43951570203774,0.578288190490523,2.07302414836525,20.0033185862746,6.43744560853196,0.578068645839266,2.07324968196335,19.9882852139466,13.7397325373829,17684540,2.68299579717651,2.68221107293141,TRUE,TRUE,TRUE,TRUE,TRUE,scopolamine
CATAPLEXY,3,7880,1302,17675355,5.16835335329481,0.57812485037207,1.66434130197885,16.0495184207435,5.16676702067273,0.577905243667633,1.66454677777283,16.037687737217,10.0585026321375,17684540,2.36658470725671,2.36579998301161,TRUE,TRUE,TRUE,TRUE,TRUE,scopolamine
CEREBELLAR STROKE,3,7880,367,17676290,18.3366540339424,0.579814702383371,5.88534399950244,57.1305400651043,18.3300562967736,0.579595735960615,5.88575185644053,57.0854789732984,48.7563099953386,17684540,4.18503733819765,4.18425261395255,TRUE,TRUE,TRUE,TRUE,TRUE,scopolamine
CHEMICAL INJURY,3,7880,619,17676038,10.8714961088377,0.578857324688645,3.49587594309852,33.8082442192495,10.8677393552761,0.578637995977363,3.49617053414292,33.7820359564269,26.7505625512109,17684540,3.43564802858336,3.43486330433826,TRUE,TRUE,TRUE,TRUE,TRUE,scopolamine
CHOREOATHETOSIS,3,7880,473,17676184,14.2272974104163,0.579287889019607,4.57111980871306,44.2814890168949,14.2222635537334,0.579068723389774,4.57146578809519,44.2468105347311,36.6462912732068,17684540,3.82160103540601,3.82081631116092,TRUE,TRUE,TRUE,TRUE,TRUE,scopolamine
CHRONIC RESPIRATORY DISEASE,3,7880,311,17676346,21.638499518501,0.580237647471286,6.93935148508224,67.4738356197587,21.6306452119482,0.580018840717266,6.9398082274727,67.4204238717948,58.4676789945441,17684540,4.42179804982233,4.42101332557723,TRUE,TRUE,TRUE,TRUE,TRUE,scopolamine
CHRONIC RESPIRATORY FAILURE,3,7880,1006,17675651,6.68917371406081,0.57832026529158,2.15325927460532,20.7801473350596,6.68700860926033,0.578100732821442,2.15348873440607,20.7644848221853,14.4673416603403,17684540,2.7377083396076,2.7369236153625,TRUE,TRUE,TRUE,TRUE,TRUE,scopolamine
COLORECTAL CANCER METASTATIC,3,7880,2095,17674562,3.21188265510098,0.577873360204548,1.03481790716753,9.96908742947404,3.21104088826534,0.577653657888855,1.03499229202897,9.96218393655757,4.5614092169631,17684540,1.68161983613669,1.68083511189159,TRUE,TRUE,TRUE,TRUE,TRUE,scopolamine
COR PULMONALE CHRONIC,3,7880,150,17676507,44.864230964467,0.583204046732841,14.3043102495973,140.712777121826,44.8475377394393,0.582986353330905,14.3050902371699,140.600416211589,126.088842366322,17684540,5.45903095602131,5.45824623177621,TRUE,TRUE,TRUE,TRUE,TRUE,scopolamine
CORRECTIVE LENS USER,3,7880,830,17675827,8.10768164026665,0.578502474271442,2.60894810020521,25.1957873653165,8.10497669989867,0.578283010973441,2.60919978592714,25.1765494003972,18.6186568712191,17684540,3.01424611334841,3.01346138910331,TRUE,TRUE,TRUE,TRUE,TRUE,scopolamine
DANDRUFF,3,7880,2045,17674612,3.2904221016966,0.577883457991292,1.06010109611844,10.2130614211947,3.28955044543565,0.577663759516219,1.06027673421396,10.2059601836762,4.77418006406944,17684540,1.71641879871396,1.71563407446886,TRUE,TRUE,TRUE,TRUE,TRUE,scopolamine
DELAYED GRAFT FUNCTION,3,7880,695,17675962,9.68262900339627,0.578704710868594,3.11451120181676,30.1020925411096,9.67932469196532,0.57848532429463,3.11478740156285,30.0788832154261,23.2484814631084,17684540,3.26933557250431,3.26855084825921,TRUE,TRUE,TRUE,TRUE,TRUE,scopolamine
DILATATION ATRIAL,3,7880,353,17676304,19.0639018708388,0.579907884624228,6.11764451070361,59.4072365442449,19.0570273680337,0.579688953399323,6.11806319846071,59.3603368133493,50.8969853571964,17684540,4.24068536774756,4.23990064350246,TRUE,TRUE,TRUE,TRUE,TRUE,scopolamine
DRUG DOSE TITRATION NOT PERFORMED,3,7880,1697,17674960,3.96525968490229,0.577970214332332,1.27730159928903,12.3097664462827,3.96413120855386,0.577750548848649,1.27748798787687,12.3009659486092,6.63808414434177,17684540,1.98509976768889,1.9843150434438,TRUE,TRUE,TRUE,TRUE,TRUE,scopolamine
DRUG EFFECT VARIABLE,3,7880,1130,17675527,5.9550987152419,0.57822594996614,1.91731336604501,18.4962986939524,5.95321297426185,0.578006381673777,1.9175312692088,18.4824859370054,12.3316218153879,17684540,2.57048665289344,2.56970192864835,TRUE,TRUE,TRUE,TRUE,TRUE,scopolamine
DRUG LEVEL ABNORMAL,3,7880,519,17676138,12.9662700624982,0.579126131109346,4.16728255565683,40.3438348823787,12.9617161096645,0.578906904240227,4.16760931526474,40.3123401927767,32.9272458037973,17684540,3.68851280214407,3.68772807789898,TRUE,TRUE,TRUE,TRUE,TRUE,scopolamine
DUCTUS ARTERIOSUS STENOSIS FOETAL,3,7880,393,17676264,17.1235168752664,0.579659229825386,5.49764975761972,53.3345780660433,17.1173808165799,0.579440204650563,5.49803946734535,53.292583249005,45.1835101091966,17684540,4.08706217863435,4.08627745438925,TRUE,TRUE,TRUE,TRUE,TRUE,scopolamine
ESSENTIAL TREMOR,3,7880,853,17675804,7.88905862259806,0.578474395633637,2.53873772684862,24.515035678004,7.88643688266811,0.578254921678974,2.5389859961536,24.4963488567998,17.9773574619476,17684540,2.97495181231281,2.97416708806771,TRUE,TRUE,TRUE,TRUE,TRUE,scopolamine
EXPOSURE VIA EYE CONTACT,3,7880,395,17676262,17.0368135963503,0.579648116558055,5.46993208221207,53.0633677263881,17.0307105339643,0.579429087182392,5.47032049111179,53.0215920187764,44.9280768799595,17684540,4.07979417817031,4.07900945392521,TRUE,TRUE,TRUE,TRUE,TRUE,scopolamine
FEMORAL NERVE INJURY,3,7880,52,17676605,129.416768352206,0.59387798636534,40.4083766302044,414.485840003018,129.367897325306,0.59366420705157,40.4100459744872,414.155749016893,361.284720818483,17684540,6.9350590851893,6.9342743609442,TRUE,TRUE,TRUE,TRUE,TRUE,scopolamine
GASTROINTESTINAL NECROSIS,3,7880,2057,17674600,3.27122441878543,0.577880989768803,1.0539211266015,10.1534250789378,3.27036006850554,0.577661290354972,1.05409645840417,10.1463721772365,4.72207440913962,17684540,1.70799017664338,1.70720545239828,TRUE,TRUE,TRUE,TRUE,TRUE,scopolamine
GAZE PALSY,3,7880,1256,17675401,5.35765412315303,0.578149177813464,1.72521870365578,16.6381558712025,5.35599574913686,0.577929580353307,1.72542717355932,16.6258483141861,10.6035369560511,17684540,2.41835623099494,2.41757150674984,TRUE,TRUE,TRUE,TRUE,TRUE,scopolamine
GINGIVAL HYPERTROPHY,3,7880,1341,17675316,5.01803222839233,0.578105531557877,1.61599526274904,15.5821294935904,5.01650310284556,0.577885917511846,1.61619835918753,15.5706774714892,9.62673239183423,17684540,2.3241013759352,2.3233166516901,TRUE,TRUE,TRUE,TRUE,TRUE,scopolamine
GRAVES' DISEASE,3,7880,827,17675830,8.13709420018537,0.578506251741386,2.61839329900068,25.2873783506705,8.13437806640374,0.578286789876965,2.61864544409963,25.2680662348853,18.7049667943198,17684540,3.01945127247967,3.01866654823457,TRUE,TRUE,TRUE,TRUE,TRUE,scopolamine
HEPATOBILIARY DISEASE,3,7880,550,17676107,12.2354224734656,0.579032361166764,3.93311525775562,38.0628466986791,12.2311466562107,0.578813098781966,3.93343082830615,38.0331967322677,30.7718365291965,17684540,3.60528312847925,3.60449840423415,TRUE,TRUE,TRUE,TRUE,TRUE,scopolamine
HIV INFECTION,3,7880,2040,17674617,3.29848779486414,0.577884494984401,1.06269752380569,10.2381171397714,3.29761306907642,0.577664796903733,1.06287329057907,10.2309955944223,4.79608995688328,17684540,1.71994530998073,1.71916058573563,TRUE,TRUE,TRUE,TRUE,TRUE,scopolamine
HYPERMETROPIA,3,7880,722,17675935,9.32052199192879,0.578658219514743,2.99830918444472,28.9737064652046,9.3173554860331,0.578438815307762,2.99857976317143,28.9514103707862,22.1827871747816,17684540,3.21458161381166,3.21379688956656,TRUE,TRUE,TRUE,TRUE,TRUE,scopolamine
HYPERPHOSPHATAEMIA,3,7880,1726,17674931,3.89862957396874,0.577961649021561,1.25585958700513,12.1027165077187,3.89752645476008,0.577741980281148,1.2560449155547,12.0940838002167,6.45171632077224,17684540,1.96069664507168,1.95991192082658,TRUE,TRUE,TRUE,TRUE,TRUE,scopolamine
HYPERTROPHY,3,7880,363,17676294,18.5387150228636,0.579840593953387,5.9498956716032,57.7630220205766,18.5320403881981,0.579621637311824,5.95030654142074,57.7174501110329,49.3511718522701,17684540,4.20071896042992,4.19993423618482,TRUE,TRUE,TRUE,TRUE,TRUE,scopolamine
INFECTED CYST,3,7880,1017,17675640,6.61681865145321,0.578310969661475,2.13000683291547,20.5549993500686,6.61468108251317,0.578091433661255,2.13023515528198,20.5395191769642,14.256350417498,17684540,2.7220653618551,2.72128063761,TRUE,TRUE,TRUE,TRUE,TRUE,scopolamine
INFUSION SITE RASH,3,7880,1228,17675429,5.47982429851684,0.578164877617019,1.7645044357273,17.0180781269832,5.47811943071327,0.577945286122274,1.76471483663502,17.0054627944203,10.9559905262031,17684540,2.4508037522295,2.4500190279844,TRUE,TRUE,TRUE,TRUE,TRUE,scopolamine
INTENSIVE CARE,3,7880,1319,17675338,5.10173585588221,0.578116288973386,1.64291634102201,15.842382288926,5.10017487559962,0.577896679015482,1.64312076255586,15.8307194178695,9.86703694950621,17684540,2.34791233720627,2.34712761296117,TRUE,TRUE,TRUE,TRUE,TRUE,scopolamine
INTERVERTEBRAL DISC SPACE NARROWING,3,7880,671,17675986,10.0289661615741,0.5787491740178,3.22563277714227,31.1815290887227,10.0255300460744,0.578529804304949,3.22591434464514,31.157446220351,24.2682533655579,17684540,3.3198140175321,3.319029293287,TRUE,TRUE,TRUE,TRUE,TRUE,scopolamine
INTESTINAL DILATATION,3,7880,991,17675666,6.7904283219022,0.578333273465402,2.18579761881276,21.0952360813425,6.78822468306347,0.57811374593502,2.18602866974417,21.0793183939097,14.7627576137826,17684540,2.75931675715167,2.75853203290657,TRUE,TRUE,TRUE,TRUE,TRUE,scopolamine
JOINT ARTHROPLASTY,3,7880,1445,17675212,4.6568454147858,0.57805911028677,1.49981596881512,14.4592467796859,4.65545374457847,0.577839478597553,1.50001334178997,14.4487045308857,8.59363038936809,17684540,2.21657291163075,2.21578818738566,TRUE,TRUE,TRUE,TRUE,TRUE,scopolamine
KLEBSIELLA TEST POSITIVE,3,7880,539,17676118,12.4851327425294,0.579064401452648,4.01313338512361,38.8421028257895,12.4807618940926,0.578845151204511,4.01345278278937,38.8118226094522,31.5082560432874,17684540,3.63426975736009,3.63348503311499,TRUE,TRUE,TRUE,TRUE,TRUE,scopolamine
KYPHOSIS,3,7880,1429,17675228,4.70899070380409,0.578065812452155,1.51659032023248,14.6213470788302,4.70757918888446,0.577846183310387,1.51678852007612,14.6106734896081,8.74236371977661,17684540,2.2326030214497,2.2318182972046,TRUE,TRUE,TRUE,TRUE,TRUE,scopolamine
LARGE INTESTINAL ULCER,3,7880,2068,17674589,3.25382226384157,0.577878752386028,1.04831910788308,10.0993669246863,3.25296453622626,0.57765905212123,1.04849416201776,10.0923578378173,4.67489579851357,17684540,1.70030696049345,1.69952223624835,TRUE,TRUE,TRUE,TRUE,TRUE,scopolamine
LIPOMA,3,7880,2065,17674592,3.2585499194946,0.577879360218234,1.04984101710302,10.1140528945406,3.25769039269535,0.57765966018462,1.05001614667404,10.1070319044856,4.68770774373066,17684540,1.70239832839902,1.70161360415393,TRUE,TRUE,TRUE,TRUE,TRUE,scopolamine
LONG QT SYNDROME,3,7880,2042,17674615,3.29525677771867,0.577884079577983,1.06165742818351,10.2280801158996,3.29438328154549,0.577664381339321,1.06183314341067,10.2209667056221,4.78731183521238,17684540,1.71853367088485,1.71774894663975,TRUE,TRUE,TRUE,TRUE,TRUE,scopolamine
LUNG CONSOLIDATION,3,7880,1984,17674673,3.39160101881038,0.577896466266087,1.09267084208709,10.5273766149227,3.39069085731648,0.57767677273841,1.09284809403501,10.5200206255942,5.04978049787351,17684540,1.76004264146429,1.75925791721919,TRUE,TRUE,TRUE,TRUE,TRUE,scopolamine
LYMPHADENOPATHY MEDIASTINAL,3,7880,1543,17675114,4.36105269910617,0.578021090967571,1.40465558102018,13.5398178039973,4.35977359748276,0.577801444826324,1.4048482600238,13.5300205454116,7.75303506407319,17684540,2.12209419478911,2.12130947054401,TRUE,TRUE,TRUE,TRUE,TRUE,scopolamine
MEAN PLATELET VOLUME INCREASED,3,7880,547,17676110,12.302529255097,0.579040971801707,3.95462020291296,38.272253290223,12.2982278992978,0.578821712678697,3.95493680237795,38.2424339554878,30.9697374343775,17684540,3.61313099030194,3.61234626605684,TRUE,TRUE,TRUE,TRUE,TRUE,scopolamine
METABOLIC SYNDROME,3,7880,1145,17675512,5.87707933411655,0.578215924986069,1.89223129793272,18.2536149450837,5.8752232846427,0.577996352885392,1.89244797062871,18.2399987635803,12.1053595299454,17684540,2.55151187203827,2.55072714779317,TRUE,TRUE,TRUE,TRUE,TRUE,scopolamine
METASTASES TO ADRENALS,3,7880,747,17675910,9.00857745703627,0.578618165586324,2.8981875814558,28.0017995793968,9.00552966655408,0.578398746185602,2.89845331058078,27.9802901358225,21.2652206420548,17684540,3.16567201333071,3.16488728908562,TRUE,TRUE,TRUE,TRUE,TRUE,scopolamine
MOANING,3,7880,845,17675812,7.96375153936263,0.57848398890011,2.56272608662786,24.7476072107859,7.96110137386496,0.578264518586488,2.56297552352932,24.7287320940463,18.1964094095878,17684540,2.98849834415076,2.98771361990566,TRUE,TRUE,TRUE,TRUE,TRUE,scopolamine
NON-ALCOHOLIC STEATOHEPATITIS,3,7880,1014,17675643,6.63639616435887,0.578313484846711,2.13629845939315,20.6159180879754,6.63425114488747,0.578093949801661,2.13652708955742,20.600388578531,14.3134303164159,17684540,2.72631483485646,2.72553011061136,TRUE,TRUE,TRUE,TRUE,TRUE,scopolamine
NOROVIRUS INFECTION,3,7880,1372,17675285,4.90464243166447,0.578090958618596,1.57952459531952,15.2295934192892,4.90315645839351,0.577871339034184,1.57972589592985,15.2184270178942,9.30170593016389,17684540,2.29120289541457,2.29041817116948,TRUE,TRUE,TRUE,TRUE,TRUE,scopolamine
OEDEMATOUS PANCREATITIS,3,7880,439,17676218,15.3292132557844,0.579429199978599,4.92379285524472,47.7243429911993,15.3237600476444,0.579210087819108,4.92415554014442,47.6868815542931,39.895424610062,17684540,3.92851623932253,3.92773151507743,TRUE,TRUE,TRUE,TRUE,TRUE,scopolamine
OESOPHAGEAL PERFORATION,3,7880,661,17675996,10.1806960688697,0.578768652195863,3.27430890877456,31.6544881177655,10.1772022101602,0.57854928986862,3.2745928252792,31.6300225258262,24.7151437097035,17684540,3.34137936736703,3.34059464312194,TRUE,TRUE,TRUE,TRUE,TRUE,scopolamine
OPHTHALMIC MIGRAINE,3,7880,657,17676000,10.2426813156248,0.578776609302535,3.29419318748593,31.8477134042998,10.2391638674519,0.578557249992272,3.29447806315649,31.8230914562785,24.8977294583354,17684540,3.35009658446814,3.34931186022305,TRUE,TRUE,TRUE,TRUE,TRUE,scopolamine
OSMOTIC DEMYELINATION SYNDROME,3,7880,602,17676055,11.1785092416142,0.578896729156806,3.59432253927837,34.7656804583662,11.174635649362,0.578677415380544,3.59462186387053,34.7386975946154,27.6555047751335,17684540,3.475627466552,3.4748427423069,TRUE,TRUE,TRUE,TRUE,TRUE,scopolamine
OTITIS EXTERNA,3,7880,939,17675718,7.16649016396101,0.578381583548202,2.3066312207655,22.2656230470624,7.16414340885612,0.578162074361251,2.30686817496942,22.2487575751211,15.8613546425016,17684540,2.83683554910117,2.83605082485608,TRUE,TRUE,TRUE,TRUE,TRUE,scopolamine
OTORRHOEA,3,7880,1473,17675184,4.56831701593144,0.5780477316702,1.47133671150402,14.184054672785,4.56695903660278,0.577828095655908,1.4715326802492,14.1737353997981,8.34147822687153,17684540,2.18894179265356,2.18815706840846,TRUE,TRUE,TRUE,TRUE,TRUE,scopolamine
OVARIAN CANCER RECURRENT,3,7880,1463,17675194,4.59954529840985,0.578051745488598,1.48138287908919,14.2811269461488,4.59817543466568,0.577832111,1.48157934323689,14.2707290193248,8.43037212793147,17684540,2.19874941058015,2.19796468633505,TRUE,TRUE,TRUE,TRUE,TRUE,scopolamine
PANCREATIC CARCINOMA RECURRENT,3,7880,211,17676446,31.893892992037,0.581549335785006,10.2019395183175,99.7085317317446,31.8821358337246,0.581331022736866,10.2025434102489,99.6291360347444,88.4835303692434,17684540,4.97495181231281,4.97416708806771,TRUE,TRUE,TRUE,TRUE,TRUE,scopolamine
PERINEAL ABSCESS,3,7880,385,17676272,17.4793381238051,0.579704835288658,5.6113875696717,54.4477203637857,17.4730666517296,0.579485827351112,5.6117826124853,54.404826291119,46.2316682344752,17684540,4.11650595652683,4.11572123228173,TRUE,TRUE,TRUE,TRUE,TRUE,scopolamine
PHYSICAL PRODUCT LABEL ISSUE,3,7880,1091,17675566,6.16798936383051,0.578253304137599,1.98574952184605,19.158555685794,6.16602260395591,0.57803374623593,1.98597078042438,19.1442065146451,12.9497994351356,17684540,2.6210217759214,2.6202370516763,TRUE,TRUE,TRUE,TRUE,TRUE,scopolamine
PNEUMONIA KLEBSIELLA,3,7880,1470,17675187,4.57764088884285,0.578048930084611,1.47433622666457,14.2130375203576,4.57627936116728,0.577829294525852,1.47453234332989,14.2026947636511,8.36801330997647,17684540,2.19187708367811,2.19109235943301,TRUE,TRUE,TRUE,TRUE,TRUE,scopolamine
PNEUMONIA PSEUDOMONAL,3,7880,1497,17675160,4.4950713609961,0.578038317185996,1.44777289580871,13.9563785169225,4.49374125645684,0.577818677593076,1.44796770232549,13.9462437232201,8.13321116854796,17684540,2.16567201333071,2.16488728908562,TRUE,TRUE,TRUE,TRUE,TRUE,scopolamine
POSTMENOPAUSAL HAEMORRHAGE,3,7880,2094,17674563,3.21341668727183,0.577873557436169,1.03531174790092,9.97385263614849,3.21257433663605,0.577653855195493,1.03548615724463,9.96694528092504,4.56555478253465,17684540,1.68230765261736,1.68152292837227,TRUE,TRUE,TRUE,TRUE,TRUE,scopolamine
PRODUCT BARCODE ISSUE,3,7880,360,17676297,18.6932074873096,0.57986038943641,5.99924638360136,58.2466502990734,18.6864740580997,0.5796414402725,5.99965955514298,58.2006878081454,49.8059473999726,17684540,4.21259306071821,4.21180833647311,TRUE,TRUE,TRUE,TRUE,TRUE,scopolamine
PSEUDOMONAS TEST POSITIVE,3,7880,705,17675952,9.54528134787774,0.578687077077918,3.07043812030418,29.6740700969139,9.54202930626368,0.578467683816229,3.07071218905579,29.6512071714516,22.8441955657299,17684540,3.24881324863096,3.24802852438586,TRUE,TRUE,TRUE,TRUE,TRUE,scopolamine
PSYCHOTIC SYMPTOM,3,7880,2010,17674647,3.34772463823017,0.577890825245271,1.0785471296153,10.3910714197633,3.34683117458502,0.577671129572191,1.07872368180149,10.3838259047653,4.93006751338128,17684540,1.74128734179262,1.74050261754752,TRUE,TRUE,TRUE,TRUE,TRUE,scopolamine
PULMONARY VALVE INCOMPETENCE,3,7880,1021,17675636,6.59089426609724,0.578307639056553,2.1216754161958,20.4743321694144,6.58876656309098,0.578088101791484,2.1219033309381,20.4589173266971,14.1807763320244,17684540,2.71641879871396,2.71563407446886,TRUE,TRUE,TRUE,TRUE,TRUE,scopolamine
PULSE ABNORMAL,3,7880,1984,17674673,3.39160101881038,0.577896466266087,1.09267084208709,10.5273766149227,3.39069085731648,0.57767677273841,1.09284809403501,10.5200206255942,5.04978049787351,17684540,1.76004264146429,1.75925791721919,TRUE,TRUE,TRUE,TRUE,TRUE,scopolamine
PUPILLARY LIGHT REFLEX TESTS ABNORMAL,3,7880,192,17676465,35.050097160533,0.581952426571419,11.2026642497247,109.662244942581,35.037138858937,0.581734264795133,11.2033120145064,109.574838032797,97.6720086870762,17684540,5.10908848496435,5.10830376071925,TRUE,TRUE,TRUE,TRUE,TRUE,scopolamine
SALPINGECTOMY,3,7880,538,17676119,12.508340016606,0.579067379084349,4.0205695035692,38.9145293551405,12.5039603362749,0.578848129964052,4.02088925669725,38.8841905632489,31.5766981232817,17684540,3.63693401488714,3.63614929064205,TRUE,TRUE,TRUE,TRUE,TRUE,scopolamine
SECONDARY PROGRESSIVE MULTIPLE SCLEROSIS,3,7880,1603,17675054,4.19780503560899,0.578000107077585,1.35213059682359,13.0324446162084,4.19658806045907,0.57778045295904,1.35232068262185,13.0230584916021,7.29164779775931,17684540,2.06716262119664,2.06637789695155,TRUE,TRUE,TRUE,TRUE,TRUE,scopolamine
SEIZURE LIKE PHENOMENA,3,7880,1599,17675058,4.20830706374225,0.578001457033481,1.35550975753756,13.0650836294347,4.20708609187986,0.577781803428157,1.35570001021742,13.05567105635,7.32126939748456,17684540,2.07076036630525,2.06997564206015,TRUE,TRUE,TRUE,TRUE,TRUE,scopolamine
SERUM SICKNESS,3,7880,1849,17674808,3.63925787845261,0.577928305542282,1.17238519572846,11.296797293359,3.63825346723412,0.577708624122956,1.17256639491105,11.288817715815,5.73063503155838,17684540,1.86155041545372,1.86076569120862,TRUE,TRUE,TRUE,TRUE,TRUE,scopolamine
SINUS OPERATION,3,7880,2063,17674594,3.26170932873372,0.577879766421466,1.05085808028325,10.1238672897495,3.26084859957145,0.577660066542348,1.05103326026619,10.1168383449959,4.69627186929712,17684540,1.7037942598489,1.7030095356038,TRUE,TRUE,TRUE,TRUE,TRUE,scopolamine
SKIN DISCHARGE,3,7880,358,17676299,18.7976409409296,0.57987377035778,6.03260419230124,58.5735933736637,18.7908677679215,0.579654826248161,6.03301891883754,58.5273668492898,50.1133426633357,17684540,4.22056377182679,4.21977904758169,TRUE,TRUE,TRUE,TRUE,TRUE,scopolamine
SLEEP PARALYSIS,3,7880,1364,17675293,4.93341089584233,0.578094655997349,1.58877787459675,15.3190344958657,4.93191397427852,0.577875037818136,1.58897963091666,15.307795629609,9.38411247463046,17684540,2.2996212711079,2.2988365468628,TRUE,TRUE,TRUE,TRUE,TRUE,scopolamine
SOFT TISSUE INFECTION,3,7880,1471,17675186,4.5745287055665,0.578048530070288,1.47333503044499,14.2033634208315,4.57316836228137,0.577828894359478,1.47353109773723,14.193028502681,8.35915567609414,17684540,2.19089798961889,2.19011326537379,TRUE,TRUE,TRUE,TRUE,TRUE,scopolamine
STARVATION,3,7880,683,17675974,9.85275508914835,0.578726552271399,3.16909823226827,30.6323047541686,9.84938603355182,0.578507173980356,3.16937706977228,30.6086663411419,23.7493545752859,17684540,3.29435403254115,3.29356930829605,TRUE,TRUE,TRUE,TRUE,TRUE,scopolamine
STREPTOCOCCAL SEPSIS,3,7880,864,17675793,7.78861437182741,0.578461494715585,2.5064776521909,24.2022959111611,7.78603085754155,0.578242015864298,2.50672435074689,24.1838622968363,17.6828690840192,17684540,2.95653061549212,2.95574589124703,TRUE,TRUE,TRUE,TRUE,TRUE,scopolamine
SUDDEN CARDIAC DEATH,3,7880,2015,17674642,3.33941668451084,0.577889757116786,1.07587278202561,10.3652624911594,3.33852638258853,0.577670061037469,1.07604920169743,10.3580378942317,4.90743367833507,17684540,1.7377083396076,1.7369236153625,TRUE,TRUE,TRUE,TRUE,TRUE,scopolamine
SYSTOLIC DYSFUNCTION,3,7880,999,17675658,6.73604746878859,0.578326287196608,2.1683224434327,20.9260092470105,6.73386452544134,0.578106757013271,2.16855263990329,20.9102286071411,14.6040768448381,17684540,2.74775200551875,2.74696728127365,TRUE,TRUE,TRUE,TRUE,TRUE,scopolamine
TACHYPHYLAXIS,3,7880,268,17676389,25.1104094060156,0.580682044446748,8.04576342608855,78.3682824296328,25.1012338093877,0.580463405209133,8.0462707761487,78.306081945595,68.6557468518941,17684540,4.63426975736009,4.63348503311499,TRUE,TRUE,TRUE,TRUE,TRUE,scopolamine
TEMPOROMANDIBULAR JOINT SYNDROME,3,7880,1983,17674674,3.39331154918329,0.577896686181412,1.09322145180704,10.5326905640094,3.39240073672007,0.577676992737373,1.0933987310326,10.5253302677884,5.05445350054846,17684540,1.76076889118558,1.75998416694049,TRUE,TRUE,TRUE,TRUE,TRUE,scopolamine
THERAPY RESPONDER,3,7880,433,17676224,15.5416325717166,0.57945643691478,4.99175613725397,48.3882498168508,15.5360985240552,0.579237335058412,4.99212203297271,48.3502518077304,40.5216497392455,17684540,3.94823447393703,3.94744974969193,TRUE,TRUE,TRUE,TRUE,TRUE,scopolamine
THORACIC OUTLET SYNDROME,3,7880,195,17676462,34.5108590394377,0.581883578207226,11.0318022587056,107.960545676033,34.4981059534148,0.581665390608385,11.0324425746105,107.874507963623,96.103850926367,17684540,5.08706217863435,5.08627745438925,TRUE,TRUE,TRUE,TRUE,TRUE,scopolamine
TONGUE HAEMORRHAGE,3,7880,951,17675706,7.07605646207305,0.578369966519952,2.27757577621774,21.9841533165564,7.07374412293995,0.578150452922274,2.27781131172371,21.9675157723937,15.5969781356539,17684540,2.81857334270845,2.81778861846335,TRUE,TRUE,TRUE,TRUE,TRUE,scopolamine
TRACHEAL HAEMORRHAGE,3,7880,262,17676395,25.6854656682296,0.580755617581426,8.22883363302443,80.1745637372081,25.6760712248698,0.580537006052612,8.2293492868667,80.1109067756681,70.3406923184555,17684540,4.6665702492634,4.6657855250183,TRUE,TRUE,TRUE,TRUE,TRUE,scopolamine
TRACHEAL INFLAMMATION,3,7880,91,17676566,73.9522758966922,0.586898035818589,23.4085142877529,233.63033822107,73.9245127573175,0.586681713105506,23.4096496833608,233.443629457263,208.927546051194,17684540,6.16182994703632,6.16104522279122,TRUE,TRUE,TRUE,TRUE,TRUE,scopolamine
TRACHEOBRONCHITIS,3,7880,579,17676078,11.62257568186,0.578953719374029,3.73668963916696,36.1507854611868,11.618533093119,0.578734427194506,3.73699579892456,36.1226820952673,28.9646894934082,17684540,3.53154345580567,3.53075873156058,TRUE,TRUE,TRUE,TRUE,TRUE,scopolamine
TRANSFUSION REACTION,3,7880,605,17676052,11.1230767294542,0.578889614712801,3.57654871745645,34.5928004071239,11.1192242329188,0.578670298240184,3.57684718786674,34.5659574055406,27.4921010993713,17684540,3.46849128527037,3.46770656102528,TRUE,TRUE,TRUE,TRUE,TRUE,scopolamine
TRANSIENT GLOBAL AMNESIA,3,7880,602,17676055,11.1785092416142,0.578896729156806,3.59432253927837,34.7656804583662,11.174635649362,0.578677415380544,3.59462186387053,34.7386975946154,27.6555047751335,17684540,3.475627466552,3.4748427423069,TRUE,TRUE,TRUE,TRUE,TRUE,scopolamine
URETERIC OBSTRUCTION,3,7880,967,17675690,6.95896960089029,0.578354925305303,2.2399549721339,21.6197461594421,6.9567018210092,0.578135405996547,2.24018866997288,21.6034037110895,15.2548572858839,17684540,2.79457786163947,2.79379313739437,TRUE,TRUE,TRUE,TRUE,TRUE,scopolamine
URETERIC STENOSIS,3,7880,604,17676053,11.1414930497193,0.578891978351248,3.58245376181972,34.6502357406253,11.1376335445627,0.578672662774451,3.58275251603797,34.6233462729232,27.5463880570127,17684540,3.47086609245828,3.47008136821318,TRUE,TRUE,TRUE,TRUE,TRUE,scopolamine
URINARY TRACT INFECTION PSEUDOMONAL,3,7880,426,17676231,15.7970177664975,0.579489181348673,5.07345668812805,49.186538026229,15.7913865279716,0.579270091877507,5.07382644003283,49.1478948724523,41.2744795271287,17684540,3.97158496121441,3.97080023696932,TRUE,TRUE,TRUE,TRUE,TRUE,scopolamine
UTERINE PROLAPSE,3,7880,797,17675860,8.44339814915069,0.578545589046583,2.7167477841959,26.2412921507845,8.4405654465695,0.578326142109875,2.71700470971494,26.2212077892562,19.6042203952124,17684540,3.07256260893923,3.07177788469414,TRUE,TRUE,TRUE,TRUE,TRUE,scopolamine
VOCAL CORD DYSFUNCTION,3,7880,490,17676167,13.7336840878483,0.579224576297065,4.41307329131045,42.7398473069117,13.7288380835018,0.579005386701998,4.4134117603389,42.7064152084774,35.1905669576941,17684540,3.77097496233605,3.77019023809095,TRUE,TRUE,TRUE,TRUE,TRUE,scopolamine
