pt,a,b,c,d,ROR,se_ln_ror,ROR_lcl,ROR_ucl,PRR,se_ln_prr,PRR_lcl,PRR_ucl,chisq,n,IC,IC025,sig_ROR,sig_PRR,sig_BCPNN,signal,sens_trio,drug
NAUSEA,126,428,639465,17044521,7.84684000958453,0.101363598060466,6.43298237086103,9.57143896661654,6.28961646949852,0.0783132239394567,5.39464165754696,7.33306822669948,581.443133797684,17684540,2.65273300211695,2.65194827787185,TRUE,TRUE,TRUE,TRUE,TRUE,scopolamine [晕动症适应证]
DIZZINESS,116,438,398650,17285336,11.4833852837802,0.104433524294559,9.35781221215288,14.0917700191168,9.28830822075045,0.0825717107808955,7.90041962815092,10.9200110455212,877.46891519103,17684540,3.21504130541317,3.21425658116808,TRUE,TRUE,TRUE,TRUE,TRUE,scopolamine [晕动症适应证]
VISION BLURRED,97,457,108370,17575616,34.4236578267702,0.111833566968924,27.6479135073708,42.8599509998701,28.5715011314693,0.0922680621698614,23.8447568654064,34.2352275392614,2594.43541724498,17684540,4.83525937500531,4.83447465076021,TRUE,TRUE,TRUE,TRUE,TRUE,scopolamine [晕动症适应证]
DRY MOUTH,86,468,65218,17618768,49.64330176793,0.11738845369702,39.4400620551466,62.4861443416558,42.0921755007062,0.0991873452966969,34.6554386024699,51.1247674197948,3458.19704364995,17684540,5.39362420387365,5.39283947962855,TRUE,TRUE,TRUE,TRUE,TRUE,scopolamine [晕动症适应证]
DRUG INEFFECTIVE,65,489,1164858,16519128,1.88503157503271,0.132024710449545,1.45524771786324,2.44174513744486,1.78119213030865,0.116534815220133,1.41747148274979,2.23824284557653,23.8389909269374,17684540,0.832807837211264,0.832023112966167,TRUE,FALSE,TRUE,TRUE,FALSE,scopolamine [晕动症适应证]
VOMITING,63,491,374369,17309617,5.93262143492513,0.133837232052633,4.56375250888917,7.71207400523565,5.37169156055639,0.118619460184217,4.25735773958152,6.77769452012015,228.954624526927,17684540,2.42517890328496,2.42439417903986,TRUE,TRUE,TRUE,TRUE,TRUE,scopolamine [晕动症适应证]
HEADACHE,61,493,519191,17164795,4.09066939190302,0.135734389603747,3.13512554188539,5.33745007984244,3.75036102925666,0.12079014031136,2.95974594365593,4.75216728649132,126.744119904816,17684540,1.90690518636748,1.90612046212238,TRUE,TRUE,TRUE,TRUE,TRUE,scopolamine [晕动症适应证]
PRODUCT ADHESION ISSUE,57,497,33358,17650628,60.6846182919207,0.139949871580342,46.1265410569095,79.8373954095672,54.5437821138711,0.125573591035604,42.643697151234,69.7646866015078,2996.59197530747,17684540,5.7669249515706,5.7661402273255,TRUE,TRUE,TRUE,TRUE,TRUE,scopolamine [晕动症适应证]
MYDRIASIS,52,502,9285,17674701,197.18314721727,0.146049848591759,148.098156706195,262.536647391515,178.768844590378,0.132413591157256,137.904713065633,231.741896892014,9145.9056409989,17684540,7.47393954153443,7.47315481728934,TRUE,TRUE,TRUE,TRUE,TRUE,scopolamine [晕动症适应证]
MALAISE,51,503,374917,17309069,4.68102291332331,0.146964756788944,3.50947247430842,6.24366644145735,4.34215618303542,0.133436875316806,3.34288686827088,5.64013113839692,134.019064740718,17684540,2.11826057829836,2.11747585405326,TRUE,TRUE,TRUE,TRUE,TRUE,scopolamine [晕动症适应证]
PRODUCT QUALITY ISSUE,50,504,111913,17572073,15.576932173362,0.148300773447127,11.6478498074992,20.8313826108318,14.2613245764882,0.134921550585684,10.947433651594,18.5783613903275,620.223579951337,17684540,3.83343685755135,3.83265213330625,TRUE,TRUE,TRUE,TRUE,TRUE,scopolamine [晕动症适应证]
CONFUSIONAL STATE,42,512,125548,17558438,11.4724298052339,0.160532460403753,8.37543591871851,15.7146024294526,10.6784910835374,0.148365690746368,7.98396204707206,14.2824040431162,370.940859077354,17684540,3.4161985440825,3.41541381983741,TRUE,TRUE,TRUE,TRUE,TRUE,scopolamine [晕动症适应证]
FEELING ABNORMAL,41,513,195879,17488107,7.13545078804916,0.162310578877162,5.19110557206737,9.80805673123586,6.68138313044985,0.15030049366176,4.97654588996657,8.97025397190896,200.250204260222,17684540,2.73989004230913,2.73910531806403,TRUE,TRUE,TRUE,TRUE,TRUE,scopolamine [晕动症适应证]
WRONG TECHNIQUE IN PRODUCT USAGE PROCESS,38,516,199277,17484709,6.46152646079142,0.168103686167844,4.64774594578997,8.98313390845447,6.08690912232558,0.156574892349638,4.47834532273751,8.27324826322288,163.355767315145,17684540,2.60547994189247,2.60469521764737,TRUE,TRUE,TRUE,TRUE,TRUE,scopolamine [晕动症适应证]
VERTIGO,34,520,49683,17634303,23.2073771557831,0.177073504358098,16.4020469396994,32.8362890577505,21.8444695325039,0.166213060903655,15.7709585063416,30.2569339057367,677.711208839478,17684540,4.44825440825701,4.44746968401191,TRUE,TRUE,TRUE,TRUE,TRUE,scopolamine [晕动症适应证]
FATIGUE,31,523,674531,17009455,1.49468091721023,0.184855759195147,1.04038981260235,2.14734036916824,1.46700021606669,0.174511994796117,1.04203563004233,2.06527451835048,4.79110552089832,17684540,0.552847977570791,0.552063253325694,TRUE,FALSE,TRUE,TRUE,FALSE,scopolamine [晕动症适应证]
HALLUCINATION,30,524,58935,17625051,17.1217070559686,0.187773147343423,11.8498085124396,24.7390371078709,16.2486904283891,0.177609657618339,11.4718635266516,23.0145642880295,430.524076969728,17684540,4.02156254271829,4.02077781847319,TRUE,TRUE,TRUE,TRUE,TRUE,scopolamine [晕动症适应证]
SOMNOLENCE,27,527,160654,17523332,5.58828175978695,0.197334365653232,3.79580498547525,8.22721218457367,5.36466513972513,0.187718275333539,3.71324493084243,7.75053426245511,96.7417724908418,17684540,2.42329087371637,2.42250614947127,TRUE,TRUE,TRUE,TRUE,TRUE,scopolamine [晕动症适应证]
WITHDRAWAL SYNDROME,27,527,35818,17648168,25.2436090829423,0.197389325522987,17.1447146087412,37.1682943737955,24.0620613478531,0.187776050817248,16.6530823027314,34.7673052821508,597.559421107874,17684540,4.58764642155957,4.58686169731447,TRUE,TRUE,TRUE,TRUE,TRUE,scopolamine [晕动症适应证]
OFF LABEL USE,26,528,842454,16841532,0.984407295396976,0.200889831103839,0.664008971403246,1.45940456374089,0.985139082977623,0.191461784098047,0.676896063059476,1.43374893986452,0.00612001056536732,17684540,-0.0216000030878305,-0.0223847273329271,FALSE,FALSE,FALSE,FALSE,FALSE,scopolamine [晕动症适应证]
DISORIENTATION,24,530,27876,17656110,28.6813733055012,0.208780719678918,19.0494396748933,43.1834840671827,27.4821802381149,0.199743408199714,18.5791637299917,40.6514653520721,612.885702557968,17684540,4.77922819025963,4.77844346601453,TRUE,TRUE,TRUE,TRUE,TRUE,scopolamine [晕动症适应证]
VISUAL IMPAIRMENT,24,530,109679,17574307,7.25588011808731,0.208716634546469,4.81977664222875,10.9232854955929,6.98486726098605,0.199676421949023,4.72269779036062,10.3306145807542,123.813947267269,17684540,2.80396223839535,2.80317751415025,TRUE,TRUE,TRUE,TRUE,TRUE,scopolamine [晕动症适应证]
BALANCE DISORDER,23,531,70318,17613668,10.8496720494237,0.213015910027507,7.14650674379179,16.4717375635734,10.4407506466498,0.204174854669764,6.99736581253568,15.5786158657347,197.059786155367,17684540,3.38372692252486,3.38294219827976,TRUE,TRUE,TRUE,TRUE,TRUE,scopolamine [晕动症适应证]
ASTHENIA,22,532,305021,17378965,2.35616237491648,0.217572012690709,1.53816944648881,3.60916097354847,2.30230755136384,0.208932317312038,1.52867991336268,3.46744927746649,16.4896600523473,17684540,1.20302171065374,1.20223698640865,TRUE,TRUE,TRUE,TRUE,TRUE,scopolamine [晕动症适应证]
AMNESIA,20,534,47782,17636204,13.8238664145228,0.227801765271139,8.84546668486459,21.6042057988369,13.3609109482945,0.219581004832184,8.68810267429555,20.5469419573509,229.239072323373,17684540,3.73938792572783,3.73860320148274,TRUE,TRUE,TRUE,TRUE,TRUE,scopolamine [晕动症适应证]
APPLICATION SITE PRURITUS,20,534,18885,17665101,35.03385065729,0.227872042741512,22.4139952554856,54.7591216062612,33.8051917887958,0.219653912731842,21.9791158938685,51.9944022041427,636.70253042878,17684540,5.07769105715515,5.07690633291005,TRUE,TRUE,TRUE,TRUE,TRUE,scopolamine [晕动症适应证]
DECREASED APPETITE,18,536,200751,17483235,2.92463580969876,0.23963778018133,1.82847066316782,4.6779501534651,2.86210251624284,0.231852164429902,1.81689001775213,4.508600263883,22.0553631585364,17684540,1.51699119287757,1.51620646863247,TRUE,TRUE,TRUE,TRUE,TRUE,scopolamine [晕动症适应证]
MOTION SICKNESS,17,537,1533,17682453,365.153101050629,0.247665296476387,224.728439895478,593.324045985931,353.978727913697,0.240147318187424,221.085184403715,566.754123092172,5918.57761837692,17684540,8.45165353223112,8.45086880798603,TRUE,TRUE,TRUE,TRUE,TRUE,scopolamine [晕动症适应证]
TREMOR,17,537,126771,17557215,4.38440179536329,0.246360857282064,2.70522723840852,7.10586483466495,4.28054831066803,0.238801815217613,2.68057025480326,6.83552084006385,43.0436425508152,17684540,2.09764735159325,2.09686262734815,TRUE,TRUE,TRUE,TRUE,TRUE,scopolamine [晕动症适应证]
ANXIETY,16,538,225476,17458510,2.30273817749361,0.253699090262383,1.40052716178326,3.78614800111046,2.26511397020138,0.246372328725982,1.39757041521496,3.67118625447741,11.4506889865971,17684540,1.17952646621853,1.17874174197343,TRUE,TRUE,TRUE,TRUE,TRUE,scopolamine [晕动症适应证]
APPLICATION SITE ERYTHEMA,16,538,21455,17662531,24.4828586502917,0.253782193738087,14.8880685845599,40.2611234819134,23.8046533463121,0.24645790407704,14.6849562927641,38.5878929185037,349.710699708827,17684540,4.57214142610449,4.57135670185939,TRUE,TRUE,TRUE,TRUE,TRUE,scopolamine [晕动症适应证]
DRUG WITHDRAWAL SYNDROME,16,538,69775,17614211,7.50759880071233,0.253718593352054,4.56595292468755,12.3444198138145,7.31965370899501,0.246392412790577,4.51603271394524,11.8638047625653,87.6261524514202,17684540,2.87148980800233,2.87070508375723,TRUE,TRUE,TRUE,TRUE,TRUE,scopolamine [晕动症适应证]
AGITATION,13,541,52762,17631224,8.02984756084958,0.280696482896575,4.63205418232901,13.9200556194837,7.86488723902459,0.274111143986333,4.59583453387054,13.4592424567725,78.1103626906796,17684540,2.97511585616159,2.9743311319165,TRUE,TRUE,TRUE,TRUE,TRUE,scopolamine [晕动症适应证]
APPLICATION SITE IRRITATION,13,541,9967,17674019,42.6105310185349,0.28084140263038,24.5730983259957,73.8880107666667,41.6341106155729,0.27425954370946,24.3217519598981,71.2695026907522,515.174847510566,17684540,5.37785880905885,5.37707408481376,TRUE,TRUE,TRUE,TRUE,TRUE,scopolamine [晕动症适应证]
SPEECH DISORDER,13,541,40673,17643313,10.4236547718645,0.280706517153021,6.01281453194294,18.0701696727546,10.2025220786619,0.274121419371107,5.96170772080926,17.46000670282,108.121252848217,17684540,3.35043807935013,3.34965335510503,TRUE,TRUE,TRUE,TRUE,TRUE,scopolamine [晕动症适应证]
CONDITION AGGRAVATED,12,542,262803,17421183,1.46767292880404,0.291859922422558,0.828310377219525,2.60055153863336,1.45754282926315,0.285538137146288,0.832849167560452,2.55079933063899,1.74946883745607,17684540,0.543517598509084,0.542732874263987,FALSE,FALSE,TRUE,FALSE,FALSE,scopolamine [晕动症适应证]
RASH,12,542,369869,17314117,1.03641663335894,0.29185803603773,0.58492448129443,1.83640704442047,1.03562782541615,0.285536208375254,0.591766509813111,1.81241245489695,0.0150217974341233,17684540,0.0505040232362226,0.0497192989911259,FALSE,FALSE,TRUE,FALSE,FALSE,scopolamine [晕动症适应证]
DEHYDRATION,11,543,101975,17582011,3.49275150943814,0.30456620747653,1.92271847504667,6.3448254463703,3.44325644336626,0.298519323552445,1.91807060957956,6.18121922914095,19.1790188050922,17684540,1.78366321370314,1.78287848945804,TRUE,TRUE,TRUE,TRUE,TRUE,scopolamine [晕动症适应证]
GAIT DISTURBANCE,11,543,161141,17522845,2.20288294468396,0.304560296737574,1.21267510548494,4.00164334703559,2.17899898729854,0.298513292759985,1.21382864963286,3.91162013525072,7.08122780673639,17684540,1.12361224206066,1.12282751781557,TRUE,TRUE,TRUE,TRUE,TRUE,scopolamine [晕动症适应证]
MIGRAINE,11,543,81212,17602774,4.39090218729526,0.304570323235347,2.41712032208794,7.97644281180836,4.32357380451503,0.298523522792331,2.40843275094569,7.761599503141,28.2293514383395,17684540,2.11207411553642,2.11128939129133,TRUE,TRUE,TRUE,TRUE,TRUE,scopolamine [晕动症适应证]
PAIN,11,543,525904,17158082,0.660929475494187,0.304553232300264,0.363843127085087,1.20059371487005,0.667661922731667,0.298506083182325,0.371931619448828,1.19853333181606,1.87541974152376,17684540,-0.582795310205535,-0.583580034450632,FALSE,FALSE,FALSE,FALSE,FALSE,scopolamine [晕动症适应证]
APPLICATION SITE RASH,10,544,11872,17672114,27.3631264121215,0.319253071537884,14.6356500325981,51.1586902787416,26.8872577043214,0.313495009698669,14.5443450844471,49.7048593567576,249.202169499692,17684540,4.74768121283058,4.74689648858549,TRUE,TRUE,TRUE,TRUE,TRUE,scopolamine [晕动症适应证]
DIARRHOEA,10,544,554612,17129374,0.567745015487245,0.31912395199309,0.303745280056646,1.06119970835596,0.575547452030796,0.31336351472748,0.311415860027441,1.06370584179609,3.23152713819389,17684540,-0.79697403280717,-0.797758757052266,FALSE,FALSE,FALSE,FALSE,FALSE,scopolamine [晕动症适应证]
DRY THROAT,10,544,8401,17675585,38.6762102025669,0.319307571657376,20.6844424889713,72.3175998787837,37.9961342061307,0.313550510681194,20.5513251325416,70.2488138988316,359.96745410729,17684540,5.24610966589615,5.24532494165105,TRUE,TRUE,TRUE,TRUE,TRUE,scopolamine [晕动症适应证]
FALL,10,544,273121,17410865,1.17183470125394,0.31912686209464,0.626931491431569,2.19034549361569,1.16873299184502,0.313366479829754,0.632371619956136,2.16002230827778,0.247416500550834,17684540,0.224937744255971,0.224153020010874,FALSE,FALSE,TRUE,FALSE,FALSE,scopolamine [晕动症适应证]
INCORRECT DRUG ADMINISTRATION DURATION,10,544,21445,17662541,15.14008218699,0.319194177308125,8.09887439901546,28.3029563536232,14.8848460464306,0.313435033485946,8.05272856292336,27.513486900086,129.61716873322,17684540,3.895145005394,3.8943602811489,TRUE,TRUE,TRUE,TRUE,TRUE,scopolamine [晕动症适应证]
MEMORY IMPAIRMENT,10,544,118511,17565475,2.72459738783245,0.319134345157746,1.45763805199344,5.09278069108533,2.69346747108457,0.313374101251725,1.45734479697473,4.97807178702717,10.7182962851352,17684540,1.4293881076452,1.42860338340011,TRUE,TRUE,TRUE,TRUE,TRUE,scopolamine [晕动症适应证]
PHOTOPHOBIA,10,544,15351,17668635,21.1576499614894,0.319223173074245,11.3172048530439,39.5544799007956,20.7937934639896,0.313464562009875,11.2488287203784,38.4379438402998,188.459885314974,17684540,4.37718676802017,4.37640204377507,TRUE,TRUE,TRUE,TRUE,TRUE,scopolamine [晕动症适应证]
ABDOMINAL DISCOMFORT,9,545,148826,17535160,1.94570471249166,0.336084438468602,1.00692258316512,3.75973971733977,1.93034127853422,0.330624741462573,1.0097192503622,3.69035001588459,4.06946453061005,17684540,0.948813888013435,0.948029163768338,TRUE,FALSE,TRUE,TRUE,FALSE,scopolamine [晕动症适应证]
ABDOMINAL PAIN UPPER,9,545,169731,17514255,1.70402713327441,0.336083207358582,0.88185403059846,3.29273141606533,1.69258986937645,0.33062348991988,0.885358866540595,3.23581834912862,2.57518597886201,17684540,0.759201135579923,0.758416411334826,FALSE,FALSE,TRUE,FALSE,FALSE,scopolamine [晕动症适应证]
DYSPHONIA,9,545,49199,17634787,5.91915823604232,0.336104679852731,3.0631049051549,11.4382090421862,5.83924411307412,0.330645317564795,3.05425754413261,11.1636858776276,36.1885871386453,17684540,2.54556293198108,2.54477820773599,TRUE,TRUE,TRUE,TRUE,TRUE,scopolamine [晕动症适应证]
INAPPROPRIATE SCHEDULE OF DRUG ADMINISTRATION,9,545,63745,17620241,4.56469459378358,0.336097780049567,2.36221552685259,8.8207178801671,4.50678439280153,0.330638303764177,2.35733755820546,8.61612096769944,24.6434232469369,17684540,2.17193995186176,2.17115522761666,TRUE,TRUE,TRUE,TRUE,TRUE,scopolamine [晕动症适应证]
PRODUCT USE ISSUE,9,545,184487,17499499,1.56641146689782,0.336082506353802,0.810637422735102,3.02680929206346,1.55720983656915,0.330622777266295,0.814545500106857,2.97700063997606,1.81328621969175,17684540,0.638938180142538,0.638153455897442,FALSE,FALSE,TRUE,FALSE,FALSE,scopolamine [晕动症适应证]
TOXICITY TO VARIOUS AGENTS,9,545,157048,17526938,1.84297586339524,0.336083915163267,0.953760305227321,3.56123023200036,1.82928130965777,0.330624209475283,0.956857991460322,3.49714392284721,3.41361935807839,17684540,0.871239473087132,0.870454748842035,FALSE,FALSE,TRUE,FALSE,FALSE,scopolamine [晕动症适应证]
ADVERSE DRUG REACTION,8,546,82653,17601333,3.12021328942675,0.356151172144322,1.55246666702188,6.27113688063362,3.08959649102347,0.351008529916913,1.55280625072129,6.14732615412295,11.3581026007812,17684540,1.62732399462238,1.62653927037729,TRUE,TRUE,TRUE,TRUE,TRUE,scopolamine [晕动症适应证]
DRY EYE,8,546,43718,17640268,5.91210634524601,0.356166298789547,2.94148991233828,11.8827541413232,5.84117340163235,0.351023878352314,2.93563827558623,11.62244919331,32.172650946887,17684540,2.54603943308251,2.54525470883741,TRUE,TRUE,TRUE,TRUE,TRUE,scopolamine [晕动症适应证]
INSOMNIA,8,546,210654,17473332,1.21535559013129,0.356140851605713,0.604714176332365,2.44262375230233,1.21224576211495,0.350998057574269,0.609277438036062,2.41193862766781,0.300860617853243,17684540,0.277672617812774,0.276887893567677,FALSE,FALSE,TRUE,FALSE,FALSE,scopolamine [晕动症适应证]
PRURITUS,8,546,324938,17359048,0.782749403397035,0.356138508095542,0.389467772872394,1.57316386924563,0.785886596127763,0.350995679190228,0.394990206558656,1.56362798803106,0.475402354662441,17684540,-0.347597272189131,-0.348381996434228,FALSE,FALSE,FALSE,FALSE,FALSE,scopolamine [晕动症适应证]
WEIGHT DECREASED,8,546,228158,17455828,1.12099092567014,0.356140340380838,0.557762509205359,2.25296723013007,1.11924376428862,0.35099753877721,0.562534997416222,2.22689541033494,0.102958251946354,17684540,0.162518891274884,0.161734167029787,FALSE,FALSE,TRUE,FALSE,FALSE,scopolamine [晕动症适应证]
APPLICATION SITE BURN,7,547,4142,17679844,54.6234400889095,0.380692503531202,25.901627106113,115.194315589637,53.9458875968114,0.375890225223279,25.8222525252685,112.699648714226,363.222485343759,17684540,5.75105017132834,5.75026544708324,TRUE,TRUE,TRUE,TRUE,TRUE,scopolamine [晕动症适应证]
CONSTIPATION,7,547,184345,17499641,1.21481036941753,0.380382410447084,0.576395319903822,2.56033347718819,1.21209615897362,0.375576166401229,0.58055074679086,2.53066094001232,0.262519237897096,17684540,0.277494570720756,0.27670984647566,FALSE,FALSE,TRUE,FALSE,FALSE,scopolamine [晕动症适应证]
DISTURBANCE IN ATTENTION,7,547,42126,17641860,5.35926042712812,0.380406481824759,2.54270704988021,11.2957064114541,5.30417951920412,0.375600546413426,2.540391053737,11.0747990277158,24.5032871790765,17684540,2.40693508974105,2.40615036549596,TRUE,TRUE,TRUE,TRUE,TRUE,scopolamine [晕动症适应证]
DYSARTHRIA,7,547,27892,17656094,8.1007585801699,0.380422404221841,3.84329394428218,17.0744914455021,8.01103780388616,0.375616672595076,3.83669622395011,16.7270805269069,43.0081317048492,17684540,3.00167232202246,3.00088759777737,TRUE,TRUE,TRUE,TRUE,TRUE,scopolamine [晕动症适应证]
DYSSTASIA,7,547,23771,17660215,9.50734487669788,0.380430573314797,4.51055732425434,20.0395649820095,9.39985134937498,0.375624946220711,4.50176247254137,19.6272473124213,52.5989063677366,17684540,3.23225836051085,3.23147363626575,TRUE,TRUE,TRUE,TRUE,TRUE,scopolamine [晕动症适应证]
HYPERHIDROSIS,7,547,99419,17584567,2.26346092736643,0.380388501048105,1.0739393932709,4.77052560117993,2.24749661961992,0.375582335309736,1.07645755258043,4.69246654742158,4.87411475802143,17684540,1.1682625663079,1.1674778420628,TRUE,TRUE,TRUE,TRUE,TRUE,scopolamine [晕动症适应证]
HYPERSENSITIVITY,7,547,156147,17527839,1.43649938500154,0.380383697989023,0.681579161572827,3.02757273028705,1.43098404981199,0.375577470542156,0.685388472771128,2.98767112691158,0.916680542232372,17684540,0.516988113232728,0.516203388987632,FALSE,FALSE,TRUE,FALSE,FALSE,scopolamine [晕动症适应证]
IMPAIRED DRIVING ABILITY,7,547,8032,17675954,28.162413872845,0.380538900755372,13.3582210199369,59.3732918449016,27.8192064773397,0.375734659233365,13.3202672740592,58.1000540834511,180.910713523435,17684540,4.79679777797551,4.79601305373041,TRUE,TRUE,TRUE,TRUE,TRUE,scopolamine [晕动症适应证]
IMPAIRED WORK ABILITY,7,547,16062,17667924,14.0765625522854,0.380457108974378,6.67797802207596,29.6720972476045,13.9113352276175,0.375651821377902,6.66204451656083,29.0489274477344,83.9222480285653,17684540,3.79760558310241,3.79682085885731,TRUE,TRUE,TRUE,TRUE,TRUE,scopolamine [晕动症适应证]
PARAESTHESIA,7,547,123835,17560151,1.8146611907438,0.380385894363339,0.861002755313956,3.82460476098123,1.80436763779217,0.375579695162848,0.864221643463082,3.76725414937002,2.52760749345086,17684540,0.851456963017836,0.85067223877274,FALSE,FALSE,TRUE,FALSE,FALSE,scopolamine [晕动症适应证]
THERAPEUTIC RESPONSE UNEXPECTED,7,547,40571,17643415,5.56515994687716,0.380407677693424,2.64039011642066,11.7297080615914,5.50747742047257,0.375601757590234,2.63775256914606,11.499299779598,25.8782654232664,17684540,2.46118797405591,2.46040324981082,TRUE,TRUE,TRUE,TRUE,TRUE,scopolamine [晕动症适应证]
ABNORMAL BEHAVIOUR,6,548,25810,17658176,7.49080563466319,0.410524403036547,3.35029540706757,16.7484243144444,7.42050810071377,0.406079180258374,3.3478968366065,16.4473229493453,33.3725893482849,17684540,2.8912278293766,2.8904431051315,TRUE,TRUE,TRUE,TRUE,TRUE,scopolamine [晕动症适应证]
ACTIVITIES OF DAILY LIVING IMPAIRED,6,548,10387,17673599,18.6296869542852,0.410594465324821,8.33106441662608,41.6591708644139,18.4387517165132,0.406150009424591,8.31782251001333,40.8745876043793,98.958939407109,17684540,4.2038811556274,4.2030964313823,TRUE,TRUE,TRUE,TRUE,TRUE,scopolamine [晕动症适应证]
BEDRIDDEN,6,548,10521,17673465,18.3922717651246,0.410592972134393,8.22491809244495,41.1281494697102,18.2039078109897,0.406148499893752,8.21190742644796,40.3538718086048,97.555516255537,17684540,4.18539895874022,4.18461423449512,TRUE,TRUE,TRUE,TRUE,TRUE,scopolamine [晕动症适应证]
DEPRESSION,6,548,169452,17514534,1.1316772348684,0.410484400016072,0.506187252908436,2.53007825969701,1.13025112763156,0.406038738721943,0.509973720501607,2.50496753098551,0.0909296460383873,17684540,0.176637470319259,0.175852746074163,FALSE,FALSE,TRUE,FALSE,FALSE,scopolamine [晕动症适应证]
EYE PAIN,6,548,47406,17636580,4.07335022731115,0.41050290530213,1.82190037447845,9.10707429822314,4.04006484578793,0.406057447097014,1.82282618664976,8.95429530128182,13.760668942421,17684540,2.01424106016471,2.01345633591961,TRUE,TRUE,TRUE,TRUE,TRUE,scopolamine [晕动症适应证]
MENTAL IMPAIRMENT,6,548,19320,17664666,10.0108049598767,0.410540254578607,4.47723696238914,22.3834960683462,9.91321501446286,0.406095205341154,4.47238630198284,21.9730196113432,48.1222031740358,17684540,3.30895024575957,3.30816552151447,TRUE,TRUE,TRUE,TRUE,TRUE,scopolamine [晕动症适应证]
OVERDOSE,6,548,185593,17498393,1.03230318236974,0.410483774913541,0.461738856422667,2.30790596352849,1.03195332840906,0.406038106710387,0.465621946591586,2.28710798494346,0.00599917265573277,17684540,0.0453762801235663,0.0445915558784696,FALSE,FALSE,TRUE,FALSE,FALSE,scopolamine [晕动症适应证]
PANIC ATTACK,6,548,27660,17656326,6.98906138670298,0.410521246845749,3.12590744667101,15.6264956338112,6.92419790598056,0.406075989510159,3.123997026255,15.3471710242506,30.4527591471579,17684540,2.79137924073045,2.79059451648536,TRUE,TRUE,TRUE,TRUE,TRUE,scopolamine [晕动症适应证]
PHARYNGEAL OEDEMA,6,548,10147,17673839,19.0705810713893,0.410597238253824,8.52818280127906,42.6453173993743,18.8748708070782,0.406152812698195,8.51451145269622,41.8415959580485,101.565396332868,17684540,4.23758723558047,4.23680251133537,TRUE,TRUE,TRUE,TRUE,TRUE,scopolamine [晕动症适应证]
PRODUCT DOSE OMISSION ISSUE,6,548,280965,17403021,0.678177088062375,0.410481547463922,0.303343131703064,1.51618452737203,0.681662534762061,0.406035854486865,0.307570535143352,1.51075528441522,0.906365793984304,17684540,-0.552856015100462,-0.553640739345558,FALSE,FALSE,FALSE,FALSE,FALSE,scopolamine [晕动症适应证]
PRODUCT USE IN UNAPPROVED INDICATION,6,548,241070,17442916,0.792221479722854,0.410482264766103,0.354353768403881,1.77115337523075,0.794471788606722,0.406036579804622,0.358470288940529,1.76077472070964,0.323419261567578,17684540,-0.331922815079739,-0.332707539324835,FALSE,FALSE,FALSE,FALSE,FALSE,scopolamine [晕动症适应证]
SLEEP DISORDER,6,548,59674,17624312,3.23368501705985,0.410497623186355,1.44635560630903,7.22970114952706,3.20949348257905,0.406052107104044,1.44809804336593,7.11336394790942,9.15639731195325,17684540,1.68224577672094,1.68146105247584,TRUE,TRUE,TRUE,TRUE,TRUE,scopolamine [晕动症适应证]
THINKING ABNORMAL,6,548,13233,17670753,14.620675418289,0.410569250467837,6.53858591131862,32.692718668256,14.4731590780188,0.406124518615692,6.5292480235858,32.0821529433334,75.2757625263327,17684540,3.8546991591664,3.8539144349213,TRUE,TRUE,TRUE,TRUE,TRUE,scopolamine [晕动症适应证]
ABORTION SPONTANEOUS,5,549,30143,17653843,5.33396849637251,0.449282456220899,2.21112603829148,12.8672990266436,5.29485325723558,0.445228103895363,2.21242274898109,12.671841775524,17.4454310499051,17684540,2.40439660869282,2.40361188444772,TRUE,TRUE,TRUE,TRUE,TRUE,scopolamine [晕动症适应证]
APPLICATION SITE PAIN,5,549,19984,17664002,8.05015688324795,0.449301224424228,3.33696322713695,19.4203596005779,7.98652730848939,0.445247043035733,3.33699877016239,19.1143667835822,30.5856182038564,17684540,2.99725260704045,2.99646788279535,TRUE,TRUE,TRUE,TRUE,TRUE,scopolamine [晕动症适应证]
CIRCUMSTANCE OR INFORMATION CAPABLE OF LEADING TO MEDICATION ERROR,5,549,31458,17652528,5.11061847751204,0.44928091289324,2.1185456527215,12.3284674980384,5.07351903276915,0.44522654650901,2.11994603883537,12.1420993290999,16.3796470758027,17684540,2.34280266806063,2.34201794381553,TRUE,TRUE,TRUE,TRUE,TRUE,scopolamine [晕动症适应证]
DIPLOPIA,5,549,19877,17664109,8.09354075835972,0.449301524190125,3.35494480560561,19.525031201044,8.02951963238175,0.445247345531521,3.35496019947739,19.21727284182,30.7971861966144,17684540,3.00499601653426,3.00421129228917,TRUE,TRUE,TRUE,TRUE,TRUE,scopolamine [晕动症适应证]
DRUG ADMINISTERED TO PATIENT OF INAPPROPRIATE AGE,5,549,7090,17676896,22.706878257943,0.449402485439661,9.41062164973299,54.7894006806314,22.5109678043515,0.445349225915565,9.40384046193074,53.8868852082277,102.745745205836,17684540,4.49158431708183,4.49079959283673,TRUE,TRUE,TRUE,TRUE,TRUE,scopolamine [晕动症适应证]
ERYTHEMA,5,549,174847,17509139,0.912019796271949,0.449251900412016,0.378088377601229,2.19996212015067,0.912813841431949,0.445197269293111,0.381436853090523,2.18444836244496,0.0420519185445618,17684540,-0.13160348643629,-0.132388210681387,FALSE,FALSE,FALSE,FALSE,FALSE,scopolamine [晕动症适应证]
"HALLUCINATION, VISUAL",5,549,16153,17667833,9.96156911194264,0.449314431361284,4.12917783232732,24.0321107982117,9.88068852428973,0.445260370238295,4.12832548160028,23.6483305759571,39.933616995588,17684540,3.30421027080692,3.30342554656182,TRUE,TRUE,TRUE,TRUE,TRUE,scopolamine [晕动症适应证]
HYPERTENSION,5,549,169309,17514677,0.942149339239091,0.449252108598618,0.390578769490312,2.27264113353369,0.942671457115995,0.445197479396052,0.39391327093062,2.25590134082512,0.0176001614152091,17684540,-0.0851704581291545,-0.0859551823742511,FALSE,FALSE,FALSE,FALSE,FALSE,scopolamine [晕动症适应证]
HYPOAESTHESIA,5,549,119953,17564033,1.33355456448736,0.449254813171551,0.552837345536054,3.21680109136025,1.33054414423026,0.445200208780881,0.555990306270997,3.18413414726432,0.413368613699627,17684540,0.412001437409145,0.411216713164049,FALSE,FALSE,TRUE,FALSE,FALSE,scopolamine [晕动症适应证]
INAPPROPRIATE SCHEDULE OF PRODUCT ADMINISTRATION,5,549,174468,17509518,0.914020777731047,0.449251914238192,0.378917897389701,2.2047889209753,0.914796763491597,0.445197283246598,0.382265444828509,2.18919373910484,0.0400729286208908,17684540,-0.128472982550003,-0.129257706795099,FALSE,FALSE,FALSE,FALSE,FALSE,scopolamine [晕动症适应证]
MUSCULAR WEAKNESS,5,549,90807,17593179,1.76450402435815,0.449257791064185,0.731487149781011,4.25636247049345,1.75760416854265,0.445203213900042,0.734440212615878,4.20615914027322,1.6411399721562,17684540,0.813575957019125,0.812791232774028,FALSE,FALSE,TRUE,FALSE,FALSE,scopolamine [晕动症适应证]
OROPHARYNGEAL PAIN,5,549,81068,17602918,1.97757456175,0.449259263406964,0.81981462506732,4.77034811004935,1.96875168664395,0.445204699687088,0.822668848001284,4.71147438374543,2.39426808567275,17684540,0.977237377385048,0.976452653139951,FALSE,FALSE,TRUE,FALSE,FALSE,scopolamine [晕动症适应证]
PARANOIA,5,549,11855,17672131,13.5764124642097,0.449339407135504,5.62729391094673,32.7544603703378,13.4629069365544,0.445285573417645,5.6247614907136,32.2235642314015,57.7003022306624,17684540,3.75035489659638,3.74957017235128,TRUE,TRUE,TRUE,TRUE,TRUE,scopolamine [晕动症适应证]
PNEUMONIA,5,549,273228,17410758,0.580350196529154,0.449249608800642,0.240591981335925,1.39990679964169,0.584137649629072,0.445194956448343,0.244094279446101,1.39788935032999,1.5035174057098,17684540,-0.775600925553461,-0.776385649798558,FALSE,FALSE,FALSE,FALSE,FALSE,scopolamine [晕动症适应证]
SUICIDAL IDEATION,5,549,66542,17617444,2.4112637079426,0.449262260254795,0.999597021334304,5.81653660940291,2.3985266708673,0.445207723880202,1.00225005047706,5.74001486767045,4.09233955276324,17684540,1.26208527689727,1.26130055265217,FALSE,TRUE,TRUE,FALSE,FALSE,scopolamine [晕动症适应证]
THIRST,5,549,14715,17669271,10.9359376421591,0.449321163630566,4.5330042821479,26.3831059203246,10.8462631147028,0.445267163808608,4.531699189603,25.9596717768173,44.7143417003159,17684540,3.43868123508537,3.43789651084027,TRUE,TRUE,TRUE,TRUE,TRUE,scopolamine [晕动症适应证]
WRONG TECHNIQUE IN DRUG USAGE PROCESS,5,549,20343,17663643,7.9079322407595,0.449300241705257,3.27801436673703,19.0772172809883,7.84558628190788,0.445246051367338,3.27811596321912,18.7770124051425,29.8922881466985,17684540,2.97157190716712,2.97078718292202,TRUE,TRUE,TRUE,TRUE,TRUE,scopolamine [晕动症适应证]
ABDOMINAL PAIN,4,550,185928,17498058,0.684450989825974,0.501820303887197,0.255967183442325,1.83020788514209,0.686729322029396,0.498197016978319,0.258649551216705,1.82330554805345,0.577689955186366,17684540,-0.542172371294366,-0.542957095539463,FALSE,FALSE,FALSE,FALSE,FALSE,scopolamine [晕动症适应证]
ACCIDENTAL EXPOSURE TO PRODUCT,4,550,98584,17585402,1.29730821154825,0.501825051504391,0.485155612179226,3.46900778533875,1.29516158186198,0.498201799408527,0.487804745032271,3.43876016011336,0.27056147600654,17684540,0.373118757221647,0.37233403297655,FALSE,FALSE,TRUE,FALSE,FALSE,scopolamine [晕动症适应证]
APHASIA,4,550,23674,17660312,5.42530340150683,0.501857030313281,2.02877881889674,14.5081941531743,5.39335175239848,0.498234011015487,2.03120330093007,14.3206950834417,14.3318315803488,17684540,2.43098358501534,2.43019886077024,TRUE,TRUE,TRUE,TRUE,TRUE,scopolamine [晕动症适应证]
APPLICATION SITE SCAB,4,550,1974,17682012,65.1451119093672,0.502319444164568,24.3387848407902,174.367193491579,64.6819703071335,0.498699784352277,24.3378054035238,171.903637712838,250.310561091773,17684540,6.01241648038327,6.01163175613817,TRUE,TRUE,TRUE,TRUE,TRUE,scopolamine [晕动症适应证]
APPLICATION SITE SWELLING,4,550,4128,17679858,31.1484460887949,0.502056258243773,11.6433370928598,83.3288331350936,30.9307677776845,0.49843468715776,11.6443306564575,82.1612184970455,115.767289859714,17684540,4.94961865227732,4.94883392803223,TRUE,TRUE,TRUE,TRUE,TRUE,scopolamine [晕动症适应证]
APPLICATION SITE VESICLES,4,550,5566,17678420,23.0992323522686,0.501993924882883,8.63558358254338,61.7878954171322,22.9396711078479,0.498371900828123,8.63703064946258,60.9270166905077,83.8992050236375,17684540,4.51878157891499,4.51799685466989,TRUE,TRUE,TRUE,TRUE,TRUE,scopolamine [晕动症适应证]
BLINDNESS,4,550,33248,17650738,3.86095415171931,0.501844911770708,1.44382857120993,10.3246100395329,3.84029744304264,0.498221804317265,1.44633834939319,10.1967042893022,8.41759244362334,17684540,1.94108969493981,1.94030497069471,TRUE,TRUE,TRUE,TRUE,TRUE,scopolamine [晕动症适应证]
COGNITIVE DISORDER,4,550,39322,17644664,3.26343596691188,0.501840282907765,1.22039388526818,8.72670245131044,3.24709346895584,0.498217141772987,1.22293619087766,8.62155856927324,6.23347379358902,17684540,1.69904735995838,1.69826263571328,TRUE,TRUE,TRUE,TRUE,TRUE,scopolamine [晕动症适应证]
COUGH,4,550,242164,17441822,0.523816977525374,0.501819059606735,0.195894644558478,1.40067242043419,0.527255122091977,0.498195763463505,0.198585718401721,1.39988900515928,1.71899216632878,17684540,-0.923405523671964,-0.924190247917061,FALSE,FALSE,FALSE,FALSE,FALSE,scopolamine [晕动症适应证]
DELIRIUM,4,550,27372,17656614,4.69135387190626,0.501851344661185,1.75433975351952,12.545347106965,4.66470149737986,0.498228284006534,1.75680427880792,12.3858077545342,11.5324797563878,17684540,2.22161914665297,2.22083442240787,TRUE,TRUE,TRUE,TRUE,TRUE,scopolamine [晕动症适应证]
DRUG ADMINISTRATION ERROR,4,550,22867,17661119,5.61702461268124,0.501858515500814,2.1004663783039,15.0209333628771,5.58368869490014,0.498235507005456,2.10288039311899,14.8261306461244,15.0679818106121,17684540,2.48101136479828,2.48022664055319,TRUE,TRUE,TRUE,TRUE,TRUE,scopolamine [晕动症适应证]
DRUG DEPENDENCE,4,550,152216,17531770,0.837650324658261,0.501821490640938,0.313259091990563,2.23986496909474,0.838822524480223,0.498198212473352,0.315933154696218,2.22712690047341,0.124951528305883,17684540,-0.253555208530076,-0.254339932775172,FALSE,FALSE,FALSE,FALSE,FALSE,scopolamine [晕动症适应证]
DYSGEUSIA,4,550,56681,17627305,2.26175582325968,0.501832523004075,0.845818636093998,6.04803345037737,2.25264567291123,0.498209325380731,0.848415405907412,5.98104712898091,2.79503494496466,17684540,1.1715637922739,1.17077906802881,FALSE,FALSE,TRUE,FALSE,FALSE,scopolamine [晕动症适应证]
DYSPEPSIA,4,550,78418,17605568,1.63279469695038,0.50182765048634,0.610614708560767,4.36612234361851,1.62822578217095,0.498204417357257,0.613245635285146,4.32309509466544,0.973833886588723,17684540,0.703272376148934,0.702487651903837,FALSE,FALSE,TRUE,FALSE,FALSE,scopolamine [晕动症适应证]
DYSPNOEA,4,550,463435,17220551,0.270243660727159,0.501817095850909,0.101064860238184,0.722621453105454,0.275512659566674,0.498193784686186,0.103769673039439,0.731497202970395,7.82544673638019,17684540,-1.85977674039979,-1.86056146464489,FALSE,FALSE,FALSE,FALSE,FALSE,scopolamine [晕动症适应证]
DYSURIA,4,550,28871,17655115,4.44739830153567,0.50184945480871,1.66311831373159,11.8929311818609,4.42250733906971,0.498226380406384,1.66559613924317,11.7426852184063,10.6103504097452,17684540,2.14470986506424,2.14392514081914,TRUE,TRUE,TRUE,TRUE,TRUE,scopolamine [晕动症适应证]
EYE DISORDER,4,550,27290,17656696,4.70547213431493,0.501851454031033,1.75961892454114,12.5831040448648,4.67871782287584,0.498228394171971,1.76208267996806,12.4230268618796,11.5859924015925,17684540,2.22594697112957,2.22516224688447,TRUE,TRUE,TRUE,TRUE,TRUE,scopolamine [晕动症适应证]
EYE SWELLING,4,550,30371,17653615,4.22738557415717,0.50184775042881,1.58084915660752,11.3045502905176,4.20408315123906,0.498224663627456,1.58333897287223,11.162685593768,9.78330610423542,17684540,2.07164640287451,2.07086167862942,TRUE,TRUE,TRUE,TRUE,TRUE,scopolamine [晕动症适应证]
HEAD INJURY,4,550,25593,17658393,5.01796101917073,0.501853874780847,1.87646574583783,13.4188075885575,4.98895047029585,0.498230832530577,1.87891245728057,13.2468262151442,12.7740695919678,17684540,2.31855607709974,2.31777135285464,TRUE,TRUE,TRUE,TRUE,TRUE,scopolamine [晕动症适应证]
HYPERSOMNIA,4,550,23450,17660536,5.47719666602055,0.501857432310059,2.0481825633122,14.6469772058565,5.44487033630199,0.498234415936193,2.05060421247246,14.4575012568592,14.5309139473942,17684540,2.44469682113194,2.44391209688684,TRUE,TRUE,TRUE,TRUE,TRUE,scopolamine [晕动症适应证]
INTESTINAL OBSTRUCTION,4,550,31690,17652296,4.05113078401561,0.501846385026175,1.51494196822576,10.833194256556,4.02910095886026,0.498223288291346,1.51744138759879,10.6980438713201,9.12438410264684,17684540,2.01032106238108,2.00953633813598,TRUE,TRUE,TRUE,TRUE,TRUE,scopolamine [晕动症适应证]
LOSS OF CONSCIOUSNESS,4,550,94140,17589846,1.35889263572629,0.501825528591685,0.508185923916651,3.63368820056889,1.35630135315787,0.49820227997993,0.510831715398284,3.60109465627756,0.376390313417284,17684540,0.439661659887552,0.438876935642455,FALSE,FALSE,TRUE,FALSE,FALSE,scopolamine [晕动症适应证]
MATERNAL EXPOSURE DURING PREGNANCY,4,550,82174,17601812,1.55783067858225,0.50182706974595,0.58258114771586,4.16566247062234,1.55380302025314,0.498203832381215,0.585216143366276,4.12549081756399,0.793188391583592,17684540,0.63577859212646,0.634993867881363,FALSE,FALSE,TRUE,FALSE,FALSE,scopolamine [晕动症适应证]
OCULAR HYPERAEMIA,4,550,40274,17643712,3.18612269589674,0.501839683973557,1.19148322803341,8.51995025566878,3.17033841650399,0.498216538480127,1.19402974027721,8.41775153173952,5.95602375843772,17684540,1.66453876334549,1.66375403910039,TRUE,TRUE,TRUE,TRUE,TRUE,scopolamine [晕动症适应证]
PAIN IN EXTREMITY,4,550,243413,17440573,0.521091851746172,0.501819038498701,0.194875522717057,1.39338545021122,0.524549672311181,0.498195742197835,0.197566744239104,1.39270584116508,1.74781659891043,17684540,-0.93082721124437,-0.931611935489467,FALSE,FALSE,FALSE,FALSE,FALSE,scopolamine [晕动症适应证]
PALPITATIONS,4,550,92092,17591894,1.38927428302922,0.501825763955036,0.519547527775621,3.71493064696079,1.38646363838641,0.498202517061636,0.522191670734396,3.68117978186869,0.433129247563537,17684540,0.471392314402084,0.470607590156987,FALSE,FALSE,TRUE,FALSE,FALSE,scopolamine [晕动症适应证]
PHOTOSENSITIVITY REACTION,4,550,13345,17670641,9.63010511257195,0.501889602244952,3.60092414861513,25.7542010472091,9.56779388432234,0.49826681981887,3.60311838274298,25.4065146044928,30.703224801304,17684540,3.25779914077202,3.25701441652693,TRUE,TRUE,TRUE,TRUE,TRUE,scopolamine [晕动症适应证]
PRESCRIPTION DRUG USED WITHOUT A PRESCRIPTION,4,550,6021,17677965,21.3531005118449,0.501980401762517,7.98300865397445,57.1156717012886,21.2061467175356,0.49835827942146,7.98455341005755,56.3213288847426,76.9883117059869,17684540,4.4054976651377,4.4047129408926,TRUE,TRUE,TRUE,TRUE,TRUE,scopolamine [晕动症适应证]
PSYCHOTIC DISORDER,4,550,21052,17662934,6.10192389408046,0.501862271802693,2.28177594085573,16.3177613290052,6.06508689845533,0.498239290627587,2.28416346882196,16.1044862103439,16.9368114530963,17684540,2.60029941740714,2.59951469316204,TRUE,TRUE,TRUE,TRUE,TRUE,scopolamine [晕动症适应证]
SEIZURE,4,550,113252,17570734,1.12834348500368,0.501823742560214,0.421968791820273,3.01718763290086,1.12741681724192,0.498200480897176,0.424627090575805,2.99337632480371,0.0579700825075493,17684540,0.173015234284383,0.172230510039286,FALSE,FALSE,TRUE,FALSE,FALSE,scopolamine [晕动症适应证]
SKIN IRRITATION,4,550,43622,17640364,2.94102875529862,0.50183778526423,1.09983193063001,7.86451993127585,2.92701410724592,0.498214625952101,1.10239177529911,7.77165774997918,5.0867199378284,17684540,1.54934261027624,1.54855788603114,TRUE,TRUE,TRUE,TRUE,TRUE,scopolamine [晕动症适应证]
URINARY INCONTINENCE,4,550,22676,17661310,5.66439808207316,0.501858882483482,2.11817999513275,15.1476294299453,5.63072011758166,0.498235876657316,2.12059142308604,14.951022010831,15.2501404773871,17684540,2.49311017131279,2.49232544706769,TRUE,TRUE,TRUE,TRUE,TRUE,scopolamine [晕动症适应证]
URTICARIA,4,550,136310,17547676,0.936244309428375,0.50182225441355,0.350130113450156,2.50350761978033,0.936704639324199,0.498198981852584,0.352798830285785,2.48701386175438,0.0172404613243799,17684540,-0.094331023671907,-0.0951157479170037,FALSE,FALSE,FALSE,FALSE,FALSE,scopolamine [晕动症适应证]
APPLICATION SITE HYPERSENSITIVITY,3,551,1062,17682924,90.6565566458519,0.579732603450437,29.1018678983768,282.408376382636,90.1710518264701,0.576601979028046,29.1241743642608,279.17765103994,263.817112000042,17684540,6.49056797675034,6.48978325250524,TRUE,TRUE,TRUE,TRUE,TRUE,scopolamine [晕动症适应证]
BLISTER,3,551,47286,17636700,2.03074038482131,0.578938183206482,0.652908428895893,6.31620963680617,2.02515875818871,0.575803239433267,0.655126945174875,6.260264557999,1.56091679193157,17684540,1.01798867824294,1.01720395399784,FALSE,FALSE,TRUE,FALSE,FALSE,scopolamine [晕动症适应证]
BLOOD CHOLESTEROL INCREASED,3,551,33940,17650046,2.83141585396242,0.578945365110261,0.910322790696498,8.80667365466695,2.82149843959078,0.575810460475448,0.912725229486772,8.72207011204197,3.53423179569343,17684540,1.4963792314096,1.49559450716451,FALSE,FALSE,TRUE,FALSE,FALSE,scopolamine [晕动症适应证]
CEREBROVASCULAR ACCIDENT,3,551,119852,17564134,0.797904863063719,0.578927124881887,0.256541951887919,2.48166884915135,0.798999241061569,0.57579212069737,0.258477187190032,2.46984963801705,0.152725942439502,17684540,-0.323724877832658,-0.324509602077755,FALSE,FALSE,FALSE,FALSE,FALSE,scopolamine [晕动症适应证]
CHILLS,3,551,93480,17590506,1.02454086280284,0.578929157747513,0.329408526813951,3.18657197403286,1.02440797004398,0.575794164705381,0.331395846486109,3.16664104338319,0.00175387857863484,17684540,0.034789279352157,0.0340045551070603,FALSE,FALSE,TRUE,FALSE,FALSE,scopolamine [晕动症适应证]
CONTRAINDICATED PRODUCT ADMINISTERED,3,551,29769,17654217,3.22889461192379,0.578948930391413,1.03810812883989,10.0430389910938,3.21682478550543,0.575814045178685,1.04060185556425,9.94420838797281,4.59033703618961,17684540,1.68553717124995,1.68475244700485,TRUE,TRUE,TRUE,TRUE,TRUE,scopolamine [晕动症适应证]
COORDINATION ABNORMAL,3,551,9041,17674945,10.644156655976,0.579015439497926,3.42171131136394,33.1115224538903,10.5919319809436,0.575880916394253,3.42590606516645,32.7472560411504,26.0637154767426,17684540,3.40446041511201,3.40367569086691,TRUE,TRUE,TRUE,TRUE,TRUE,scopolamine [晕动症适应证]
DELUSION,3,551,11870,17672116,8.10601663208657,0.578992675213284,2.60590737895285,25.2148277296285,8.06753639761678,0.575858028190705,2.60952032603274,24.9414204126245,18.5822523416976,17684540,3.01180879955171,3.01102407530661,TRUE,TRUE,TRUE,TRUE,TRUE,scopolamine [晕动症适应证]
DISCOMFORT,3,551,55092,17628894,1.74223279113518,0.578935595335789,0.560152470842363,5.41883729253585,1.73821347999185,0.575800637451122,0.562304703330366,5.37321861995926,0.943438429249914,17684540,0.797571915523362,0.796787191278265,FALSE,FALSE,TRUE,FALSE,FALSE,scopolamine [晕动症适应证]
DRUG ADMINISTERED AT INAPPROPRIATE SITE,3,551,8611,17675375,11.1759565119615,0.579020209036441,3.59263214200147,34.7661544573479,11.1208520543155,0.575885711894373,3.59694874113714,34.382850386374,27.6361575046923,17684540,3.47473808362168,3.47395335937658,TRUE,TRUE,TRUE,TRUE,TRUE,scopolamine [晕动症适应证]
DRUG INTERACTION,3,551,122393,17561593,0.78122653094685,0.57892697528302,0.251179616967536,2.4297946625746,0.782411224822589,0.57579197027683,0.253111019196065,2.41857239828104,0.182795182661474,17684540,-0.353991192936686,-0.354775917181783,FALSE,FALSE,FALSE,FALSE,FALSE,scopolamine [晕动症适应证]
EXPIRED PRODUCT ADMINISTERED,3,551,32741,17651245,2.93530381522116,0.578946296960089,0.943721875589127,9.12981749233405,2.9248238306622,0.575811397401912,0.946148175125247,9.0414954711265,3.80687478305188,17684540,1.54826274042045,1.54747801617536,FALSE,FALSE,TRUE,FALSE,FALSE,scopolamine [晕动症适应证]
EYE IRRITATION,3,551,49542,17634444,1.93801838268668,0.578937351504314,0.623098161420008,6.02780666704579,1.93293886075877,0.575802403196615,0.625295375717705,5.9751803459973,1.35457056334303,17684540,0.950753841969495,0.949969117724398,FALSE,FALSE,TRUE,FALSE,FALSE,scopolamine [晕动症适应证]
FEAR,3,551,16944,17667042,5.67698248870197,0.578970888655057,1.82510386513131,17.6582444389871,5.65165586872705,0.575836123020105,1.8281595953517,17.4717864565714,11.4947676205448,17684540,2.498463405807,2.4976786815619,TRUE,TRUE,TRUE,TRUE,TRUE,scopolamine [晕动症适应证]
FEELING COLD,3,551,22265,17661721,4.31896790149018,0.578958707963753,1.38854633036135,13.4338216350679,4.3009951511211,0.575823876002728,1.39129035496562,13.2959732121655,7.60905565074108,17684540,2.1045213239977,2.10373659975261,TRUE,TRUE,TRUE,TRUE,TRUE,scopolamine [晕动症适应证]
GAIT INABILITY,3,551,32666,17651320,2.94205567142024,0.578946357522559,0.94589253498992,9.1508192036088,2.93153912446309,0.575811458294312,0.948320385250683,9.06225551187118,3.82468540448434,17684540,1.55157101784179,1.55078629359669,FALSE,FALSE,TRUE,FALSE,FALSE,scopolamine [晕动症适应证]
GASTROOESOPHAGEAL REFLUX DISEASE,3,551,64463,17619523,1.48817255093054,0.578933316450173,0.478470649318565,4.62861733420264,1.48552901726124,0.575798346131822,0.480564507394191,4.59209206499926,0.477789195596166,17684540,0.570954842697147,0.57017011845205,FALSE,FALSE,TRUE,FALSE,FALSE,scopolamine [晕动症适应证]
HEAD DISCOMFORT,3,551,16285,17667701,5.90693148973564,0.578972951154445,1.89902292869533,18.3735746931723,5.88035965856378,0.575838196749224,1.90213142648423,18.1788856609015,12.1602137047055,17684540,2.55568384578784,2.55489912154275,TRUE,TRUE,TRUE,TRUE,TRUE,scopolamine [晕动症适应证]
HEART RATE INCREASED,3,551,76739,17607247,1.24923739786987,0.578931173236007,0.401650964063289,3.8854483515961,1.24788773687058,0.575796191214386,0.403689918854189,3.85747508447054,0.148363669258082,17684540,0.319476948305323,0.318692224060227,FALSE,FALSE,TRUE,FALSE,FALSE,scopolamine [晕动症适应证]
HOT FLUSH,3,551,64157,17619829,1.49529643238214,0.578933380350418,0.480761027927449,4.65077510615563,1.49261432173748,0.575798410380831,0.482856522890304,4.61399485735426,0.489492349491269,17684540,0.577819170521256,0.577034446276159,FALSE,FALSE,TRUE,FALSE,FALSE,scopolamine [晕动症适应证]
HYPOTENSION,3,551,159937,17524049,0.596561427368742,0.578925318924942,0.191806795279112,1.85543758294046,0.598746112780102,0.575790304794444,0.193695755821623,1.85082479504314,0.814056523496666,17684540,-0.739965575580716,-0.740750299825812,FALSE,FALSE,FALSE,FALSE,FALSE,scopolamine [晕动症适应证]
ILLNESS,3,551,99157,17584829,0.965571473510807,0.578928628804875,0.31044911718028,3.00315967694127,0.965757909574828,0.5757936328669,0.312422885142075,2.98533937256933,0.0036627087969654,17684540,-0.0502649591105464,-0.051049683355643,FALSE,FALSE,FALSE,FALSE,FALSE,scopolamine [晕动症适应证]
INCOHERENT,3,551,4317,17679669,22.2977856925749,0.579119948087067,7.16646336929565,69.3774908446736,22.1824547231205,0.575985993733869,7.17332367999405,68.595998102751,60.6552824342214,17684540,4.47039009481271,4.46960537056761,TRUE,TRUE,TRUE,TRUE,TRUE,scopolamine [晕动症适应证]
INCORRECT DOSAGE ADMINISTERED,3,551,4843,17679143,19.8754236941974,0.579098226136451,6.38819307817371,61.837903486912,19.7732102084888,0.57596415358764,6.39450009493563,61.1431442871878,53.4528961057959,17684540,4.30462700241219,4.30384227816709,TRUE,TRUE,TRUE,TRUE,TRUE,scopolamine [晕动症适应证]
LETHARGY,3,551,43892,17640094,2.18819076290707,0.578939595510755,0.703528746974796,6.80594621820531,2.18175651689855,0.575804659436242,0.705783434579942,6.74436557421091,1.92495512346426,17684540,1.12543669797546,1.12465197373036,FALSE,FALSE,TRUE,FALSE,FALSE,scopolamine [晕动症适应证]
MENTAL STATUS CHANGES,3,551,19440,17664546,4.94738690596222,0.578964344589361,1.59056519880356,15.3886412299842,4.9260111645942,0.575829543322145,1.59345348063219,15.2282989673972,9.39592732733132,17684540,2.3002424724239,2.2994577481788,TRUE,TRUE,TRUE,TRUE,TRUE,scopolamine [晕动症适应证]
MUCOSAL DRYNESS,3,551,1618,17682368,59.5019999596194,0.579453465682174,19.1113257786197,185.256012074023,59.1852021259031,0.576321324961121,19.1266327693728,183.141914884942,171.304403435548,17684540,5.884537316346,5.8837525921009,TRUE,TRUE,TRUE,TRUE,TRUE,scopolamine [晕动症适应证]
MUSCULOSKELETAL STIFFNESS,3,551,75224,17608762,1.27450650475878,0.578931399896053,0.409775227509,3.96404350879598,1.27302000744059,0.575796419112749,0.411819988904304,3.93516580789532,0.176404235628764,17684540,0.348242754467997,0.3474580302229,FALSE,FALSE,TRUE,FALSE,FALSE,scopolamine [晕动症适应证]
PARKINSONISM,3,551,7501,17676485,12.8305832664538,0.57903504859055,4.12440985253208,39.9145266458756,12.76651873613,0.575900632219915,4.12910543184343,39.4719881413139,32.5353445690973,17684540,3.67376157934816,3.67297685510307,TRUE,TRUE,TRUE,TRUE,TRUE,scopolamine [晕动症适应证]
PERIPHERAL COLDNESS,3,551,10652,17673334,9.03351943314071,0.579000993982015,2.90403193050564,28.1004049892531,8.99001662032587,0.575866392244861,2.90785753698613,27.7937958809022,21.3105948298071,17684540,3.16796271919347,3.16717799494838,TRUE,TRUE,TRUE,TRUE,TRUE,scopolamine [晕动症适应证]
PHARYNGITIS,3,551,10143,17673843,9.48711627000678,0.579005062246863,3.04982671438897,29.5116357581843,9.44115715663129,0.575870482655669,3.05375630050891,29.1887890469046,22.6475278747184,17684540,3.2385822467324,3.2377975224873,TRUE,TRUE,TRUE,TRUE,TRUE,scopolamine [晕动症适应证]
PRODUCT ADMINISTERED TO PATIENT OF INAPPROPRIATE AGE,3,551,5927,17678059,16.2393748868952,0.57906561921159,5.21985815498966,50.5219277778719,16.156851196172,0.575931369221175,5.22533389266389,49.9573512310353,42.6489545467198,17684540,4.01338930243017,4.01260457818508,TRUE,TRUE,TRUE,TRUE,TRUE,scopolamine [晕动症适应证]
PRODUCT SUBSTITUTION ISSUE,3,551,49306,17634680,1.94732064356351,0.578937434944198,0.626088857103662,6.05674042242341,1.94219074838176,0.575802487091445,0.628288208532665,6.00378114991091,1.37497004230325,17684540,0.957642317428209,0.956857593183112,FALSE,FALSE,TRUE,FALSE,FALSE,scopolamine [晕动症适应证]
RASH ERYTHEMATOUS,3,551,38651,17645335,2.48564343369426,0.578942263606669,0.799159056475526,7.73115593123057,2.47759843315079,0.575807342073008,0.801482073643123,7.65892862462767,2.64923065489543,17684540,1.30887559721786,1.30809087297277,FALSE,FALSE,TRUE,FALSE,FALSE,scopolamine [晕动症适应证]
READING DISORDER,3,551,1863,17682123,51.6762758971392,0.579383327834869,16.6000793173987,160.868959692159,51.4018556305481,0.576250805887577,16.6136175603323,159.035246397647,148.04118479311,17684540,5.68147242101178,5.68068769676668,TRUE,TRUE,TRUE,TRUE,TRUE,scopolamine [晕动症适应证]
RESTLESSNESS,3,551,28035,17655951,3.42894256175114,0.578950724762237,1.10242081439097,10.6652985305652,3.4157894431857,0.575815849323343,1.10496048145513,10.5593075191375,5.13323267091735,17684540,1.77210986927758,1.77132514503249,TRUE,TRUE,TRUE,TRUE,TRUE,scopolamine [晕动症适应证]
STRESS,3,551,60437,17623549,1.58766959471558,0.578934208925127,0.510459605365548,4.93808856859347,1.58448726839041,0.575799243477162,0.512576325017498,4.89800207531161,0.64900474809015,17684540,0.663989651811347,0.66320492756625,FALSE,FALSE,TRUE,FALSE,FALSE,scopolamine [晕动症适应证]
SWELLING,3,551,81186,17602800,1.18051161941638,0.578930556776691,0.379554921855796,3.67168913727473,1.17953411967225,0.575795571386231,0.381578083880599,3.64617570621887,0.0823544575628386,17684540,0.238209037126067,0.23742431288097,FALSE,FALSE,TRUE,FALSE,FALSE,scopolamine [晕动症适应证]
SWELLING FACE,3,551,51091,17632895,1.87909559331894,0.578936822975612,0.604154342757513,5.84453342289036,1.87433514786775,0.575801871786017,0.606338019804198,5.79401609628058,1.22704631307315,17684540,0.906339427774972,0.905554703529875,FALSE,FALSE,TRUE,FALSE,FALSE,scopolamine [晕动症适应证]
TARDIVE DYSKINESIA,3,551,10439,17673547,9.21795274561105,0.579002648149455,2.96331263967154,28.6742113143136,9.17345119644709,0.575868055416963,2.96718052619352,28.3609999832238,21.8540113925858,17684540,3.19709524851561,3.19631052427051,TRUE,TRUE,TRUE,TRUE,TRUE,scopolamine [晕动症适应证]
UNDERDOSE,3,551,70002,17613984,1.36998813256619,0.578932256352337,0.440473433628286,4.26102311758505,1.36798458672197,0.575797280246708,0.442540135406898,4.22872792721548,0.298128352666341,17684540,0.452035344290876,0.451250620045779,FALSE,FALSE,TRUE,FALSE,FALSE,scopolamine [晕动症适应证]
URINARY RETENTION,3,551,26687,17657299,3.60241855965951,0.578952280786457,1.15819061383147,11.204908176598,3.58832604038338,0.575817413822653,1.16077011681908,11.0927078372576,5.60885803189518,17684540,1.84319400683421,1.84240928258911,TRUE,TRUE,TRUE,TRUE,TRUE,scopolamine [晕动症适应证]
VISUAL ACUITY REDUCED,3,551,22157,17661829,4.34004641189951,0.578958897029021,1.39532254536739,13.4993897432383,4.32195951797225,0.575824066097582,1.39807140911171,13.3607868333844,7.66858042451529,17684540,2.11153543092699,2.11075070668189,TRUE,TRUE,TRUE,TRUE,TRUE,scopolamine [晕动症适应证]
WEIGHT INCREASED,3,551,180615,17503371,0.527639789702184,0.578924700748344,0.169647273699003,1.64107410397248,0.530197696978165,0.575789683193506,0.171520393333321,1.6389281322056,1.26172551430067,17684540,-0.915376458430307,-0.916161182675404,FALSE,FALSE,FALSE,FALSE,FALSE,scopolamine [晕动症适应证]
ABASIA,2,552,14427,17669559,4.43752279090232,0.708435575953948,1.10689916593695,17.7898846848524,4.42511296133228,0.705878320803121,1.10935004340685,17.6514390898792,5.30578589643086,17684540,2.14555949409457,2.14477476984947,FALSE,FALSE,FALSE,FALSE,FALSE,scopolamine [晕动症适应证]
ABDOMINAL DISTENSION,2,552,85330,17598656,0.747254733116273,0.708394925329933,0.186410658524817,2.99548127013528,0.748167170902857,0.705837522740057,0.187576150497366,2.98414331530193,0.170351711498422,17684540,-0.418556050512423,-0.419340774757519,FALSE,FALSE,FALSE,FALSE,FALSE,scopolamine [晕动症适应证]
ACCOMMODATION DISORDER,2,552,430,17683556,149.001988540613,0.710026219338384,37.051478699499,599.209353265497,148.467685332886,0.707474713820492,37.1037071680606,594.082243271889,291.599720205408,17684540,7.20735568897891,7.20657096473382,FALSE,FALSE,FALSE,FALSE,FALSE,scopolamine [晕动症适应证]
ACUTE KIDNEY INJURY,2,552,150309,17533677,0.422648113003156,0.708391349606676,0.10543481592755,1.69423568347552,0.424732415844299,0.70583393391194,0.10648720641676,1.69407791920948,1.57164953279295,17684540,-1.23534787514852,-1.23613259939362,FALSE,FALSE,FALSE,FALSE,FALSE,scopolamine [晕动症适应证]
ADENOCARCINOMA PANCREAS,2,552,1116,17682870,57.4089333021661,0.709018834800934,14.3037681199784,230.413803918512,57.2052909436746,0.70646369096204,14.3245888244943,228.44951098036,110.254936900651,17684540,5.83553871829919,5.8347539940541,FALSE,FALSE,FALSE,FALSE,FALSE,scopolamine [晕动症适应证]
ADVERSE EVENT,2,552,78089,17605897,0.816881787243504,0.708395692323865,0.20377956302154,3.27459655146874,0.817542863823852,0.705838292529527,0.204969314147956,3.26086047059143,0.0817997626002174,17684540,-0.29062547552518,-0.291410199770277,FALSE,FALSE,FALSE,FALSE,FALSE,scopolamine [晕动症适应证]
ADVERSE REACTION,2,552,12289,17671697,5.21017883319712,0.708444086979836,1.29960941547073,20.8877860923028,5.19497963163323,0.705886862667221,1.30232932937732,20.7227256303808,6.77855510139907,17684540,2.37692851294093,2.37614378869583,FALSE,FALSE,FALSE,FALSE,FALSE,scopolamine [晕动症适应证]
ANTICHOLINERGIC SYNDROME,2,552,1368,17682618,46.8329360539029,0.708902422698397,11.6713598961909,187.923594074482,46.6674741908924,0.706346857749141,11.6885250629967,186.324034522732,89.2542406543747,17684540,5.54228301329449,5.5414982890494,FALSE,FALSE,FALSE,FALSE,FALSE,scopolamine [晕动症适应证]
APPLICATION SITE HAEMORRHAGE,2,552,2723,17681263,23.52645872253,0.708645816168014,5.86604059660535,94.3556818108647,23.445135766853,0.706089322474519,5.87512873035944,93.5595484547862,42.9506536072306,17684540,4.55020267659073,4.54941795234563,FALSE,FALSE,FALSE,FALSE,FALSE,scopolamine [晕动症适应证]
APPLICATION SITE REACTION,2,552,4409,17679577,14.5285639387156,0.708546723629091,3.62322698170933,58.2572306915662,14.4797243577094,0.705989871103134,3.62918898550762,57.7711489571044,25.0924520854417,17684540,3.85535314605016,3.85456842180507,FALSE,FALSE,FALSE,FALSE,FALSE,scopolamine [晕动症适应证]
APPLICATION SITE SCAR,2,552,1011,17682975,63.3716617210683,0.709084459312112,15.787385660754,254.378248279121,63.1464932672016,0.706529552802655,15.8102646984448,252.20827658483,122.090142754204,17684540,5.97782473234124,5.97704000809615,FALSE,FALSE,FALSE,FALSE,FALSE,scopolamine [晕动症适应证]
ASTHMA,2,552,96653,17587333,0.659288599572623,0.708393956321156,0.164466881203479,2.64285097611029,0.660518604628318,0.705836550194431,0.16560172402507,2.63454278407206,0.350871474463884,17684540,-0.598313553938491,-0.599098278183588,FALSE,FALSE,FALSE,FALSE,FALSE,scopolamine [晕动症适应证]
BACK PAIN,2,552,192165,17491821,0.32980075999,0.708390326891708,0.0822730566037209,1.32204327613449,0.332220251831191,0.705832907394734,0.0832930955842707,1.32508336918652,2.71400659595636,17684540,-1.58975789295473,-1.59054261719982,FALSE,FALSE,FALSE,FALSE,FALSE,scopolamine [晕动症适应证]
BLOOD PRESSURE INCREASED,2,552,123831,17560155,0.513795010942333,0.708392353623533,0.128172288325139,2.0596130155652,0.515550263610411,0.705834941627519,0.129256437366615,2.05631595395816,0.916856117209191,17684540,-0.955793109899776,-0.956577834144873,FALSE,FALSE,FALSE,FALSE,FALSE,scopolamine [晕动症适应证]
BLOOD SODIUM DECREASED,2,552,13552,17670434,4.72427033605393,0.708438734571396,1.17841840305453,18.9395635287667,4.7108253167902,0.705881490865539,1.18096912889934,18.7912407041446,5.8498255311382,17684540,2.23581213502814,2.23502741078305,FALSE,FALSE,FALSE,FALSE,FALSE,scopolamine [晕动症适应证]
BREAST CANCER,2,552,74316,17609670,0.858538567386741,0.708396151205251,0.214171082618876,3.44158727068746,0.859049258479208,0.705838753082155,0.215375347493087,3.42641642640815,0.0464476672819323,17684540,-0.219180865734383,-0.21996558997948,FALSE,FALSE,FALSE,FALSE,FALSE,scopolamine [晕动症适应证]
BRONCHITIS,2,552,61809,17622177,1.03299628518993,0.708398072995123,0.257690344740903,4.14094414864128,1.03287716502679,0.705840681863595,0.258955391864752,4.11976452913931,0.00210027709024036,17684540,0.0466672059346377,0.0458824816895411,FALSE,FALSE,FALSE,FALSE,FALSE,scopolamine [晕动症适应证]
CATARACT,2,552,50792,17633194,1.25784344105314,0.708400549868495,0.313778995182508,5.04230731340107,1.25691259830565,0.705843167736221,0.315122378147368,5.01338333718927,0.105324111827508,17684540,0.329872721711175,0.329087997466079,FALSE,FALSE,FALSE,FALSE,FALSE,scopolamine [晕动症适应证]
CHEST DISCOMFORT,2,552,82710,17601276,0.771040250640005,0.708395187344907,0.192344110634208,3.09083062718568,0.771866820132279,0.705837785710359,0.19351788988232,3.07867344142402,0.135484628381266,17684540,-0.373565841680011,-0.374350565925108,FALSE,FALSE,FALSE,FALSE,FALSE,scopolamine [晕动症适应证]
CHOREOATHETOSIS,2,552,474,17683512,135.170243991928,0.709874182791642,33.6220348891029,543.423231850822,134.685874880044,0.70732212883621,33.6695491171902,538.774214916385,264.278642750566,17684540,7.06742542783444,7.06664070358934,FALSE,FALSE,FALSE,FALSE,FALSE,scopolamine [晕动症适应证]
CHRONIC OBSTRUCTIVE PULMONARY DISEASE,2,552,42438,17641548,1.50616551613915,0.708403285335718,0.375722886446671,6.03778647465673,1.50433820380651,0.705845913133462,0.377152780639668,6.00030954986889,0.338962197859784,17684540,0.589106155340255,0.588321431095158,FALSE,FALSE,FALSE,FALSE,FALSE,scopolamine [晕动症适应证]
COLD SWEAT,2,552,13416,17670570,4.77219770034482,0.708439262505548,1.19037213664801,19.1317237610297,4.75857965810531,0.705882020712579,1.19293955084844,18.9817500362267,5.9410755395587,17684540,2.25036116279029,2.2495764385452,FALSE,FALSE,FALSE,FALSE,FALSE,scopolamine [晕动症适应证]
COVID-19,2,552,174600,17509386,0.363343667513322,0.708390696361821,0.0906407022142661,1.45650483168094,0.365642065825549,0.705833278244161,0.091672428858783,1.45838963759894,2.22303744789562,17684540,-1.45146736788352,-1.45225209212862,FALSE,FALSE,FALSE,FALSE,FALSE,scopolamine [晕动症适应证]
CRYING,2,552,26520,17657466,2.41238032002099,0.708413267963563,0.601772350510901,9.67073147093542,2.40728147410033,0.70585593196536,0.603517926362992,9.60204136846336,1.64772269901108,17684540,1.26734123971382,1.26655651546873,FALSE,FALSE,FALSE,FALSE,FALSE,scopolamine [晕动症适应证]
DEAFNESS,2,552,21794,17662192,2.93628747707453,0.708419039135257,0.732453591647059,11.7710995568156,2.92929726957607,0.705861724056736,0.734381651283668,11.6843639523767,2.54425471965878,17684540,1.55046741556586,1.54968269132076,FALSE,FALSE,FALSE,FALSE,FALSE,scopolamine [晕动症适应证]
DECREASED ACTIVITY,2,552,9182,17674804,6.97442223127164,0.708463520242992,1.73961006993439,27.9617635588248,6.95285391996741,0.705906366336584,1.74294416684848,27.735930130118,10.1964349456269,17684540,2.79733626446669,2.7965515402216,FALSE,FALSE,FALSE,FALSE,FALSE,scopolamine [晕动症适应证]
DISSOCIATIVE DISORDER,2,552,571,17683415,112.207257798421,0.709621705021891,27.9240726389607,450.882250072459,111.805787553662,0.707068739787832,27.9637379163179,447.026580205502,218.869959929148,17684540,6.79985186238548,6.79906713814038,FALSE,FALSE,FALSE,FALSE,FALSE,scopolamine [晕动症适应证]
DIVERTICULITIS,2,552,23337,17660649,2.74190593031033,0.708416897903474,0.683968205038981,10.9918093783943,2.73561746124784,0.705859575063808,0.685828560747976,10.9117690959419,2.20505266552452,17684540,1.45178806399874,1.45100333975364,FALSE,FALSE,FALSE,FALSE,FALSE,scopolamine [晕动症适应证]
DRUG INEFFECTIVE FOR UNAPPROVED INDICATION,2,552,53097,17630889,1.20308176749526,0.708399946624283,0.300118617428066,4.82277891216274,1.20234862032018,0.705842562301105,0.301442921899101,4.79574108318169,0.0683108489539774,17684540,0.265846120217473,0.265061395972376,FALSE,FALSE,FALSE,FALSE,FALSE,scopolamine [晕动症适应证]
DRUG PRESCRIBING ERROR,2,552,15636,17668350,4.094126430645,0.708431793313214,1.0212496799526,16.4130981474422,4.08295629912643,0.705874524455824,1.02358097750712,16.2864809984809,4.65927838927613,17684540,2.02947479860146,2.02869007435637,FALSE,FALSE,FALSE,FALSE,FALSE,scopolamine [晕动症适应证]
DYSKINESIA,2,552,29371,17654615,2.1778623940898,0.708410684585373,0.543274208103073,8.73055362622826,2.17361018328081,0.705853339221005,0.544938093450215,8.66994120185082,1.26937061272549,17684540,1.12004018930465,1.11925546505955,FALSE,FALSE,FALSE,FALSE,FALSE,scopolamine [晕动症适应证]
DYSPHAGIA,2,552,76254,17607732,0.836626674466685,0.708395909828874,0.208705039231974,3.35374840494963,0.837216469865722,0.705838510826794,0.209901669737934,3.33933226109896,0.063573848118849,17684540,-0.256320045047889,-0.257104769292986,FALSE,FALSE,FALSE,FALSE,FALSE,scopolamine [晕动症适应证]
DYSTONIA,2,552,9655,17674331,6.63256666591614,0.708459754721622,1.65435422966151,26.591004386541,6.61223249022691,0.705902587173424,1.65756933014022,26.3769470813711,9.53016576020034,17684540,2.72488382894355,2.72409910469845,FALSE,FALSE,FALSE,FALSE,FALSE,scopolamine [晕动症适应证]
ECZEMA,2,552,46536,17637450,1.3732122302696,0.708401820748886,0.342557798865697,5.50479900211327,1.37186489369823,0.7058444432309,0.343941374788521,5.47190138935407,0.202122531666589,17684540,0.456121600249792,0.455336876004695,FALSE,FALSE,FALSE,FALSE,FALSE,scopolamine [晕动症适应证]
ELECTROCARDIOGRAM QT PROLONGED,2,552,29871,17654115,2.14134728608378,0.708410282345321,0.534165827668194,8.5841661186658,2.1372268987694,0.705852935522478,0.535816993303586,8.52481140745655,1.21221253738657,17684540,1.09568868382735,1.09490395958226,FALSE,FALSE,FALSE,FALSE,FALSE,scopolamine [晕动症适应证]
ELECTROENCEPHALOGRAM ABNORMAL,2,552,1616,17682370,39.6451472592912,0.708823294367215,9.88160446883126,159.056933129482,39.5056340922901,0.706267443098736,9.89628177697368,157.705202843485,74.975970049756,17684540,5.30224729871241,5.30146257446731,FALSE,FALSE,FALSE,FALSE,FALSE,scopolamine [晕动症适应证]
EMERGENCY CARE EXAMINATION,2,552,651,17683335,98.4179022240032,0.7094700480384,24.4997135715666,395.354968125617,98.0662130462992,0.70691653510887,24.534651985778,391.97548621504,191.571371044892,17684540,6.61130400959595,6.61051928535085,FALSE,FALSE,FALSE,FALSE,FALSE,scopolamine [晕动症适应证]
EMOTIONAL DISTRESS,2,552,107403,17576583,0.592937550525874,0.708393225421917,0.147915085211866,2.37687006920251,0.594407090054661,0.705835816622341,0.14902680973083,2.3708471606244,0.556883456180358,17684540,-0.750458439627981,-0.751243163873077,FALSE,FALSE,FALSE,FALSE,FALSE,scopolamine [晕动症适应证]
EPISTAXIS,2,552,62694,17621292,1.01836317461903,0.708397911799651,0.254040062110504,4.08228350601266,1.01829688156986,0.705840520082064,0.255300011022888,4.06160788971505,0.000659839480214849,17684540,0.0261574094627048,0.0253726852176082,FALSE,FALSE,FALSE,FALSE,FALSE,scopolamine [晕动症适应证]
EXPOSURE DURING PREGNANCY,2,552,61376,17622610,1.0403095058636,0.708398153556133,0.25951465336062,4.17026111618552,1.04016398418178,0.70584076271748,0.260782248424072,4.1488296098648,0.00311241529392077,17684540,0.0568091751904807,0.0560244509453841,FALSE,FALSE,FALSE,FALSE,FALSE,scopolamine [晕动症适应证]
EXTRA DOSE ADMINISTERED,2,552,39371,17644615,1.62377802171023,0.708404580930324,0.405061070305603,6.50927787703703,1.62152611549467,0.705847213429147,0.406531937549687,6.46775001019418,0.477497107379204,17684540,0.697324169702261,0.696539445457164,FALSE,FALSE,FALSE,FALSE,FALSE,scopolamine [晕动症适应证]
EYE MOVEMENT DISORDER,2,552,5324,17678662,12.0310148738553,0.70851921601922,3.00053385633187,48.2398552475852,11.991191715466,0.705962263864198,3.00562736340173,47.8398222307643,20.1476739960252,17684540,3.58340647793177,3.58262175368667,FALSE,FALSE,FALSE,FALSE,FALSE,scopolamine [晕动症适应证]
FEEDING DISORDER,2,552,19241,17664745,3.32637073308884,0.708423336122928,0.829752430581981,13.3349922773824,3.31797228278888,0.705866036617961,0.83181635172308,13.2348204583266,3.24191335135117,17684540,1.73019707757182,1.72941235332673,FALSE,FALSE,FALSE,FALSE,FALSE,scopolamine [晕动症适应证]
FEELING DRUNK,2,552,5575,17678411,11.4891863261195,0.708513248264546,2.86543538919222,46.0667872443294,11.4513192274692,0.705956274493929,2.8703404365049,45.6854212767462,19.0764653622375,17684540,3.51696963550174,3.51618491125665,FALSE,FALSE,FALSE,FALSE,FALSE,scopolamine [晕动症适应证]
FEELING HOT,2,552,46798,17637188,1.36550397607726,0.708401735836261,0.340634975370805,5.47389799492277,1.36418446713836,0.705844358010027,0.342015865862432,5.44126587720964,0.194953934411207,17684540,0.448022281784253,0.447237557539156,FALSE,FALSE,FALSE,FALSE,FALSE,scopolamine [晕动症适应证]
FLUSHING,2,552,70742,17613244,0.902096370604102,0.708396631028394,0.225036803190607,3.61619899642736,0.902449813309502,0.705839234651957,0.226256244052578,3.59952791116385,0.0211734522320427,17684540,-0.148076982467316,-0.148861706712413,FALSE,FALSE,FALSE,FALSE,FALSE,scopolamine [晕动症适应证]
GASTROINTESTINAL MOTILITY DISORDER,2,552,4614,17679372,13.8828989276493,0.708539612479194,3.46225513289385,55.6674407972452,13.8363902672607,0.705982734198373,3.46799264571054,55.2036048475303,23.8132231421452,17684540,3.7898156824969,3.7890309582518,FALSE,FALSE,FALSE,FALSE,FALSE,scopolamine [晕动症适应证]
GENERAL PHYSICAL HEALTH DETERIORATION,2,552,96901,17587085,0.657592000740633,0.708393937631983,0.164043651745188,2.63604982477326,0.658828130701859,0.705836531436975,0.165177903433875,2.62780006756695,0.355288869356349,17684540,-0.602010518837164,-0.602795243082261,FALSE,FALSE,FALSE,FALSE,FALSE,scopolamine [晕动症适应证]
GENERALISED TONIC-CLONIC SEIZURE,2,552,16148,17667838,3.96420025991463,0.70843036212218,0.988843327561201,15.8921876324585,3.95349917594382,0.705873088078645,0.991129379639535,15.7700458237582,4.41636598058745,17684540,1.98299664667373,1.98221192242864,FALSE,FALSE,FALSE,FALSE,FALSE,scopolamine [晕动症适应证]
GLAUCOMA,2,552,15815,17668171,4.04774658987294,0.708431282420221,1.00968158135981,16.227148002207,4.03674389460264,0.705874011711541,1.01199672770823,16.1021284204288,4.57244846891087,17684540,2.01305482085614,2.01227009661104,FALSE,FALSE,FALSE,FALSE,FALSE,scopolamine [晕动症适应证]
HERNIA,2,552,16712,17667274,3.83029334124226,0.708428887078602,0.955443901652538,15.355320238676,3.82007567575041,0.70587160768991,0.957683321043602,15.2377908728302,4.16714140577123,17684540,1.93347377061897,1.93268904637387,FALSE,FALSE,FALSE,FALSE,FALSE,scopolamine [晕动症适应证]
HIP FRACTURE,2,552,26327,17657659,2.43009174468488,0.708413463066902,0.60619026353713,9.74173661768801,2.42492895860299,0.705856127776002,0.60794200875503,9.67243646530243,1.67699387236883,17684540,1.27787808407291,1.27709335982782,FALSE,FALSE,FALSE,FALSE,FALSE,scopolamine [晕动症适应证]
HUNGER,2,552,11211,17672775,5.71151489414511,0.708449609285028,1.42464556965742,22.8979074380485,5.69450581510488,0.705892404980418,1.42754002994709,22.7155777057021,7.74375675664041,17684540,2.50935849365577,2.50857376941067,FALSE,FALSE,FALSE,FALSE,FALSE,scopolamine [晕动症适应证]
HYPERREFLEXIA,2,552,2490,17681496,25.7282696001397,0.708670062289146,6.41473090696903,103.191211949098,25.6389978687312,0.706113656379581,6.42458334789452,102.319197388611,47.3246641940428,17684540,4.67915483811838,4.67837011387328,FALSE,FALSE,FALSE,FALSE,FALSE,scopolamine [晕动症适应证]
HYPOPHAGIA,2,552,21556,17662430,2.9687470585546,0.708419396696841,0.740550078558296,11.9012330872135,2.96163966845151,0.705862082914293,0.742489443807313,11.8133794344178,2.60151117893129,17684540,1.56630747041906,1.56552274617397,FALSE,FALSE,FALSE,FALSE,FALSE,scopolamine [晕动症适应证]
IMMUNE SYSTEM DISORDER,2,552,11442,17672544,5.59613323909624,0.708448338339508,1.39586894790842,22.4352775213196,5.57954070032694,0.70589112943017,1.39872323784488,22.256922301921,7.52108708734927,17684540,2.4799394088192,2.4791546845741,FALSE,FALSE,FALSE,FALSE,FALSE,scopolamine [晕动症适应证]
INCORRECT DOSE ADMINISTERED,2,552,203172,17480814,0.311737260098319,0.708390127928485,0.0777669137210897,1.24963322682629,0.314221963130455,0.705832707685115,0.0787806586449008,1.25329546378384,3.02813148739828,17684540,-1.67011307678725,-1.67089780103235,FALSE,FALSE,FALSE,FALSE,FALSE,scopolamine [晕动症适应证]
INFLUENZA,2,552,101195,17582791,0.629534705200392,0.708393628562434,0.157044541880587,2.52357668917326,0.630872125037213,0.70583622123776,0.158169017758643,2.51629329048686,0.434436272235884,17684540,-0.664563805053181,-0.665348529298277,FALSE,FALSE,FALSE,FALSE,FALSE,scopolamine [晕动症适应证]
INFLUENZA LIKE ILLNESS,2,552,65002,17618984,0.982075913829184,0.708397512066415,0.244988063032499,3.93681671092475,0.982140621721498,0.705840118895253,0.24623536932458,3.91739092349476,0.000651890920094932,17684540,-0.0259976850498268,-0.0267824092949235,FALSE,FALSE,FALSE,FALSE,FALSE,scopolamine [晕动症适应证]
INTERCEPTED MEDICATION ERROR,2,552,4405,17679581,14.5417600223725,0.708546868965832,3.6265168731143,58.3101614984835,14.4928728020751,0.705990016966244,3.63248346481811,57.8236251015241,25.1186022982626,17684540,3.85666200986495,3.85587728561985,FALSE,FALSE,FALSE,FALSE,FALSE,scopolamine [晕动症适应证]
IRRITABILITY,2,552,46065,17637921,1.38728993529936,0.708401975826131,0.346069479795923,5.56123402074588,1.38589177668818,0.705844598871084,0.347457960155385,5.52785153010442,0.215449580767972,17684540,0.470797162555683,0.470012438310586,FALSE,FALSE,FALSE,FALSE,FALSE,scopolamine [晕动症适应证]
JOINT SWELLING,2,552,105504,17578482,0.60367523671058,0.708393343704083,0.150593689500953,2.41991409218558,0.605106012029315,0.705835935337425,0.151709155304413,2.41352135313992,0.518501599518752,17684540,-0.724722328900896,-0.725507053145993,FALSE,FALSE,FALSE,FALSE,FALSE,scopolamine [晕动症适应证]
LIMB INJURY,2,552,23892,17660094,2.67812857132458,0.708416195355505,0.668059868086829,10.7361225949481,2.67207034543533,0.705858869969252,0.669898009422247,10.6582790671564,2.09527980276645,17684540,1.41788242171226,1.41709769746716,FALSE,FALSE,FALSE,FALSE,FALSE,scopolamine [晕动症适应证]
LIP DRY,2,552,7696,17676290,8.32179430684866,0.708478361282681,2.07562083256297,33.3646007975292,8.29536183642682,0.705921261140346,2.07942387439839,33.0923525715292,12.8340750656122,17684540,3.05197523533154,3.05119051108645,FALSE,FALSE,FALSE,FALSE,FALSE,scopolamine [晕动症适应证]
LOSS OF PERSONAL INDEPENDENCE IN DAILY ACTIVITIES,2,552,46930,17637056,1.36165303242263,0.708401693415015,0.33967435749289,5.45846025702592,1.36034742580739,0.705844315434782,0.341053906376774,5.42596077716943,0.191407335763115,17684540,0.443958869688281,0.443174145443184,FALSE,FALSE,FALSE,FALSE,FALSE,scopolamine [晕动症适应证]
MOVEMENT DISORDER,2,552,23914,17660072,2.67566145839015,0.708416168178682,0.667444481676681,10.7262318237017,2.66961213904578,0.705858842693917,0.669281763684411,10.6484732733598,2.09105000208284,17684540,1.41655469558217,1.41576997133707,FALSE,FALSE,FALSE,FALSE,FALSE,scopolamine [晕动症适应证]
MUSCLE SPASMS,2,552,151535,17532451,0.4191993479289,0.70839131161774,0.104574486474583,1.68041076966442,0.421296101185474,0.705833895782536,0.105625675292719,1.68037178822482,1.60356696521535,17684540,-1.2470673753376,-1.24785209958269,FALSE,FALSE,FALSE,FALSE,FALSE,scopolamine [晕动症适应证]
NASOPHARYNGITIS,2,552,164410,17519576,0.386087979062595,0.708390946890905,0.0963145129079793,1.54767877733086,0.388304267946845,0.705833529704509,0.0973541645276369,1.54878022154801,1.94527023773191,17684540,-1.36471288467828,-1.36549760892338,FALSE,FALSE,FALSE,FALSE,FALSE,scopolamine [晕动症适应证]
NERVOUSNESS,2,552,38778,17645208,1.648664527399,0.708404855074656,0.411268935953663,6.60904456010263,1.64632277820261,0.705847488568085,0.412748472894703,6.56665952273604,0.508563202955006,17684540,0.719218008148227,0.71843328390313,FALSE,FALSE,FALSE,FALSE,FALSE,scopolamine [晕动症适应证]
NIGHTMARE,2,552,25686,17658300,2.49082565701499,0.708414132091721,0.621339620128058,9.98521943983784,2.4854436149319,0.705856799226169,0.623112520472996,9.91382737473571,1.77801700314949,17684540,1.31343624141661,1.31265151717152,FALSE,FALSE,FALSE,FALSE,FALSE,scopolamine [晕动症适应证]
OCULAR DISCOMFORT,2,552,10370,17673616,6.17500873478401,0.708454714713541,1.5402412441686,24.7563380210878,6.15632639278118,0.705897528905908,1.54329706350527,24.5580423566487,8.64092421515893,17684540,2.62183670028909,2.62105197604399,FALSE,FALSE,FALSE,FALSE,FALSE,scopolamine [晕动症适应证]
ORAL DISCOMFORT,2,552,11146,17672840,5.74484379916627,0.708449976407287,1.43295789810659,23.0315421830796,5.72771439916928,0.705892773432782,1.43586396178691,22.8480643790402,7.80813013664876,17684540,2.51774590403857,2.51696117979348,FALSE,FALSE,FALSE,FALSE,FALSE,scopolamine [晕动症适应证]
ORAL PAIN,2,552,18585,17665401,3.44391047010796,0.708424630884751,0.859070158071566,13.8062289961785,3.43508768862743,0.705867336072088,0.861175015334654,13.7020085562681,3.4556626674136,17684540,1.78023687804275,1.77945215379766,FALSE,FALSE,FALSE,FALSE,FALSE,scopolamine [晕动症适应证]
ORTHOSTATIC HYPOTENSION,2,552,13382,17670604,4.78433175431414,0.708439396165694,1.1933985300793,19.1803741653826,4.77066990682565,0.705882154857022,1.19597016934961,19.029982472112,5.96419126235561,17684540,2.25402146110403,2.25323673685893,FALSE,FALSE,FALSE,FALSE,FALSE,scopolamine [晕动症适应证]
PANIC REACTION,2,552,5528,17678458,11.5869001552046,0.708514324498298,2.88979939723652,46.4586764517522,11.5486802990486,0.705957354625901,2.89473843271793,46.0739440711429,19.269596755901,17684540,3.52917942602031,3.52839470177522,FALSE,FALSE,FALSE,FALSE,FALSE,scopolamine [晕动症适应证]
PARAESTHESIA ORAL,2,552,11607,17672379,5.51652956798933,0.70844746149231,1.37601540727671,22.1161029982426,5.50022440709406,0.705890249406068,1.37884198261653,21.940489852931,7.36763813789177,17684540,2.45928710788007,2.45850238363497,FALSE,FALSE,FALSE,FALSE,FALSE,scopolamine [晕动症适应证]
PERIPHERAL SWELLING,2,552,151426,17532560,0.41950370554556,0.708391314970307,0.104650411576464,1.68163083465632,0.421599360038176,0.705833899147501,0.105701706443526,1.68158137049154,1.60072455451687,17684540,-1.24602927677016,-1.24681400101526,FALSE,FALSE,FALSE,FALSE,FALSE,scopolamine [晕动症适应证]
POLYDIPSIA,2,552,2785,17681201,23.0026292509042,0.708640047688128,5.73549484060145,92.2537578987808,22.9231973763522,0.706083533108745,5.74440110065976,91.4756767062884,41.9101551427554,17684540,4.51774590403857,4.51696117979348,FALSE,FALSE,FALSE,FALSE,FALSE,scopolamine [晕动症适应证]
PRODUCT ADMINISTERED AT INAPPROPRIATE SITE,2,552,17920,17666066,3.57184628946687,0.708426040162292,0.890980792757364,14.3191480885858,3.56256164582259,0.705868750456816,0.893130205985649,14.2105209243031,3.68984508093454,17684540,1.83279916811044,1.83201444386534,FALSE,FALSE,FALSE,FALSE,FALSE,scopolamine [晕动症适应证]
PRODUCT COLOUR ISSUE,2,552,4824,17679162,13.2783861489653,0.708532954502297,3.31153894998883,53.242779681522,13.2340598451784,0.705976052107383,3.31706625960134,52.7997713276954,22.6160427609542,17684540,3.72563099092663,3.72484626668153,FALSE,FALSE,FALSE,FALSE,FALSE,scopolamine [晕动症适应证]
PRODUCT COMPLAINT,2,552,24628,17659358,2.59798526715203,0.708415312525394,0.648069221417682,10.4148248756115,2.59221636727062,0.705857983938973,0.649879447624089,10.3397418079799,1.95854218370198,17684540,1.37411418375606,1.37332945951096,FALSE,FALSE,FALSE,FALSE,FALSE,scopolamine [晕动症适应证]
PUPIL FIXED,2,552,919,17683067,69.7160863257164,0.709154278021364,17.3655559283451,279.883506904689,69.4680138119051,0.706599623961028,17.3906229623293,277.494656368806,134.678748629855,17684540,6.11518584505105,6.11440112080595,FALSE,FALSE,FALSE,FALSE,FALSE,scopolamine [晕动症适应证]
PUPILLARY LIGHT REFLEX TESTS ABNORMAL,2,552,193,17683793,331.977791544642,0.712034407807735,82.2267466718452,1340.30906657036,330.782925871196,0.709490124279611,82.3403859474101,1328.84176809413,650.834747326259,17684540,8.35491287739277,8.35412815314768,FALSE,FALSE,FALSE,FALSE,FALSE,scopolamine [晕动症适应证]
PUPILS UNEQUAL,2,552,713,17683273,89.8595087098807,0.709375905495595,22.3733532026765,360.908408875213,89.5387162596645,0.706822052460319,22.4053527603137,357.824391126277,174.617039566895,17684540,6.48044375947663,6.47965903523153,FALSE,FALSE,FALSE,FALSE,FALSE,scopolamine [晕动症适应证]
RASH PRURITIC,2,552,44709,17639277,1.42947558462599,0.708402440534914,0.356592669477321,5.73034900026676,1.42792513125189,0.705845065266661,0.357995846546188,5.69551350981294,0.257122518486772,17684540,0.513900998235142,0.513116273990046,FALSE,FALSE,FALSE,FALSE,FALSE,scopolamine [晕动症适应证]
RENAL FAILURE,2,552,101229,17582757,0.629322045109088,0.708393626219847,0.156991492139951,2.52272420028486,0.630660232671871,0.705836218886607,0.15811589392215,2.51544812610405,0.435082154619232,17684540,-0.665048437928588,-0.665833162173685,FALSE,FALSE,FALSE,FALSE,FALSE,scopolamine [晕动症适应证]
RESPIRATORY FAILURE,2,552,55227,17628759,1.15654146010812,0.708399433945067,0.288509045825038,4.63620870230942,1.15597632848318,0.705842047759512,0.289817135927581,4.61077385136872,0.042222227595289,17684540,0.209104806003654,0.208320081758557,FALSE,FALSE,FALSE,FALSE,FALSE,scopolamine [晕动症适应证]
RETCHING,2,552,17110,17666876,3.74111164756605,0.708427904701386,0.933199855215382,14.9977695360059,3.73121593764704,0.705870621752763,0.935408216807846,14.8833120376696,4.00185513625896,17684540,1.89952242397734,1.89873769973224,FALSE,FALSE,FALSE,FALSE,FALSE,scopolamine [晕动症适应证]
SEPSIS,2,552,88990,17594996,0.716372463279541,0.708394585139458,0.178706866281953,2.87168320290233,0.717396389404886,0.705837181308624,0.179861598305021,2.8614089076334,0.223772869790176,17684540,-0.479144838204305,-0.479929562449402,FALSE,FALSE,FALSE,FALSE,FALSE,scopolamine [晕动症适应证]
SINUS DISORDER,2,552,17143,17666843,3.73390309307809,0.708427825295798,0.931401865651967,14.9688687801145,3.72403340682149,0.705870542059424,0.933607716824403,14.8546595804659,3.98852088608938,17684540,1.89674290731939,1.89595818307429,FALSE,FALSE,FALSE,FALSE,FALSE,scopolamine [晕动症适应证]
SKIN BURNING SENSATION,2,552,65682,17618304,0.971871057254784,0.708397399651778,0.242442419106233,3.89590796615363,0.97197260578455,0.705840006071764,0.243686169974454,3.87683366066546,0.00162234887735769,17684540,-0.0410111749083906,-0.0417958991534873,FALSE,FALSE,FALSE,FALSE,FALSE,scopolamine [晕动症适应证]
SKIN CANCER,2,552,19398,17664588,3.29941903468309,0.708423039235522,0.823029895426396,13.2269386894983,3.29111788293333,0.705865738654597,0.825084429866225,13.1276952118946,3.19310600623594,17684540,1.71847415918053,1.71768943493543,FALSE,FALSE,FALSE,FALSE,FALSE,scopolamine [晕动症适应证]
SKIN SWELLING,2,552,8001,17675985,8.00442743570097,0.708474865576602,1.99647690862566,32.0919607417387,7.97914069405584,0.705917752770811,2.00016950162963,31.8306454346322,12.2114100338604,17684540,2.9959179972541,2.99513327300901,FALSE,FALSE,FALSE,FALSE,FALSE,scopolamine [晕动症适应证]
SOLILOQUY,2,552,745,17683241,85.9996157961288,0.70933344248866,21.4140935310486,345.37693161554,85.6927579773702,0.706779436018927,21.4447663605503,342.426149406634,166.967691433003,17684540,6.41727875835315,6.41649403410805,FALSE,FALSE,FALSE,FALSE,FALSE,scopolamine [晕动症适应证]
THERAPEUTIC PRODUCT EFFECT INCREASED,2,552,1124,17682862,57.0003030068596,0.709014337281082,14.2020807087668,228.771727854511,56.79813584799,0.706459177175398,14.2227602841507,226.821529109346,109.443725232782,17684540,5.82525207906215,5.82446735481706,FALSE,FALSE,FALSE,FALSE,FALSE,scopolamine [晕动症适应证]
THERAPY CESSATION,2,552,49760,17634226,1.28400569108533,0.708400838066857,0.320305194450797,5.14718663107027,1.28298039978177,0.705843456981122,0.321657692060179,5.11736155190789,0.125178286163168,17684540,0.359486341154618,0.358701616909521,FALSE,FALSE,FALSE,FALSE,FALSE,scopolamine [晕动症适应证]
THYROID DISORDER,2,552,12795,17671191,5.00399017958782,0.708441815763076,1.24818397031521,20.0610793864689,4.98953534139436,0.705884583221324,1.25083209313204,19.9031213379615,6.38353180886286,17684540,2.31872517264886,2.31794044840376,FALSE,FALSE,FALSE,FALSE,FALSE,scopolamine [晕动症适应证]
TONGUE BITING,2,552,1450,17682536,44.184247876062,0.708873265068084,11.0119026087152,177.285236688182,44.028348064235,0.70631759462189,11.0281513275791,175.777007014554,83.9931745762542,17684540,5.45841745314663,5.45763272890153,FALSE,FALSE,FALSE,FALSE,FALSE,scopolamine [晕动症适应证]
TONGUE DISCOMFORT,2,552,4152,17679834,15.4280755214878,0.708556630445807,3.84747827331298,61.8653303249904,15.3759886062478,0.705999813799012,3.85375299033588,61.3482561576568,26.875420306321,17684540,3.94195769029773,3.94117296605264,FALSE,FALSE,FALSE,FALSE,FALSE,scopolamine [晕动症适应证]
URINE OUTPUT DECREASED,2,552,6225,17677761,10.2891339270124,0.708500030586753,2.56620542598889,41.2540149342105,10.2555991474925,0.705943008939333,2.57069301245996,40.9139922053167,16.7067306813397,17684540,3.35792162726511,3.35713690302001,FALSE,FALSE,FALSE,FALSE,FALSE,scopolamine [晕动症适应证]
WHEEZING,2,552,50837,17633149,1.25672681343299,0.708400537567938,0.313500451148996,5.03783097540364,1.25580000183215,0.705843155390994,0.314843445092064,5.00894545903751,0.104506622574951,17684540,0.328595158693603,0.327810434448506,FALSE,FALSE,FALSE,FALSE,FALSE,scopolamine [晕动症适应证]
ABDOMINAL ADHESIONS,1,553,2535,17681451,12.6128957702473,1.00110082016649,1.77280343798939,89.7364796920446,12.5919338645248,0.999294434397387,1.7761344544883,89.2707182431449,10.6686717478676,17684540,3.65390416100298,3.65311943675788,FALSE,FALSE,FALSE,FALSE,FALSE,scopolamine [晕动症适应证]
ABNORMAL DREAMS,1,553,17301,17666685,1.8465400352633,1.00093265257703,0.25962568398624,13.1331771551959,1.84501198465814,0.999125962743036,0.260331069498898,13.0759237846044,0.387370507015241,17684540,0.883591997817113,0.882807273572016,FALSE,FALSE,FALSE,FALSE,FALSE,scopolamine [晕动症适应证]
ACCIDENTAL OVERDOSE,1,553,29819,17654167,1.07060440061912,1.00092053159731,0.150531804349336,7.61429644439175,1.07047695585266,0.999113819824958,0.15104782286879,7.58647752246648,0.00464767039422183,17684540,0.0982505539715774,0.0974658297264807,FALSE,FALSE,FALSE,FALSE,FALSE,scopolamine [晕动症适应证]
ACTINIC KERATOSIS,1,553,2162,17681824,14.789253136119,1.00113481085684,2.07856249844518,105.227535129598,14.7643627874979,0.9993284865299,2.082423841552,104.679174417437,12.8277298631746,17684540,3.8834252411804,3.88264051693531,FALSE,FALSE,FALSE,FALSE,FALSE,scopolamine [晕动症适应证]
ACUTE PSYCHOSIS,1,553,1916,17682070,16.6883142623081,1.00116446974837,2.34533059117375,118.74651444263,16.6599960055169,0.999358199029806,2.3496545723801,118.126072728506,14.7139363417422,17684540,4.05760856947423,4.05682384522913,FALSE,FALSE,FALSE,FALSE,FALSE,scopolamine [晕动症适应证]
ADMINISTRATION SITE BRUISE,1,553,332,17683654,96.3182966949171,1.00240731392293,13.5033791603957,687.029088646151,96.1462420077422,1.00060328676894,13.5270034685114,683.381199223467,93.8756578283301,17684540,6.58286482407112,6.58208009982602,FALSE,FALSE,FALSE,FALSE,FALSE,scopolamine [晕动症适应证]
AFFECT LABILITY,1,553,7718,17676268,4.14152866856886,1.00096850204312,0.582262850115403,29.4579324598474,4.13585803920321,0.999161877047678,0.583528219704618,29.3136152508624,2.37837593064078,17684540,2.04804494868743,2.04726022444233,FALSE,FALSE,FALSE,FALSE,FALSE,scopolamine [晕动症适应证]
AFFECTIVE DISORDER,1,553,6443,17677543,4.96145023588407,1.00098130953309,0.697519169564554,35.2907697985151,4.95429960368934,0.999174707697134,0.698984563473942,35.1153456681899,3.15680499730042,17684540,2.30850241243581,2.30771768819072,FALSE,FALSE,FALSE,FALSE,FALSE,scopolamine [晕动症适应证]
AGE-RELATED MACULAR DEGENERATION,1,553,1399,17682587,22.8561436934416,1.00126079075328,3.21153431255257,162.664712157485,22.8166921705292,0.999454694112293,3.21736010579018,161.810125222782,20.8472697398036,17684540,4.51103207931005,4.51024735506496,FALSE,FALSE,FALSE,FALSE,FALSE,scopolamine [晕动症适应证]
AGGRESSION,1,553,33827,17650159,0.943539329011125,1.00091854668838,0.132666398677726,6.71056480211995,0.943641243579697,0.999111831320244,0.133151405230451,6.68756589570705,0.00337236512493366,17684540,-0.0836870721491959,-0.0844717963942925,FALSE,FALSE,FALSE,FALSE,FALSE,scopolamine [晕动症适应证]
ALTERED VISUAL DEPTH PERCEPTION,1,553,579,17683407,55.2283727946481,1.00176618555976,7.75249787150329,393.443921185259,55.1304876451993,0.999961001747964,7.76618703235309,391.359447736165,53.0587310338864,17684540,5.78233410112745,5.78154937688235,FALSE,FALSE,FALSE,FALSE,FALSE,scopolamine [晕动症适应证]
ALVEOLAR SOFT PART SARCOMA,1,553,35,17683951,913.663187806768,1.01507625496013,124.949860436368,6680.92319461489,912.015781330583,1.01329478330418,125.160826051003,6645.6319572155,884.740432242385,17684540,9.79231818970007,9.79153346545497,FALSE,FALSE,FALSE,FALSE,FALSE,scopolamine [晕动症适应证]
AMNESTIC DISORDER,1,553,388,17683598,82.4164258682724,1.00219044816902,11.559313569724,587.618565058328,82.2694648107485,1.00038602993428,11.5795822597909,584.499914452804,80.0770019259537,17684540,6.35861684615619,6.35783212191109,FALSE,FALSE,FALSE,FALSE,FALSE,scopolamine [晕动症适应证]
ANAEMIA,1,553,153981,17530005,0.205868439676096,1.00090702346262,0.0289467969296495,1.46412795024169,0.207301890145995,0.999100287062204,0.0292517550820803,1.46911094864281,3.05778953947653,17684540,-2.27015899766594,-2.27094372191104,FALSE,FALSE,FALSE,FALSE,FALSE,scopolamine [晕动症适应证]
ANAL INCONTINENCE,1,553,8785,17675201,3.63829126789149,1.00096064120083,0.51151993680173,25.8780985796578,3.63352900928519,0.99915400199006,0.512662528728984,25.7528731308866,1.90947495866391,17684540,1.86125240704962,1.86046768280452,FALSE,FALSE,FALSE,FALSE,FALSE,scopolamine [晕动症适应证]
ANGINA PECTORIS,1,553,19952,17664034,1.60095204983824,1.00092881623266,0.22509741917289,11.3863920577102,1.59986729884575,0.999122119457242,0.225742870957731,11.3384549556618,0.22516191133172,17684540,0.677925134832763,0.677140410587666,FALSE,FALSE,FALSE,FALSE,FALSE,scopolamine [晕动症适应证]
AORTIC STENOSIS,1,553,2585,17681401,12.3688976254018,1.00109700929329,1.7385213053963,87.9998582662156,12.3483761495437,0.999290616635319,1.74179285633604,87.5433568210714,10.4268501618164,17684540,3.62573663133213,3.62495190708703,FALSE,FALSE,FALSE,FALSE,FALSE,scopolamine [晕动症适应证]
APHAGIA,1,553,2700,17681286,11.8419971870605,1.00108877987487,1.66448919740116,84.2498092491679,11.8224267950261,0.999282372340476,1.66763232957484,83.8133039549457,9.9048566836596,17684540,3.56296526663342,3.56218054238832,FALSE,FALSE,FALSE,FALSE,FALSE,scopolamine [晕动症适应证]
APHONIA,1,553,11974,17672012,2.66883431280131,1.00094549758296,0.375231772043738,18.982072201379,2.66582197649661,0.999138830984453,0.376137818303287,18.8936247953725,1.04155915923121,17684540,1.41450515563148,1.41372043138638,FALSE,FALSE,FALSE,FALSE,FALSE,scopolamine [晕动症适应证]
APPLICATION SITE DERMATITIS,1,553,369,17683617,86.6601831841103,1.00225665471166,12.1529445096676,617.956195186229,86.5055619148249,1.00045235588723,12.1742381726805,614.676018002693,84.29046075582,17684540,6.43086173062607,6.43007700638097,FALSE,FALSE,FALSE,FALSE,FALSE,scopolamine [晕动症适应证]
APPLICATION SITE DISCHARGE,1,553,1052,17682934,30.3957913627019,1.00137852241693,4.26995057774357,216.373495604517,30.3427303674624,0.999572638502197,4.27761063451281,215.232606428514,28.3504278040898,17684540,4.92195347011667,4.92116874587157,FALSE,FALSE,FALSE,FALSE,FALSE,scopolamine [晕动症适应证]
APPLICATION SITE DRYNESS,1,553,3121,17680865,10.2443547270343,1.00106382661012,1.4399979577639,72.8798282021715,10.2276681661552,0.999257373965786,1.44275165289026,72.503951672784,8.32424501067121,17684540,3.35398836916447,3.35320364491938,FALSE,FALSE,FALSE,FALSE,FALSE,scopolamine [晕动症适应证]
APPLICATION SITE EXFOLIATION,1,553,3856,17680130,8.29131275652233,1.00103332158539,1.16553825354302,58.9820771797883,8.27815154216037,0.999226813791355,1.16781577460389,58.6803110946298,6.39868796248456,17684540,3.04897976051362,3.04819503626852,FALSE,FALSE,FALSE,FALSE,FALSE,scopolamine [晕动症适应证]
APPLICATION SITE INDURATION,1,553,149,17683837,214.617486073522,1.00425085721089,29.979854184787,1536.38723672951,214.231894943425,1.00245014773604,30.0317981902128,1528.22366880475,210.823440565127,17684540,7.7334245006465,7.7326397764014,FALSE,FALSE,FALSE,FALSE,FALSE,scopolamine [晕动症适应证]
APPLICATION SITE INFLAMMATION,1,553,1188,17682798,26.9159314665644,1.00132418609454,3.78150831199829,191.581587805622,26.8691518068774,0.999518204007205,3.78832199521516,190.572849861465,24.8870951387895,17684540,4.74671019139673,4.74592546715163,FALSE,FALSE,FALSE,FALSE,FALSE,scopolamine [晕动症适应证]
APPLICATION SITE LACERATION,1,553,405,17683581,78.9568950505659,1.00213647304951,11.0752687733105,562.893000940021,78.8161786335072,1.00033195745338,11.0947014975325,559.906007004376,76.6413922486867,17684540,6.29690727395721,6.29612254971211,FALSE,FALSE,FALSE,FALSE,FALSE,scopolamine [晕动症适应证]
APPLICATION SITE PAPULES,1,553,881,17683105,36.2958930033888,1.00147064290221,5.0978665790575,258.420229027848,36.2321820051877,0.999664925402424,5.10696081982923,257.055234839446,34.2226453108625,17684540,5.17760834558486,5.17682362133976,FALSE,FALSE,FALSE,FALSE,FALSE,scopolamine [晕动症适应证]
APPLICATION SITE ULCER,1,553,555,17683431,57.6167049508822,1.00180346207024,8.08716111399055,410.488259428151,57.5145087325593,0.999998345549552,8.10142915076502,408.312984436243,55.4337609709496,17684540,5.84330211841887,5.84251739417378,FALSE,FALSE,FALSE,FALSE,FALSE,scopolamine [晕动症适应证]
APPLICATION SITE URTICARIA,1,553,1751,17682235,18.2610556819508,1.00118903162452,2.56623587557359,129.943688260836,18.2298985417307,0.999382805299019,2.57094291556096,129.263547171868,16.2770710942651,17684540,4.18745613154121,4.18667140729611,FALSE,FALSE,FALSE,FALSE,FALSE,scopolamine [晕动症适应证]
APRAXIA,1,553,1163,17682823,27.4945587190327,1.00133322128247,3.8627331645121,195.70359301529,27.4467346058215,0.999527255520277,3.86968760734085,194.672882403565,25.4629520323951,17684540,4.7773678482341,4.776583123989,FALSE,FALSE,FALSE,FALSE,FALSE,scopolamine [晕动症适应证]
APTYALISM,1,553,598,17683388,53.4735677091208,1.00173879610253,7.50657595167987,380.922335555937,53.3788500778769,0.999933562844409,7.51983967844605,378.904572101897,51.3135165002472,17684540,5.7358309983536,5.7350462741085,FALSE,FALSE,FALSE,FALSE,FALSE,scopolamine [晕动症适应证]
ARTHRALGIA,1,553,356893,17327093,0.0877935368140513,1.0009051792939,0.0123445384429312,0.624381797825242,0.0894401188775639,0.999098439224229,0.0126206756997705,0.63384362732482,9.4610130021741,17684540,-3.48289293070824,-3.48367765495334,FALSE,FALSE,FALSE,FALSE,FALSE,scopolamine [晕动症适应证]
ARTHRITIS,1,553,67580,17616406,0.47138308251101,1.00091117103696,0.0662798021087304,3.35248451878394,0.472337264672542,0.999104442276852,0.0666495681581262,3.34739590613743,0.59172107340904,17684540,-1.08208688670942,-1.08287161095451,FALSE,FALSE,FALSE,FALSE,FALSE,scopolamine [晕动症适应证]
ASPIRATION,1,553,8154,17675832,3.91998158416131,1.00096504136454,0.551118998338102,27.8819196335106,3.91471085928016,0.999158410110992,0.552330316790482,27.7460074993118,2.17089253247955,17684540,1.96877402954314,1.96798930529804,FALSE,FALSE,FALSE,FALSE,FALSE,scopolamine [晕动症适应证]
ATONIC SEIZURES,1,553,700,17683286,45.6814414879876,1.00161716550944,6.41425255877053,325.337064186389,45.6007890665291,0.99981171263824,6.42562603693777,323.615465876235,43.5622160101621,17684540,5.50897255713176,5.50818783288666,FALSE,FALSE,FALSE,FALSE,FALSE,scopolamine [晕动症适应证]
AUTOIMMUNE DISORDER,1,553,8555,17675431,3.73615484531005,1.00096216988801,0.525277341340629,26.5742531221841,3.73121593764704,0.99915553344173,0.526443810201472,26.4453149672769,1.9999590259384,17684540,1.89952242397734,1.89873769973224,FALSE,FALSE,FALSE,FALSE,FALSE,scopolamine [晕动症适应证]
AUTONOMIC NERVOUS SYSTEM IMBALANCE,1,553,2317,17681669,13.7997777259208,1.00111935721789,1.93955496072216,98.1843098758667,13.7766734339967,0.999313004957229,1.94317521007602,97.6735036155416,11.8457007253761,17684540,3.78357834013591,3.78279361589081,FALSE,FALSE,FALSE,FALSE,FALSE,scopolamine [晕动症适应证]
BASAL CELL CARCINOMA,1,553,13276,17670710,2.40691982759137,1.00094140625092,0.338409930569037,17.1190693095534,2.40438026111558,0.999134732252251,0.339252065264436,17.0405578387152,0.820842331331485,17684540,1.26560161175006,1.26481688750497,FALSE,FALSE,FALSE,FALSE,FALSE,scopolamine [晕动症适应证]
BLADDER DISORDER,1,553,7865,17676121,4.06408804084293,1.00096729238233,0.571376727209607,28.9070429668785,4.05855719600387,0.999160665199411,0.57262320367624,28.7656637165335,2.30568270532627,17684540,2.02082872019947,2.02004399595437,FALSE,FALSE,FALSE,FALSE,FALSE,scopolamine [晕动症适应证]
BLINDNESS TRANSIENT,1,553,5698,17678288,5.61038453262685,1.00099144602043,0.788735717643459,39.9074289395465,5.60206253888565,0.999184862513208,0.790359408050111,39.7073842228448,3.78112334853673,17684540,2.48575011380079,2.48496538955569,FALSE,FALSE,FALSE,FALSE,FALSE,scopolamine [晕动症适应证]
BLOOD CREATININE INCREASED,1,553,47880,17636106,0.666075450833231,1.00091421236441,0.0936543706106289,4.73716819951958,0.666678202727034,0.999107489135799,0.0940716565990249,4.72469436661282,0.167101193992422,17684540,-0.584922471849204,-0.585707196094301,FALSE,FALSE,FALSE,FALSE,FALSE,scopolamine [晕动症适应证]
BLOOD GLUCOSE INCREASED,1,553,144243,17539743,0.219888920869782,1.00090724246697,0.0309181787034055,1.56384171218829,0.221297063611894,0.99910050647844,0.0312265590859213,1.56829288262267,2.76262420279888,17684540,-2.17590859280453,-2.17669331704963,FALSE,FALSE,FALSE,FALSE,FALSE,scopolamine [晕动症适应证]
BLOOD PRESSURE ABNORMAL,1,553,17729,17666257,1.80191861864027,1.00093195554426,0.253352206858598,12.8157980088749,1.80047111210843,0.999125264449158,0.25404670301848,12.7602373383337,0.356218362531498,17684540,0.848338275356331,0.847553551111234,FALSE,FALSE,FALSE,FALSE,FALSE,scopolamine [晕动症适应证]
BLOOD PRESSURE DECREASED,1,553,51005,17632981,0.625155212063917,1.00091357314051,0.087900839463163,4.44613545851815,0.625831827204596,0.999106848750936,0.0883081378564727,4.43521384834111,0.224347861375486,17684540,-0.676136154336275,-0.676920878581372,FALSE,FALSE,FALSE,FALSE,FALSE,scopolamine [晕动症适应证]
BLOOD TEST ABNORMAL,1,553,12735,17671251,2.50924585247616,1.00094300467436,0.352795736968484,17.8469127837882,2.50652158198433,0.999136333566883,0.353662841193925,17.7645195060462,0.906062272861473,17684540,1.32561857059873,1.32483384635364,FALSE,FALSE,FALSE,FALSE,FALSE,scopolamine [晕动症适应证]
BODY HEIGHT DECREASED,1,553,9320,17674666,3.42933705345016,1.0009573772042,0.482145426503533,24.3917124993823,3.42495196851614,0.999150732090698,0.48323703642282,24.2744142160057,1.71764798782174,17684540,1.77597416429939,1.77518944005429,FALSE,FALSE,FALSE,FALSE,FALSE,scopolamine [晕动症适应证]
BODY TEMPERATURE INCREASED,1,553,15129,17668857,2.11189879154999,1.00093679774636,0.296933022358881,15.0206146501271,2.10989175402012,0.999130115411399,0.29770316442308,14.9532949114228,0.584311036180701,17684540,1.07711882403828,1.07633409979319,FALSE,FALSE,FALSE,FALSE,FALSE,scopolamine [晕动症适应证]
BONE LOSS,1,553,14666,17669320,2.17862771503587,1.00093784011635,0.306314484837482,15.4952473868177,2.17650022818563,0.999131159667005,0.307100910687627,15.4253962734437,0.636437912714423,17684540,1.12195700041309,1.12117227616799,FALSE,FALSE,FALSE,FALSE,FALSE,scopolamine [晕动症适应证]
BRAIN INJURY,1,553,8953,17675033,3.56998603718959,1.0009595742312,0.501917718115821,25.3922104076583,3.56534707322354,0.9991529330909,0.503043644635398,25.2695762844933,1.84655347385739,17684540,1.83392658823884,1.83314186399374,FALSE,FALSE,FALSE,FALSE,FALSE,scopolamine [晕动症适应证]
BRAIN OEDEMA,1,553,9399,17674587,3.40049776369961,1.00095692671548,0.478091207335335,24.1865670472694,3.39616473524528,0.999150280787282,0.479175780752486,24.0703628443221,1.69133368231066,17684540,1.76379814969002,1.76301342544492,FALSE,FALSE,FALSE,FALSE,FALSE,scopolamine [晕动症适应证]
BRUXISM,1,553,4198,17679788,7.61569403151591,1.00102276872036,1.07058635698115,54.1747942176405,7.60375234553845,0.999216241846996,1.07269912734029,53.8986639018121,5.73526227082201,17684540,2.92641311830737,2.92562839406227,FALSE,FALSE,FALSE,FALSE,FALSE,scopolamine [晕动症适应证]
BURNING MOUTH SYNDROME,1,553,487,17683499,65.6620004381552,1.00192902089133,9.21414218018301,467.921833332797,65.5452820258119,1.00012413099094,9.23035893551176,465.440621091625,63.4320420382933,17684540,6.0315058535795,6.0307211293344,FALSE,FALSE,FALSE,FALSE,FALSE,scopolamine [晕动症适应证]
CACHEXIA,1,553,3913,17680073,8.17050828392769,1.00103143468123,1.14856060251092,58.1224930332714,8.15756512818053,0.999224923475757,1.1508086662315,57.825310821148,6.27993608696997,17684540,3.02781515051558,3.02703042627048,FALSE,FALSE,FALSE,FALSE,FALSE,scopolamine [晕动症适应证]
CENTRAL VENOUS CATHETERISATION,1,553,2754,17681232,11.6097657065639,1.00108515273547,1.63185877167163,82.5970127446972,11.5906145049275,0.99927873864417,1.63494530055807,82.1693206225188,9.67488593400888,17684540,3.53440658768386,3.53362186343877,FALSE,FALSE,FALSE,FALSE,FALSE,scopolamine [晕动症适应证]
CHEMICAL POISONING,1,553,260,17683726,122.991556544721,1.00282327887786,17.2287944573166,878.002405726616,122.771355179117,1.0010200013717,17.2588407907959,873.338240686199,120.318519434411,17684540,6.9343371945725,6.9335524703274,FALSE,FALSE,FALSE,FALSE,FALSE,scopolamine [晕动症适应证]
CHRONIC KIDNEY DISEASE,1,553,75642,17608344,0.420949869837518,1.00091038321318,0.0591886263801071,2.99379802765247,0.421995086678967,0.999103653015406,0.0595460826509135,2.9906224767996,0.795081299676927,17684540,-1.24467577008839,-1.24546049433349,FALSE,FALSE,FALSE,FALSE,FALSE,scopolamine [晕动症适应证]
CIRCULATORY COLLAPSE,1,553,11991,17671995,2.66504806271973,1.00094543843856,0.37469947770219,18.9551403171457,2.66204256080147,0.999138771733077,0.375604600067605,18.8668365463121,1.03831150874183,17684540,1.41245852319452,1.41167379894943,FALSE,FALSE,FALSE,FALSE,FALSE,scopolamine [晕动症适应证]
COLITIS ULCERATIVE,1,553,40504,17643482,0.787700739221077,1.00091611230002,0.110755233740132,5.60219534207533,0.788083950883133,0.999109392518983,0.111202205082644,5.58510789581906,0.0571137069337355,17684540,-0.343569195909634,-0.344353920154731,FALSE,FALSE,FALSE,FALSE,FALSE,scopolamine [晕动症适应证]
COLPOCELE,1,553,18,17683968,1776.56901748041,1.02828202861276,236.750415926457,13331.3281056779,1773.36401925391,1.02652347506309,237.13926544928,13261.4897782797,1678.13667121553,17684540,10.7143156776988,10.7135309534537,FALSE,FALSE,FALSE,FALSE,FALSE,scopolamine [晕动症适应证]
COMA,1,553,35354,17648632,0.902708139969173,1.00091790885575,0.12692548579759,6.42016046537818,0.902883757045041,0.999111192331751,0.127400526836092,6.39871042122588,0.0104666748758264,17684540,-0.147383447716304,-0.148168171961401,FALSE,FALSE,FALSE,FALSE,FALSE,scopolamine [晕动症适应证]
COMA SCALE ABNORMAL,1,553,2496,17681490,12.8100005216303,1.0011038986269,1.80049659924344,91.1393631252177,12.788682831158,0.999297518422656,1.80387565143846,90.6661212625914,10.8640589637266,17684540,3.67626308521417,3.67547836096907,FALSE,FALSE,FALSE,FALSE,FALSE,scopolamine [晕动症适应证]
CONCUSSION,1,553,6593,17677393,4.84852914030964,1.00097954567187,0.681646202366393,34.4874434021945,4.84158233680728,0.999172940646443,0.683084049779763,34.3163034353415,3.04880092469844,17684540,2.275305019472,2.2745202952269,FALSE,FALSE,FALSE,FALSE,FALSE,scopolamine [晕动症适应证]
CONSCIOUSNESS FLUCTUATING,1,553,780,17683206,40.9959799693977,1.00154402104795,5.75717976756454,291.925984858074,40.9237850597056,0.999738436083204,5.76741573762564,290.382427728794,38.900068984865,17684540,5.3530644530004,5.35227972875531,FALSE,FALSE,FALSE,FALSE,FALSE,scopolamine [晕动症适应证]
CONTUSION,1,553,80507,17603479,0.395402792128574,1.00090998413998,0.0555965641412407,2.81210485644201,0.396494122828703,0.999103253212687,0.0559477848313937,2.80989837062306,0.922789145125035,17684540,-1.33460133793086,-1.33538606217596,FALSE,FALSE,FALSE,FALSE,FALSE,scopolamine [晕动症适应证]
CONVULSION,1,553,15680,17668306,2.03762247665793,1.00093563747763,0.286490422161589,14.4923007409993,2.03574951189862,0.999128953043721,0.287242438498285,14.4277986806613,0.527403128271614,17684540,1.02551324646133,1.02472852221624,FALSE,FALSE,FALSE,FALSE,FALSE,scopolamine [晕动症适应证]
CRANIAL NERVE DISORDER,1,553,543,17683443,58.8900422606976,1.00182333544405,8.26556655073386,419.576450831291,58.7855475995772,1.00001825479648,8.28014314399267,417.352761478445,56.6998862794351,17684540,5.87478034989204,5.87399562564695,FALSE,FALSE,FALSE,FALSE,FALSE,scopolamine [晕动症适应证]
CYCLOPLEGIA,1,553,30,17683956,1065.94068716094,1.0174191408391,145.10700656658,7830.2872854303,1064.01841155235,1.01564177869629,145.350793699331,7788.98519442751,1027.76246424089,17684540,10.0080468807555,10.0072621565104,FALSE,FALSE,FALSE,FALSE,FALSE,scopolamine [晕动症适应证]
DEAFNESS BILATERAL,1,553,1350,17682636,23.685802692385,1.00127374656355,3.3280258250624,168.573586466106,23.6448535900522,0.99946767333455,3.33405354449592,167.687499265861,21.6727491063837,17684540,4.5624312318167,4.5616465075716,FALSE,FALSE,FALSE,FALSE,FALSE,scopolamine [晕动症适应证]
DEATH,1,553,749388,16934598,0.04086420233196,1.00090444685641,0.00574587218045679,0.290623073361617,0.0425954943855124,0.99909770479281,0.00601055434073961,0.30186502593419,22.471464941182,17684540,-4.5531120843376,-4.55389680858269,FALSE,FALSE,FALSE,FALSE,FALSE,scopolamine [晕动症适应证]
DELIRIUM TREMENS,1,553,254,17683732,125.896911620225,1.00286857697665,17.6342141272794,898.822722754131,125.67146593138,1.00106538106862,17.664958677735,894.047794702622,123.196182253191,17684540,6.96788975428352,6.96710503003843,FALSE,FALSE,FALSE,FALSE,FALSE,scopolamine [晕动症适应证]
DEMENTIA,1,553,23868,17660118,1.33798868460075,1.00092470845189,0.188125699757346,9.51605082361819,1.33737859672241,0.999118004242121,0.188706975453801,9.47808901430392,0.0852214773766893,17684540,0.419392686114239,0.418607961869142,FALSE,FALSE,FALSE,FALSE,FALSE,scopolamine [晕动症适应证]
DEPRESSED LEVEL OF CONSCIOUSNESS,1,553,28123,17655863,1.13527786970939,1.00092154187356,0.159624869531281,8.07427968609445,1.13503368582905,0.999114831930829,0.160156672305092,8.04400746734122,0.0160898229847666,17684540,0.182729011998881,0.181944287753785,FALSE,FALSE,FALSE,FALSE,FALSE,scopolamine [晕动症适应证]
DERMATITIS,1,553,18161,17665825,1.75901293961695,1.00093128531267,0.247319934965251,12.5106232224045,1.75764288015915,0.99912459300491,0.248003960421399,12.4566901630318,0.326904417742105,17684540,0.813607730593713,0.812823006348616,FALSE,FALSE,FALSE,FALSE,FALSE,scopolamine [晕动症适应证]
DERMATITIS CONTACT,1,553,9574,17674412,3.33830812881935,1.00095595527168,0.469348581747842,23.7441884269475,3.33408735602365,0.999149307586662,0.470417981421296,23.6303435170804,1.63473395405542,17684540,1.7371864194427,1.7364016951976,FALSE,FALSE,FALSE,FALSE,FALSE,scopolamine [晕动症适应证]
DERMATITIS PSORIASIFORM,1,553,1724,17682262,18.5470750137407,1.00119349839158,2.60640750568004,131.980126214213,18.5154015931383,0.999387280139061,2.61118420077521,131.289127765636,16.5614206759217,17684540,4.20986254458949,4.20907782034439,FALSE,FALSE,FALSE,FALSE,FALSE,scopolamine [晕动症适应证]
DEVICE ISSUE,1,553,85960,17598026,0.370205116640315,1.00090959052573,0.0520536243072523,2.63289694446068,0.371341930509195,0.999102858877834,0.0523986946800011,2.63164626898475,1.06946385608995,17684540,-1.42915145440507,-1.42993617865017,FALSE,FALSE,FALSE,FALSE,FALSE,scopolamine [晕动症适应证]
DEVICE USE ERROR,1,553,33629,17650357,0.949105323663374,1.00091863363595,0.133448982916551,6.75015197357819,0.94919719131019,0.999111918425355,0.133935347936642,6.72694193035104,0.00272416090126644,17684540,-0.0752179672715632,-0.0760026915166598,FALSE,FALSE,FALSE,FALSE,FALSE,scopolamine [晕动症适应证]
DIABETES MELLITUS,1,553,54422,17629564,0.585789985076108,1.00091295820807,0.0823659348984686,4.16616295363445,0.586537656583191,0.99910623270098,0.0827636251874641,4.15673457767059,0.292352368795782,17684540,-0.769685673951482,-0.770470398196579,FALSE,FALSE,FALSE,FALSE,FALSE,scopolamine [晕动症适应证]
DIARRHOEA INFECTIOUS,1,553,660,17683326,48.4501232944271,1.00166038472609,6.80243427028895,345.084473288924,48.3644732523794,0.99985500989653,6.81447959879054,343.257652924117,46.3167065737023,17684540,5.59373672963469,5.59295200538959,FALSE,FALSE,FALSE,FALSE,FALSE,scopolamine [晕动症适应证]
DISABILITY,1,553,17767,17666219,1.79806081351829,1.00093189528133,0.25280982407583,12.7883586048472,1.7966202705336,0.99912520407719,0.253503378779086,12.7329442788417,0.353556259969654,17684540,0.845249513595401,0.844464789350305,FALSE,FALSE,FALSE,FALSE,FALSE,scopolamine [晕动症适应证]
DISEASE PROGRESSION,1,553,100815,17583171,0.315389270035109,1.00090873424875,0.0443461783427426,2.24304315209515,0.316625029475479,0.99910200102837,0.044677869047062,2.24387177429494,1.4833768420284,17684540,-1.65912190317248,-1.65990662741758,FALSE,FALSE,FALSE,FALSE,FALSE,scopolamine [晕动症适应证]
DISEASE RECURRENCE,1,553,42947,17641039,0.742790253565825,1.00091541074333,0.104440705943201,5.28278084497473,0.743254531086465,0.99910868968972,0.104876715936404,5.26739699129735,0.0889024832158854,17684540,-0.428060137995158,-0.428844862240255,FALSE,FALSE,FALSE,FALSE,FALSE,scopolamine [晕动症适应证]
DISORGANISED SPEECH,1,553,1784,17682202,17.9232336460724,1.00118375582839,2.51878761058548,127.538464530175,17.8926862929206,0.99937751996762,2.52341237659219,126.871147081089,15.9412493140635,17684540,4.16053483222592,4.15975010798082,FALSE,FALSE,FALSE,FALSE,FALSE,scopolamine [晕动症适应证]
DISTURBANCE IN SEXUAL AROUSAL,1,553,735,17683251,43.5060486400709,1.00158320624519,6.10920648596089,309.823587174841,43.429322920504,0.99977769204845,6.12005191833782,308.184655048754,41.3977506145673,17684540,5.43868123508537,5.43789651084027,FALSE,FALSE,FALSE,FALSE,FALSE,scopolamine [晕动症适应证]
DRUG DOSE OMISSION,1,553,144487,17539499,0.2195145333723,1.00090723661889,0.0308655371164095,1.5611790645315,0.220923351904119,0.999100500619391,0.031173826115538,1.56564443631846,2.76999277119856,17684540,-2.17834696246065,-2.17913168670574,FALSE,FALSE,FALSE,FALSE,FALSE,scopolamine [晕动症适应证]
DRUG EFFECT INCOMPLETE,1,553,36361,17647625,0.877658001814535,1.00091751754216,0.123403400003783,6.2419963155429,0.877878835746278,0.999110800308921,0.123872327124397,6.2214965048433,0.0170227312043468,17684540,-0.18790074191952,-0.188685466164617,FALSE,FALSE,FALSE,FALSE,FALSE,scopolamine [晕动症适应证]
DRUG EFFECT INCREASED,1,553,2347,17681639,13.6233620542865,1.00111660193074,1.91477012706127,96.9286030940023,13.600576202203,0.999310244689575,1.9183473881619,96.4244923382556,11.6706800959817,17684540,3.76502649803233,3.76424177378723,FALSE,FALSE,FALSE,FALSE,FALSE,scopolamine [晕动症适应证]
DRUG EFFECT LESS THAN EXPECTED,1,553,13913,17670073,2.2966373702558,1.00093968353817,0.322905444689549,16.3346369570404,2.29429686958747,0.999133006423393,0.323720667973436,16.2603091076989,0.7306826710501,17684540,1.19799358577522,1.19720886153013,FALSE,FALSE,FALSE,FALSE,FALSE,scopolamine [晕动症适应证]
DRUG EFFECTIVE FOR UNAPPROVED INDICATION,1,553,28833,17655153,1.10727762022231,1.00092110447656,0.155688049512343,7.87513063517423,1.10708397830855,0.999114393741736,0.156213018540384,7.84592056718135,0.0103743774834695,17684540,0.14675982283958,0.145975098594483,FALSE,FALSE,FALSE,FALSE,FALSE,scopolamine [晕动症适应证]
DRUG INTOLERANCE,1,553,90075,17593911,0.353209998298585,1.00090932504469,0.0496640086631126,2.51202644040187,0.354377489276385,0.999102592910057,0.0500049308100412,2.51142043137508,1.18223580219917,17684540,-1.49661195156796,-1.49739667581306,FALSE,FALSE,FALSE,FALSE,FALSE,scopolamine [晕动症适应证]
DYSPHEMIA,1,553,3368,17680618,9.49292887424671,1.00105209002186,1.33440446139272,67.5325219742245,9.4775986777228,0.999245616159537,1.33697496404018,67.1851598660703,7.58230425703824,17684540,3.24413847802063,3.24335375377553,FALSE,FALSE,FALSE,FALSE,FALSE,scopolamine [晕动症适应证]
EAR DISCOMFORT,1,553,8670,17675316,3.68657401903427,1.00096139540636,0.518307409379231,26.2215583877067,3.68172460744757,0.999154757559502,0.519461781456458,26.0945012106173,1.95406928647561,17684540,1.8802605218167,1.87947579757161,FALSE,FALSE,FALSE,FALSE,FALSE,scopolamine [晕动症适应证]
EAR INFECTION,1,553,23456,17660530,1.36152195392119,1.00092507606837,0.191434418474741,9.68343125431211,1.36086938721736,0.999118372524019,0.192021437540796,9.64457673467786,0.0958167775408552,17684540,0.444512297880307,0.44372757363521,FALSE,FALSE,FALSE,FALSE,FALSE,scopolamine [晕动症适应证]
EAR INFECTION VIRAL,1,553,129,17683857,247.891795281551,1.00476878573991,34.5927983959895,1776.39118594796,247.446142221476,1.00296900614353,34.6526325805879,1766.95358304729,243.563895621507,17684540,7.93987537811393,7.93909065386883,FALSE,FALSE,FALSE,FALSE,FALSE,scopolamine [晕动症适应证]
EAR PAIN,1,553,16032,17667954,1.99284455501294,1.00093493800205,0.280195015091986,14.1738046950654,1.991052416827,0.999128252302746,0.280936104143812,14.111001284916,0.493716205831377,17684540,0.993486412290454,0.992701688045357,FALSE,FALSE,FALSE,FALSE,FALSE,scopolamine [晕动症适应证]
EATING DISORDER,1,553,17603,17666383,1.81482946304463,1.00093215722508,0.255167388263366,12.9076289973836,1.8133586517395,0.999125466494869,0.255865035175263,12.8515785581492,0.365164317731125,17684540,0.858627534747836,0.857842810502739,FALSE,FALSE,FALSE,FALSE,FALSE,scopolamine [晕动症适应证]
EMOTIONAL DISORDER,1,553,24502,17659484,1.30332084932949,1.0009241669006,0.183251480272708,9.26947620706305,1.30277333877114,0.999117461710532,0.183824295142344,9.23282948480046,0.0704613292399156,17684540,0.381572416644291,0.380787692399195,FALSE,FALSE,FALSE,FALSE,FALSE,scopolamine [晕动症适应证]
ENCEPHALITIS,1,553,5540,17678446,5.77044346230929,1.00099394615813,0.811233621525396,41.0461510324195,5.76183255353256,0.999187367171544,0.812896353612431,40.8400335755177,3.93591143438311,17684540,2.52631253943879,2.52552781519369,FALSE,FALSE,FALSE,FALSE,FALSE,scopolamine [晕动症适应证]
ENDOLYMPHATIC HYDROPS,1,553,45,17683941,710.626522001206,1.01194396931585,97.7816397130906,5164.46702318825,709.345607701564,1.01015697370372,97.9478503036188,5137.13358287877,691.971708293254,17684540,9.43868123508537,9.43789651084027,FALSE,FALSE,FALSE,FALSE,FALSE,scopolamine [晕动症适应证]
ERUCTATION,1,553,15335,17668651,2.08350468234741,1.00093635420273,0.292941064569163,14.8186522355546,2.08154889772223,0.999129671065406,0.293704277608822,14.7524096308173,0.562411463088089,17684540,1.05760856947423,1.05682384522914,FALSE,FALSE,FALSE,FALSE,FALSE,scopolamine [晕动症适应证]
ESSENTIAL TREMOR,1,553,855,17683131,37.3996827511818,1.00148787584192,5.25271972406935,266.288007616257,37.3339793527139,0.99968218946989,5.26208215408325,264.881081954848,35.3211649797899,17684540,5.22077620474124,5.21999148049614,FALSE,FALSE,FALSE,FALSE,FALSE,scopolamine [晕动症适应证]
EXERCISE TOLERANCE DECREASED,1,553,4846,17679140,6.59709280934146,1.00100685841066,0.927424050666778,46.9274368114291,6.58698975372893,0.999200302770853,0.929288407162686,46.6899551111414,4.73912539674183,17684540,2.71936682397598,2.71858209973089,FALSE,FALSE,FALSE,FALSE,FALSE,scopolamine [晕动症适应证]
EXOPHTHALMOS,1,553,1664,17682322,19.2159049415774,1.00120394343817,2.70034242582786,136.742288382384,19.183024246737,0.999397744063143,2.70528199326033,136.025900504151,17.2264240952264,17684540,4.26093672918376,4.26015200493866,FALSE,FALSE,FALSE,FALSE,FALSE,scopolamine [晕动症适应证]
EXPIRED DRUG ADMINISTERED,1,553,2311,17681675,13.8356104893414,1.00111991685859,1.94458911274454,98.4393650865419,13.812441517339,0.999313565609537,1.94821809356446,97.9271988593702,11.8812528156088,17684540,3.7873175086417,3.78653278439661,FALSE,FALSE,FALSE,FALSE,FALSE,scopolamine [晕动症适应证]
EXPOSURE VIA EYE CONTACT,1,553,397,17683589,80.5480024232376,1.00216129764688,11.297903377766,574.264133568543,80.4044139712101,1.00035682683115,11.3177206243676,571.2165903914,78.2215842537387,17684540,6.32561857059873,6.32483384635364,FALSE,FALSE,FALSE,FALSE,FALSE,scopolamine [晕动症适应证]
EXTRASYSTOLES,1,553,4857,17679129,6.5821477995816,1.00100662497127,0.925323493822306,46.8211062885394,6.57207172052098,0.999200068909386,0.927184205331707,46.5841916323621,4.72455612831277,17684540,2.71609641650652,2.71531169226142,FALSE,FALSE,FALSE,FALSE,FALSE,scopolamine [晕动症适应证]
EYE INFLAMMATION,1,553,8383,17675603,3.81284930602039,1.0009633678994,0.53605878946138,27.119823639171,3.80777196070266,0.999156733619594,0.537243970171843,26.9879758726295,2.07112767735031,17684540,1.92882018960493,1.92803546535984,FALSE,FALSE,FALSE,FALSE,FALSE,scopolamine [晕动症适应证]
FEELING JITTERY,1,553,13937,17670049,2.29267936663059,1.00093962171048,0.322348991492481,16.306484018568,2.29034601037314,0.999132944483869,0.323163248927147,16.2323063177729,0.727482467795501,17684540,1.19550725161242,1.19472252736732,FALSE,FALSE,FALSE,FALSE,FALSE,scopolamine [晕动症适应证]
FEELING OF BODY TEMPERATURE CHANGE,1,553,4894,17679092,6.53237126170659,1.00100584746689,0.918327268580888,46.4669576530293,6.52238503199232,0.999199289999216,0.920175839881172,46.2319316176037,4.6760422883081,17684540,2.70515004665132,2.70436532240623,FALSE,FALSE,FALSE,FALSE,FALSE,scopolamine [晕动症适应证]
FINE MOTOR SKILL DYSFUNCTION,1,553,2843,17681143,11.2462658514075,1.00107947533649,1.58078313226009,80.0100235253048,11.2277707866938,0.99927305098185,1.58378105966284,79.5961260361145,9.31505773262291,17684540,3.48853744152297,3.48775271727787,FALSE,FALSE,FALSE,FALSE,FALSE,scopolamine [晕动症适应证]
FLATULENCE,1,553,44903,17639083,0.710355119911077,1.00091490406689,0.0998802333697682,5.05209468740203,0.710877944604378,0.999108182093897,0.100308326847589,5.03794119597654,0.117885905035655,17684540,-0.492313152819558,-0.493097877064655,FALSE,FALSE,FALSE,FALSE,FALSE,scopolamine [晕动症适应证]
FRACTURE DISPLACEMENT,1,553,347,17683639,92.1546033946355,1.00234236625709,12.9212933838514,657.246196223375,91.9900643993383,1.00053822199876,12.9439132770958,653.756848260735,89.7440777640557,17684540,6.51929969529365,6.51851497104856,FALSE,FALSE,FALSE,FALSE,FALSE,scopolamine [晕动症适应证]
GALACTORRHOEA,1,553,5394,17678592,5.92668164546905,1.00099638660936,0.833194268113985,42.1577015961112,5.91778871831116,0.99918981203544,0.834895109168144,41.9456563225812,4.08726014106221,17684540,2.564835946767,2.56405122252191,FALSE,FALSE,FALSE,FALSE,FALSE,scopolamine [晕动症适应证]
GASTRIC DISORDER,1,553,29069,17654917,1.09827337922734,1.00092096381964,0.154422056636697,7.81108891948788,1.09809599045617,0.999114252830087,0.154944828083024,7.78222041467436,0.00877731635931058,17684540,0.134999740118782,0.134215015873686,FALSE,FALSE,FALSE,FALSE,FALSE,scopolamine [晕动症适应证]
GASTRIC ULCER,1,553,14283,17669703,2.23709631412247,1.00093875345127,0.314534591460528,15.9111272799017,2.2348632882847,0.99913207465408,0.315335285226953,15.8390581432331,0.682821706215108,17684540,1.16013077255632,1.15934604831122,FALSE,FALSE,FALSE,FALSE,FALSE,scopolamine [晕动症适应证]
GASTRITIS,1,553,19633,17664353,1.62699394651346,1.0009292230353,0.228758785372857,11.5716181027841,1.62586218848726,0.999122526996004,0.229410592555682,11.5226931176292,0.241175959249623,17684540,0.701176691142989,0.700391966897892,FALSE,FALSE,FALSE,FALSE,FALSE,scopolamine [晕动症适应证]
GASTROENTERITIS VIRAL,1,553,15708,17668278,2.03398712764738,1.00093558068988,0.285979322668992,14.4664432268194,2.03212072488989,0.999128896153247,0.286730451863308,14.4020790735393,0.524650143717827,17684540,1.02293946679528,1.02215474255018,FALSE,FALSE,FALSE,FALSE,FALSE,scopolamine [晕动症适应证]
GASTROINTESTINAL DISORDER,1,553,77231,17606755,0.412251772429828,1.00091024733933,0.0579656257893617,2.93193632531654,0.413312689808113,0.99910351689328,0.0583209590137925,2.9290907153296,0.836430446581133,17684540,-1.27466792030222,-1.27545264454732,FALSE,FALSE,FALSE,FALSE,FALSE,scopolamine [晕动症适应证]
GASTROINTESTINAL INFECTION,1,553,7705,17676281,4.14851937341361,1.0009686112413,0.58324555748293,29.5076623744224,4.14283612544716,0.99916198644333,0.584512632579315,29.3630799501688,2.38494649818833,17684540,2.05047672048283,2.04969199623774,FALSE,FALSE,FALSE,FALSE,FALSE,scopolamine [晕动症适应证]
GASTROINTESTINAL PAIN,1,553,9404,17674582,3.39868879619538,1.0009568984582,0.477836902958366,24.1736991468624,3.39435903302535,0.999150252478907,0.478921035004449,24.0575635709418,1.68968449106059,17684540,1.76303096273182,1.76224623848673,FALSE,FALSE,FALSE,FALSE,FALSE,scopolamine [晕动症适应证]
GINGIVAL PAIN,1,553,6252,17677734,5.11307889612756,1.00098367801315,0.718832966104256,36.369472507238,5.10565456599015,0.999177080459924,0.72033534840031,36.188295639116,3.30215544420298,17684540,2.35191038923125,2.35112566498615,FALSE,FALSE,FALSE,FALSE,FALSE,scopolamine [晕动症适应证]
GITELMAN'S SYNDROME,1,553,102,17683884,313.51069035209,1.00578938967425,43.6623535389201,2251.11440402384,312.946591633043,1.00399143963914,43.7376514559554,2239.15930450361,307.932650585934,17684540,8.27574266395916,8.27495793971407,FALSE,FALSE,FALSE,FALSE,FALSE,scopolamine [晕动症适应证]
GLYCOSYLATED HAEMOGLOBIN INCREASED,1,553,21908,17662078,1.45785367116342,1.00092658087835,0.204978366908962,10.3685933231607,1.45702722049345,0.999119880057627,0.205588895862198,10.3260845502172,0.143527466190331,17684540,0.543007175186527,0.542222450941431,FALSE,FALSE,FALSE,FALSE,FALSE,scopolamine [晕动症适应证]
GROWING PAINS,1,553,235,17683751,136.07595706206,1.00302726481489,19.0540523093249,971.796749046065,135.83213764498,1.00122435470227,19.0872410912562,966.633654858427,133.274161691221,17684540,7.07960014178054,7.07881541753544,FALSE,FALSE,FALSE,FALSE,FALSE,scopolamine [晕动症适应证]
HAEMATOMA EVACUATION,1,553,213,17683773,150.130937523877,1.00324633589851,21.0130781260416,1072.63192315767,149.861748105964,1.00144382018204,21.0496367245497,1066.93259552468,147.179228003972,17684540,7.22077620474124,7.21999148049614,FALSE,FALSE,FALSE,FALSE,FALSE,scopolamine [晕动症适应证]
HAEMOTHORAX,1,553,2315,17681671,13.8117013423736,1.0011195434425,1.94123011318284,98.2691813172785,13.7885755276762,0.999313191518456,1.94485326800081,97.757922518169,11.8575308467302,17684540,3.78482365315315,3.78403892890805,FALSE,FALSE,FALSE,FALSE,FALSE,scopolamine [晕动症适应证]
"HALLUCINATION, AUDITORY",1,553,11910,17672076,2.68318537311937,1.00094572175854,0.377249331316333,19.0841524394507,2.68014713237367,0.999139055565487,0.378158879416786,18.9951606114579,1.05388236646826,17684540,1.4222362703911,1.421451546146,FALSE,FALSE,FALSE,FALSE,FALSE,scopolamine [晕动症适应证]
"HALLUCINATIONS, MIXED",1,553,3256,17680730,9.81952917079499,1.00105719123829,1.38030029482512,69.8566489463153,9.80360944304988,0.999250726598267,1.3829504225057,69.4968934155413,7.90464123713947,17684540,3.29291518674648,3.29213046250138,FALSE,FALSE,FALSE,FALSE,FALSE,scopolamine [晕动症适应证]
HANGOVER,1,553,2783,17681203,11.4887683487774,1.00108326291635,1.61485746769246,81.7358812232991,11.469835553924,0.999276845408736,1.61791450445506,81.3127809113555,9.55509214061838,17684540,3.51929969529365,3.51851497104856,FALSE,FALSE,FALSE,FALSE,FALSE,scopolamine [晕动症适应证]
HEART RATE ABNORMAL,1,553,4799,17679187,6.66172051365433,1.00100786788759,0.936507606856386,47.38725011643,6.65150080153582,0.999201314072992,0.938387725532523,47.1473163054479,4.80214584291588,17684540,2.7334245006465,2.7326397764014,FALSE,FALSE,FALSE,FALSE,FALSE,scopolamine [晕动症适应证]
HEART RATE DECREASED,1,553,28998,17654988,1.10096686845149,1.00092100589514,0.154800760275259,7.83024607419585,1.10078461778641,0.999114294981782,0.155324189096816,7.80127539568154,0.00924238202335775,17684540,0.138527660315327,0.13774293607023,FALSE,FALSE,FALSE,FALSE,FALSE,scopolamine [晕动症适应证]
HEAT STROKE,1,553,1207,17682779,26.4922056538786,1.00131756962038,3.72202593790379,188.56315676367,26.446190842229,0.999511575577936,3.728736537102,187.5705089658,24.4654064454581,17684540,4.7238384518173,4.72305372757221,FALSE,FALSE,FALSE,FALSE,FALSE,scopolamine [晕动症适应证]
HEPATIC ENZYME INCREASED,1,553,55597,17628389,0.573371545116674,1.00091276421709,0.0806198510001296,4.07784093707831,0.574141632580362,0.999106038357315,0.081014510237045,4.06888362711242,0.316862640624315,17684540,-0.800502174917387,-0.801286899162484,FALSE,FALSE,FALSE,FALSE,FALSE,scopolamine [晕动症适应证]
HEPATITIS B ANTIBODY ABNORMAL,1,553,39,17683947,819.95395743497,1.01363178741272,112.452384806195,5978.74819170779,818.475701194113,1.01184777261259,112.642836608796,5947.1378173096,796.066800496785,17684540,9.64031509625502,9.63953037200992,FALSE,FALSE,FALSE,FALSE,FALSE,scopolamine [晕动症适应证]
HYDRONEPHROSIS,1,553,5784,17678202,5.52693906492688,1.00099014259078,0.777006524453925,39.3137695322225,5.51876769477358,0.999183556726738,0.778609860476574,39.116890775355,3.7005385143876,17684540,2.46414194714753,2.46335722290243,FALSE,FALSE,FALSE,FALSE,FALSE,scopolamine [晕动症适应证]
HYPERACUSIS,1,553,2854,17681132,11.2029130778033,1.00107879821992,1.57469152539533,79.7014903584421,11.1844962671936,0.999272372641216,1.57767888548203,79.2892380711851,9.27215434509343,17684540,3.48296816089218,3.48218343664708,FALSE,FALSE,FALSE,FALSE,FALSE,scopolamine [晕动症适应证]
HYPERAESTHESIA,1,553,6548,17677438,4.88186224746233,1.00098006634528,0.686331744983773,34.7245762379263,4.87485527589652,0.999173462261349,0.687777723870464,34.5521716335958,3.08066011233352,17684540,2.28518427543044,2.28439955118534,FALSE,FALSE,FALSE,FALSE,FALSE,scopolamine [晕动症适应证]
HYPERAMMONAEMIA,1,553,3994,17679992,8.00477026570597,1.00102884593226,1.12526786457565,56.9431946151724,7.99212627605669,0.999222330046413,1.12747551349505,56.6523012233169,6.11710007230397,17684540,2.99826340332704,2.99747867908195,FALSE,FALSE,FALSE,FALSE,FALSE,scopolamine [晕动症适应证]
HYPERCALCAEMIA,1,553,9841,17674145,3.2476861298994,1.00095453969364,0.456608871748257,23.0995625598709,3.24362893471907,0.999147889448554,0.457656160210809,22.9891555732593,1.55263200927831,17684540,1.69750739001224,1.69672266576715,FALSE,FALSE,FALSE,FALSE,FALSE,scopolamine [晕动症适应证]
HYPERMETROPIA,1,553,724,17683262,44.1670796159572,1.00159352548041,6.20190434040659,314.537408952427,44.0891606996829,0.999788029919168,6.21291024389607,312.873358038967,42.0554808295648,17684540,5.46040600624009,5.45962128199499,FALSE,FALSE,FALSE,FALSE,FALSE,scopolamine [晕动症适应证]
HYPOHIDROSIS,1,553,428,17683558,74.7137871592503,1.00207026869968,10.4814488199397,532.574273611713,74.5807297817065,1.00026563366846,10.4998557390668,529.748731125547,72.4266779268036,17684540,6.21740935364284,6.21662462939774,FALSE,FALSE,FALSE,FALSE,FALSE,scopolamine [晕动症适应证]
HYPOKALAEMIA,1,553,36130,17647856,0.883280938984149,1.00091760537927,0.124193993603803,6.28198831951265,0.883491623209809,0.999110888305245,0.124664293100797,6.26127521254852,0.0153952964048259,17684540,-0.178706373293004,-0.179491097538101,FALSE,FALSE,FALSE,FALSE,FALSE,scopolamine [晕动症适应证]
HYPOXIA,1,553,27661,17656325,1.15426972896407,1.00092183854878,0.162295110886448,8.20935763206684,1.15399126374934,0.999115129143271,0.16283154880311,8.17836498269772,0.0205803992797677,17684540,0.206625342531479,0.205840618286383,FALSE,FALSE,FALSE,FALSE,FALSE,scopolamine [晕动症适应证]
ILL-DEFINED DISORDER,1,553,52691,17631295,0.605093711767227,1.00091325975558,0.0850801158846393,4.30345441133024,0.605806539002304,0.99910653479658,0.085482517754558,4.29329379080416,0.257260178758652,17684540,-0.723053128705316,-0.723837852950412,FALSE,FALSE,FALSE,FALSE,FALSE,scopolamine [晕动症适应证]
IMMUNE-MEDIATED NECROTISING MYOPATHY,1,553,539,17683447,59.3270875340108,1.0018301564555,8.32679712257676,422.695937400117,59.2218039825054,1.0000250881201,8.34147960978372,420.455630297132,57.1344366901218,17684540,5.88542759409155,5.88464286984645,FALSE,FALSE,FALSE,FALSE,FALSE,scopolamine [晕动症适应证]
IMMUNOSUPPRESSANT DRUG LEVEL INCREASED,1,553,2824,17681162,11.3219434042488,1.00108065732493,1.59141673611346,80.5486077531572,11.3033117374541,0.999274235107042,1.59443310991758,80.1318383564379,9.38995684984251,17684540,3.49820803895247,3.49742331470737,FALSE,FALSE,FALSE,FALSE,FALSE,scopolamine [晕动症适应证]
IMPAIRED GASTRIC EMPTYING,1,553,11400,17672586,2.80330351194442,1.00094759810246,0.394136199719297,19.9385658705714,2.80004845145354,0.999140935303065,0.395075057923908,19.8450172270744,1.15783006855611,17684540,1.48537044055656,1.48458571631146,FALSE,FALSE,FALSE,FALSE,FALSE,scopolamine [晕动症适应证]
IMPAIRED HEALING,1,553,26058,17657928,1.22538773916081,1.00092294949532,0.17229422289777,8.71517968525619,1.22498090208651,0.999116242101316,0.172848017739501,8.68148926496925,0.0413795486056937,17684540,0.292749089264854,0.291964365019757,FALSE,FALSE,FALSE,FALSE,FALSE,scopolamine [晕动症适应证]
IMPULSIVE BEHAVIOUR,1,553,2740,17681246,11.6690949169098,1.00108607937817,1.64019505594897,83.0192577925228,11.6498366228359,0.999279666962001,1.64329604568569,82.5893141379394,9.73363152263266,17684540,3.54175657831661,3.54097185407151,FALSE,FALSE,FALSE,FALSE,FALSE,scopolamine [晕动症适应证]
INADEQUATE ANALGESIA,1,553,6575,17677411,4.86180763069053,1.00097975308601,0.683512724154805,34.5819069675244,4.85483685879398,0.999173148435641,0.684953810804927,34.4102632231607,3.06148996676285,17684540,2.2792486074607,2.2784638832156,FALSE,FALSE,FALSE,FALSE,FALSE,scopolamine [晕动症适应证]
INCORRECT PRODUCT ADMINISTRATION DURATION,1,553,20026,17663960,1.59502953574458,1.00092872371656,0.224264741184266,11.3442675226741,1.59395547521075,0.999122026773721,0.224908747605511,11.2965550873578,0.221565433726491,17684540,0.672584486761595,0.671799762516498,FALSE,FALSE,FALSE,FALSE,FALSE,scopolamine [晕动症适应证]
INCREASED VISCOSITY OF UPPER RESPIRATORY SECRETION,1,553,743,17683243,43.0375925759165,1.00157589319777,6.04351157167998,306.483135303355,42.9617124449131,0.999770365794179,6.05424327416643,304.862003823843,40.931623653502,17684540,5.42308438003435,5.42229965578925,FALSE,FALSE,FALSE,FALSE,FALSE,scopolamine [晕动症适应证]
INFECTION,1,553,125403,17558583,0.253195747542833,1.00090776273696,0.0356013543370534,1.80072044357738,0.254543769659182,0.999101027719882,0.0359178644895233,1.80390821094628,2.1987152472372,17684540,-1.97398064968101,-1.97476537392611,FALSE,FALSE,FALSE,FALSE,FALSE,scopolamine [晕动症适应证]
INFUSION SITE BRUISING,1,553,2061,17681925,15.514094090458,1.0011461312803,2.18038723032223,110.387325746728,15.487895364663,0.99933982741538,2.18442516789333,109.811453535891,13.5474690542046,17684540,3.95241457377427,3.95162984952918,FALSE,FALSE,FALSE,FALSE,FALSE,scopolamine [晕动症适应证]
INNER EAR INFLAMMATION,1,553,118,17683868,271.000521040856,1.00512832567982,37.7909337209596,1943.3571804997,270.51315547941,1.00332919102916,37.8562282279171,1933.03376255173,266.26219971086,17684540,8.06742542783444,8.06664070358934,FALSE,FALSE,FALSE,FALSE,FALSE,scopolamine [晕动症适应证]
INTENTIONAL PRODUCT MISUSE,1,553,85732,17598254,0.371194467911231,1.00090960598042,0.0521927329574639,2.63993328573528,0.372329495947492,0.99910287436084,0.0525380448141368,2.63864508172964,1.06326488663903,17684540,-1.42531981599401,-1.42610454023911,FALSE,FALSE,FALSE,FALSE,FALSE,scopolamine [晕动症适应证]
INTERNAL HAEMORRHAGE,1,553,11296,17672690,2.82912961236418,1.00094800152689,0.39776695869238,20.1222705623117,2.82582793436353,0.999141339457146,0.398712118682786,20.0277421740028,1.1803561152834,17684540,1.49859110618689,1.49780638194179,FALSE,FALSE,FALSE,FALSE,FALSE,scopolamine [晕动症适应证]
INTESTINAL PROLAPSE,1,553,342,17683644,93.5019193553504,1.0023633829214,13.1096648556175,666.882717401297,93.3349483817848,1.00055927655898,13.132609821521,663.342070450813,91.0811151585306,17684540,6.54017842496957,6.53939370072447,FALSE,FALSE,FALSE,FALSE,FALSE,scopolamine [晕动症适应证]
JOINT STIFFNESS,1,553,22221,17661765,1.43729320121648,1.0009262597008,0.202087633652239,10.2223560587486,1.43650386330815,0.999119558298793,0.202693144818489,10.1806272291406,0.1327993377816,17684540,0.522542145170427,0.52175742092533,FALSE,FALSE,FALSE,FALSE,FALSE,scopolamine [晕动症适应证]
LABYRINTHITIS,1,553,1893,17682093,16.8910996924999,1.00116763673042,2.37381477257495,120.190190118535,16.8624153970261,0.99936137173597,2.37818814867749,119.562051127025,14.9154378980446,17684540,4.075022575674,4.0742378514289,FALSE,FALSE,FALSE,FALSE,FALSE,scopolamine [晕动症适应证]
LACRIMATION INCREASED,1,553,26102,17657884,1.22331906141479,1.00092291718017,0.172003369755089,8.70046632314008,1.22291595841585,0.999116209727655,0.172556659721481,8.66685437561223,0.0406921444930588,17684540,0.290315187311137,0.28953046306604,FALSE,FALSE,FALSE,FALSE,FALSE,scopolamine [晕动症适应证]
LIMB DISCOMFORT,1,553,28593,17655393,1.1165869135891,1.00092124989875,0.156996931902082,7.94134204084977,1.1163764678967,0.999114539427274,0.157524172960542,7.91177883781493,0.0121508667325938,17684540,0.158818359636898,0.158033635391802,FALSE,FALSE,FALSE,FALSE,FALSE,scopolamine [晕动症适应证]
LUNG DISORDER,1,553,40630,17643356,0.78525234785403,1.00091607405315,0.110410984173037,5.58478175363326,0.785639978995087,0.999109354202752,0.11085735793569,5.56778718245719,0.0586208722309277,17684540,-0.34805006066219,-0.348834784907287,FALSE,FALSE,FALSE,FALSE,FALSE,scopolamine [晕动症适应证]
LYMPHOCYTE COUNT DECREASED,1,553,15779,17668207,2.02482675774689,1.00093543759584,0.284691451207743,14.4012873638978,2.02297688995313,0.999128752800343,0.285440344974639,14.3372707093948,0.517727098619477,17684540,1.01643360624156,1.01564888199646,FALSE,FALSE,FALSE,FALSE,FALSE,scopolamine [晕动症适应证]
LYMPHORRHOEA,1,553,126,17683860,253.794023938689,1.00486062851983,35.4100676558105,1819.01393730951,253.337717036273,1.00306101371579,35.4712979733659,1809.35016590995,249.364386902123,17684540,7.97355850437022,7.97277378012512,FALSE,FALSE,FALSE,FALSE,FALSE,scopolamine [晕动症适应证]
MACULOPATHY,1,553,3005,17680981,10.6398804885167,1.00107000430745,1.49557693653729,75.6945724718295,10.6224799822198,0.999263562831249,1.49842705121643,75.3036865432043,8.71520161776492,17684540,3.40861389722602,3.40782917298092,FALSE,FALSE,FALSE,FALSE,FALSE,scopolamine [晕动症适应证]
MALABSORPTION,1,553,4560,17679426,7.01097125725707,1.0010133231244,0.985594892073904,49.8721314054852,7.00012112863386,0.999206779173186,0.987560188007423,49.6189461772611,5.14317467167803,17684540,2.80710873628463,2.80632401203953,FALSE,FALSE,FALSE,FALSE,FALSE,scopolamine [晕动症适应证]
MALIGNANT MELANOMA,1,553,11462,17672524,2.78813016231321,1.00094736108247,0.392003053654456,19.8306358318653,2.78490249054008,0.999140697854397,0.392938209424596,19.7376628075276,1.1446236296431,17684540,1.47754614806371,1.47676142381862,FALSE,FALSE,FALSE,FALSE,FALSE,scopolamine [晕动症适应证]
MALIGNANT MELANOMA IN SITU,1,553,1127,17682859,28.3728810023892,1.00134693601283,3.98602223519517,201.960834354533,28.3234714698939,0.999540995030397,3.99319032339037,200.896769534586,26.3370900644129,17684540,4.82269183874359,4.82190711449849,FALSE,FALSE,FALSE,FALSE,FALSE,scopolamine [晕动症适应证]
MALNUTRITION,1,553,8659,17675327,3.69125957229796,1.00096146859748,0.51896609207561,26.254889169322,3.68640170303388,0.999154830882983,0.520121607342402,26.1276542337242,1.95840189626079,17684540,1.88209188152829,1.8813071572832,FALSE,FALSE,FALSE,FALSE,FALSE,scopolamine [晕动症适应证]
MANIA,1,553,11603,17672383,2.75422674718252,1.00094683148353,0.38723673329683,19.589476727356,2.75106027290963,0.999140167297596,0.388163616301801,19.4977898683249,1.11519219145417,17684540,1.45990861094438,1.45912388669929,FALSE,FALSE,FALSE,FALSE,FALSE,scopolamine [晕动症适应证]
MARROW HYPERPLASIA,1,553,405,17683581,78.9568950505659,1.00213647304951,11.0752687733105,562.893000940021,78.8161786335072,1.00033195745338,11.0947014975325,559.906007004376,76.6413922486867,17684540,6.29690727395721,6.29612254971211,FALSE,FALSE,FALSE,FALSE,FALSE,scopolamine [晕动症适应证]
MASTECTOMY,1,553,1346,17682640,23.7561967815697,1.00127484581766,3.33790950979625,169.074950614557,23.7151206140939,0.999468774575053,3.34395436109965,168.186190662027,21.7427915103226,17684540,4.56670905568008,4.56592433143498,FALSE,FALSE,FALSE,FALSE,FALSE,scopolamine [晕动症适应证]
MENIERE'S DISEASE,1,553,1090,17682896,29.3360585297875,1.0013619755156,4.12121471608956,208.822978017439,29.2849104096976,0.999556061705745,4.12861706305924,207.722335252992,27.2957012403064,17684540,4.87080780481877,4.87002308057368,FALSE,FALSE,FALSE,FALSE,FALSE,scopolamine [晕动症适应证]
MENISCUS INJURY,1,553,6078,17677908,5.25950705922466,1.00098596525475,0.739415563026947,37.4111878208139,5.25181841832353,0.999179371837328,0.740953664431102,37.2244554863214,3.4428458745867,17684540,2.39262488769574,2.39184016345064,FALSE,FALSE,FALSE,FALSE,FALSE,scopolamine [晕动症适应证]
MENSTRUATION IRREGULAR,1,553,17924,17666062,1.78229538985784,1.00093164900895,0.250593304779595,12.6762239697601,1.78088330431658,0.999124957359235,0.251283012092867,12.6214076995441,0.342730698718894,17684540,0.832557692665753,0.831772968420656,FALSE,FALSE,FALSE,FALSE,FALSE,scopolamine [晕动症适应证]
MIDDLE INSOMNIA,1,553,13821,17670165,2.31193705937698,1.00093992253346,0.325056416925047,16.4434623905706,2.30956894194128,0.999133245850998,0.325875373700978,16.3685541408057,0.743077228286035,17684540,1.20756442731985,1.20677970307476,FALSE,FALSE,FALSE,FALSE,FALSE,scopolamine [晕动症适应证]
MIGRAINE WITH AURA,1,553,2256,17681730,14.1729589088531,1.00112518559415,1.99198271747943,100.840615969908,14.1491810046855,0.999318843868856,1.99569389897855,100.315646204971,12.2160013447878,17684540,3.82205248795055,3.82126776370545,FALSE,FALSE,FALSE,FALSE,FALSE,scopolamine [晕动症适应证]
MIOSIS,1,553,6235,17677751,5.12702485966319,1.00098389585253,0.72079328100808,36.4686861048996,5.1195753563064,0.999177298693208,0.72229906525563,36.2869801300708,3.3155416219611,17684540,2.3558379784446,2.3550532541995,FALSE,FALSE,FALSE,FALSE,FALSE,scopolamine [晕动症适应证]
MUSCLE SPASTICITY,1,553,9858,17674128,3.24208241660879,1.00095445215971,0.455821095122045,23.0597015113344,3.23803533643441,0.999147801756323,0.456867016304755,22.9495071121613,1.54757043921312,17684540,1.69501758525285,1.69423286100775,FALSE,FALSE,FALSE,FALSE,FALSE,scopolamine [晕动症适应证]
MUSCLE TWITCHING,1,553,17578,17666408,1.81741314403978,1.00093219758486,0.255530636965502,12.9260059590212,1.81593766905054,0.99912550692767,0.256228914396205,12.8698575086557,0.366961278962342,17684540,0.860677808010064,0.859893083764968,FALSE,FALSE,FALSE,FALSE,FALSE,scopolamine [晕动症适应证]
MYALGIA,1,553,132973,17551013,0.238678659275607,1.00090753597146,0.0335601501238994,1.69747459958568,0.240052885522402,0.999100800532015,0.0338731168451556,1.70121303306852,2.42401018390274,17684540,-2.0585414708409,-2.059326195086,FALSE,FALSE,FALSE,FALSE,FALSE,scopolamine [晕动症适应证]
MYOPIA,1,553,1811,17682175,17.6559911651022,1.00117958225962,2.48125179116889,125.635788004937,17.6259261991002,0.999373338855627,2.48581146984291,124.978614888988,15.6756120767324,17684540,4.13887595109615,4.13809122685105,FALSE,FALSE,FALSE,FALSE,FALSE,scopolamine [晕动症适应证]
NASAL CONGESTION,1,553,51303,17632683,0.621513414663419,1.00091351625122,0.0873887890940734,4.42023431850917,0.622196603445615,0.999106791758289,0.0877951986142892,4.40945085209082,0.230068606746381,17684540,-0.684540500695412,-0.685325224940508,FALSE,FALSE,FALSE,FALSE,FALSE,scopolamine [晕动症适应证]
NASAL DRYNESS,1,553,5369,17678617,5.95428683248587,1.00099681780367,0.837074397360102,42.3540987459718,5.94534407647055,0.999190244009408,0.838781971679084,42.1410061030105,4.11402614228064,17684540,2.57153681826961,2.57075209402451,FALSE,FALSE,FALSE,FALSE,FALSE,scopolamine [晕动症适应证]
NASAL OPERATION,1,553,622,17683364,51.4102091485786,1.00170658970386,7.21737893417687,366.200753598374,51.3192159912707,0.999901298299907,7.23014230173196,364.261423918007,49.2612419216886,17684540,5.67915483811838,5.67837011387328,FALSE,FALSE,FALSE,FALSE,FALSE,scopolamine [晕动症适应证]
NASAL POLYPS,1,553,4576,17679410,6.98645104895105,1.00101294012391,0.982148604516343,49.6976710397363,6.97564518063164,0.999206395480218,0.984107920443535,49.4454161736029,5.11920759826404,17684540,2.80205661454172,2.80127189029662,FALSE,FALSE,FALSE,FALSE,FALSE,scopolamine [晕动症适应证]
NASAL SEPTUM DEVIATION,1,553,1626,17682360,19.6650273916844,1.00121095727505,2.76341800885693,139.940212112774,19.6313360065009,0.999404770576016,2.76846693818059,139.206774726164,17.673032892049,17684540,4.29424465546985,4.29345993122476,FALSE,FALSE,FALSE,FALSE,FALSE,scopolamine [晕动症适应证]
NECK PAIN,1,553,46003,17637983,0.693326235229804,1.00091463805491,0.0974859198458428,4.93098151218227,0.693879797982097,0.999107915599109,0.0979098570329515,4.91747397696268,0.135400893599187,17684540,-0.527228495865297,-0.528013220110393,FALSE,FALSE,FALSE,FALSE,FALSE,scopolamine [晕动症适应证]
NEPHROSTOMY,1,553,291,17683695,109.889170597118,1.00261897096061,15.3995630366539,784.154055915755,109.692619747665,1.00081532533074,15.4264574366293,779.989240986413,107.334666835951,17684540,6.77241863226237,6.77163390801727,FALSE,FALSE,FALSE,FALSE,FALSE,scopolamine [晕动症适应证]
NEUROLOGICAL SYMPTOM,1,553,4350,17679636,7.34951923676498,1.00101861115752,1.03317689895308,52.2809143974403,7.33805801070584,0.999212076767244,1.03522475833963,52.0148836614458,5.47442256441518,17684540,2.87511188960185,2.87432716535676,FALSE,FALSE,FALSE,FALSE,FALSE,scopolamine [晕动症适应证]
NEUROPATHY PERIPHERAL,1,553,83079,17600907,0.38310573780763,1.00090979204691,0.0538675274129995,2.72464717409155,0.384219265356713,0.999103060768086,0.0542157466069947,2.7229071461723,0.991546086457318,17684540,-1.37997040458963,-1.38075512883472,FALSE,FALSE,FALSE,FALSE,FALSE,scopolamine [晕动症适应证]
NON-CARDIAC CHEST PAIN,1,553,2044,17681942,15.6431402455208,1.00114814668434,2.19851499554611,111.305966635105,15.6167085844278,0.999341846462283,2.20258437121245,110.725196364075,13.6756341336725,17684540,3.96435806331327,3.96357333906817,FALSE,FALSE,FALSE,FALSE,FALSE,scopolamine [晕动症适应证]
OEDEMA,1,553,42880,17641106,0.74395368883431,1.00091542891761,0.104604288101708,5.29105547367268,0.744415866291287,0.999108707896974,0.105040582056553,5.27562748736345,0.0879622592391417,17684540,-0.425807738750763,-0.42659246299586,FALSE,FALSE,FALSE,FALSE,FALSE,scopolamine [晕动症适应证]
OEDEMA PERIPHERAL,1,553,75589,17608397,0.421246291062424,1.00091038784361,0.059230304831881,2.99590620439177,0.42229097284751,0.999103657654292,0.0595878334536424,2.99271940952898,0.793708573936822,17684540,-1.24366457755373,-1.24444930179882,FALSE,FALSE,FALSE,FALSE,FALSE,scopolamine [晕动症适应证]
OPTIC NERVE DISORDER,1,553,1066,17682920,29.9965733556348,1.00137228897134,4.21392057482866,213.529039549248,29.9442329705163,0.999566393794819,4.22148355228086,212.403312031879,27.9530941051315,17684540,4.90289873031796,4.90211400607286,FALSE,FALSE,FALSE,FALSE,FALSE,scopolamine [晕动症适应证]
ORAL MUCOSAL BLISTERING,1,553,5812,17678174,5.50030366803608,1.00098972654187,0.773262609087976,39.1242769080655,5.49218037621652,0.999183139925541,0.77485944804319,38.9284087082803,3.67483328685927,17684540,2.4571759979105,2.4563912736654,FALSE,FALSE,FALSE,FALSE,FALSE,scopolamine [晕动症适应证]
OROPHARYNGEAL DISCOMFORT,1,553,8299,17675687,3.85146013147404,1.00096397102206,0.541486549668171,27.394484966292,3.84631309152553,0.999157337832933,0.54268115054719,27.2611723903137,2.10703746519585,17684540,1.94334757002073,1.94256284577564,FALSE,FALSE,FALSE,FALSE,FALSE,scopolamine [晕动症适应证]
PAIN IN JAW,1,553,23131,17660855,1.38067730122395,1.00092537529663,0.194127608802728,9.81967388292616,1.37999015808095,0.999118672293899,0.194719302780032,9.78009272430266,0.104765520949592,17684540,0.464640804358894,0.463856080113797,FALSE,FALSE,FALSE,FALSE,FALSE,scopolamine [晕动症适应证]
PAIN OF SKIN,1,553,24948,17659038,1.27998881434686,1.00092380242737,0.179971042927951,9.10352764643913,1.27948341937512,0.999117096577501,0.180538163498471,9.06776599879232,0.0611326402415216,17684540,0.355548820637747,0.35476409639265,FALSE,FALSE,FALSE,FALSE,FALSE,scopolamine [晕动症适应证]
PANCREATIC CARCINOMA,1,553,26924,17657062,1.1859154547406,1.00092233289217,0.166744469610997,8.43443545128432,1.18557986727717,0.999115624381761,0.167288630941828,8.40224236267267,0.0290921955405765,17684540,0.24558446682345,0.244799742578353,FALSE,FALSE,FALSE,FALSE,FALSE,scopolamine [晕动症适应证]
PARASOMNIA,1,553,586,17683400,54.5686266038796,1.00175588815632,7.66004280986102,388.736079333695,54.4719323320314,0.999950685754891,7.67357203313217,386.676687098781,52.4026085230535,17684540,5.76502649803233,5.76424177378723,FALSE,FALSE,FALSE,FALSE,FALSE,scopolamine [晕动症适应证]
PARKINSON'S DISEASE,1,553,16427,17667559,1.94488157425295,1.00093418877217,0.27345179579007,13.8326549545592,1.94317601184455,0.999127501717433,0.274181180229981,13.7716710163727,0.458195204754498,17684540,0.958373959163326,0.95758923491823,FALSE,FALSE,FALSE,FALSE,FALSE,scopolamine [晕动症适应证]
PAROTIDECTOMY,1,553,26,17683960,1229.93184031159,1.01993623000361,166.607212588394,9079.63291811072,1227.71355179117,1.01816326184045,166.885646150452,9031.81669616353,1180.31933999257,17684540,10.2073556889789,10.2065709647338,FALSE,FALSE,FALSE,FALSE,FALSE,scopolamine [晕动症适应证]
PATHOLOGICAL FRACTURE,1,553,3949,17680037,8.09600755015233,1.00103027101605,1.13809033600784,57.592386279319,8.08319887226397,0.999223757706713,1.14032023301455,57.29803095385,6.20672722814458,17684540,3.01460625319055,3.01382152894546,FALSE,FALSE,FALSE,FALSE,FALSE,scopolamine [晕动症适应证]
PETIT MAL EPILEPSY,1,553,3760,17680226,8.50305201800623,1.00103662883592,1.19529541910642,60.4887230932177,8.48950860281128,0.999230127021222,1.19762457025648,60.1789225999032,6.60694936776119,17684540,3.08534260010208,3.08455787585698,FALSE,FALSE,FALSE,FALSE,FALSE,scopolamine [晕动症适应证]
PHYSICAL EXAMINATION ABNORMAL,1,553,266,17683720,120.21727011924,1.00278002239247,16.8415971354208,858.1247917709,120.002076490866,1.00097666695897,16.8709765132135,853.566380751053,117.570198193867,17684540,6.90154725945483,6.90076253520973,FALSE,FALSE,FALSE,FALSE,FALSE,scopolamine [晕动症适应证]
PLATELET COUNT DECREASED,1,553,87338,17596648,0.364335569440949,1.00090949883737,0.0512283310229254,2.59115228837843,0.36548297816037,0.99910276702144,0.0515719687377893,2.59012425924889,1.10704327907968,17684540,-1.45209520128273,-1.45287992552783,FALSE,FALSE,FALSE,FALSE,FALSE,scopolamine [晕动症适应证]
PLEURISY,1,553,4272,17679714,7.48374291403377,1.00102070768942,1.0520414022991,53.2359352787409,7.47203940696873,0.999214177089698,1.05412199454219,52.9648116521287,5.60591426929259,17684540,2.90120958946127,2.90042486521617,FALSE,FALSE,FALSE,FALSE,FALSE,scopolamine [晕动症适应证]
PNEUMONIA ASPIRATION,1,553,20122,17663864,1.58741118597891,1.00092860470964,0.223193636128337,11.2900811917506,1.58635087697895,0.999121907551455,0.223835783323151,11.2426577535139,0.216964550902834,17684540,0.665685408910508,0.664900684665411,FALSE,FALSE,FALSE,FALSE,FALSE,scopolamine [晕动症适应证]
POLYMENORRHOEA,1,553,2550,17681436,12.5386916285502,1.00109966121423,1.76237769068488,89.2083397258489,12.5178636653217,0.999293273350113,1.76569062285,88.745394417204,10.5951234995992,17684540,3.64539600753991,3.64461128329481,FALSE,FALSE,FALSE,FALSE,FALSE,scopolamine [晕动症适应证]
POOR QUALITY SLEEP,1,553,18378,17665608,1.73822187350746,1.00093096053432,0.244396834546496,12.3627431064986,1.73688934304986,0.999124267638921,0.245075786129763,12.3095987475599,0.31293947821683,17684540,0.796472539758621,0.795687815513524,FALSE,FALSE,FALSE,FALSE,FALSE,scopolamine [晕动症适应证]
POST PROCEDURAL INFECTION,1,553,7315,17676671,4.36979453400887,1.00097206766004,0.614350748688988,31.0817628369499,4.36371187239513,0.999165449112359,0.615671807037588,30.9287855763707,2.59359311776211,17684540,2.12540383139367,2.12461910714857,FALSE,FALSE,FALSE,FALSE,FALSE,scopolamine [晕动症适应证]
POSTOPERATIVE WOUND INFECTION,1,553,5811,17678175,5.5012505122946,1.00098974133172,0.773395699185009,39.1310130518091,5.49312551136989,0.999183154742136,0.774992769100585,38.9351089284117,3.67574692071796,17684540,2.45742420350954,2.45663947926444,FALSE,FALSE,FALSE,FALSE,FALSE,scopolamine [晕动症适应证]
POTENTIATING DRUG INTERACTION,1,553,2821,17681165,11.3339856783245,1.00108084541001,1.59310881551233,80.6343107926075,11.315332274573,0.99927442353214,1.59612812460431,80.2170843996214,9.401875952201,17684540,3.49974091854512,3.49895619430002,FALSE,FALSE,FALSE,FALSE,FALSE,scopolamine [晕动症适应证]
PRE-EXISTING CONDITION IMPROVED,1,553,6086,17677900,5.2525911007922,1.00098585722601,0.738443429157962,37.3619862845576,5.24491494357056,0.999179263613246,0.739979843525244,37.1755163414141,3.43619412715648,17684540,2.39072754066457,2.38994281641947,FALSE,FALSE,FALSE,FALSE,FALSE,scopolamine [晕动症适应证]
PRESYNCOPE,1,553,20282,17663704,1.57487420142715,1.00092840886827,0.221430992479862,11.2009105976724,1.5738365223632,0.999121711355692,0.222070080072117,11.1539627414909,0.209456447377781,17684540,0.654259758609194,0.653475034364098,FALSE,FALSE,FALSE,FALSE,FALSE,scopolamine [晕动症适应证]
PRODUCT ADMINISTRATION ERROR,1,553,19696,17664290,1.62178402862754,1.00092914165075,0.228026296287167,11.5345619270114,1.62066167478526,0.999122445464188,0.228676832016577,11.4858345769254,0.23794656095491,17684540,0.696554898393807,0.69577017414871,FALSE,FALSE,FALSE,FALSE,FALSE,scopolamine [晕动症适应证]
PRODUCT PHYSICAL ISSUE,1,553,19586,17664400,1.63090253971496,1.00092928409174,0.22930831439114,11.5994184559383,1.62976372646637,0.999122588162934,0.229961075445303,11.5503452006483,0.243606989752519,17684540,0.7046343642966,0.703849640051504,FALSE,FALSE,FALSE,FALSE,FALSE,scopolamine [晕动症适应证]
PRODUCT SIZE ISSUE,1,553,5096,17678890,6.2733633584189,1.00100180178047,0.881922672371859,44.6241933217462,6.26384465199576,0.999195236997819,0.883708071925019,44.3989944992434,4.42389819698463,17684540,2.64681055323701,2.64602582899191,FALSE,FALSE,FALSE,FALSE,FALSE,scopolamine [晕动症适应证]
PRODUCT USE COMPLAINT,1,553,15296,17668690,2.08882157611204,1.0009364372578,0.293688572804981,14.8564703596026,2.0868561942057,0.999129754270723,0.294453083329985,14.7900260579517,0.566498911018217,17684540,1.06128206779267,1.06049734354757,FALSE,FALSE,FALSE,FALSE,FALSE,scopolamine [晕动症适应证]
PRODUCTIVE COUGH,1,553,42300,17641686,0.75417926718223,1.00091558865365,0.106042031687579,5.36378224743261,0.754622986916558,0.999108867922799,0.106480821415104,5.34796637380273,0.0799774440164827,17684540,-0.406160957614893,-0.40694568185999,FALSE,FALSE,FALSE,FALSE,FALSE,scopolamine [晕动症适应证]
PROSTATE CANCER,1,553,76881,17607105,0.414136776939952,1.00091027678517,0.05823066790171,2.94534265524327,0.415194291783021,0.99910354639293,0.0585864612214366,2.94242554227065,0.8272911085433,17684540,-1.26811505511903,-1.26889977936413,FALSE,FALSE,FALSE,FALSE,FALSE,scopolamine [晕动症适应证]
PROSTATOMEGALY,1,553,3362,17680624,9.50987367589902,1.00105235468577,1.33678566917249,67.6531020769698,9.49451289309054,0.999245881301919,1.33936030303646,67.305096972557,7.59902212298818,17684540,3.2467101276158,3.2459254033707,FALSE,FALSE,FALSE,FALSE,FALSE,scopolamine [晕动症适应证]
PSYCHOMOTOR HYPERACTIVITY,1,553,12211,17671775,2.61700053149245,1.00094468789552,0.367944649300647,18.6133751227231,2.6140817579699,0.999138019832528,0.368838047407151,18.5268940809887,0.997232288817337,17684540,1.3862313169356,1.38544659269051,FALSE,FALSE,FALSE,FALSE,FALSE,scopolamine [晕动症适应证]
PSYCHOTIC BEHAVIOUR,1,553,773,17683213,41.367240665405,1.00154981697149,5.80925094868838,294.573020753373,41.2943756100523,0.999744242474464,5.81957707552405,293.015357455426,39.2695114788889,17684540,5.36605343499797,5.36526871075288,FALSE,FALSE,FALSE,FALSE,FALSE,scopolamine [晕动症适应证]
PULMONARY HAEMATOMA,1,553,101,17683885,316.614774497341,1.00583764341552,44.0904864046944,2273.61781654849,316.045072738321,1.00403977978915,44.1665126806652,2261.54346222352,310.971126164801,17684540,8.28981784917089,8.28903312492579,FALSE,FALSE,FALSE,FALSE,FALSE,scopolamine [晕动症适应证]
PULSE ABNORMAL,1,553,1986,17682000,16.1000420666182,1.00115528240699,2.2626971508724,114.55857203291,16.0727856729962,0.999348995082672,2.26687783242218,113.960459445686,14.1294764609455,17684540,4.00586703389271,4.00508230964762,FALSE,FALSE,FALSE,FALSE,FALSE,scopolamine [晕动症适应证]
PUNCTATE KERATITIS,1,553,762,17683224,41.9644316612322,1.00155913992774,5.89300750867412,298.831033569554,41.8904886437932,0.999753582268173,5.90347864830285,297.25067936347,39.8637679356425,17684540,5.38670394430785,5.38591922006275,FALSE,FALSE,FALSE,FALSE,FALSE,scopolamine [晕动症适应证]
PUPILLARY DISORDER,1,553,403,17683583,79.3487496578554,1.00214258685668,11.1301007716633,565.693357269047,79.2073259220109,1.00033808228928,11.1496282023662,562.691451754798,77.0305722731908,17684540,6.30403170839059,6.30324698414549,FALSE,FALSE,FALSE,FALSE,FALSE,scopolamine [晕动症适应证]
PURULENT DISCHARGE,1,553,3133,17680853,10.2051099276269,1.00106321364546,1.43448323503532,72.6005477731389,10.1884942057358,0.999256759892989,1.43722736297461,72.2261604910362,8.28546835064704,17684540,3.3484537266698,3.34766900242471,FALSE,FALSE,FALSE,FALSE,FALSE,scopolamine [晕动症适应证]
PYREXIA,1,553,275270,17408716,0.114362259221277,1.00090559420127,0.0160803199022215,0.813337446874282,0.115960883302105,0.999098855017324,0.0163629423539676,0.821791470342973,6.84609786748407,17684540,-3.10824991226187,-3.10903463650697,FALSE,FALSE,FALSE,FALSE,FALSE,scopolamine [晕动症适应证]
RASH PAPULAR,1,553,18099,17665887,1.76504481530006,1.0009313795369,0.248167980167076,12.5535260347456,1.76366386798002,0.999124687399627,0.248853477645818,12.4993641585564,0.330985827551117,17684540,0.818541114284452,0.817756390039355,FALSE,FALSE,FALSE,FALSE,FALSE,scopolamine [晕动症适应证]
REBOUND EFFECT,1,553,10768,17673218,2.9679423192152,1.00095016989015,0.417281826684257,21.1096698846981,2.96439007676174,0.999143511742109,0.418260857794133,21.0098754484186,1.30239981686484,17684540,1.56764652290139,1.56686179865629,FALSE,FALSE,FALSE,FALSE,FALSE,scopolamine [晕动症适应证]
RED BLOOD CELL COUNT DECREASED,1,553,23690,17660296,1.34805554262143,1.00092486570769,0.189541075361912,9.58765134429288,1.34742728351922,0.999118161782577,0.190124807909315,9.54930765919812,0.0896987441634525,17684540,0.430191715395865,0.429406991150768,FALSE,FALSE,FALSE,FALSE,FALSE,scopolamine [晕动症适应证]
REFRACTION DISORDER,1,553,223,17683763,143.398527396427,1.00314140565815,20.0749045232853,1024.32057077095,143.141490343365,1.00133870105613,20.1098497022404,1018.87813987178,140.520129199536,17684540,7.15488826908478,7.15410354483968,FALSE,FALSE,FALSE,FALSE,FALSE,scopolamine [晕动症适应证]
RENAL DISORDER,1,553,38463,17645523,0.829595234874746,1.00091676674319,0.11664569006414,5.90016016321263,0.829902824703492,0.999110048148889,0.117102886584585,5.88148352733687,0.0349382615501858,17684540,-0.268977989568803,-0.2697627138139,FALSE,FALSE,FALSE,FALSE,FALSE,scopolamine [晕动症适应证]
RESTLESS LEGS SYNDROME,1,553,14231,17669755,2.24527726000709,1.00093888124534,0.315684749173722,15.9693174519835,2.24302946711899,0.99913220267931,0.316487439303426,15.8969379683361,0.689361461918987,17684540,1.16539239587522,1.16460767163013,FALSE,FALSE,FALSE,FALSE,FALSE,scopolamine [晕动症适应证]
RETROGRADE AMNESIA,1,553,331,17683655,96.6092939910294,1.00241185290761,13.5440551397407,689.110874782205,96.436714037977,1.0006078339371,13.5677496260533,685.451904019829,94.1643721565117,17684540,6.58720375979546,6.58641903555036,FALSE,FALSE,FALSE,FALSE,FALSE,scopolamine [晕动症适应证]
RHINORRHOEA,1,553,57177,17626809,0.557477318694485,1.00091251593023,0.0783850552463038,3.96479864538269,0.558276096097564,0.999105789618913,0.078775835065711,3.95644424732476,0.350632056857773,17684540,-0.840929345967116,-0.841714070212212,FALSE,FALSE,FALSE,FALSE,FALSE,scopolamine [晕动症适应证]
RHYTHM IDIOVENTRICULAR,1,553,247,17683739,129.46489153751,1.00292420342172,18.1319993613836,924.396576833996,129.233005451702,1.00112110770675,18.1636010236878,919.485606202155,126.72945309588,17684540,7.00804688075551,7.00726215651041,FALSE,FALSE,FALSE,FALSE,FALSE,scopolamine [晕动症适应证]
ROAD TRAFFIC ACCIDENT,1,553,32232,17651754,0.990319842085208,1.00091927745641,0.139243775823303,7.04328350641824,0.99033731529444,0.999112563412298,0.139740199856728,7.01851005702122,9.44476803590393e-05,17684540,-0.0140076580240092,-0.0147923822691059,FALSE,FALSE,FALSE,FALSE,FALSE,scopolamine [晕动症适应证]
SALIVARY HYPERSECRETION,1,553,7852,17676134,4.07081965733152,1.00096739753355,0.572323018132711,28.9549295720866,4.06527666156016,0.999160770540787,0.573571136913228,28.8132949366417,2.31199472888053,17684540,2.02321500937913,2.02243028513403,FALSE,FALSE,FALSE,FALSE,FALSE,scopolamine [晕动症适应证]
SENILE DEMENTIA,1,553,534,17683452,59.8826015401183,1.00183882635386,8.40462294324097,426.661135357225,59.7763152557498,1.0000337736677,8.41944002043203,424.399705548521,57.6867650715438,17684540,5.89884810985387,5.89806338560878,FALSE,FALSE,FALSE,FALSE,FALSE,scopolamine [晕动症适应证]
SENSITIVE SKIN,1,553,7146,17676840,4.47318116737496,1.00097368260225,0.628883916461751,31.8172388136993,4.46691188728945,0.999167066974853,0.630230196951476,31.6603391987961,2.6914914378252,17684540,2.15912111820698,2.15833639396188,FALSE,FALSE,FALSE,FALSE,FALSE,scopolamine [晕动症适应证]
SENSORY LOSS,1,553,6369,17677617,5.01911723745527,1.00098221030767,0.705625198282805,35.7010179123793,5.01186251319994,0.999175610100519,0.70710465959798,35.5234059205605,3.21204197577069,17684540,2.32516553399872,2.32438080975362,FALSE,FALSE,FALSE,FALSE,FALSE,scopolamine [晕动症适应证]
SENSORY PROCESSING SENSITIVITY,1,553,39,17683947,819.95395743497,1.01363178741272,112.452384806195,5978.74819170779,818.475701194113,1.01184777261259,112.642836608796,5947.1378173096,796.066800496785,17684540,9.64031509625502,9.63953037200992,FALSE,FALSE,FALSE,FALSE,FALSE,scopolamine [晕动症适应证]
SINUS TACHYCARDIA,1,553,9971,17674015,3.20531983983208,1.00095387790232,0.450652961998825,22.7981975976626,3.20133911809953,0.999147226460387,0.451689913260907,22.6893978550158,1.51441055306537,17684540,1.67857602365088,1.67779129940578,FALSE,FALSE,FALSE,FALSE,FALSE,scopolamine [晕动症适应证]
SINUSITIS,1,553,87989,17595997,0.361626598195726,1.00090945652048,0.0508474334362118,2.57188588853102,0.36277889675494,0.99910272462697,0.0511904099363405,2.5709606173187,1.12486288818984,17684540,-1.46280876022309,-1.46359348446819,FALSE,FALSE,FALSE,FALSE,FALSE,scopolamine [晕动症适应证]
SKIN EXFOLIATION,1,553,75454,17608532,0.422003207491759,1.00091039966748,0.0593367314343945,3.00128946823156,0.423046523001702,0.999103669499763,0.0596944448054863,2.99807396160557,0.790213931630733,17684540,-1.2410856920245,-1.2418704162696,FALSE,FALSE,FALSE,FALSE,FALSE,scopolamine [晕动症适应证]
SLEEP TALKING,1,553,1246,17682740,25.6629387638998,1.00130462049999,3.60560948669785,182.656060904374,25.6184208238928,0.999498603059723,3.61211832602075,181.694902069577,23.6401506917331,17684540,4.67799744131271,4.67721271706762,FALSE,FALSE,FALSE,FALSE,FALSE,scopolamine [晕动症适应证]
SNEEZING,1,553,19223,17664763,1.66173404579863,1.00092976571305,0.233643068195253,11.8187115941254,1.66053958001199,0.999123070655727,0.234303353497782,11.7684687633482,0.263025724456699,17684540,0.731622258012516,0.730837533767419,FALSE,FALSE,FALSE,FALSE,FALSE,scopolamine [晕动症适应证]
SOMNAMBULISM,1,553,4872,17679114,6.56187699872616,1.00100630834353,0.922474381237364,46.6768840655012,6.55183750955878,0.999199751709155,0.92433014882504,46.4407385242464,4.70479744616322,17684540,2.71164868395007,2.71086395970497,FALSE,FALSE,FALSE,FALSE,FALSE,scopolamine [晕动症适应证]
SPINAL FRACTURE,1,553,17067,17666919,1.87188212905398,1.00093304844659,0.26318860773976,13.3134284768751,1.8703083345972,0.999126359328815,0.263900177677123,13.2552137601952,0.40534702162976,17684540,0.903236795941271,0.902452071696174,FALSE,FALSE,FALSE,FALSE,FALSE,scopolamine [晕动症适应证]
STEVENS-JOHNSON SYNDROME,1,553,13729,17670257,2.32744179932475,1.00094016473179,0.327236215052162,16.5537464378157,2.32504569499384,0.999133488487422,0.328058955350175,16.4782500085666,0.755676464569032,17684540,1.21719918610792,1.21641446186282,FALSE,FALSE,FALSE,FALSE,FALSE,scopolamine [晕动症适应证]
STOMATITIS,1,553,52298,17631688,0.609654354579615,1.00091333099834,0.0857213599904811,4.3358905189927,0.61035894960745,0.999106606168802,0.0861248750032623,4.32555690039373,0.24947213527292,17684540,-0.71225254962434,-0.713037273869437,FALSE,FALSE,FALSE,FALSE,FALSE,scopolamine [晕动症适应证]
SUPRAVENTRICULAR TACHYCARDIA,1,553,6844,17677142,4.67064563620357,1.00097676707216,0.656641448816709,33.2219824050077,4.6640199220588,0.999170157022328,0.658035901713092,33.0575911994021,2.8791211203965,17684540,2.22140836499712,2.22062364075202,FALSE,FALSE,FALSE,FALSE,FALSE,scopolamine [晕动症适应证]
SYNCOPE,1,553,77102,17606884,0.41294453982496,1.00091025816112,0.0580630327395777,2.93686335221367,0.414004206720583,0.999103527734843,0.0584185350559346,2.93399146380901,0.83305990885712,17684540,-1.27225618344907,-1.27304090769417,FALSE,FALSE,FALSE,FALSE,FALSE,scopolamine [晕动症适应证]
TACHYCARDIA,1,553,68325,17615661,0.466223512901388,1.00091109043855,0.0655543404113823,3.31578904795707,0.467187008365465,0.999104361531492,0.065922847112499,3.31089615126909,0.610005412062724,17684540,-1.09790385818641,-1.0986885824315,FALSE,FALSE,FALSE,FALSE,FALSE,scopolamine [晕动症适应证]
TEMPERATURE INTOLERANCE,1,553,8798,17675188,3.63291262562961,1.00096055718318,0.510763819016953,25.8398376197845,3.62816007576386,0.999153917820469,0.511905098644809,25.7148162231931,1.90451310600711,17684540,1.85911933466427,1.85833461041917,FALSE,FALSE,FALSE,FALSE,FALSE,scopolamine [晕动症适应证]
TEMPERATURE REGULATION DISORDER,1,553,1961,17682025,16.3053180786642,1.00115848831481,2.29153220733067,116.019926229231,16.2776911507243,0.99935220678508,2.29576289411146,115.414022013331,14.3334067129287,17684540,4.02413386492314,4.02334914067805,FALSE,FALSE,FALSE,FALSE,FALSE,scopolamine [晕动症适应证]
TEMPOROMANDIBULAR JOINT SYNDROME,1,553,1985,17682001,16.1081538300363,1.00115540909303,2.26383661459078,114.616319101728,16.080882794242,0.999349121997698,2.26801927219029,114.017898618832,14.1375347171234,17684540,4.00659328361401,4.00580855936891,FALSE,FALSE,FALSE,FALSE,FALSE,scopolamine [晕动症适应证]
THERAPEUTIC PRODUCT EFFECT INCOMPLETE,1,553,69782,17614204,0.456451331278506,1.0009109377859,0.0641803214050642,3.24628816535469,0.457432466059591,0.999104208600438,0.0645464429088602,3.24176595294048,0.646087752560997,17684540,-1.12834480932841,-1.12912953357351,FALSE,FALSE,FALSE,FALSE,FALSE,scopolamine [晕动症适应证]
THERAPEUTIC RESPONSE CHANGED,1,553,6140,17677846,5.20637977039659,1.00098513539488,0.731947775241082,37.0332300069726,5.19878702712873,0.999178540476901,0.733472917059771,36.8485133190534,3.39176517423616,17684540,2.37798530339782,2.37720057915272,FALSE,FALSE,FALSE,FALSE,FALSE,scopolamine [晕动症适应证]
THERMAL BURN,1,553,5336,17678650,5.99112175377049,1.00099739316657,0.842251829169818,42.6161613728772,5.98211250872759,0.999190820412643,0.843968387969855,42.4016711729649,4.14975243057094,17684540,2.58042989515407,2.57964517090897,FALSE,FALSE,FALSE,FALSE,FALSE,scopolamine [晕动症适应证]
THROAT TIGHTNESS,1,553,20784,17663202,1.53679228144615,1.00092781398695,0.216076837488942,10.9300494387018,1.53582334230997,0.999121115397845,0.216706631306577,10.8845461929922,0.187150863118736,17684540,0.618988063630647,0.618203339385551,FALSE,FALSE,FALSE,FALSE,FALSE,scopolamine [晕动症适应证]
TIC,1,553,3824,17680162,8.3607112592402,1.00103440555294,1.17529134194192,59.4758850557755,8.3474247768228,0.999227899718672,1.17758578514927,59.1714856645307,6.46693016182768,17684540,3.06099915867501,3.06021443442991,FALSE,FALSE,FALSE,FALSE,FALSE,scopolamine [晕动症适应证]
TINNITUS,1,553,36472,17647514,0.874981407124671,1.00091747573049,0.123027066584869,6.22295958170908,0.875207072454771,0.999110758421469,0.12349534043529,6.20256130291989,0.0178301026700544,17684540,-0.192298058416152,-0.193082782661248,FALSE,FALSE,FALSE,FALSE,FALSE,scopolamine [晕动症适应证]
TONGUE DISCOLOURATION,1,553,3330,17680656,9.60127722659368,1.00105378233305,1.34963032374541,68.3035367241021,9.58575145542655,0.999247311530203,1.35222724204239,67.9520631653801,7.68921263459815,17684540,3.26050355246803,3.25971882822293,FALSE,FALSE,FALSE,FALSE,FALSE,scopolamine [晕动症适应证]
TONGUE DRY,1,553,1063,17682923,30.0812348279036,1.00137361089061,4.22580287504826,214.132252622206,30.0287416242431,0.999567718102371,4.23338644034861,213.003309818627,28.0373558352055,17684540,4.90696075564119,4.9061760313961,FALSE,FALSE,FALSE,FALSE,FALSE,scopolamine [晕动症适应证]
TONGUE PARALYSIS,1,553,372,17683614,85.9612961558654,1.00224575172786,12.0551924624323,612.959474502282,85.8079364155118,1.00044143323987,12.0763173643085,609.705900380677,83.5966361580834,17684540,6.41921137088715,6.41842664664205,FALSE,FALSE,FALSE,FALSE,FALSE,scopolamine [晕动症适应证]
TOOTH LOSS,1,553,18830,17665156,1.69645375631783,1.00093030807204,0.23852447407864,12.0656605928666,1.69519661957357,0.999123613996084,0.239193232488288,12.0141006880468,0.285387441342589,17684540,0.761421196838145,0.760636472593049,FALSE,FALSE,FALSE,FALSE,FALSE,scopolamine [晕动症适应证]
TRANSAMINASES INCREASED,1,553,17879,17666107,1.78678583489758,1.0009317191544,0.251224633295061,12.7081631204571,1.78536564385986,0.999125027631594,0.251915436456172,12.6531765068302,0.345805304777549,17684540,0.836184075071702,0.835399350826605,FALSE,FALSE,FALSE,FALSE,FALSE,scopolamine [晕动症适应证]
TRANSFUSION,1,553,9766,17674220,3.27264128898318,1.00095492951061,0.460117094174433,23.2770769483674,3.26853904838935,0.99914827997051,0.461170471567481,23.1657232401158,1.57519489539308,17684540,1.7085434097682,1.7077586855231,FALSE,FALSE,FALSE,FALSE,FALSE,scopolamine [晕动症适应证]
TRANSIENT GLOBAL AMNESIA,1,553,604,17683382,52.9423553644779,1.0017305046535,7.43212557498278,377.132081967703,52.8485966002821,0.999925256426255,7.44526049645862,375.134511941905,50.7851774305687,17684540,5.72145185898043,5.72066713473533,FALSE,FALSE,FALSE,FALSE,FALSE,scopolamine [晕动症适应证]
TRISMUS,1,553,3925,17680061,8.14552285737322,1.00103104442119,1.14504917832919,57.9447100401437,8.13262480167399,0.999224532510137,1.14729114946966,57.6484758863313,6.25538166517323,17684540,3.02339873367621,3.02261400943111,FALSE,FALSE,FALSE,FALSE,FALSE,scopolamine [晕动症适应证]
TYPE 2 DIABETES MELLITUS,1,553,27732,17656254,1.1513099157031,1.00092179231302,0.161878963536812,8.18830620752559,1.15103679311158,0.999115082823782,0.162414679083783,8.15742583472485,0.0198491650618399,17684540,0.202927124136555,0.202142399891459,FALSE,FALSE,FALSE,FALSE,FALSE,scopolamine [晕动症适应证]
UNRESPONSIVE TO STIMULI,1,553,19767,17664219,1.61595233658377,1.00092905055341,0.227206388505351,11.4930833208021,1.61484050926142,0.999122354202003,0.227855501039607,11.4445771923601,0.234346824495633,17684540,0.691363895813598,0.690579171568501,FALSE,FALSE,FALSE,FALSE,FALSE,scopolamine [晕动症适应证]
UPPER RESPIRATORY TRACT INFECTION,1,553,39226,17644760,0.813423284865954,1.0009165141176,0.114371880851489,5.78514085311998,0.813760065940203,0.999109795065238,0.114825130294934,5.76707767035052,0.0427171799727491,17684540,-0.297316193701761,-0.298100917946857,FALSE,FALSE,FALSE,FALSE,FALSE,scopolamine [晕动症适应证]
UPPER-AIRWAY COUGH SYNDROME,1,553,7645,17676341,4.18109225261579,1.00096912004525,0.587824433334575,29.739376986621,4.17535020883851,0.99916249616736,0.58909945514631,29.5935588025929,2.4155796331058,17684540,2.06175370630773,2.06096898206264,FALSE,FALSE,FALSE,FALSE,FALSE,scopolamine [晕动症适应证]
URETERIC STENOSIS,1,553,606,17683380,52.7676221510035,1.00172777730818,7.40763586806432,375.885369781097,52.6741787897201,0.999922524157017,7.42072841937106,373.894441943013,50.6113863244323,17684540,5.7166904848867,5.7159057606416,FALSE,FALSE,FALSE,FALSE,FALSE,scopolamine [晕动症适应证]
VEIN DISORDER,1,553,4043,17679943,7.90773283048101,1.0010273302506,1.11163016239263,56.2527364170069,7.89526399865704,0.999220811624434,1.11381414858711,55.9655250272794,6.02181014079232,17684540,2.98067590923937,2.97989118499427,FALSE,FALSE,FALSE,FALSE,FALSE,scopolamine [晕动症适应证]
VENTRICULAR EXTRASYSTOLES,1,553,6613,17677373,4.83386004169004,1.00097931653594,0.679584204742199,34.383087098841,4.82693971670504,0.999172711096184,0.681018473679017,34.2125036679785,3.03478658377182,17684540,2.27093586095127,2.27015113670617,FALSE,FALSE,FALSE,FALSE,FALSE,scopolamine [晕动症适应证]
VOMITING PROJECTILE,1,553,2362,17681624,13.5368347233855,1.00111525053078,1.90261370837517,96.3127163026418,13.5142050578198,0.999308890846789,1.90616988450087,95.8118895014573,11.5848452118886,17684540,3.75583927716854,3.75505455292344,FALSE,FALSE,FALSE,FALSE,FALSE,scopolamine [晕动症适应证]
WHITE BLOOD CELL COUNT DECREASED,1,553,91333,17592653,0.348320056631983,1.00090924865893,0.0489764530544725,2.4772488468523,0.34949637421929,0.999102516384133,0.049316181646308,2.47682832520296,1.2170286254338,17684540,-1.51662120634138,-1.51740593058648,FALSE,FALSE,FALSE,FALSE,FALSE,scopolamine [晕动症适应证]
WOUND DEHISCENCE,1,553,2431,17681555,13.1525622553173,1.0011092488698,1.84862562976528,93.5775697873245,13.1306262223654,0.999302878336978,1.85208816363967,93.091327063313,11.2037167488425,17684540,3.7143156776988,3.7135309534537,FALSE,FALSE,FALSE,FALSE,FALSE,scopolamine [晕动症适应证]
WRONG TECHNIQUE IN DEVICE USAGE PROCESS,1,553,45122,17638864,0.706898628776811,1.00091485007228,0.099394240294833,5.02751135160608,0.707427692623784,0.99910812800129,0.0998214901372619,5.01348897519813,0.121306561559482,17684540,-0.499332176827356,-0.500116901072453,FALSE,FALSE,FALSE,FALSE,FALSE,scopolamine [晕动症适应证]
NAUSEA,11,39,639580,17044910,7.51671208910335,0.341396746827971,3.84968449802091,14.676776930556,6.08303542950061,0.266290438972993,3.60951913286997,10.2515927120569,48.4740386874251,17684540,2.60477067352879,2.6039859492837,TRUE,TRUE,TRUE,TRUE,TRUE,dimenhydrinate [晕动症适应证]
DIZZINESS,8,42,398758,17285732,8.25693874719098,0.385761700337633,3.87660966688545,17.5867686801799,7.09582854764043,0.32404081724368,3.75988014696209,13.3915925001469,42.8596465074781,17684540,2.82694628656006,2.82616156231497,TRUE,TRUE,TRUE,TRUE,TRUE,dimenhydrinate [晕动症适应证]
VOMITING,7,43,374425,17310065,7.52598666792959,0.407572920276022,3.38555887779939,16.730022241607,6.61234853441944,0.350513561894903,3.32653861909402,13.1437383259801,34.0657096826173,17684540,2.72513987811711,2.72435515387201,TRUE,TRUE,TRUE,TRUE,TRUE,dimenhydrinate [晕动症适应证]
CONFUSIONAL STATE,5,45,125585,17558905,15.5352107691559,0.471413026875356,6.16655032764759,39.1374043539453,14.0816896922403,0.42427338614115,6.13064223264553,32.3447327480042,61.1956927854239,17684540,3.81569519246557,3.81491046822047,TRUE,TRUE,TRUE,TRUE,TRUE,dimenhydrinate [晕动症适应证]
DIARRHOEA,4,46,554618,17129872,2.6857297941223,0.521287820551325,0.966792262772491,7.46090427570337,2.55087141059252,0.479584973175859,0.996454782190533,6.53009556447093,3.89366296722385,17684540,1.35098384857993,1.35019912433484,FALSE,FALSE,TRUE,FALSE,FALSE,dimenhydrinate [晕动症适应证]
DRUG INEFFECTIVE,4,46,1164919,16519571,1.23311958581035,0.521286916580328,0.443891485105152,3.42557576329469,1.21447001894552,0.479583988350381,0.474413092369875,3.10897285643965,0.162180515249613,17684540,0.280326000457273,0.279541276212176,FALSE,FALSE,TRUE,FALSE,FALSE,dimenhydrinate [晕动症适应证]
HEART RATE INCREASED,4,46,76738,17607752,19.9524208288621,0.521298588700743,7.18219643844429,55.4286004767422,18.4362271625531,0.479596679311597,7.20163515439645,47.1968469246546,66.2459085606892,17684540,4.20440042385863,4.20361569961353,TRUE,TRUE,TRUE,TRUE,TRUE,dimenhydrinate [晕动症适应证]
HYPOAESTHESIA,4,46,119954,17564536,12.732805546474,0.521294085806358,4.58341965311999,35.3719164628442,11.7941811027561,0.479591784731846,4.60713590358096,30.1928813900386,39.7844232624075,17684540,3.55995931879625,3.55917459455115,TRUE,TRUE,TRUE,TRUE,TRUE,dimenhydrinate [晕动症适应证]
PRURITUS,4,46,324942,17359548,4.6455241644462,0.521289042194689,1.6722628145957,12.9052051950764,4.35388223129051,0.479586301853548,1.70076604184914,11.1457366959991,10.5275615403407,17684540,2.12228870408533,2.12150397984024,TRUE,TRUE,TRUE,TRUE,TRUE,dimenhydrinate [晕动症适应证]
SOMNOLENCE,4,46,160677,17523813,9.48368357690868,0.521292059373727,3.41384891000068,26.3457043817764,8.80498889075599,0.479589581954599,3.43948895108905,22.5405083338874,27.9273008511111,17684540,3.13828934782736,3.13750462358226,TRUE,TRUE,TRUE,TRUE,TRUE,dimenhydrinate [晕动症适应证]
BLOOD POTASSIUM DECREASED,3,47,23223,17661267,48.5430355636058,0.595527536271686,15.1078845717476,155.973279418358,45.6904534297894,0.559800265760332,15.2515457517077,136.879078921296,131.292514222314,17684540,5.51363857512454,5.51285385087944,TRUE,TRUE,TRUE,TRUE,TRUE,dimenhydrinate [晕动症适应证]
CHRONIC KIDNEY DISEASE,3,47,75640,17608850,14.859454639558,0.59550248226677,4.62488485055955,47.7424626384738,14.0278873611846,0.559773612547834,4.68277565164815,42.0224325179495,36.4520002710238,17684540,3.81017270690723,3.80938798266213,TRUE,TRUE,TRUE,TRUE,TRUE,dimenhydrinate [晕动症适应证]
CONSTIPATION,3,47,184349,17500141,6.05932376414163,0.595495936773854,1.88593961783051,19.4679639430487,5.75576433829313,0.559766648953264,1.92140985166254,17.2419346602712,11.9124993129009,17684540,2.52498812565877,2.52420340141368,TRUE,TRUE,TRUE,TRUE,TRUE,dimenhydrinate [晕动症适应证]
COVID-19,3,47,174599,17509891,6.40125440020433,0.595496191086271,1.99236312987531,20.5665610258004,6.07717913619207,0.559766919526576,2.02870461399115,18.2047726409565,12.8518570790641,17684540,2.60338110911209,2.602596384867,TRUE,TRUE,TRUE,TRUE,TRUE,dimenhydrinate [晕动症适应证]
DRUG HYPERSENSITIVITY,3,47,178774,17505716,6.25027200632964,0.595496078792104,1.94537093191091,20.081465962244,5.93525568594986,0.559766800052635,1.98132770896874,17.779623178003,12.4367404937797,17684540,2.56929005069401,2.56850532644891,TRUE,TRUE,TRUE,TRUE,TRUE,dimenhydrinate [晕动症适应证]
DYSPNOEA,3,47,463436,17221054,2.37188352386512,0.595493194706472,0.738242966026819,7.62056898565623,2.28957051243322,0.559763731034674,0.764316994190121,6.85858507824797,2.23762580548138,17684540,1.19507173659583,1.19428701235073,FALSE,FALSE,TRUE,FALSE,FALSE,dimenhydrinate [晕动症适应证]
GASTROOESOPHAGEAL REFLUX DISEASE,3,47,64463,17620027,17.4469474654932,0.595504406874027,5.43020054219976,56.0561204872864,16.4601306175636,0.559775660029425,5.49468266828428,49.3087437990033,43.7199970481834,17684540,4.04084081897161,4.04005609472651,TRUE,TRUE,TRUE,TRUE,TRUE,dimenhydrinate [晕动症适应证]
HEADACHE,3,47,519249,17165241,2.1100737427536,0.595493000121401,0.656755560218862,6.77940389019992,2.04346931818838,0.55976352386067,0.682162419862575,6.12136748198255,1.64684477007617,17684540,1.03101632580021,1.03023160155512,FALSE,FALSE,TRUE,FALSE,FALSE,dimenhydrinate [晕动症适应证]
LETHARGY,3,47,43892,17640598,25.6537778415492,0.595510511209122,7.98440483150537,82.4252190904352,24.1745511710562,0.559782154040054,8.06978994980526,72.4193477100502,66.8090233667415,17684540,4.59532267424992,4.59453795000482,TRUE,TRUE,TRUE,TRUE,TRUE,dimenhydrinate [晕动症适应证]
PYREXIA,3,47,275268,17409222,4.03689108857627,0.59549443267097,1.25646946385722,12.9700642393633,3.85467762326169,0.559765048578324,1.2867863166394,11.5470139736015,6.44252084294895,17684540,1.94659856473375,1.94581384048865,TRUE,TRUE,TRUE,TRUE,TRUE,dimenhydrinate [晕动症适应证]
RASH ERYTHEMATOUS,3,47,38651,17645839,29.1410351332739,0.595513105061852,9.06972221599882,93.630202603199,27.4525730252775,0.559784913460891,9.16398811953125,82.2397143992306,76.6285546572036,17684540,4.77876157349233,4.77797684924723,TRUE,TRUE,TRUE,TRUE,TRUE,dimenhydrinate [晕动症适应证]
SEIZURE,3,47,113253,17571237,9.90321068006089,0.595498795781635,3.08231634978796,31.8181428004361,9.36901803925724,0.559769690653917,3.12758048833124,28.0659440572104,22.5712157983026,17684540,3.22786371128,3.22707898703491,TRUE,TRUE,TRUE,TRUE,TRUE,dimenhydrinate [晕动症适应证]
TREMOR,3,47,126785,17557705,8.83940982346559,0.595498004531876,2.75121882749188,28.4002003935147,8.36904523405766,0.559768848860838,2.79377258712106,25.0703720312037,19.6057005634464,17684540,3.06503298733853,3.06424826309343,TRUE,TRUE,TRUE,TRUE,TRUE,dimenhydrinate [晕动症适应证]
URTICARIA,3,47,136311,17548179,8.21721307829077,0.595497541748979,2.55756575247816,26.4011162601027,7.78418029359333,0.559768356511603,2.59853422886681,23.3183239112424,17.8753321814251,17684540,2.96051745332371,2.95973272907862,TRUE,TRUE,TRUE,TRUE,TRUE,dimenhydrinate [晕动症适应证]
WEIGHT DECREASED,3,47,228163,17456327,4.88349836870076,0.595495062276259,1.51997140138185,15.6901348903154,4.65048846657872,0.559765718509253,1.55244553545905,13.9309511888201,8.70880695416187,17684540,2.2173673682705,2.21658264402541,TRUE,TRUE,TRUE,TRUE,TRUE,dimenhydrinate [晕动症适应证]
WRONG TECHNIQUE IN PRODUCT USAGE PROCESS,3,47,199312,17485178,5.59963871462512,0.595495594886044,1.74286570336344,17.9910326273657,5.32366039174761,0.559766285199439,1.77716463274109,15.9475151848756,10.6544262105482,17684540,2.4124009054445,2.4116161811994,TRUE,TRUE,TRUE,TRUE,TRUE,dimenhydrinate [晕动症适应证]
ABDOMINAL PAIN,2,48,185930,17498560,3.92140411265889,0.721691602312994,0.953071112145339,16.1345885095225,3.80454794815253,0.692824163710734,0.978496390161887,14.7926811333427,4.17867183970815,17684540,1.9277136049801,1.926928880735,FALSE,FALSE,FALSE,FALSE,FALSE,dimenhydrinate [晕动症适应证]
CRANIOCEREBRAL INJURY,2,48,2848,17681642,258.685071395131,0.721931100233722,62.8421750204764,1064.85757599732,248.377668539326,0.693073637537008,63.8493316699965,966.203789694806,492.496960145791,17684540,7.95538296347738,7.95459823923228,FALSE,FALSE,FALSE,FALSE,FALSE,dimenhydrinate [晕动症适应证]
DYSARTHRIA,2,48,27897,17656593,26.3717021543535,0.721712710237067,6.40920113417518,108.510664583385,25.3568340681794,0.692846151466259,6.52127445450349,98.5956101751182,46.863118822909,17684540,4.66420337623932,4.66341865199423,FALSE,FALSE,FALSE,FALSE,FALSE,dimenhydrinate [晕动症适应证]
DYSPNOEA EXERTIONAL,2,48,32429,17652061,22.6803953765662,0.721709239639355,5.51212825543741,93.3215467056558,21.8131795615036,0.692842536259248,5.60995659872114,84.8161290037192,39.7885641457461,17684540,4.44704327832597,4.44625855408087,FALSE,FALSE,FALSE,FALSE,FALSE,dimenhydrinate [晕动症适应证]
EYE PAIN,2,48,47410,17637080,15.500492160585,0.721702488999837,3.76721083949326,63.7780223770738,14.9204724741616,0.692835504322471,3.83732946551137,58.0144344792523,26.0437160792773,17684540,3.89916453571802,3.89837981147292,FALSE,FALSE,FALSE,FALSE,FALSE,dimenhydrinate [晕动症适应证]
FATIGUE,2,48,674560,17009930,1.05068056708571,0.721688904286564,0.255362253728771,4.32299463970137,1.04865334440228,0.692821352082261,0.269705936334828,4.0773067573896,0.00469366592447423,17684540,0.0685376434583796,0.067752919213283,FALSE,FALSE,FALSE,FALSE,FALSE,dimenhydrinate [晕动症适应证]
FEAR,2,48,16945,17667545,43.4433584144782,0.721728760957214,10.557849510792,178.760398924007,41.7456240778991,0.692862870928885,10.735794150428,162.325870376696,79.6060566140519,17684540,5.38338688136031,5.38260215711521,FALSE,FALSE,FALSE,FALSE,FALSE,dimenhydrinate [晕动症适应证]
FEELING ABNORMAL,2,48,195918,17488572,3.71936473422554,0.721691412370805,0.903967125440726,15.3032932690512,3.61059014485652,0.692823965830796,0.928612503108989,14.0385372267651,3.81735882327394,17684540,1.85222401396551,1.85143928972041,FALSE,FALSE,FALSE,FALSE,FALSE,dimenhydrinate [晕动症适应证]
HALLUCINATION,2,48,58963,17625527,12.4552169722255,0.721699625784556,3.02710979877893,51.2477049520277,11.9970082933365,0.692832521784029,3.08547484815888,46.6470203366809,20.227484855385,17684540,3.58455792338423,3.58377319913914,FALSE,FALSE,FALSE,FALSE,FALSE,dimenhydrinate [晕动症适应证]
HYPERSENSITIVITY,2,48,156152,17528338,4.67715697952422,0.721692312831727,1.13675022218483,19.2441549464287,4.53007070034326,0.692824903904207,1.16509279343248,17.6136533208225,5.55057658778906,17684540,2.17951916744959,2.17873444320449,FALSE,FALSE,FALSE,FALSE,FALSE,dimenhydrinate [晕动症适应证]
LOSS OF CONSCIOUSNESS,2,48,94142,17590348,7.78537917897078,0.721695235147208,1.89217100467489,32.0331137146697,7.51396401181194,0.692827948126205,1.9325113589762,29.2156912343926,11.3543040455077,17684540,2.90954763616202,2.90876291191692,FALSE,FALSE,FALSE,FALSE,FALSE,dimenhydrinate [晕动症适应证]
MEMORY IMPAIRMENT,2,48,118519,17565971,6.17551159167166,0.721693721551814,1.50091066470428,25.4092027698297,5.96849112800479,0.692826371408449,1.53503696951151,23.206533166695,8.32774793108293,17684540,2.5773459890323,2.57656126478721,FALSE,FALSE,FALSE,FALSE,FALSE,dimenhydrinate [晕动症适应证]
MOTION SICKNESS,2,48,1548,17682942,475.962047803618,0.72213529529933,115.578845346701,1960.04615091857,456.963565891473,0.693286332106234,117.42061077645,1778.35645012784,908.837060329538,17684540,8.83407666725525,8.83329194301015,FALSE,FALSE,FALSE,FALSE,FALSE,dimenhydrinate [晕动症适应证]
MUSCULOSKELETAL STIFFNESS,2,48,75225,17609265,9.75366400797607,0.721697085746226,2.37053749848572,40.1318104612387,9.40351744765703,0.692829875875925,2.41847520044949,36.5627649900878,15.0834845049963,17684540,3.2331662300213,3.23238150577621,FALSE,FALSE,FALSE,FALSE,FALSE,dimenhydrinate [晕动症适应证]
PARAESTHESIA,2,48,123840,17560650,5.90837976421189,0.721693470397394,1.43598703248324,24.3100742893066,5.71204457364341,0.692826109776959,1.46908220190072,22.2094129035634,7.82892563204489,17684540,2.5139880172347,2.5132032929896,FALSE,FALSE,FALSE,FALSE,FALSE,dimenhydrinate [晕动症适应证]
POST CONCUSSION SYNDROME,2,48,269,17684221,2739.1916047088,0.724258836328476,662.400794084351,11327.2367942719,2629.66394052045,0.695497962306313,672.791403661356,10278.2710992458,5216.62386853854,17684540,11.349980126063,11.3491954018179,FALSE,FALSE,FALSE,FALSE,FALSE,dimenhydrinate [晕动症适应证]
RENAL FAILURE,2,48,101229,17583261,7.23741096918867,0.721694719945843,1.75899371097604,29.7784564038421,6.98791453042113,0.692827411441968,1.79721893656675,27.1702843159182,10.3209143920924,17684540,2.80483753834588,2.80405281410078,FALSE,FALSE,FALSE,FALSE,FALSE,dimenhydrinate [晕动症适应证]
STEVENS-JOHNSON SYNDROME,2,48,13728,17670762,53.6335773601399,0.721738341607838,13.034089123769,220.695178092683,51.5282342657343,0.692872850728125,13.2513456820476,200.369003288587,99.1578319367797,17684540,5.68708516238238,5.68630043813729,FALSE,FALSE,FALSE,FALSE,FALSE,dimenhydrinate [晕动症适应证]
STRESS,2,48,60438,17624052,12.1502283331679,0.72169933902956,2.95298716984403,49.9927835974692,11.7042191998412,0.692832223077856,3.01017505517779,45.5085649727569,19.6458120458087,17684540,3.54891312736465,3.54812840311956,FALSE,FALSE,FALSE,FALSE,FALSE,dimenhydrinate [晕动症适应证]
THERAPEUTIC PRODUCT EFFECT INCOMPLETE,2,48,69781,17614709,10.5178516836006,0.721697804245309,2.55626261957293,43.2761497943048,10.1371376162566,0.692830624324376,2.60714994153798,39.4152854094399,16.5363497590342,17684540,3.34154116694605,3.34075644270096,FALSE,FALSE,FALSE,FALSE,FALSE,dimenhydrinate [晕动症适应证]
VERTIGO,2,48,49715,17634775,14.7798912132489,0.721701811479643,3.59208209304584,60.8129710338118,14.2286955647189,0.692834798568028,3.65941952362278,55.3245606759574,24.6663076554898,17684540,3.83067754328114,3.82989281903604,FALSE,FALSE,FALSE,FALSE,FALSE,dimenhydrinate [晕动症适应证]
VISUAL IMPAIRMENT,2,48,109701,17574789,6.67526162022224,0.721694191413653,1.62236957699753,27.4654544378701,6.44825115541335,0.692826860868183,1.65842491915016,25.0719477759636,9.26396348288445,17684540,2.68888571394866,2.68810098970356,FALSE,FALSE,FALSE,FALSE,FALSE,dimenhydrinate [晕动症适应证]
WEIGHT INCREASED,2,48,180616,17503874,4.03800373905597,0.721691711932177,0.981409662712536,16.6143403882564,3.91648358949373,0.692824277909866,1.00728503067805,15.2279079303386,4.38840143071709,17684540,1.969547017123,1.9687622928779,FALSE,FALSE,FALSE,FALSE,FALSE,dimenhydrinate [晕动症适应证]
ABDOMINAL DISCOMFORT,1,49,148834,17535656,2.40449447446313,1.01015589845669,0.332018072189818,17.4134908970206,2.37640458497386,0.989952858649416,0.341393695268916,16.5418952656299,0.803969287532583,17684540,1.24877486284559,1.24799013860049,FALSE,FALSE,FALSE,FALSE,FALSE,dimenhydrinate [晕动症适应证]
ABDOMINAL DISTENSION,1,49,85331,17599159,4.20909763396751,1.01015837330423,0.581198966397818,30.4826813476202,4.14491568128816,0.989955384107646,0.595454614771369,28.8524525275282,2.39771668730799,17684540,2.05132992576204,2.05054520151694,FALSE,FALSE,FALSE,FALSE,FALSE,dimenhydrinate [晕动症适应证]
ABNORMAL BEHAVIOUR,1,49,25815,17658675,13.9601441971327,1.01017174631991,1.92758862337176,101.103328605375,13.70094131319,0.989969030132553,1.96821145677428,95.3737934109611,11.7906850423768,17684540,3.7761513049299,3.77536658068481,FALSE,FALSE,FALSE,FALSE,FALSE,dimenhydrinate [晕动症适应证]
ABNORMAL DREAMS,1,49,17301,17667189,20.8401177707081,1.01018118176621,2.87750831650251,150.932842211511,20.4433154152939,0.989978658143919,2.93673313374102,142.310903352939,18.5092712598027,17684540,4.35347797409158,4.35269324984648,FALSE,FALSE,FALSE,FALSE,FALSE,dimenhydrinate [晕动症适应证]
ABNORMAL LOSS OF WEIGHT,1,49,6202,17678288,58.1717813213644,1.01023237828833,8.03128804086364,421.346628944558,57.0283456949371,0.990030899398345,8.19142499094268,397.028870593,55.0563182236326,17684540,5.83337875784509,5.83259403359999,FALSE,FALSE,FALSE,FALSE,FALSE,dimenhydrinate [晕动症适应证]
ACUTE KIDNEY INJURY,1,49,150310,17534180,2.38068264362494,1.01015586580194,0.328730101406747,17.2410431092354,2.35306899075245,0.989952825325823,0.338041331650158,16.3794576486018,0.784710431187621,17684540,1.23453810112594,1.23375337688084,FALSE,FALSE,FALSE,FALSE,FALSE,dimenhydrinate [晕动症适应证]
ACUTE PULMONARY OEDEMA,1,49,3892,17680598,92.7103110514504,1.01027974201791,12.7985438451889,671.576538645663,90.8761048304214,0.990079229536996,13.0520055451429,632.735436756154,88.883842789352,17684540,6.50546253806956,6.50467781382447,FALSE,FALSE,FALSE,FALSE,FALSE,dimenhydrinate [晕动症适应证]
ACUTE RESPIRATORY FAILURE,1,49,16324,17668166,22.0886312378419,1.01018289401449,3.04988712051431,159.975635386495,21.666858613085,0.989980405335629,3.11248750024094,150.828802404211,19.7300177420679,17684540,4.43733379609569,4.43654907185059,FALSE,FALSE,FALSE,FALSE,FALSE,dimenhydrinate [晕动症适应证]
AGGRESSION,1,49,33827,17650663,10.648819352733,1.01016720502324,1.4703806388516,77.1210872959437,10.4558429656783,0.98996439614631,1.50204984895644,72.7836377726602,8.56761910870682,17684540,3.38619890412527,3.38541417988017,FALSE,FALSE,FALSE,FALSE,FALSE,dimenhydrinate [晕动症适应证]
AGITATION,1,49,52774,17631716,6.81833741568784,1.01016195172162,0.941480385893055,49.379387835117,6.70197066737409,0.989959035606032,0.962791793025285,46.6522576861673,4.86560875835336,17684540,2.74456211429497,2.74377739004987,FALSE,FALSE,FALSE,FALSE,FALSE,dimenhydrinate [晕动症适应证]
ALVEOLAR OSTEITIS,1,49,331,17684159,1090.33596399285,1.01164685925937,150.116747409733,7919.3863102521,1068.54924471299,0.991474201121506,153.050468611168,7460.26783673231,1063.35764291935,17684540,10.0570897360699,10.0563050118248,FALSE,FALSE,FALSE,FALSE,FALSE,dimenhydrinate [晕动症适应证]
AMNESIA,1,49,47801,17636689,7.52980959752785,1.01016292746751,1.03971893082318,54.5320767893807,7.39921340557729,0.989960031272833,1.06295422540148,51.5058482415799,5.54924696037195,17684540,2.88734580711494,2.88656108286984,FALSE,FALSE,FALSE,FALSE,FALSE,dimenhydrinate [晕动症适应证]
ANAEMIA,1,49,153981,17530509,2.32343918922411,1.01015578730038,0.320825843734171,16.8264800715225,2.29697040543963,0.989952745216161,0.329982274036542,15.9889589792973,0.738754161465567,17684540,1.19972697860852,1.19894225436343,FALSE,FALSE,FALSE,FALSE,FALSE,dimenhydrinate [晕动症适应证]
ANAL INCONTINENCE,1,49,8785,17675705,41.0618865645291,1.01020891415234,5.66932966184809,297.40350778766,40.2606488332385,0.990006956463433,5.78322162218744,280.279738589761,38.3001576388736,17684540,5.33113838332408,5.33035365907899,FALSE,FALSE,FALSE,FALSE,FALSE,dimenhydrinate [晕动症适应证]
ANGER,1,49,24785,17659705,14.541139514107,1.01017254312095,2.00780815213861,105.311226146535,14.2703167238249,0.989969843195911,2.05000192804737,99.3374379858491,12.3572137915386,17684540,3.83489132183957,3.83410659759447,FALSE,FALSE,FALSE,FALSE,FALSE,dimenhydrinate [晕动症适应证]
ANXIETY,1,49,225491,17458999,1.58013447117985,1.01015476799803,0.218189049267616,11.4434017444587,1.56853178175626,0.98995170499377,0.2253353975716,10.9183553799962,0.208731240746378,17684540,0.649412442492993,0.648627718247897,FALSE,FALSE,FALSE,FALSE,FALSE,dimenhydrinate [晕动症适应证]
ARTHRALGIA,1,49,356893,17327597,0.990841592778308,1.01015396001647,0.136818183145617,7.17570603122647,0.991024760922742,0.989950880303425,0.142370924239481,6.89838941489167,8.29584311158588e-05,17684540,-0.0130069544337791,-0.0137916786788757,FALSE,FALSE,FALSE,FALSE,FALSE,dimenhydrinate [晕动症适应证]
ATELECTASIS,1,49,6501,17677989,55.4953523633727,1.0102287079279,7.66183114845353,401.957975092744,54.4054453161052,0.990027154143826,7.81473476793081,378.765571442094,52.4350416759878,17684540,5.76546132672649,5.76467660248139,FALSE,FALSE,FALSE,FALSE,FALSE,dimenhydrinate [晕动症适应证]
BLISTER,1,49,47288,17637202,7.61171751732329,1.01016303979986,1.0510285756749,55.1252790879852,7.47948316697682,0.989960145898468,1.07448535596903,52.0646169203835,5.62811329180677,17684540,2.90291215379625,2.90212742955115,FALSE,FALSE,FALSE,FALSE,FALSE,dimenhydrinate [晕动症适应证]
BLOOD PRESSURE DIASTOLIC DECREASED,1,49,5898,17678592,61.1711752859842,1.0102364915358,8.44532102451563,443.075245453232,59.9677517802645,0.990035096576346,8.6135638969914,417.496322844426,57.9939428090496,17684540,5.90587447358825,5.90508974934315,FALSE,FALSE,FALSE,FALSE,FALSE,dimenhydrinate [晕动症适应证]
BLOOD PRESSURE SYSTOLIC DECREASED,1,49,3371,17681119,107.04217243112,1.01029939508137,14.7764703929514,775.423790260447,104.921328982498,0.99009928357324,15.0686469722117,730.555656108636,102.919959032153,17684540,6.71274034647476,6.71195562222967,FALSE,FALSE,FALSE,FALSE,FALSE,dimenhydrinate [晕动症适应证]
BONE PAIN,1,49,48351,17636139,7.44392471886068,1.01016280968098,1.02786015188714,53.9100724143542,7.31504622448346,0.989959911081648,1.05086320651142,50.9199493661672,5.46658441376981,17684540,2.87084122225202,2.87005649800692,FALSE,FALSE,FALSE,FALSE,FALSE,dimenhydrinate [晕动症适应证]
CAESAREAN SECTION,1,49,6819,17677671,52.906407965738,1.01022515752807,7.30444565290003,383.203344490051,51.8682798064232,0.990023531297137,7.45035217373443,361.099500713791,49.8994881377315,17684540,5.69657314350531,5.69578841926021,FALSE,FALSE,FALSE,FALSE,FALSE,dimenhydrinate [晕动症适应证]
CARCINOEMBRYONIC ANTIGEN INCREASED,1,49,1645,17682845,219.3765275107,1.01045342423728,30.2743507978349,1589.6645032631,215.008996960486,0.990256454757472,30.869764886988,1497.5452175679,212.90405120211,17684540,7.74738054699522,7.74659582275012,FALSE,FALSE,FALSE,FALSE,FALSE,dimenhydrinate [晕动症适应证]
CARDIAC ARREST,1,49,59119,17625371,6.08436287791728,1.01016094511591,0.84013437039592,44.0637509125262,5.98267562035894,0.989958008447353,0.859461025698002,41.645178208481,4.16367401953529,17684540,2.58077051838333,2.57998579413824,FALSE,FALSE,FALSE,FALSE,FALSE,dimenhydrinate [晕动症适应证]
CELLULITIS,1,49,40820,17643670,8.82104110630043,1.01016469832303,1.2180084338447,63.8836021466853,8.66462028417443,0.989961838278867,1.24473530064593,60.3145460966422,6.79555214602623,17684540,3.11510526308202,3.11432053883693,FALSE,FALSE,FALSE,FALSE,FALSE,dimenhydrinate [晕动症适应证]
CHEST DISCOMFORT,1,49,82711,17601779,4.34307383046798,1.01015855704341,0.599698398976011,31.4529609035196,4.27621235385862,0.989955571600848,0.614316343180351,29.7664099259112,2.52182861004545,17684540,2.09632013459445,2.09553541034936,FALSE,FALSE,FALSE,FALSE,FALSE,dimenhydrinate [晕动症适应证]
CHILLS,1,49,93482,17591008,3.84031325030815,1.01015786754302,0.530277151630253,27.8118825507603,3.78350698530198,0.989954868011569,0.543535537650003,26.3366865940726,2.05867256553126,17684540,1.91971275490546,1.91892803066037,FALSE,FALSE,FALSE,FALSE,FALSE,dimenhydrinate [晕动症适应证]
CONDITION AGGRAVATED,1,49,262814,17421676,1.35283663793887,1.01015445632705,0.18680329145688,9.79729508338026,1.34577990518009,0.989951386900191,0.193334966222089,9.36780132728835,0.0901833624023986,17684540,0.428441074062391,0.427656349817295,FALSE,FALSE,FALSE,FALSE,FALSE,dimenhydrinate [晕动症适应证]
CONVULSION,1,49,15680,17668810,22.9966810703873,1.01018413933917,3.17525832463416,166.552540355608,22.5567474489796,0.989981676074602,3.24031373779432,157.023947879625,20.6180484827006,17684540,4.4953992227358,4.4946144984907,FALSE,FALSE,FALSE,FALSE,FALSE,dimenhydrinate [晕动症适应证]
DEAFNESS,1,49,21795,17662695,16.5388007921682,1.01017528279247,2.28362850884438,119.779522187452,16.2280247763248,0.989972638781659,2.3312236469644,112.965904615772,14.306623717201,17684540,4.02035339184032,4.01956866759522,FALSE,FALSE,FALSE,FALSE,FALSE,dimenhydrinate [晕动症适应证]
DECREASED APPETITE,1,49,200768,17483722,1.77722870707097,1.01015503826631,0.245404200456866,12.8707734886238,1.76168413292955,0.989951980818626,0.25308354251919,12.2628715930054,0.333102789439242,17684540,0.816952167709719,0.816167443464622,FALSE,FALSE,FALSE,FALSE,FALSE,dimenhydrinate [晕动症适应证]
DEHYDRATION,1,49,101985,17582505,3.5184255787916,1.0101574260993,0.485830760886466,25.480721992381,3.46805706721577,0.989954417544974,0.49821869875179,24.1408438735802,1.76657348992617,17684540,1.7941175713403,1.79333284709521,FALSE,FALSE,FALSE,FALSE,FALSE,dimenhydrinate [晕动症适应证]
DELUSION,1,49,11872,17672618,30.3795210132571,1.01019426431551,4.19455800683436,220.026828927192,29.7919305929919,0.989992007674408,4.2795729917356,207.39431952011,27.8418455198507,17684540,4.89673227510501,4.89594755085992,FALSE,FALSE,FALSE,FALSE,FALSE,dimenhydrinate [晕动症适应证]
DEPRESSED MOOD,1,49,45170,17639320,7.96958429154261,1.01016353059512,1.10044188450039,57.7170631857937,7.83019260571176,0.989960646713208,1.12486636346893,54.5059557594609,5.9730281847069,17684540,2.96901993521502,2.96823521096993,FALSE,FALSE,FALSE,FALSE,FALSE,dimenhydrinate [晕动症适应证]
DEPRESSION,1,49,169457,17515033,2.10938263430383,1.0101554937539,0.291268588355225,15.2762614157214,2.08719498161776,0.989952445653502,0.29984615785564,14.5287267392224,0.571782535551352,17684540,1.06156094587257,1.06077622162747,FALSE,FALSE,FALSE,FALSE,FALSE,dimenhydrinate [晕动症适应证]
DISEASE PROGRESSION,1,49,100815,17583675,3.55949521603017,1.01015748242296,0.491501678675056,25.7781544655072,3.50830531170957,0.989954475020003,0.504000677164186,24.4210111570147,1.80360743216225,17684540,1.81076407310198,1.80997934885689,FALSE,FALSE,FALSE,FALSE,FALSE,dimenhydrinate [晕动症适应证]
DISSOCIATION,1,49,6484,17678006,55.6409057145375,1.01022890753498,7.68192361325596,403.012389161451,54.5480876002468,0.990027357823927,7.83522061148496,379.75878515567,52.5775946406457,17684540,5.76923830827778,5.76845358403269,FALSE,FALSE,FALSE,FALSE,FALSE,dimenhydrinate [晕动症适应证]
DRUG INTERACTION,1,49,122395,17562095,2.9283067285495,1.0101566168048,0.404346691675858,21.207000015082,2.88974059397851,0.989953591700979,0.415138822970213,20.115200599021,1.24439486838317,17684540,1.53093228261662,1.53014755837153,FALSE,FALSE,FALSE,FALSE,FALSE,dimenhydrinate [晕动症适应证]
DRY MOUTH,1,49,65303,17619187,5.50625920551826,1.01016015227972,0.76031047001988,39.8769866177982,5.4161340214079,0.989957199420984,0.778073854923264,37.7014438311196,3.61405811686818,17684540,2.43724542544601,2.43646070120091,FALSE,FALSE,FALSE,FALSE,FALSE,dimenhydrinate [晕动症适应证]
DYSSTASIA,1,49,23777,17660713,15.1584604569842,1.01017338973992,2.09304297963932,109.782228870212,14.8752912478446,0.989970707093777,2.13690590715401,103.548915732514,12.9593972580399,17684540,3.89478941472771,3.89400469048261,FALSE,FALSE,FALSE,FALSE,FALSE,dimenhydrinate [晕动症适应证]
EAR INFECTION,1,49,23456,17661034,15.3661862766935,1.0101736746234,2.12172406578746,111.286705230639,15.0788625511596,0.989970997791491,2.16614865300863,104.966062934305,13.1620785051706,17684540,3.91439827415477,3.91361354990967,FALSE,FALSE,FALSE,FALSE,FALSE,dimenhydrinate [晕动症适应证]
EPILEPSY,1,49,25025,17659465,14.4014883076108,1.01017235159755,1.98852617109834,104.299791719459,14.1334585414585,0.989969647763624,2.03034234761323,98.3847135818986,12.2210193545553,17684540,3.82098906980646,3.82020434556137,FALSE,FALSE,FALSE,FALSE,FALSE,dimenhydrinate [晕动症适应证]
ERYTHEMA,1,49,174851,17509639,2.04368045609445,1.01015540365425,0.282196324619114,14.8004401271339,2.02280684697257,0.989952353706198,0.290596219230894,14.0805257239358,0.522330895281964,17684540,1.01635439495081,1.01556967070571,FALSE,FALSE,FALSE,FALSE,FALSE,dimenhydrinate [晕动症适应证]
EXPOSURE DURING PREGNANCY,1,49,61377,17623113,5.85977430221319,1.01016063710534,0.809123463680633,42.4372254843312,5.76257881616892,0.989957694147266,0.827842802335315,40.11306798692,3.94975658521353,17684540,2.52669515146494,2.52591042721985,FALSE,FALSE,FALSE,FALSE,FALSE,dimenhydrinate [晕动症适应证]
EYE DISORDER,1,49,27293,17657197,13.2030542330881,1.01017070801464,1.82305487443322,95.6200734967239,12.9589931484263,0.989967970635733,1.86163061107951,90.2088214608696,11.0528140071966,17684540,3.69583294740404,3.69504822315894,FALSE,FALSE,FALSE,FALSE,FALSE,dimenhydrinate [晕动症适应证]
EYE INFECTION,1,49,9932,17674558,36.3174854315468,1.01020240768841,5.01434396627125,263.037349839288,35.6111357229158,0.990000317226683,5.11541110387038,247.908322855309,33.6547333056012,17684540,5.15411537129869,5.15333064705359,FALSE,FALSE,FALSE,FALSE,FALSE,dimenhydrinate [晕动症适应证]
FALL,1,49,273130,17411360,1.30096978563695,1.01015438521014,0.179641403183986,9.42167202628004,1.29495038992421,0.98995131431474,0.186032816027039,9.01398230794476,0.0682343531396627,17684540,0.372895625643072,0.372110901397976,FALSE,FALSE,FALSE,FALSE,FALSE,dimenhydrinate [晕动症适应证]
FEBRILE NEUTROPENIA,1,49,55208,17629282,6.51683207698382,1.01016153822348,0.899849065412137,47.1958042209602,6.40649543544414,0.989958613665332,0.920345169278092,44.5954247758592,4.57679256831719,17684540,2.67951331802004,2.67872859377494,FALSE,FALSE,FALSE,FALSE,FALSE,dimenhydrinate [晕动症适应证]
FEELING COLD,1,49,22267,17662223,16.1877904797344,1.01017480140353,2.23516415599722,117.237277589962,15.8840346701397,0.989972147568111,2.28181022604962,110.571227406145,13.9639477511724,17684540,3.98944479955101,3.98866007530592,FALSE,FALSE,FALSE,FALSE,FALSE,dimenhydrinate [晕动症适应证]
FRUSTRATION,1,49,2441,17682049,147.832094574823,1.01035532758957,20.4050147464309,1071.02731646896,144.895452683327,0.990156357158837,20.8073441049066,1009.00394122647,142.863563198448,17684540,7.17828168242944,7.17749695818435,FALSE,FALSE,FALSE,FALSE,FALSE,dimenhydrinate [晕动症适应证]
GENERALISED TONIC-CLONIC SEIZURE,1,49,16149,17668341,22.3282177072947,1.01018322259015,3.08296602991135,161.710930690561,21.9016533531488,0.989980740616797,3.14621416590811,152.463371629071,19.9643088254217,17684540,4.4528826229482,4.4520978987031,FALSE,FALSE,FALSE,FALSE,FALSE,dimenhydrinate [晕动症适应证]
GUILLAIN-BARRE SYNDROME,1,49,3764,17680726,95.8637467739487,1.01028406630912,13.2337595841748,694.42533598156,93.9664718384697,0.990083642056216,13.4957402368947,654.258134402385,91.9722651145309,17684540,6.55369501785756,6.55291029361246,FALSE,FALSE,FALSE,FALSE,FALSE,dimenhydrinate [晕动症适应证]
"HALLUCINATION, VISUAL",1,49,16157,17668333,22.3171519768395,1.0101832074143,3.08143822213855,161.630782917886,21.8908089373027,0.989980725131237,3.14465644038902,152.387876072787,19.9534874535795,17684540,4.45216815219402,4.45138342794892,FALSE,FALSE,FALSE,FALSE,FALSE,dimenhydrinate [晕动症适应证]
HEART RATE DECREASED,1,49,28998,17655492,12.4255522196464,1.0101696417146,1.71570232797373,89.9890065111127,12.1970411752535,0.989966882572433,1.75217575780472,84.9046180260008,10.2955564010564,17684540,3.60841363658979,3.60762891234469,FALSE,FALSE,FALSE,FALSE,FALSE,dimenhydrinate [晕动症适应证]
HERPES ZOSTER,1,49,49104,17635386,7.32946066989846,1.01016265269965,1.01205522085779,53.0810894548381,7.20287145650049,0.989959750895457,1.03474875469788,50.1390864046194,5.35646960690449,17684540,2.84854685685198,2.84776213260688,FALSE,FALSE,FALSE,FALSE,FALSE,dimenhydrinate [晕动症适应证]
HOSPITALISATION,1,49,143356,17541134,2.49715621620729,1.01015602553033,0.344812930604731,18.0845572038334,2.46721309188314,0.989952988325373,0.354439132839133,17.1740078247012,0.879653398658786,17684540,1.30287634111368,1.30209161686859,FALSE,FALSE,FALSE,FALSE,FALSE,dimenhydrinate [晕动症适应证]
HYPERTENSION,1,49,169313,17515177,2.11119401249009,1.01015549623792,0.291518706358876,15.289379587487,2.08897013224029,0.989952448188446,0.300101174270665,14.5410834329367,0.573159062008854,17684540,1.06278742325795,1.06200269901285,FALSE,FALSE,FALSE,FALSE,FALSE,dimenhydrinate [晕动症适应证]
HYPERTHERMIA,1,49,5696,17678794,63.3412419743178,1.010239467467,8.74487043739376,458.796155251537,62.0944171348315,0.990038133230749,8.91897779056973,432.304769655465,60.1193375745085,17684540,5.95614247654619,5.9553577523011,FALSE,FALSE,FALSE,FALSE,FALSE,dimenhydrinate [晕动症适应证]
HYPOAESTHESIA ORAL,1,49,11539,17672951,31.2568220285774,1.01019546745734,4.31567844261382,226.381306280652,30.6516855880059,0.989993235368649,4.40306510979375,213.379953727275,28.7005530493979,17684540,4.937773563884,4.9369888396389,FALSE,FALSE,FALSE,FALSE,FALSE,dimenhydrinate [晕动症适应证]
ILL-DEFINED DISORDER,1,49,52691,17631799,6.82910995526867,1.01016196649558,0.94296783773437,49.4574055603018,6.71252775616329,0.989959050681626,0.964308374936198,46.7257467096496,4.87593878029252,17684540,2.74683284756915,2.74604812332405,FALSE,FALSE,FALSE,FALSE,FALSE,dimenhydrinate [晕动症适应证]
IMPAIRED DRIVING ABILITY,1,49,8038,17676452,44.8798106951166,1.01021415001708,6.19639895218113,325.059348756184,44.0022144812142,0.990012299171204,6.32061084004887,306.330341836994,42.0388228946099,17684540,5.45932883219237,5.45854410794727,FALSE,FALSE,FALSE,FALSE,FALSE,dimenhydrinate [晕动症适应证]
INAPPROPRIATE SCHEDULE OF DRUG ADMINISTRATION,1,49,63753,17620737,5.64062675561966,1.01016033655702,0.778863811295447,40.8501072136003,5.54781422050727,0.989957387461522,0.796990545093505,38.6180774850368,3.74149526532334,17684540,2.47190092669391,2.47111620244881,FALSE,FALSE,FALSE,FALSE,FALSE,dimenhydrinate [晕动症适应证]
INAPPROPRIATE SCHEDULE OF PRODUCT ADMINISTRATION,1,49,174472,17510018,2.04816421043175,1.01015540980296,0.28281544881984,14.8329118879423,2.02720092622312,0.989952359981015,0.291227468612926,14.1111125775774,0.525675188761217,17684540,1.0194848988371,1.018700174592,FALSE,FALSE,FALSE,FALSE,FALSE,dimenhydrinate [晕动症适应证]
INFECTION,1,49,125403,17559087,2.85757688640395,1.01015651980609,0.394580242784452,20.6947656681604,2.82042534867587,0.989953492717795,0.405181104878796,19.6327001720205,1.18336385838832,17684540,1.49590532659345,1.49512060234835,FALSE,FALSE,FALSE,FALSE,FALSE,dimenhydrinate [晕动症适应证]
INSOMNIA,1,49,210661,17473829,1.6928086124249,1.01015492250292,0.23374731494241,12.2593964298838,1.6789524401764,0.989951862676365,0.241198363390697,11.6869835132679,0.27787067748183,17684540,0.747558594087237,0.746773869842141,FALSE,FALSE,FALSE,FALSE,FALSE,dimenhydrinate [晕动症适应证]
INTENTIONAL PRODUCT MISUSE,1,49,85732,17598758,4.18931468448902,1.01015834617329,0.578467335698505,30.3394097516035,4.12552839079924,0.989955356422363,0.592669487358357,28.7174974692082,2.37942921504933,17684540,2.04456616028045,2.04378143603536,FALSE,FALSE,FALSE,FALSE,FALSE,dimenhydrinate [晕动症适应证]
INTENTIONAL PRODUCT USE ISSUE,1,49,86793,17597697,4.137852977422,1.01015827559715,0.571361499132644,29.9667150985006,4.07509591787356,0.989955284404184,0.585424488869256,28.3664367576166,2.33190695140657,17684540,2.02682147410819,2.02603674986309,FALSE,FALSE,FALSE,FALSE,FALSE,dimenhydrinate [晕动症适应证]
JOINT STIFFNESS,1,49,22221,17662269,16.2213432963303,1.01017484741915,2.23979683165532,117.480288666598,15.9169164304037,0.989972194522862,2.28653362258323,110.800132633183,13.9967015190679,17684540,3.99242812144489,3.99164339719979,FALSE,FALSE,FALSE,FALSE,FALSE,dimenhydrinate [晕动症适应证]
LACRIMATION DECREASED,1,49,386,17684104,934.974304747806,1.01143407762859,128.780351968563,6788.12363202764,916.29481865285,0.991257089270187,131.298620180316,6394.55459270644,911.953345023422,17684540,9.83593941127243,9.83515468702734,FALSE,FALSE,FALSE,FALSE,FALSE,dimenhydrinate [晕动症适应证]
LACUNAR STROKE,1,49,310,17684180,1164.19881500987,1.01174800531784,160.254363787983,8457.54741919876,1140.93483870968,0.99157740489832,163.385350747625,7967.2522672624,1135.29350771734,17684540,10.1513583972862,10.1505736730411,FALSE,FALSE,FALSE,FALSE,FALSE,dimenhydrinate [晕动症适应证]
LIP SWELLING,1,49,26973,17657517,13.3599336297749,1.01017092316576,1.84471573206466,96.7562771268943,13.1127349571794,0.98996819017806,1.88371565657236,91.2790725380002,11.2056737608422,17684540,3.71284731181612,3.71206258757102,FALSE,FALSE,FALSE,FALSE,FALSE,dimenhydrinate [晕动症适应证]
LYMPHADENOPATHY,1,49,27754,17656736,12.9834096353826,1.01017040678458,1.79272778702568,94.0292926679171,12.7437414426749,0.989967663257581,1.83070962307934,88.7103797950117,10.8388324189222,17684540,3.6716690947679,3.6708843705228,FALSE,FALSE,FALSE,FALSE,FALSE,dimenhydrinate [晕动症适应证]
MALIGNANT ASCITES,1,49,604,17683886,597.509325584539,1.01097173499215,82.3736241800756,4334.12269660517,585.579139072848,0.990785331235958,83.9870054306382,4082.80931507301,582.636182718417,17684540,9.19133783525489,9.19055311100979,FALSE,FALSE,FALSE,FALSE,FALSE,dimenhydrinate [晕动症适应证]
MENTAL DISORDER,1,49,33697,17650793,10.6899802743901,1.01016726147321,1.47606394337293,77.4191922917104,10.4961806689023,0.989964453748507,1.50784445215311,73.0644387601932,8.60760030024383,17684540,3.39175381888474,3.39096909463965,FALSE,FALSE,FALSE,FALSE,FALSE,dimenhydrinate [晕动症适应证]
MENTAL IMPAIRMENT,1,49,19325,17665165,18.6552947699131,1.01017818542885,2.57585305881278,135.108647506761,18.3021888745149,0.989975600656757,2.62917073356303,127.405235925652,16.3738744640191,17684540,4.19387372131287,4.19308899706778,FALSE,FALSE,FALSE,FALSE,FALSE,dimenhydrinate [晕动症适应证]
MICTURITION URGENCY,1,49,9344,17675146,38.6041593863573,1.0102055436345,5.33003157014928,279.600805795141,37.8520761986301,0.990003517166086,5.4372800121781,263.510370872541,35.8936226863128,17684540,5.24215021878433,5.24136549453923,FALSE,FALSE,FALSE,FALSE,FALSE,dimenhydrinate [晕动症适应证]
MIDDLE INSOMNIA,1,49,13821,17670669,26.0926053078058,1.01018838516436,3.60269694985012,188.976220100128,25.5907532016497,0.989986008546579,3.67612241993559,178.146039390935,23.6466021031729,17684540,4.67745040359432,4.67666567934922,FALSE,FALSE,FALSE,FALSE,FALSE,dimenhydrinate [晕动症适应证]
MOVEMENT DISORDER,1,49,23915,17660575,15.0708717524225,1.01017326961725,2.08094943643489,109.147858857681,14.789454317374,0.989970584519502,2.12457553673806,102.951368507949,12.8739427753345,17684540,3.88644067185663,3.88565594761154,FALSE,FALSE,FALSE,FALSE,FALSE,dimenhydrinate [晕动症适应证]
MULTIPLE SCLEROSIS RELAPSE,1,49,56028,17628462,6.42115604005577,1.01016140700905,0.886638274434431,46.5028930958855,6.31273291925466,0.989958479771764,0.906875659308825,43.9427351487342,4.48527357217067,17684540,2.65824304414661,2.65745831990152,FALSE,FALSE,FALSE,FALSE,FALSE,dimenhydrinate [晕动症适应证]
MUSCLE RIGIDITY,1,49,9193,17675297,39.2385888109187,1.0102064136897,5.41761726720534,284.196312868477,38.4738170347003,0.990004404975875,5.52658066203415,267.839137387126,36.5148224364459,17684540,5.26565221660004,5.26486749235495,FALSE,FALSE,FALSE,FALSE,FALSE,dimenhydrinate [晕动症适应证]
MYALGIA,1,49,132973,17551517,2.69373650658251,1.01015629511681,0.371956981424159,19.5082139313867,2.65986177645086,0.989953263430627,0.382114782171536,18.5150248038515,1.04366089166495,17684540,1.41134450543356,1.41055978118846,FALSE,FALSE,FALSE,FALSE,FALSE,dimenhydrinate [晕动症适应证]
NERVOUSNESS,1,49,38779,17645711,9.28638054154074,1.01016533651138,1.28226085050221,67.253760050875,9.12065293070992,0.989962489494483,1.31024601251416,63.4890769275042,7.24599733232356,17684540,3.18910398442269,3.18831926017759,FALSE,FALSE,FALSE,FALSE,FALSE,dimenhydrinate [晕动症适应证]
NEUTROPENIA,1,49,115706,17568784,3.09877285745681,1.01015685058242,0.427884813715677,22.4415378024884,3.05679740030768,0.9899538302605,0.439137922661281,21.2780765776293,1.39303963644474,17684540,1.61201254625459,1.61122782200949,FALSE,FALSE,FALSE,FALSE,FALSE,dimenhydrinate [晕动症适应证]
OFF LABEL USE,1,49,842479,16842011,0.40797991428164,1.01015316146307,0.0563350977642225,2.95459876814064,0.419820315996007,0.989950064612595,0.0603116131075725,2.92230780510923,0.841898285552053,17684540,-1.25215374495446,-1.25293846919956,FALSE,FALSE,FALSE,FALSE,FALSE,dimenhydrinate [晕动症适应证]
OROPHARYNGEAL PAIN,1,49,81072,17603418,4.43128859003637,1.01015867802404,0.611879085284267,32.0918283373976,4.36266281823564,0.989955695053115,0.626735577835783,30.3681928052324,2.60378544787825,17684540,2.12519525877215,2.12441053452705,FALSE,FALSE,FALSE,FALSE,FALSE,dimenhydrinate [晕动症适应证]
PAIN,1,49,525914,17158576,0.665840841674044,1.01015351456933,0.0919412491587978,4.82203614261832,0.672524024840563,0.989950425478389,0.0966150959293961,4.6813446660372,0.164346910257064,17684540,-0.572340952568369,-0.573125676813465,FALSE,FALSE,FALSE,FALSE,FALSE,dimenhydrinate [晕动症适应证]
PALLOR,1,49,21050,17663440,17.1248630568617,1.01017608654019,2.36454652132394,124.024176336385,16.8023657957245,0.989973458932873,2.41372625702328,116.964173344785,14.8788864875153,17684540,4.07052801962211,4.06974329537701,FALSE,FALSE,FALSE,FALSE,FALSE,dimenhydrinate [晕动症适应证]
PALPITATIONS,1,49,92095,17592395,3.89845778150557,1.01015794728391,0.538305765776982,28.2329747151134,3.84048862587545,0.989954949382073,0.551721385818766,26.7333354562474,2.11184724120619,17684540,1.94127829067655,1.94049356643145,FALSE,FALSE,FALSE,FALSE,FALSE,dimenhydrinate [晕动症适应证]
PANIC ATTACK,1,49,27665,17656825,13.0252437139685,1.01017046415764,1.79850396534985,94.3322767571849,12.7847388396891,0.989967721801627,1.83659891735908,88.9957767339246,10.8795846614092,17684540,3.67630271628376,3.67551799203867,FALSE,FALSE,FALSE,FALSE,FALSE,dimenhydrinate [晕动症适应证]
PARANOIA,1,49,11859,17672631,30.4128458365385,1.01019431001762,4.19915885215946,220.268207143771,29.8245889198077,0.989992054309163,4.28426392730482,207.621687022232,27.8744631799687,17684540,4.89831277798348,4.89752805373838,FALSE,FALSE,FALSE,FALSE,FALSE,dimenhydrinate [晕动症适应证]
PERFORMANCE STATUS DECREASED,1,49,3418,17681072,105.569983640033,1.01029737630889,14.5733020419135,764.756087103885,103.478583967232,0.990097223613384,14.8615020583158,720.507072424212,101.478183248854,17684540,6.69277045998345,6.69198573573836,FALSE,FALSE,FALSE,FALSE,FALSE,dimenhydrinate [晕动症适应证]
PERIORBITAL SWELLING,1,49,5414,17679076,66.6415717376718,1.01024399337304,9.20043123263123,482.705535357515,65.3287403029184,0.990042751486132,9.38345726710523,454.826423574983,63.3517478996271,17684540,6.02938354492116,6.02859882067606,FALSE,FALSE,FALSE,FALSE,FALSE,dimenhydrinate [晕动症适应证]
PETIT MAL EPILEPSY,1,49,3760,17680730,95.9657511940947,1.01028420618698,13.2478374169072,695.164434196149,94.0664361702128,0.990083784787976,13.5100936278528,654.954336920535,92.0721660220398,17684540,6.55522857637654,6.55444385213144,FALSE,FALSE,FALSE,FALSE,FALSE,dimenhydrinate [晕动症适应证]
PHARYNGEAL HYPOAESTHESIA,1,49,712,17683778,506.8727929374,1.01084752272355,69.8953362058758,3675.78213606993,496.755337078652,0.990658587927898,71.2651047398007,3462.64649181536,494.083361120422,17684540,8.95437090097296,8.95358617672786,FALSE,FALSE,FALSE,FALSE,FALSE,dimenhydrinate [晕动症适应证]
PLEURAL EFFUSION,1,49,46707,17637783,7.70665542856619,1.01016317000215,1.06413736358438,55.8128489113417,7.57252231999486,0.989960278758844,1.08785086350549,52.7122753775624,5.71956296042027,17684540,2.92074711647915,2.91996239223405,FALSE,FALSE,FALSE,FALSE,FALSE,dimenhydrinate [晕动症适应证]
PNEUMONIA,1,49,273232,17411258,1.30047650318545,1.01015438453379,0.179573289655883,9.4180996437632,1.29446697312174,0.989951313624412,0.185963368530094,9.01061729386667,0.0680366646370242,17684540,0.37235695583364,0.371572231588544,FALSE,FALSE,FALSE,FALSE,FALSE,dimenhydrinate [晕动症适应证]
POLLAKIURIA,1,49,33735,17650755,10.6779158083865,1.01016724492745,1.47439813935148,77.3318162631033,10.4843574922188,0.989964436865024,1.50614602595475,72.982134620688,8.595881336805,17684540,3.39012786113771,3.38934313689262,FALSE,FALSE,FALSE,FALSE,FALSE,dimenhydrinate [晕动症适应证]
PRODUCT ADHESION ISSUE,1,49,33414,17651076,10.7806919499709,1.01016738587936,1.48858897615789,78.0761652690346,10.5850781109715,0.989964580693947,1.52061476812277,73.6832766353355,8.69572157120843,17684540,3.40392091368032,3.40313618943523,FALSE,FALSE,FALSE,FALSE,FALSE,dimenhydrinate [晕动症适应证]
PRODUCT DOSE OMISSION ISSUE,1,49,280970,17403520,1.26409893423149,1.01015433465574,0.174550194260341,9.15465102915811,1.25881695554686,0.98995126271555,0.180841898352922,8.76246125485694,0.0540725395791984,17684540,0.332067460452846,0.331282736207749,FALSE,FALSE,FALSE,FALSE,FALSE,dimenhydrinate [晕动症适应证]
PRODUCT LABEL ISSUE,1,49,6221,17678269,57.9940524031506,1.01023213455756,8.00675433052683,420.05911200701,56.8541713550876,0.990030650694244,8.16641095617603,395.816083444722,54.8822505954088,17684540,5.82896648788246,5.82818176363737,FALSE,FALSE,FALSE,FALSE,FALSE,dimenhydrinate [晕动症适应证]
PRODUCT USE COMPLAINT,1,49,15296,17669194,23.574515946546,1.01018493179715,3.25503760795238,170.737751464431,23.1230256276151,0.989982484704811,3.32165526164471,160.966226793385,21.1832122016972,17684540,4.53116804406713,4.53038331982203,FALSE,FALSE,FALSE,FALSE,FALSE,dimenhydrinate [晕动症适应证]
PRODUCT USE IN UNAPPROVED INDICATION,1,49,241075,17443415,1.4766693403484,1.01015462612425,0.203902373451649,10.6940998469645,1.46713595354143,0.989951560198765,0.210768924832189,10.2125486851902,0.150791014047472,17684540,0.553000660473569,0.552215936228472,FALSE,FALSE,FALSE,FALSE,FALSE,dimenhydrinate [晕动症适应证]
PSYCHOTIC DISORDER,1,49,21055,17663435,17.1207915129956,1.01017608095633,2.3639843613935,123.994687451602,16.7983756827357,0.989973453235048,2.41315308847119,116.936396172486,14.8749103402551,17684540,4.0701853936816,4.06940066943651,FALSE,FALSE,FALSE,FALSE,FALSE,dimenhydrinate [晕动症适应证]
RECTAL HAEMORRHAGE,1,49,33965,17650525,10.60547021694,1.01016714557224,1.46439519475814,76.807134389005,10.4133608126012,0.989964335481838,1.49594718922597,72.4879087941107,8.52551538415849,17684540,3.38032545837409,3.37954073412899,FALSE,FALSE,FALSE,FALSE,FALSE,dimenhydrinate [晕动症适应证]
RENAL TUBULAR NECROSIS,1,49,7439,17677051,48.4952470570161,1.01021910816717,6.69550457540956,351.248955270436,47.5453421158758,0.990017358496065,6.82948865945398,330.999825848807,45.579425715941,17684540,5.57104226142145,5.57025753717636,FALSE,FALSE,FALSE,FALSE,FALSE,dimenhydrinate [晕动症适应证]
SENSATION OF HEAVINESS,1,49,1179,17683311,306.093212857662,1.01057231123582,42.2315656547448,2218.55509036756,299.991348600509,0.990377766245775,43.0608061968528,2089.94715109931,297.762012318433,17684540,8.22755802316764,8.22677329892255,FALSE,FALSE,FALSE,FALSE,FALSE,dimenhydrinate [晕动症适应证]
SINUSITIS,1,49,87989,17596501,4.08133136308087,1.01015819808176,0.56355698790637,29.5573758337196,4.01970473581925,0.989955205304902,0.577467132708106,27.9808585596769,2.27979664767057,17684540,2.00707721605137,2.00629249180627,FALSE,FALSE,FALSE,FALSE,FALSE,dimenhydrinate [晕动症适应证]
SKIN BURNING SENSATION,1,49,65683,17618807,5.47428542843534,1.01016010842955,0.75589555985078,39.645425299092,5.38479971986663,0.989957154675308,0.773572483050674,37.4833240043989,3.5837641224751,17684540,2.42887480136607,2.42809007712098,FALSE,FALSE,FALSE,FALSE,FALSE,dimenhydrinate [晕动症适应证]
SWELLING FACE,1,49,51093,17633397,7.04333753934902,1.01016226029714,0.972547958492668,51.0089021934614,6.92247078856203,0.989959350481632,0.994467788683184,48.187183500381,5.08151016133577,17684540,2.79126290332828,2.79047817908318,FALSE,FALSE,FALSE,FALSE,FALSE,dimenhydrinate [晕动症适应证]
SWOLLEN TONGUE,1,49,23266,17661224,15.4918397170611,1.01017384694951,2.13907325195727,112.196764463074,15.2020029227198,0.989971173634627,2.18383758675575,105.823296688331,13.2846917442799,17684540,3.92613158331829,3.92534685907319,FALSE,FALSE,FALSE,FALSE,FALSE,dimenhydrinate [晕动症适应证]
SYNCOPE,1,49,77102,17607388,4.6605074962983,1.01015899238279,0.643529584864495,33.7518750247143,4.58729734637234,0.989956015833757,0.659005924879951,31.9318782268431,2.81753845746504,17684540,2.19762979282539,2.19684506858029,FALSE,FALSE,FALSE,FALSE,FALSE,dimenhydrinate [晕动症适应证]
TACHYCARDIA,1,49,68325,17616165,5.26181590089384,1.01015981704014,0.726557940723123,38.1066739802519,5.17657958287596,0.989956857334947,0.7436603149062,36.0338929491326,3.38277771687432,17684540,2.37198211808806,2.37119739384296,FALSE,FALSE,FALSE,FALSE,FALSE,dimenhydrinate [晕动症适应证]
THROAT CLEARING,1,49,3670,17680820,98.3196352110327,1.01028743404429,13.5726994833556,712.220194655091,96.373242506812,0.990087078502344,13.8413144704234,671.02021929516,94.3774993410161,17684540,6.5901717683173,6.5893870440722,FALSE,FALSE,FALSE,FALSE,FALSE,dimenhydrinate [晕动症适应证]
THROAT IRRITATION,1,49,37151,17647339,9.69421483971371,1.0101658958344,1.33857302987833,70.2074517122666,9.52033054291944,0.989963060234635,1.36766098572428,66.2713162051965,7.64121646995068,17684540,3.25097691055128,3.25019218630618,FALSE,FALSE,FALSE,FALSE,FALSE,dimenhydrinate [晕动症适应证]
TINNITUS,1,49,36472,17648018,9.87507218285428,1.01016614387059,1.36354507141022,71.5172916988561,9.69757073919719,0.989963313333762,1.39312206830247,67.5051241965647,7.81659659963125,17684540,3.27758791785831,3.27680319361322,FALSE,FALSE,FALSE,FALSE,FALSE,dimenhydrinate [晕动症适应证]
TONIC CONVULSION,1,49,1060,17683430,340.458798613785,1.01061942195954,46.9686354748992,2467.86376443675,333.66962264151,0.990425837546502,47.8904786020097,2324.79232456564,331.379897266614,17684540,8.38092022650208,8.38013550225699,FALSE,FALSE,FALSE,FALSE,FALSE,dimenhydrinate [晕动症适应证]
UNDERDOSE,1,49,70004,17614486,5.13512522316509,1.01015964329148,0.709064579290067,37.1891529033761,5.05242271870179,0.989956680037708,0.725824362504731,35.1696314523854,3.26321872617961,17684540,2.33695881984418,2.33617409559909,FALSE,FALSE,FALSE,FALSE,FALSE,dimenhydrinate [晕动症适应证]
VISION BLURRED,1,49,108466,17576024,3.30697515670292,1.01015713611295,0.456633552081932,23.9493673585512,3.26083565356886,0.989954121629982,0.468449684344932,22.6983804556403,1.57716449602812,17684540,1.70523250909264,1.70444778484755,FALSE,FALSE,FALSE,FALSE,FALSE,dimenhydrinate [晕动症适应证]
CHRONIC KIDNEY DISEASE,48,81,75595,17608816,138.036297717123,0.182187533941088,96.5855468005815,197.276094805269,87.046047403775,0.114431495620656,69.5573455183225,108.931908084738,4097.69824879108,17684540,6.4428016412587,6.4420169170136,TRUE,TRUE,TRUE,TRUE,TRUE,meclizine [晕动症适应证]
RENAL FAILURE,29,100,101202,17583209,50.3856703424834,0.210932919955073,33.3240144901114,76.1827713349106,39.28346538177,0.163525671736456,28.5110971605215,54.1259651886544,1087.87605889215,17684540,5.29544746782492,5.29466274357982,TRUE,TRUE,TRUE,TRUE,TRUE,meclizine [晕动症适应证]
ACUTE KIDNEY INJURY,26,103,150285,17534126,29.4513095668392,0.219492567940874,19.1544093696048,45.2835489972453,23.7169370960034,0.17526037188733,16.8218579533646,33.4382270243385,570.48766969306,17684540,4.5676067536185,4.5668220293734,TRUE,TRUE,TRUE,TRUE,TRUE,meclizine [晕动症适应证]
DIZZINESS,15,114,398751,17285660,5.70388274228383,0.274665546025254,3.32943511873074,9.77171116946895,5.15691963271595,0.242728613817765,3.20461304325277,8.2986057097545,51.4200805412708,17684540,2.36646581652005,2.36568109227496,TRUE,TRUE,TRUE,TRUE,TRUE,meclizine [晕动症适应证]
DRUG INEFFECTIVE,12,117,1164911,16519500,1.45445247946641,0.303119218871949,0.802932890536017,2.63463116277847,1.41217783021372,0.274922165778858,0.823893197870748,2.42051546159261,1.54543389811979,17684540,0.4979174355299,0.497132711284803,FALSE,FALSE,TRUE,FALSE,FALSE,meclizine [晕动症适应证]
NAUSEA,12,117,639579,17044832,2.73334161602538,0.303120378855761,1.50894231732562,4.95125380480931,2.57210053546488,0.274923448127598,1.50061186617762,4.40866909935233,11.9631032422483,17684540,1.36293048996412,1.36214576571903,TRUE,TRUE,TRUE,TRUE,TRUE,meclizine [晕动症适应证]
ANXIETY,11,118,225481,17458930,7.2180244582974,0.315258876831461,3.89102996913141,13.3897393476539,6.68780531844258,0.288377411287873,3.80024690700803,11.7694300059579,53.8952550080377,17684540,2.74147299548176,2.74068827123666,TRUE,TRUE,TRUE,TRUE,TRUE,meclizine [晕动症适应证]
END STAGE RENAL DISEASE,10,119,18168,17666243,81.7128046727278,0.329330320167246,42.8507560929576,155.819478027383,75.4559981089504,0.30381416573346,41.5989079206719,136.869161600961,735.043897075091,17684540,6.23678033863063,6.23599561438553,TRUE,TRUE,TRUE,TRUE,TRUE,meclizine [晕动症适应证]
PAIN,9,120,525906,17158505,2.44699219061962,0.345610191118655,1.24292020932493,4.81750215020284,2.34603924708802,0.321498084069143,1.24931104414093,4.40554830175378,7.16352094253619,17684540,1.23021298322541,1.22942825898032,TRUE,TRUE,TRUE,TRUE,TRUE,meclizine [晕动症适应证]
HEADACHE,8,121,519244,17165167,2.18565274587702,0.365056772220823,1.06865756636064,4.47016712924074,2.11212389341953,0.342417773115499,1.07956177021893,4.13229466272132,4.8262845368713,17684540,1.07868275943053,1.07789803518543,TRUE,TRUE,TRUE,TRUE,TRUE,meclizine [晕动症适应证]
INSOMNIA,8,121,210654,17473757,5.48429993737724,0.365060634908046,2.6814846337615,11.2167511327202,5.20620381722981,0.342421892684152,2.66100546728836,10.1858333324503,27.5129667105088,17684540,2.38018752843871,2.37940280419361,TRUE,TRUE,TRUE,TRUE,TRUE,meclizine [晕动症适应证]
OFF LABEL USE,8,121,842472,16841939,1.32172538446284,0.365055761724935,0.646248418430812,2.70322981397046,1.30177342263568,0.342416694177715,0.665371854773389,2.54686763758255,0.587639522234573,17684540,0.380475189397012,0.379690465151915,FALSE,FALSE,TRUE,FALSE,FALSE,meclizine [晕动症适应证]
DEPRESSION,7,122,169451,17514960,5.93066267718382,0.388664151516056,2.76863444843617,12.7040100257396,5.66310733811183,0.367574549903412,2.75530080958217,11.6396672956516,27.136743150283,17684540,2.50154480228164,2.50076007803655,TRUE,TRUE,TRUE,TRUE,TRUE,meclizine [晕动症适应证]
RENAL IMPAIRMENT,7,122,70295,17614116,14.3772103279038,0.388674859881781,6.71162844920848,30.7979171339799,13.6513151938315,0.367585873080734,6.64169735747764,28.0588525027449,82.3913388307711,17684540,3.77083491160685,3.77005018736175,TRUE,TRUE,TRUE,TRUE,TRUE,meclizine [晕动症适应证]
ANHEDONIA,6,123,19969,17664442,43.15088875562,0.41814696244107,19.0132283872603,97.931774787259,41.1903823018702,0.398703837146702,18.8543804030428,89.9869185783699,235.483266657194,17684540,5.36381271978677,5.36302799554167,TRUE,TRUE,TRUE,TRUE,TRUE,meclizine [晕动症适应证]
EMOTIONAL DISTRESS,6,123,107399,17577012,7.98345626600057,0.418098213262902,3.51802212626166,18.1168769449642,7.6586443466517,0.398652710023214,3.50599962030568,16.7298458587357,34.9455921135258,17684540,2.93701897171911,2.93623424747401,TRUE,TRUE,TRUE,TRUE,TRUE,meclizine [晕动症适应证]
MALAISE,6,123,374962,17309449,2.25186383114465,0.418090268574037,0.992330875261947,5.11008055924781,2.19363760644024,0.398644376696961,1.00422710416917,4.79179055057476,3.98136360940773,17684540,1.13331264767396,1.13252792342886,FALSE,FALSE,TRUE,FALSE,FALSE,meclizine [晕动症适应证]
NEPHROGENIC ANAEMIA,6,123,4412,17679999,195.475742431948,0.418358051323255,86.0952732455763,443.819555230749,186.430359063021,0.398925214437011,85.2991371697108,407.463427340605,1105.38761748468,17684540,7.5405428991342,7.5397581748891,TRUE,TRUE,TRUE,TRUE,TRUE,meclizine [晕动症适应证]
RENAL INJURY,6,123,26514,17657897,32.4870192829559,0.418132180683367,14.3149082437758,73.7277811298614,31.0225067581673,0.398688334490559,14.200594499778,67.7715236200554,174.550766625289,17684540,4.95492744748952,4.95414272324443,TRUE,TRUE,TRUE,TRUE,TRUE,meclizine [晕动症适应证]
TUBULOINTERSTITIAL NEPHRITIS,6,123,16823,17667588,51.2294811255787,0.418158160267509,22.5723380258408,116.268847887691,48.8932261895052,0.398715581041422,22.37974534902,106.8174606072,281.6497415774,17684540,5.61105877044943,5.61027404620433,TRUE,TRUE,TRUE,TRUE,TRUE,meclizine [晕动症适应证]
VOMITING,6,123,374426,17309985,2.25515725989948,0.41809027313764,0.99378218460702,5.11755427462047,2.19677785246229,0.398644381485422,1.00566467045409,4.79865016128073,3.99649456717539,17684540,1.13537639113213,1.13459166688704,FALSE,FALSE,TRUE,FALSE,FALSE,meclizine [晕动症适应证]
GAIT DISTURBANCE,5,124,161147,17523264,4.38471225531007,0.456147759733889,1.79333030056047,10.720669558674,4.25352185781743,0.438468027320973,1.80101425039972,10.0456996333678,12.5571478753096,17684540,2.08862362893666,2.08783890469157,TRUE,TRUE,TRUE,TRUE,TRUE,meclizine [晕动症适应证]
OSTEOPOROSIS,5,124,35217,17649194,20.2078839306896,0.45617208174775,8.26455213477971,49.4108532799653,19.4633923054691,0.438493330446152,8.24072607434225,45.9696920658572,87.7361649943487,17684540,4.28249698550212,4.28171226125703,TRUE,TRUE,TRUE,TRUE,TRUE,meclizine [晕动症适应证]
REBOUND ACID HYPERSECRETION,5,124,3022,17681389,235.922976132021,0.456503537083767,96.4243194978281,577.236644830497,226.817434421478,0.438838138899573,95.9687567525333,536.071845654948,1122.44453699592,17684540,7.82301323682817,7.82222851258307,TRUE,TRUE,TRUE,TRUE,TRUE,meclizine [晕动症适应证]
VERTIGO,5,124,49712,17634699,14.3039220425782,0.456163006723268,5.85007379208147,34.9742914486136,13.788266149455,0.438483889482752,5.83800733035964,32.5652697315976,59.4651697231003,17684540,3.78523457251997,3.78444984827487,TRUE,TRUE,TRUE,TRUE,TRUE,meclizine [晕动症适应证]
CONSTIPATION,4,125,184348,17500063,3.03774391910951,0.507942399948888,1.12248839733421,8.22092071508449,2.97455806115263,0.492192472506143,1.13359979774694,7.80521986397116,5.29808581127171,17684540,1.57265455928909,1.57186983504399,TRUE,TRUE,TRUE,TRUE,TRUE,meclizine [晕动症适应证]
DIARRHOEA,4,125,554618,17129793,0.98834400614477,0.507938836298857,0.365209332307193,2.67469581982271,0.988705432310823,0.492188793565377,0.376796934818005,2.59433753714873,0.000532804209633899,17684540,-0.0163872170685981,-0.0171719413136947,FALSE,FALSE,FALSE,FALSE,FALSE,meclizine [晕动症适应证]
FATIGUE,4,125,674558,17009853,0.806921415208181,0.507938521124032,0.29817089139635,2.18372144669231,0.812908348069943,0.492188467886783,0.309800633588367,2.13304916361093,0.179066632966367,17684540,-0.29883342219015,-0.299618146435247,FALSE,FALSE,FALSE,FALSE,FALSE,meclizine [晕动症适应证]
GASTROOESOPHAGEAL REFLUX DISEASE,4,125,64462,17619949,8.7468332971363,0.507952330213449,3.23201298648901,23.6716538725926,8.50662141195378,0.49220272092294,3.24179606373763,22.3217643625861,26.5920001514486,17684540,3.08850725260193,3.08772252835683,TRUE,TRUE,TRUE,TRUE,TRUE,meclizine [晕动症适应证]
IMPAIRED GASTRIC EMPTYING,4,125,11397,17673014,49.6215186452575,0.508023423644808,18.3329259050864,134.309990964317,48.1138746562573,0.492276089056612,18.3331235790802,126.271168382872,184.592894720605,17684540,5.58788535118249,5.58710062693739,TRUE,TRUE,TRUE,TRUE,TRUE,meclizine [晕动症适应证]
RENAL HAEMANGIOMA,4,125,792,17683619,714.489656565657,0.509178439068404,263.374975796252,1938.28387756258,692.365946284551,0.493467964239982,263.200850292286,1821.31099896584,2747.71650860992,17684540,9.42813348122467,9.42734875697957,TRUE,TRUE,TRUE,TRUE,TRUE,meclizine [晕动症适应证]
SOMNOLENCE,4,125,160677,17523734,3.48997982287446,0.507943186519493,1.28959383113302,9.44480259600009,3.41277114619618,0.492193284325008,1.30060010454927,8.9551022297861,6.88554454569158,17684540,1.77091828217883,1.77013355793373,TRUE,TRUE,TRUE,TRUE,TRUE,meclizine [晕动症适应证]
WITHDRAWAL SYNDROME,4,125,35841,17648570,15.7572121313579,0.507964524026079,5.82225536520961,42.6449405905911,15.2996241582926,0.492215304999501,5.83040382962208,40.1479050551774,53.5625418245673,17684540,3.93527383002203,3.93448910577694,TRUE,TRUE,TRUE,TRUE,TRUE,meclizine [晕动症适应证]
ABDOMINAL PAIN,3,126,185929,17498482,2.24080441356391,0.584187706832989,0.713071922350548,7.04165212857596,2.2119484969694,0.570602065540416,0.722884190666482,6.76832640195688,2.01325057105467,17684540,1.14530504005272,1.14452031580763,FALSE,FALSE,TRUE,FALSE,FALSE,meclizine [晕动症适应证]
ABDOMINAL PAIN UPPER,3,126,169737,17514674,2.45683644472948,0.584188145918942,0.781817265371032,7.72053212880433,2.42295652741019,0.57060251512699,0.791842769991588,7.41399499522109,2.53127777721996,17684540,1.2767535454847,1.2759688212396,FALSE,FALSE,TRUE,FALSE,FALSE,meclizine [晕动症适应证]
BACK PAIN,3,126,192164,17492247,2.16732619756339,0.584187557490204,0.689689783310277,6.81074732483222,2.14017907668982,0.570601912624033,0.699429523583079,6.54871767041851,1.84227955770234,17684540,1.09771951839236,1.09693479414727,FALSE,FALSE,TRUE,FALSE,FALSE,meclizine [晕动症适应证]
BALANCE DISORDER,3,126,70338,17614073,5.96239145946985,0.584195271385171,1.8973324391428,18.7368914284838,5.84698700692404,0.570609810525569,1.91081768615826,17.8914280031983,12.1016665826887,17684540,2.54764237781493,2.54685765356984,TRUE,TRUE,TRUE,TRUE,TRUE,meclizine [晕动症适应证]
BEDRIDDEN,3,126,10524,17673887,39.9854459647789,0.584264425371843,12.7223115024694,125.671808043052,39.0788076865282,0.57068061094316,12.7693315036502,119.595392269682,111.347750309266,17684540,5.28791386936615,5.28712914512105,TRUE,TRUE,TRUE,TRUE,TRUE,meclizine [晕动症适应证]
BONE DENSITY DECREASED,3,126,29297,17655114,14.3482219047294,0.584212316797885,4.56569105854002,45.0909772885922,14.0377981395031,0.570627261870266,4.58744913399847,42.956285911704,36.3836646274013,17684540,3.8111075582925,3.8103228340474,TRUE,TRUE,TRUE,TRUE,TRUE,meclizine [晕动症适应证]
CEREBROVASCULAR ACCIDENT,3,126,119852,17564559,3.48933506086078,0.584190244549215,1.1103755725801,10.965172026129,3.4314435478175,0.570604663866027,1.12142016988199,10.499904619245,5.20373664237663,17684540,1.77879003279328,1.77800530854818,TRUE,TRUE,TRUE,TRUE,TRUE,meclizine [晕动症适应证]
CHEST PAIN,3,126,136175,17548236,3.06822208817436,0.584189388595391,0.976370716528614,9.64181598546039,3.02012390007728,0.570603787486282,0.986999677385692,9.24128809846986,4.08507583800738,17684540,1.59458647796666,1.59380175372156,FALSE,TRUE,TRUE,FALSE,FALSE,meclizine [晕动症适应证]
CHRONIC KIDNEY DISEASE-MINERAL AND BONE DISORDER,3,126,1059,17683352,397.575250685732,0.584990756237629,126.317975599977,1251.33480968999,388.352570437227,0.571424208329614,126.712680524484,1190.23382932901,1155.86065237032,17684540,8.59715255168532,8.59636782744022,TRUE,TRUE,TRUE,TRUE,TRUE,meclizine [晕动症适应证]
COUGH,3,126,242165,17442246,1.71491161575195,0.58418663800005,0.545722722108656,5.3890404974844,1.69828576422284,0.570600971097801,0.555015889993201,5.19656209662263,0.873292449096302,17684540,0.764071887675126,0.76328716343003,FALSE,FALSE,TRUE,FALSE,FALSE,meclizine [晕动症适应证]
DISTURBANCE IN ATTENTION,3,126,42130,17642281,9.9704322222599,0.584203418345803,3.17270721782013,31.3327111119254,9.76181751941665,0.570618151531238,3.19014709601934,29.8710618708762,23.6474319491528,17684540,3.28705757903054,3.28627285478544,TRUE,TRUE,TRUE,TRUE,TRUE,meclizine [晕动症适应证]
FALL,3,126,273128,17411283,1.51780248507241,0.58418623741995,0.482998625991864,4.76962926956813,1.50576056681491,0.570600560890782,0.492097225707291,4.60745309286383,0.517619162466381,17684540,0.590487060715699,0.589702336470602,FALSE,FALSE,TRUE,FALSE,FALSE,meclizine [晕动症适应证]
FEELING ABNORMAL,3,126,195917,17488494,2.12535264569034,0.58418747218045,0.676333009959441,6.67884577867021,2.0991816539301,0.57060182527236,0.686031319289463,6.42326886877508,1.74598999614406,17684540,1.06981544903813,1.06903072479304,FALSE,FALSE,TRUE,FALSE,FALSE,meclizine [晕动症适应证]
HYPERPARATHYROIDISM SECONDARY,3,126,2301,17682110,182.965066948118,0.584554951633386,58.1815060295641,575.375544701761,178.733321205138,0.570978049014839,58.3685894471915,547.308071200207,529.595359431406,17684540,7.47979560104716,7.47901087680206,TRUE,TRUE,TRUE,TRUE,TRUE,meclizine [晕动症适应证]
HYPERTENSION,3,126,169311,17515100,2.46307794813208,0.584188158604935,0.783803424136875,7.74014605161396,2.42905287957087,0.570602528116245,0.793835089440457,7.43264938806171,2.54654415728911,17684540,1.28037885833057,1.27959413408548,FALSE,FALSE,TRUE,FALSE,FALSE,meclizine [晕动症适应证]
INTENTIONAL PRODUCT USE ISSUE,3,126,86791,17597620,4.82758526092512,0.584192964719454,1.53622511897873,15.1706798460598,4.73857165020594,0.570607448894471,1.54859048213609,14.4996766693043,8.8921530872889,17684540,2.24441290918082,2.24362818493572,TRUE,TRUE,TRUE,TRUE,TRUE,meclizine [晕动症适应证]
LOSS OF PERSONAL INDEPENDENCE IN DAILY ACTIVITIES,3,126,46929,17637482,8.94841244473668,0.584201340937257,2.84750026054744,28.1208351024782,8.76356564369629,0.570616024650089,2.86393184239473,26.8163095414855,20.6866034416051,17684540,3.13143628103537,3.13065155679027,TRUE,TRUE,TRUE,TRUE,TRUE,meclizine [晕动症适应证]
MUSCULAR WEAKNESS,3,126,90809,17593602,4.61292697545712,0.584192528395421,1.4679182177078,14.496104090954,4.52890541788835,0.570607002170678,1.48007173535825,13.858101465071,8.291432847753,17684540,2.17912527347885,2.17834054923376,TRUE,TRUE,TRUE,TRUE,TRUE,meclizine [晕动症适应证]
NOCTURIA,3,126,9938,17674473,42.3446151855792,0.584269220237209,13.4728101437781,133.087783178095,41.3831125068448,0.570685519940572,13.5221525208863,126.648623294919,118.252627094882,17684540,5.37054533299399,5.36976060874889,TRUE,TRUE,TRUE,TRUE,TRUE,meclizine [晕动症适应证]
PAIN IN EXTREMITY,3,126,243414,17440997,1.7059899321047,0.584186619868299,0.542883664774712,5.3610042763957,1.68957156159064,0.570600952530746,0.552168026043731,5.16989743536823,0.856085850810948,17684540,0.756650200102721,0.755865475857624,FALSE,FALSE,TRUE,FALSE,FALSE,meclizine [晕动症适应证]
PRURITUS,3,126,324943,17359468,1.2719789829806,0.584185737876328,0.404772497502147,3.99713553447586,1.26565389035315,0.570600049303079,0.413628438935671,3.87275056397946,0.170407557331617,17684540,0.339880139157959,0.339095414912863,FALSE,FALSE,TRUE,FALSE,FALSE,meclizine [晕动症适应证]
SEIZURE,3,126,113253,17571158,3.69403816907194,0.584190660631835,1.17551520002849,11.6084572910922,3.63138611862841,0.570605089873927,1.18676183391453,11.1117199472703,5.75700689662989,17684540,1.86049264563147,1.85970792138638,TRUE,TRUE,TRUE,TRUE,TRUE,meclizine [晕动症适应证]
ANKLE FRACTURE,2,127,12646,17671765,22.0066038123536,0.712708319527186,5.44356553464605,88.9656987266132,21.6809200323171,0.701660232488857,5.48040255337949,85.771490117613,39.4760816172708,17684540,4.43813644940995,4.43735172516485,FALSE,FALSE,FALSE,FALSE,FALSE,meclizine [晕动症适应证]
ARTHRALGIA,2,127,356892,17327519,0.764585126482605,0.712654808043698,0.189148031630354,3.09065027322551,0.768234969482875,0.701605877567049,0.194211566957328,3.03887650762856,0.142719563331786,17684540,-0.380378020082309,-0.381162744327405,FALSE,FALSE,FALSE,FALSE,FALSE,meclizine [晕动症适应证]
ARTHRITIS,2,127,67579,17616832,4.10527568026828,0.712663223414952,1.01557299463956,16.5948567950881,4.05713187127188,0.701614426137882,1.02563508217983,16.0489040467553,4.62475987420959,17684540,2.02042802391652,2.01964329967142,FALSE,FALSE,FALSE,FALSE,FALSE,meclizine [晕动症适应证]
ASTHENIA,2,127,305041,17379370,0.897226491329796,0.712655142081609,0.22196156814054,3.62682325362859,0.898819879061117,0.701606216988111,0.227223581234371,3.5554284049513,0.0231793595578767,17684540,-0.153894997357618,-0.154679721602715,FALSE,FALSE,FALSE,FALSE,FALSE,meclizine [晕动症适应证]
BLOOD CHOLESTEROL INCREASED,2,127,33941,17650470,8.18950995787735,0.712673512413107,2.02589986077078,33.1053250206825,8.07804468721258,0.701624877238553,2.04207222673727,31.9551899850597,12.4267946813615,17684540,3.01393164131438,3.01314691706929,FALSE,FALSE,FALSE,FALSE,FALSE,meclizine [晕动症适应证]
BLOOD GLUCOSE INCREASED,2,127,144242,17540169,1.91499794691052,0.712657705742052,0.473741932036903,7.74095955767297,1.90081193222974,0.701608821396956,0.480526855068018,7.51900952798056,0.860815214954394,17684540,0.926606317821403,0.925821593576306,FALSE,FALSE,FALSE,FALSE,FALSE,meclizine [晕动症适应证]
BRONCHITIS,2,127,61809,17622602,4.4899819013183,0.712664192566855,1.11074043714382,18.1499986855666,4.43587365478623,0.7016154105649,1.12137810810762,17.5471368122501,5.34111281264989,17684540,2.14918211656057,2.14839739231548,FALSE,FALSE,FALSE,FALSE,FALSE,meclizine [晕动症适应证]
CLOSTRIDIUM DIFFICILE COLITIS,2,127,8632,17675779,32.2473035692133,0.712734116154151,7.97630731456121,130.37218182236,31.7628492503107,0.701686435294242,8.02845359606479,125.662878962454,59.6039619137588,17684540,4.98894472430686,4.98816000006177,FALSE,FALSE,FALSE,FALSE,FALSE,meclizine [晕动症适应证]
CONFUSIONAL STATE,2,127,125588,17558823,2.20177801730894,0.712658428171343,0.544686273197743,8.90021775111806,2.18314579998632,0.701609555246163,0.551900300458963,8.63584524240046,1.29155259713245,17684540,1.12639603192968,1.12561130768458,FALSE,FALSE,FALSE,FALSE,FALSE,meclizine [晕动症适应证]
DEATH,2,127,749387,16935024,0.355881929281643,0.712653779349592,0.0880405592614576,1.43856364216294,0.365868255959447,0.701604831719771,0.0924925260723221,1.44724753883508,2.29544974462421,17684540,-1.45059717371166,-1.45138189795676,FALSE,FALSE,FALSE,FALSE,FALSE,meclizine [晕动症适应证]
DIABETES MELLITUS,2,127,54421,17629990,5.10166365548732,0.712665733516851,1.26205564493018,20.6226818589763,5.03807197090612,0.701616975798103,1.27360847553907,19.9293343845616,6.49286467946898,17684540,2.33282923667445,2.33204451242936,FALSE,FALSE,FALSE,FALSE,FALSE,meclizine [晕动症适应证]
DIVERTICULITIS,2,127,23337,17661074,11.9178621762137,0.712682904789326,2.94815574755912,48.1777256743716,11.7485929951871,0.70163441754075,2.9699051906049,46.4760416605915,19.6917217300406,17684540,3.55430297462467,3.55351825037957,FALSE,FALSE,FALSE,FALSE,FALSE,meclizine [晕动症适应证]
DRUG DEPENDENCE,2,127,152218,17532193,1.81382968872968,0.712657450891554,0.448714637909161,7.3320053810753,1.80121217417574,0.701608562514606,0.455348183515545,7.12502083867021,0.718966862484384,17684540,0.848959702095859,0.848174977850762,FALSE,FALSE,FALSE,FALSE,FALSE,meclizine [晕动症适应证]
DYSGEUSIA,2,127,56683,17627728,4.89744748421981,0.712665219054939,1.2115376263577,19.7971497862581,4.83702194182881,0.701616453229476,1.22278492384161,19.1340118851219,6.10688129673016,17684540,2.27407870289984,2.27329397865474,FALSE,FALSE,FALSE,FALSE,FALSE,meclizine [晕动症适应证]
DYSPNOEA,2,127,463437,17220974,0.58518512968296,0.712654356337875,0.144767024077224,2.365467123365,0.591616367982449,0.701605418493273,0.149562112910561,2.34023122603284,0.578971850478572,17684540,-0.757261829773855,-0.758046554018952,FALSE,FALSE,FALSE,FALSE,FALSE,meclizine [晕动症适应证]
ECONOMIC PROBLEM,2,127,8424,17675987,33.0439221272555,0.712736122821062,8.17331720679326,133.593345507818,32.5471171330345,0.701688473555443,8.22665415270705,128.766180516157,61.17031298473,17684540,5.02412590120606,5.02334117696097,FALSE,FALSE,FALSE,FALSE,FALSE,meclizine [晕动症适应证]
EYE DISORDER,2,127,27292,17657119,10.1885118768039,0.712678548264409,2.52038292505604,41.1865090942347,10.0460543283263,0.701629992405099,2.5395456019471,39.7406557654665,16.3151785886751,17684540,3.32846188175551,3.32767715751041,FALSE,FALSE,FALSE,FALSE,FALSE,meclizine [晕动症适应证]
GASTRIC CANCER,2,127,24011,17660400,11.5828801563063,0.712682060915023,2.86529502372513,46.8234899388933,11.4188044949682,0.701633560376582,2.88654341238255,45.1713615443891,19.0370246100722,17684540,3.51323006814023,3.51244534389513,FALSE,FALSE,FALSE,FALSE,FALSE,meclizine [晕动症适应证]
GASTROINTESTINAL DISORDER,2,127,77230,17607181,3.59029445739845,0.712661926076579,0.88817795666845,14.5130986352973,3.55013485340777,0.701613108347232,0.897469535687652,14.0433262369443,3.67960329444052,17684540,1.82784699032371,1.82706226607862,FALSE,FALSE,FALSE,FALSE,FALSE,meclizine [晕动症适应证]
HERNIA,2,127,16712,17667699,16.6486046143466,0.712694822200356,4.1183168752013,67.3032318794788,16.405990589318,0.701646522624623,4.14714175666834,64.9016944704155,28.9577942043729,17684540,4.0359886812449,4.03520395699981,FALSE,FALSE,FALSE,FALSE,FALSE,meclizine [晕动症适应证]
HYPERSENSITIVITY,2,127,156152,17528259,1.76773640301213,0.71265733477974,0.437311940279164,7.14568184106621,1.75583351304295,0.701608444565147,0.4438765166122,6.94551572373045,0.656515867332044,17684540,0.812148101801058,0.811363377555962,FALSE,FALSE,FALSE,FALSE,FALSE,meclizine [晕动症适应证]
IMPAIRED DRIVING ABILITY,2,127,8037,17676374,34.6358211382592,0.712740132767363,8.56700142490467,140.030338087031,34.1143355392164,0.701692546636377,8.62271759804916,134.967645182482,64.3005332016574,17684540,5.09195776654384,5.09117304229874,FALSE,FALSE,FALSE,FALSE,FALSE,meclizine [晕动症适应证]
INAPPROPRIATE SCHEDULE OF DRUG ADMINISTRATION,2,127,63752,17620659,4.35265862895887,0.712663846621957,1.07676986960895,17.5948804614404,4.30067942540912,0.701615059167727,1.08720208340711,17.012332667883,5.08457295450944,17684540,2.10452986104538,2.10374513680028,FALSE,FALSE,FALSE,FALSE,FALSE,meclizine [晕动症适应证]
INCORRECT DRUG ADMINISTRATION DURATION,2,127,21453,17662958,12.9658704562363,0.712685544887039,3.20738796456336,52.414549953201,12.7803530848218,0.701637099215664,3.23070494298953,50.5578280452842,21.7415489171664,17684540,3.67573182113257,3.67494709688747,FALSE,FALSE,FALSE,FALSE,FALSE,meclizine [晕动症适应证]
INJURY,2,127,51918,17632493,5.34837734731905,0.712666355038654,1.32308636075473,21.6200099236139,5.28096064425984,0.701617607113089,1.33500830315967,20.8901661961316,6.96080912746212,17684540,2.40075533888182,2.39997061463672,FALSE,FALSE,FALSE,FALSE,FALSE,meclizine [晕动症适应证]
INTERVERTEBRAL DISC PROTRUSION,2,127,17286,17667125,16.0952470753721,0.712693428224088,3.98144530914661,65.0660647835949,15.8612122369942,0.701645106697105,4.00944263449203,62.7463905987144,27.8725440831061,17684540,3.98727474490881,3.98649002066371,FALSE,FALSE,FALSE,FALSE,FALSE,meclizine [晕动症适应证]
JOINT SWELLING,2,127,105504,17578907,2.62391171047887,0.712659491586275,0.649114352427093,10.6066252250391,2.59873478473501,0.701610635453985,0.656960003281437,10.2798076711811,1.97884333979869,17684540,1.37779258172504,1.37700785747994,FALSE,FALSE,FALSE,FALSE,FALSE,meclizine [晕动症适应证]
LIMB INJURY,2,127,23892,17660519,11.6406499853013,0.712682206446702,2.87958491426819,47.0570363835693,11.4756786676997,0.701633708200195,2.90091971344327,45.3963618069205,19.1499119917936,17684540,3.52039733233819,3.51961260809309,FALSE,FALSE,FALSE,FALSE,FALSE,meclizine [晕动症适应证]
LOSS OF CONSCIOUSNESS,2,127,94142,17590269,2.94249230137686,0.712660294143807,0.727925018447879,11.8944406693477,2.91237614166559,0.70161145067624,0.736247343770658,11.5204962874339,2.5248645790689,17684540,1.54217657051349,1.54139184626839,FALSE,FALSE,FALSE,FALSE,FALSE,meclizine [晕动症适应证]
MAJOR DEPRESSION,2,127,5608,17678803,49.6444982982691,0.712777938072854,12.2784146721505,200.724301719254,48.8903200300789,0.701730947129288,12.3565559220481,193.440907622044,93.8178614731197,17684540,5.61097304627216,5.61018832202706,FALSE,FALSE,FALSE,FALSE,FALSE,meclizine [晕动症适应证]
MALIGNANT MELANOMA,2,127,11461,17672950,24.2835854836704,0.712714055391737,6.00673343425073,98.1719149680039,23.9225996622181,0.701666058670206,6.04697489546721,94.6408385170818,43.9496256792876,17684540,4.58006105868965,4.57927633444455,FALSE,FALSE,FALSE,FALSE,FALSE,meclizine [晕动症适应证]
MIGRAINE,2,127,81221,17603190,3.4131024064119,0.71266147969614,0.844344387187369,13.7968206023849,3.37568996600242,0.701612654928132,0.853370850377102,13.3532598887504,3.35919746203876,17684540,1.75515740752506,1.75437268327996,FALSE,FALSE,FALSE,FALSE,FALSE,meclizine [晕动症适应证]
MULTIPLE FRACTURES,2,127,15240,17669171,18.2581798830264,0.712698876905024,4.51643693220653,73.8106471195836,17.9906112026694,0.701650641178661,4.54766886928926,71.1709890821931,32.1158605612084,17684540,4.16899350175192,4.16820877750682,FALSE,FALSE,FALSE,FALSE,FALSE,meclizine [晕动症适应证]
MUSCLE SPASMS,2,127,151535,17532876,1.8220759789129,0.712657471664511,0.450754629782923,7.36533948532101,1.80933061489875,0.701608583616278,0.457400514281633,7.15713509669166,0.730290633374835,17684540,0.855447535288336,0.854662811043239,FALSE,FALSE,FALSE,FALSE,FALSE,meclizine [晕动症适应证]
MUSCULOSKELETAL DISORDER,2,127,16917,17667494,16.4466661919078,0.712694313492731,4.06836801172648,66.4868143807016,16.207182995134,0.701646005906289,4.09689089255882,64.1151515933347,28.5617199279533,17684540,4.01840142194513,4.01761669770003,FALSE,FALSE,FALSE,FALSE,FALSE,meclizine [晕动症适应证]
MUSCULOSKELETAL STIFFNESS,2,127,75225,17609186,3.68640765367938,0.712662168204226,0.911954298543436,14.9016254551474,3.64475792261459,0.701613354292448,0.921389682011834,14.4176352023564,3.85454365669604,17684540,1.86579516437278,1.86501044012768,FALSE,FALSE,FALSE,FALSE,FALSE,meclizine [晕动症适应证]
MYALGIA,2,127,132972,17551439,2.07863771450552,0.712658117966566,0.514223554565572,8.40244424784275,2.06191464916435,0.701609240139236,0.521253329586998,8.15628750766372,1.10207182488206,17684540,1.04397343978503,1.04318871553994,FALSE,FALSE,FALSE,FALSE,FALSE,meclizine [晕动症适应证]
MYOCARDIAL INFARCTION,2,127,109291,17575120,2.53244588581939,0.712659261169671,0.626487433648809,10.2368887548966,2.50868703487645,0.701610401400079,0.634196228259863,9.92360149511709,1.82585468286031,17684540,1.32691662512027,1.32613190087518,FALSE,FALSE,FALSE,FALSE,FALSE,meclizine [晕动症适应证]
NASOPHARYNGITIS,2,127,164410,17520001,1.6781553893258,0.712657109121029,0.415151100997301,6.78356748653196,1.66764135228199,0.70160821533361,0.421581637148473,6.59665278272423,0.539591383581815,17684540,0.73780202594765,0.737017301702553,FALSE,FALSE,FALSE,FALSE,FALSE,meclizine [晕动症适应证]
OSTEOPENIA,2,127,13022,17671389,21.3707257373046,0.712706717700918,5.28629098351671,86.394774703694,21.0549005320751,0.701658605439898,5.32217721591805,83.2946402253741,38.2270768049292,17684540,4.39587311750207,4.39508839325697,FALSE,FALSE,FALSE,FALSE,FALSE,meclizine [晕动症适应证]
PERIPHERAL SWELLING,2,127,151426,17532985,1.82339888790564,0.712657474997008,0.451081894941854,7.37068710071841,1.81063301367455,0.701608587001508,0.457729758903869,7.16228701856523,0.732111382475833,17684540,0.856485633855774,0.855700909610677,FALSE,FALSE,FALSE,FALSE,FALSE,meclizine [晕动症适应证]
PRODUCT DOSE OMISSION ISSUE,2,127,280969,17403442,0.975445521591014,0.712655339080142,0.241311793734894,3.94300647666347,0.97582621117875,0.701606417145702,0.246690849351375,3.86004100649535,0.0012170244994293,17684540,-0.0353036051956836,-0.0360883294407803,FALSE,FALSE,FALSE,FALSE,FALSE,meclizine [晕动症适应证]
RENAL DISORDER,2,127,38462,17645949,7.22502627606264,0.712671082692616,1.78731688564198,29.2063512123345,7.12851424077485,0.701622409246262,1.80204640214242,28.1988938911429,10.5600120359767,17684540,2.83353692105713,2.83275219681203,FALSE,FALSE,FALSE,FALSE,FALSE,meclizine [晕动症适应证]
RENAL TUBULAR NECROSIS,2,127,7438,17676973,37.4263952082623,0.712747162086257,9.25710876993132,151.314529525122,36.8616448949559,0.701699686626506,9.31699536445195,145.838954642622,69.7881496478949,17684540,5.20367119577292,5.20288647152783,FALSE,FALSE,FALSE,FALSE,FALSE,meclizine [晕动症适应证]
SCHIZOPHRENIA,2,127,10404,17674007,26.7522893980813,0.712720274165412,6.61730585976778,108.153530032509,26.3530290973359,0.701672375362355,6.66123810499629,104.257216400076,48.8012908926736,17684540,4.71963010979162,4.71884538554653,FALSE,FALSE,FALSE,FALSE,FALSE,meclizine [晕动症适应证]
SINUS DISORDER,2,127,17143,17667268,16.2296385062933,0.712693766773012,4.01468675318727,65.6093942661512,15.9935200798391,0.70164545057725,4.04288506483245,63.2698383560944,28.1360891519938,17684540,3.99925781794532,3.99847309370022,FALSE,FALSE,FALSE,FALSE,FALSE,meclizine [晕动症适应证]
SINUSITIS,2,127,87988,17596423,3.14939564056516,0.712660815370064,0.779108763219601,12.7308193272306,3.11607167714554,0.701611980124832,0.787740663625823,12.3262682066148,2.88828253192651,17684540,1.63970615040284,1.63892142615775,FALSE,FALSE,FALSE,FALSE,FALSE,meclizine [晕动症适应证]
SUICIDAL IDEATION,2,127,66545,17617866,4.16930961997772,0.712663384729176,1.03141353890752,16.8537080923439,4.12017303672225,0.701614589994804,1.0415714322431,16.2982828897048,4.7434702506571,17684540,2.04267209263584,2.04188736839075,FALSE,FALSE,FALSE,FALSE,FALSE,meclizine [晕动症适应证]
THROMBOSIS,2,127,63462,17620949,4.37262077845829,0.712663896910614,1.08170804162473,17.6755757898287,4.32033208421862,0.701615110248977,1.09217012199386,17.0900750185819,5.12181120787898,17684540,2.11110726811901,2.11032254387391,FALSE,FALSE,FALSE,FALSE,FALSE,meclizine [晕动症适应证]
VIRAL INFECTION,2,127,27632,17656779,10.0629528014991,0.712678231959015,2.48932429455046,40.6789180931067,9.92244190535184,0.70162967111807,2.50829915366139,39.2516391919866,16.0703974700876,17684540,3.31060131596837,3.30981659172328,FALSE,FALSE,FALSE,FALSE,FALSE,meclizine [晕动症适应证]
VISION BLURRED,2,127,108465,17575946,2.55185129932331,0.712659310054873,0.631287968417724,10.3153321140901,2.52779158925628,0.701610451057024,0.639025798522873,9.99917426414525,1.85815044156097,17684540,1.33786144344411,1.33707671919902,FALSE,FALSE,FALSE,FALSE,FALSE,meclizine [晕动症适应证]
ACTINIC KERATOSIS,1,128,2162,17682249,63.8957309493525,1.0041290212139,8.92770773446506,457.30265315374,63.4081671435435,0.996348603731961,8.99572450202236,446.945174854973,61.4030506360663,17684540,5.98594015180634,5.98515542756124,FALSE,FALSE,FALSE,FALSE,FALSE,meclizine [晕动症适应证]
ACUTE CORONARY SYNDROME,1,128,6135,17678276,22.5120670334148,1.00397985824,3.14637487218389,161.072085401318,22.3453068238535,0.996198275773217,3.1710656322231,157.458972775062,20.3938119644682,17684540,4.48167533426538,4.48089061002029,FALSE,FALSE,FALSE,FALSE,FALSE,meclizine [晕动症适应证]
ACUTE LEFT VENTRICULAR FAILURE,1,128,576,17683835,239.852362738715,1.00476299078934,33.4712920215158,1718.76113639007,238.000794035314,0.996987520774276,33.7229451018129,1679.6984305619,235.603662039648,17684540,7.89233059312283,7.89154586887774,FALSE,FALSE,FALSE,FALSE,FALSE,meclizine [晕动症适应证]
ACUTE RESPIRATORY FAILURE,1,128,16324,17668087,8.45576633714163,1.00392918878497,1.18192847508343,60.4943411176304,8.39796969886922,0.996147210488363,1.19189138146808,59.1714112205907,6.52266811536951,17684540,3.06996273044716,3.06917800620206,FALSE,FALSE,FALSE,FALSE,FALSE,meclizine [晕动症适应证]
AGE-RELATED MACULAR DEGENERATION,1,128,1399,17683012,98.7480566476054,1.00425462549819,13.79398542091,706.9152528534,97.9903197743682,0.996475188728543,13.8984500409131,690.87579846796,95.9395481332867,17684540,6.61354698993599,6.61276226569089,FALSE,FALSE,FALSE,FALSE,FALSE,meclizine [晕动症适应证]
ALANINE AMINOTRANSFERASE INCREASED,1,128,40677,17643734,3.38868824827298,1.00391092263933,0.473680370172692,24.2425246370182,3.37017128510807,0.996128801604354,0.478332643494033,23.7450958981199,1.67069406363656,17684540,1.75279697372682,1.75201224948173,FALSE,FALSE,FALSE,FALSE,FALSE,meclizine [晕动症适应证]
ALBUMIN GLOBULIN RATIO DECREASED,1,128,174,17684237,794.012077945402,1.00675701288062,110.371828803974,5712.10232497727,787.864697496213,0.998997063011352,111.195746248946,5582.32488652128,781.383036374778,17684540,9.61354698993599,9.61276226569089,FALSE,FALSE,FALSE,FALSE,FALSE,meclizine [晕动症适应证]
ALOPECIA,1,128,175530,17508881,0.779286348843503,1.00390151615869,0.108932845041203,5.57487701036483,0.780997307379599,0.996119321417054,0.110849988486746,5.50254269270504,0.062026760540278,17684540,-0.356608215715652,-0.357392939960749,FALSE,FALSE,FALSE,FALSE,FALSE,meclizine [晕动症适应证]
AMMONIA INCREASED,1,128,3793,17680618,36.4170387885579,1.00402997968837,5.08928833009161,260.586673049325,36.1424881002745,0.99624878871818,5.12854248622276,254.707736084404,34.168480426149,17684540,5.17525413835684,5.17446941411174,FALSE,FALSE,FALSE,FALSE,FALSE,meclizine [晕动症适应证]
ANAEMIA POSTOPERATIVE,1,128,950,17683461,145.423199013158,1.00442281342518,20.30727895739,1041.39539598557,144.303639330885,0.996644689469358,20.4604978831069,1017.74357804514,142.16857130931,17684540,7.17145657090775,7.17067184666266,FALSE,FALSE,FALSE,FALSE,FALSE,meclizine [晕动症适应证]
ANGINA PECTORIS,1,128,19952,17664459,6.91677956783781,1.00392364097054,0.966822792372561,49.483566137964,6.87091305956,0.996141619327904,0.975172821220444,48.411363857484,5.02186875246595,17684540,2.7804400454587,2.7796553212136,FALSE,FALSE,FALSE,FALSE,FALSE,meclizine [晕动症适应证]
AORTIC STENOSIS,1,128,2585,17681826,53.4387874758221,1.004091332375,7.46718306331289,382.433908834574,53.0322852473273,0.996310620571659,7.52425699370306,373.780863799252,51.0388637146173,17684540,5.72825154195806,5.72746681771297,FALSE,FALSE,FALSE,FALSE,FALSE,meclizine [晕动症适应证]
APHASIA,1,128,23677,17660734,5.8273634487055,1.00391971377359,0.814551210341877,41.6894166163674,5.78994202662251,0.996137661444935,0.821759473901373,40.7946969111219,3.9678004977139,17684540,2.53349849564127,2.53271377139618,FALSE,FALSE,FALSE,FALSE,FALSE,meclizine [晕动症适应证]
APPLICATION SITE BURN,1,128,4148,17680263,33.2996756720106,1.00401874315115,4.65373871270913,238.274743881265,33.0492905892818,0.996237464416541,4.6897284033074,232.903809031774,31.0793491509544,17684540,5.04621015989667,5.04542543565157,FALSE,FALSE,FALSE,FALSE,FALSE,meclizine [晕动症适应证]
APPLICATION SITE ERYTHEMA,1,128,21470,17662941,6.42718800943177,1.00392187606121,0.898391121607293,45.9808035888409,6.38511678455245,0.996139840628344,0.906228037255249,44.9883634982816,4.54704007542446,17684540,2.67465633673042,2.67387161248533,FALSE,FALSE,FALSE,FALSE,FALSE,meclizine [晕动症适应证]
APPLICATION SITE INDURATION,1,128,149,17684262,927.236891778523,1.00723580453806,128.769875791831,6676.7809488688,920.056760834504,0.999479572009603,129.730004667352,6525.12458723675,911.945197177803,17684540,9.83593941127243,9.83515468702734,FALSE,FALSE,FALSE,FALSE,FALSE,meclizine [晕动症适应证]
APPLICATION SITE IRRITATION,1,128,9979,17674432,13.8372081370879,1.00394858783746,1.9340610698167,98.9980781978292,13.7376948957151,0.996166761094976,1.949663229839,96.7983896702722,11.8159720593578,17684540,3.77993400154369,3.7791492772986,FALSE,FALSE,FALSE,FALSE,FALSE,meclizine [晕动症适应证]
APPLICATION SITE PRURITUS,1,128,18904,17665507,7.30066512047715,1.00392502482251,1.02047928863009,52.2300763917532,7.25182275520213,0.996143013992424,1.02923164110713,51.0953328410096,5.39520156528293,17684540,2.85827787289372,2.85749314864862,FALSE,FALSE,FALSE,FALSE,FALSE,meclizine [晕动症适应证]
ASTHMA,1,128,96654,17587757,1.42161060651913,1.00390383157005,0.198719489123955,10.1699975451681,1.41834230724379,0.996121655046119,0.201309924911308,9.99302394754723,0.12406754087447,17684540,0.504201356687443,0.503416632442347,FALSE,FALSE,FALSE,FALSE,FALSE,meclizine [晕动症适应证]
ASTIGMATISM,1,128,1250,17683161,110.51975625,1.00429704597344,15.4370750126093,791.2520028297,109.670765891473,0.996517940364611,15.5538419248931,773.292987629802,107.601420742419,17684540,6.7758920276025,6.7751073033574,FALSE,FALSE,FALSE,FALSE,FALSE,meclizine [晕动症适应证]
ATRIAL FIBRILLATION,1,128,77451,17606960,1.7760180630334,1.00390510915368,0.248259626641645,12.7054092640442,1.77000241913392,0.996122942641952,0.25122155140685,12.4706998511693,0.336442572353581,17684540,0.823743228809865,0.822958504564768,FALSE,FALSE,FALSE,FALSE,FALSE,meclizine [晕动症适应证]
AUDITORY DISORDER,1,128,1390,17683021,99.3874831384892,1.00425692978035,13.883243359339,711.495977484168,98.624789470749,0.996477511000102,13.9883763348372,695.352259999283,96.5730534337429,17684540,6.62285139722608,6.62206667298098,FALSE,FALSE,FALSE,FALSE,FALSE,meclizine [晕动症适应证]
BASAL CELL CARCINOMA,1,128,13276,17671135,10.3988959165035,1.00393619343173,1.45351491079765,74.3969225764114,10.326036258236,0.996154269860479,1.46551413878636,72.7574180176153,8.42857235146623,17684540,3.368116522376,3.3673317981309,FALSE,FALSE,FALSE,FALSE,FALSE,meclizine [晕动症适应证]
BLEPHAROCHALASIS,1,128,43,17684368,3213.00290697674,1.01541536845795,439.108766334728,23509.8646889039,3188.10365963584,1.00772209434051,442.325594504934,22978.5593934697,3113.70026640172,17684540,11.605326483131,11.6045417588859,FALSE,FALSE,FALSE,FALSE,FALSE,meclizine [晕动症适应证]
BLOOD BILIRUBIN DECREASED,1,128,550,17683861,251.191207386364,1.00480383078834,35.0508170149587,1800.15839976829,249.251740662438,0.997028679269913,35.3142717482253,1759.24427002739,246.814702692125,17684540,7.95884959319716,7.95806486895206,FALSE,FALSE,FALSE,FALSE,FALSE,meclizine [晕动症适应证]
BLOOD CHLORIDE INCREASED,1,128,1145,17683266,120.655472161572,1.00433356958535,16.8515956614737,863.879199037157,119.72791036187,0.996554749080019,16.9789517818407,844.267225904443,117.641149353982,17684540,6.90236677301141,6.90158204876631,FALSE,FALSE,FALSE,FALSE,FALSE,meclizine [晕动症适应证]
BLOOD PRESSURE ABNORMAL,1,128,17729,17666682,7.78503881352586,1.00392677091722,1.08818080963924,55.6955505842793,7.73244161342101,0.996144773729746,1.097440793962,54.4818942706767,5.86731865888402,17684540,2.95085318598227,2.95006846173717,FALSE,FALSE,FALSE,FALSE,FALSE,meclizine [晕动症适应证]
BLOOD PROLACTIN INCREASED,1,128,3611,17680800,38.2529077817779,1.00403659702046,5.3457820477287,273.727013315652,37.9641255509114,0.996255457734823,5.38695856609478,267.548898169863,35.9878524516501,17684540,5.24617592428746,5.24539120004236,FALSE,FALSE,FALSE,FALSE,FALSE,meclizine [晕动症适应证]
BLOOD TEST ABNORMAL,1,128,12735,17671676,10.840986945426,1.00393778708701,1.51530384377926,77.5600210039575,10.7647002249188,0.996155875966187,1.52776634937203,75.8484901699775,8.86328410537269,17684540,3.42813348122467,3.42734875697957,FALSE,FALSE,FALSE,FALSE,FALSE,meclizine [晕动症适应证]
BODY TEMPERATURE INCREASED,1,128,15129,17669282,9.12428221462093,1.00393159867461,1.27536613432223,65.2773534529288,9.06130328272464,0.99614963920612,1.28602963137649,63.845509604342,7.17732924132655,17684540,3.17963373466422,3.17884901041912,FALSE,FALSE,FALSE,FALSE,FALSE,meclizine [晕动症适应证]
BONE DISORDER,1,128,13115,17671296,10.5266488753336,1.00393665395745,1.47137036595667,75.3109747949247,10.4527988840519,0.996154733984066,1.48350346989001,73.6506565222513,8.55415960057639,17684540,3.38571791537526,3.38493319113016,FALSE,FALSE,FALSE,FALSE,FALSE,meclizine [晕动症适应证]
BONE HYPERTROPHY,1,128,145,17684266,952.816056034483,1.00732770649455,132.298345396487,6862.20552431196,945.437636995456,0.999572187084387,133.284566666884,6706.34528663426,936.984521394295,17684540,9.8749335428883,9.8741488186432,FALSE,FALSE,FALSE,FALSE,FALSE,meclizine [晕动症适应证]
BONE MARROW OEDEMA,1,128,890,17683521,155.227536867978,1.00445813852815,21.67488178708,1111.68256596732,154.031974566675,0.996680290250662,21.8383334127967,1086.43131050496,151.875480656235,17684540,7.26547648024639,7.2646917560013,FALSE,FALSE,FALSE,FALSE,FALSE,meclizine [晕动症适应证]
BONE PAIN,1,128,48351,17636060,2.84961466670803,1.00390897933902,0.398328666589266,20.3859386226167,2.8352765685165,0.99612684310987,0.402415909260885,19.976330545041,1.19120820712763,17684540,1.50347015660349,1.50268543235839,FALSE,FALSE,FALSE,FALSE,FALSE,meclizine [晕动症适应证]
BRADYPHRENIA,1,128,5508,17678903,25.0756045184277,1.00398909887893,3.5046014609783,179.417245859696,24.8889719252616,0.996207588593687,3.53197758744988,175.386425354901,22.9321319407234,17684540,4.63718335420323,4.63639862995813,FALSE,FALSE,FALSE,FALSE,FALSE,meclizine [晕动症适应证]
BRONCHITIS CHRONIC,1,128,1877,17682534,73.5987196989878,1.00416399138965,10.2827342991301,526.783186626575,73.0359389261274,0.996383846978231,10.3609019513284,514.844016464905,71.0193400710496,17684540,6.18977675411454,6.18899202986945,FALSE,FALSE,FALSE,FALSE,FALSE,meclizine [晕动症适应证]
CARBON DIOXIDE DECREASED,1,128,812,17683599,170.139306881158,1.00451186336607,23.7545549990999,1218.60349508116,168.828149463474,0.996734434321461,23.9335643348368,1190.91931533881,166.636525358855,17684540,7.39764655969329,7.39686183544819,FALSE,FALSE,FALSE,FALSE,FALSE,meclizine [晕动症适应证]
CARDIAC DISORDER,1,128,72691,17611720,1.89282803235614,1.00390553023758,0.264587620227591,13.5410642304103,1.88590688481849,0.996123367023262,0.267671984064493,13.2873254951809,0.417867670695703,17684540,0.915249122797486,0.91446439855239,FALSE,FALSE,FALSE,FALSE,FALSE,meclizine [晕动症适应证]
CATARACT,1,128,50793,17633618,2.71223673783789,1.00390848410705,0.379125888330735,19.4031279543228,2.6989635848314,0.996126344005004,0.383069136743504,19.015900090963,1.07253568922148,17684540,1.43238763233711,1.43160290809201,FALSE,FALSE,FALSE,FALSE,FALSE,meclizine [晕动症适应证]
CATARACT NUCLEAR,1,128,529,17683882,261.163191162571,1.0048397462864,36.4397263481612,1871.75424333721,259.14642223883,0.997064874838527,36.7135568791728,1829.21171000142,256.672784252747,17684540,8.01490955231776,8.01412482807266,FALSE,FALSE,FALSE,FALSE,FALSE,meclizine [晕动症适应证]
CELLULITIS,1,128,40820,17643591,3.37678967877266,1.00391087974631,0.472017194359388,24.1574007704128,3.35836495258062,0.996128758376006,0.476656996275419,23.6619104363359,1.65991990006215,17684540,1.74773419743349,1.7469494731884,FALSE,FALSE,FALSE,FALSE,FALSE,meclizine [晕动症适应证]
CELLULITIS ORBITAL,1,128,469,17683942,294.575259861407,1.00496007518235,41.0919720181908,2111.71621756196,292.299482653179,0.99718614191663,41.4005457885119,2063.7164542653,289.692937185235,17684540,8.18824115520332,8.18745643095822,FALSE,FALSE,FALSE,FALSE,FALSE,meclizine [晕动症适应证]
CEREBRAL CONGESTION,1,128,166,17684245,832.278096762048,1.00689455899466,115.659820441243,5989.00143288525,825.834080508079,0.999135677400256,116.522915657288,5852.9425279273,818.909879139922,17684540,9.68105380929426,9.68026908504917,FALSE,FALSE,FALSE,FALSE,FALSE,meclizine [晕动症适应证]
CHEST DISCOMFORT,1,128,82711,17601700,1.66257548874998,1.00390470020963,0.232402310271399,11.89384585964,1.65743924465115,0.996122530494524,0.235245325239065,11.6776171722777,0.262001861032677,17684540,0.728949068945923,0.728164344700826,FALSE,FALSE,FALSE,FALSE,FALSE,meclizine [晕动症适应证]
CHOLECYSTITIS CHRONIC,1,128,2312,17682099,59.7497398086073,1.00411407843229,8.34866163186664,427.617211550357,59.2943154690057,0.996333544261199,8.41234015669609,417.935530595423,57.2938962313754,17684540,5.88920855113213,5.88842382688703,FALSE,FALSE,FALSE,FALSE,FALSE,meclizine [晕动症适应证]
CHOLELITHIASIS,1,128,22405,17662006,6.15864413635349,1.00392090799682,0.860855743325622,44.0595278504107,6.1186546469244,0.996138864999739,0.868411210250477,43.1108376382328,4.28733012547091,17684540,2.61316060550993,2.61237588126483,FALSE,FALSE,FALSE,FALSE,FALSE,meclizine [晕动症适应证]
CHORIORETINAL FOLDS,1,128,68,17684343,2031.74896599265,1.01119653821606,279.976884892244,14744.0881142775,2016.00672594619,1.00347092026698,282.046220995104,14409.9896276605,1984.82645573609,17684540,10.9562336449901,10.9554489207451,FALSE,FALSE,FALSE,FALSE,FALSE,meclizine [晕动症适应证]
CHRONIC OBSTRUCTIVE PULMONARY DISEASE,1,128,42439,17641972,3.24767092179363,1.00391041428752,0.453969024147352,23.2336698215788,3.23024711619833,0.996128289278273,0.458473490833386,22.7592143064596,1.5434887930277,17684540,1.69162106596619,1.69083634172109,FALSE,FALSE,FALSE,FALSE,FALSE,meclizine [晕动症适应证]
CLOSTRIDIUM DIFFICILE INFECTION,1,128,21388,17663023,6.45185932240041,1.00392196499792,0.901839515852278,46.1573128969695,6.40959684703297,0.996139930259977,0.909702288280977,45.1608534690261,4.57092786434588,17684540,2.68017668846605,2.67939196422095,FALSE,FALSE,FALSE,FALSE,FALSE,meclizine [晕动症适应证]
COLITIS,1,128,32704,17651707,4.21673070381299,1.00391390763908,0.589423024046961,30.166479935576,4.19179480688421,0.996131809936787,0.594943193921668,29.5341536512053,2.43478457308618,17684540,2.06753450778689,2.0667497835418,FALSE,FALSE,FALSE,FALSE,FALSE,meclizine [晕动症适应证]
COLITIS ULCERATIVE,1,128,40504,17643907,3.40319532484446,1.00391097493573,0.475708161359959,24.3463101115045,3.38456590372163,0.996128854309591,0.480375640169874,23.8465180136615,1.68383999011659,17684540,1.7589457147163,1.7581609904712,FALSE,FALSE,FALSE,FALSE,FALSE,meclizine [晕动症适应证]
COLPOCELE,1,128,18,17684393,7675.51779513889,1.03119741664852,1017.03224212111,57926.9476261876,7616.02540913006,1.0236227630451,1024.2432202588,56630.9269958934,7213.29510394783,17684540,12.8168305883247,12.8160458640796,FALSE,FALSE,FALSE,FALSE,FALSE,meclizine [晕动症适应证]
COMA,1,128,35354,17649057,3.90007517713696,1.00391276613199,0.545161502977065,27.9010647381677,3.87759397421342,0.996130659507608,0.550349778994141,27.3203253689619,2.1397031557342,17684540,1.95513146290963,1.95434673866453,FALSE,FALSE,FALSE,FALSE,FALSE,meclizine [晕动症适应证]
COMPRESSION FRACTURE,1,128,4291,17680120,32.1896848054067,1.00401474215808,4.49864913253806,230.330434168987,31.9479043030392,0.996233432172686,4.53347638275097,225.140378637374,29.9794963169104,17684540,4.99732374101179,4.9965390167667,FALSE,FALSE,FALSE,FALSE,FALSE,meclizine [晕动症适应证]
CONCUSSION,1,128,6593,17677818,20.9476646632792,1.00397421908538,2.9277602146079,149.877251783054,20.793031603874,0.996192592568599,2.95081212801615,146.519041037822,18.8452941337555,17684540,4.37781993009793,4.37703520585283,FALSE,FALSE,FALSE,FALSE,FALSE,meclizine [晕动症适应证]
CONDITION AGGRAVATED,1,128,262814,17421597,0.517880427079608,1.00390057394762,0.0723922503951668,3.7048183374344,0.521617788109998,0.996118371701307,0.0740353812891779,3.67506875948972,0.445347083848817,17684540,-0.938929991586138,-0.939714715831235,FALSE,FALSE,FALSE,FALSE,FALSE,meclizine [晕动症适应证]
CONTRAINDICATED PRODUCT ADMINISTERED,1,128,29771,17654640,4.63292717745457,1.00391540797883,0.647597892469646,33.144045836442,4.60476495127275,0.996133322002383,0.653554282702082,32.443916010777,2.82659510231462,17684540,2.20308958115473,2.20230485690963,FALSE,FALSE,FALSE,FALSE,FALSE,meclizine [晕动症适应证]
CONTUSION,1,128,80507,17603904,1.70830486789969,1.0039048650573,0.238794492255198,12.2209917579296,1.70281413248961,0.996122696633634,0.241685440519362,11.9973133821193,0.291400269926661,17684540,0.767913572695073,0.767128848449976,FALSE,FALSE,FALSE,FALSE,FALSE,meclizine [晕动症适应证]
CORONARY ARTERY DISEASE,1,128,18049,17666362,7.64687534627957,1.00392627285888,1.06886957508335,54.70705119189,7.59534918080454,0.996144271779992,1.07798476247506,53.5159041078586,5.73254241971971,17684540,2.92504688510642,2.92426216086132,FALSE,FALSE,FALSE,FALSE,FALSE,meclizine [晕动症适应证]
CORONARY ARTERY OCCLUSION,1,128,8661,17675750,15.9440938546357,1.00395618265102,2.22851256434122,114.073455502631,15.8282481658401,0.996174415239148,2.24632230644452,111.530495548506,13.8966292882676,17684540,3.98427364470075,3.98348892045565,FALSE,FALSE,FALSE,FALSE,FALSE,meclizine [晕动症适应证]
CRYING,1,128,26521,17657890,5.20162383111497,1.00391745806155,0.727088289115987,37.2126616333205,5.16905310374198,0.996135388106145,0.733640728414169,36.4198836766606,3.36743558932608,17684540,2.36985615033976,2.36907142609466,FALSE,FALSE,FALSE,FALSE,FALSE,meclizine [晕动症适应证]
DEAFNESS,1,128,21795,17662616,6.33123136040376,1.00392153015054,0.884978919398045,45.2942885534779,6.28990398551691,0.996139492014834,0.892715267460788,44.3174812721116,4.45417453021564,17684540,2.65298232619179,2.65219760194669,FALSE,FALSE,FALSE,FALSE,FALSE,meclizine [晕动症适应证]
DEAFNESS PERMANENT,1,128,184,17684227,750.858823029891,1.00660187718694,104.405042020014,5400.01671579956,745.045963936636,0.998840722075958,105.184725802078,5277.32029670136,739.038565377792,17684540,9.533376641252,9.53259191700691,FALSE,FALSE,FALSE,FALSE,FALSE,meclizine [晕动症适应证]
DECREASED ACTIVITY,1,128,9183,17675228,15.0373210007623,1.00395291396112,2.10178601444464,107.585178189376,14.9285045588959,0.99617112101445,2.11864566196291,105.189958078454,13.0008271277685,17684540,3.89985117509263,3.89906645084753,FALSE,FALSE,FALSE,FALSE,FALSE,meclizine [晕动症适应证]
DECREASED APPETITE,1,128,200768,17483643,0.680342290292776,1.00390115951211,0.0951019778538269,4.86704527504413,0.682820257034692,0.996118961942785,0.0969154057830168,4.81082960598434,0.149025635994863,17684540,-0.55041889793881,-0.551203622183907,FALSE,FALSE,FALSE,FALSE,FALSE,meclizine [晕动症适应证]
DEHYDRATION,1,128,101985,17582426,1.34689124013335,1.00390356222025,0.188274960258904,9.63546087197844,1.34420216075247,0.996121383583376,0.190787074913225,9.47065963348635,0.0886482455488634,17684540,0.426746505691774,0.425961781446677,FALSE,FALSE,FALSE,FALSE,FALSE,meclizine [晕动症适应证]
DELIRIUM TREMENS,1,128,254,17684157,543.927073080709,1.00585762631786,75.7421064326077,3906.10553052665,539.718336080083,0.998090683927338,76.3089066249493,3817.32480761052,535.619205568993,17684540,9.07040466490946,9.06961994066436,FALSE,FALSE,FALSE,FALSE,FALSE,meclizine [晕动症适应证]
DEMENTIA ALZHEIMER'S TYPE,1,128,7753,17676658,17.8123166032504,1.00396291709465,2.48960196556622,127.441505575076,17.6819885675662,0.996181202291002,2.50936910744818,124.594153476881,15.7434164512922,17684540,4.14403308201714,4.14324835777204,FALSE,FALSE,FALSE,FALSE,FALSE,meclizine [晕动症适应证]
DEVICE FAILURE,1,128,12754,17671657,10.8248251773953,1.00393772882691,1.51304499813185,77.4443855046279,10.7486637419116,0.996155817250932,1.52549056753163,75.7354877805825,8.84738655785202,17684540,3.42598282327848,3.42519809903339,FALSE,FALSE,FALSE,FALSE,FALSE,meclizine [晕动症适应证]
DEVICE LEAKAGE,1,128,41227,17643184,3.34337630678924,1.00391075929481,0.467346689227302,23.9183573703739,3.32521059898467,0.996128636982843,0.471951469120038,23.4283104324604,1.62970332330884,17684540,1.73342124547183,1.73263652122674,FALSE,FALSE,FALSE,FALSE,FALSE,meclizine [晕动症适应证]
DEVICE OPERATIONAL ISSUE,1,128,4169,17680242,33.1318998860638,1.00401813839967,4.63029698560009,237.07394870653,32.882815390823,0.996236854941508,4.66611097503383,231.730353995515,30.9131024525577,17684540,5.03892643343629,5.03814170919119,FALSE,FALSE,FALSE,FALSE,FALSE,meclizine [晕动症适应证]
DIABETES MELLITUS INADEQUATE CONTROL,1,128,13268,17671143,10.4051706879334,1.00393621605113,1.45439190806715,74.4418175352149,10.3322623880269,0.996154292656586,1.46639771157816,72.8012906813279,8.4347400923693,17684540,3.36898607414851,3.36820134990341,FALSE,FALSE,FALSE,FALSE,FALSE,meclizine [晕动症适应证]
DISCOMFORT,1,128,55094,17629317,2.49989180423458,1.00390771862782,0.34944409895055,17.8840021956233,2.4882647359847,0.996125572538596,0.353164774447503,17.5313673512061,0.892916899786277,17684540,1.31512432542814,1.31433960118304,FALSE,FALSE,FALSE,FALSE,FALSE,meclizine [晕动症适应证]
DIVERTICULUM INTESTINAL,1,128,3537,17680874,39.0533865210631,1.00403948230727,5.4576167942152,279.456593650941,38.7583990286517,0.996258365556893,5.49963147224787,273.148028707856,36.7811615005783,17684540,5.27603976907786,5.27525504483276,FALSE,FALSE,FALSE,FALSE,FALSE,meclizine [晕动症适应证]
DRUG ADMINISTERED AT INAPPROPRIATE SITE,1,128,8613,17675798,16.0329933675839,1.00395650311102,2.24093667834125,114.709567124076,15.916458535277,0.996174738202543,2.25883956585309,112.152122769072,13.9844754531196,17684540,3.99229049352646,3.99150576928136,FALSE,FALSE,FALSE,FALSE,FALSE,meclizine [晕动症适应证]
DRUG HYPERSENSITIVITY,1,128,178776,17505635,0.764995152802949,1.00390146464503,0.106935155447159,5.47263976346099,0.766816895804476,0.99611926949563,0.108837318539347,5.40263357810157,0.0716329405425428,17684540,-0.383043515675679,-0.383828239920776,FALSE,FALSE,FALSE,FALSE,FALSE,meclizine [晕动症适应证]
DRUG INTOLERANCE,1,128,90075,17594336,1.52601443241743,1.00390420792824,0.213313394905819,10.9168955328589,1.52193680115838,0.996122034355273,0.216013266909251,10.7229137351702,0.179908683560035,17684540,0.605902959057974,0.605118234812877,FALSE,FALSE,FALSE,FALSE,FALSE,meclizine [晕动症适应证]
DRUG WITHDRAWAL SYNDROME,1,128,69790,17614621,1.97183302138559,1.00390581504014,0.275631122565796,14.1062643000283,1.96429943207252,0.996123654055516,0.278798298427567,13.8396549785359,0.475255571220926,17684540,0.974004718628263,0.973219994383166,FALSE,FALSE,FALSE,FALSE,FALSE,meclizine [晕动症适应证]
DRY EYE,1,128,43725,17640686,3.15192359919954,1.00391006912905,0.440585478940175,22.5486831728741,3.13524202091117,0.996127941421219,0.444989588184528,22.0898258986028,1.45776781833588,17684540,1.64855434370845,1.64776961946335,FALSE,FALSE,FALSE,FALSE,FALSE,meclizine [晕动症适应证]
DRY MOUTH,1,128,65303,17619108,2.10785540097698,1.00390630538349,0.294644620362106,15.0793670896401,2.09926737461282,0.9961241482369,0.297954372708502,14.7905985404861,0.577748684797949,17684540,1.06987435979748,1.06908963555238,FALSE,FALSE,FALSE,FALSE,FALSE,meclizine [晕动症适应证]
DRY THROAT,1,128,8410,17676001,16.4201852333532,1.00395789883744,2.29504833248864,117.480089321371,16.3006489137148,0.996176144832195,2.31335690159145,114.859559640537,14.3671218315419,17684540,4.02669648163472,4.02591175738962,FALSE,FALSE,FALSE,FALSE,FALSE,meclizine [晕动症适应证]
DUPUYTREN'S CONTRACTURE,1,128,766,17683645,180.357019011097,1.00454867456891,25.179317496576,1291.87990544193,178.966654522639,0.996771532748225,25.3689832695814,1262.5284620464,176.749174941706,17684540,7.48167533426538,7.48089061002029,FALSE,FALSE,FALSE,FALSE,FALSE,meclizine [晕动症适应证]
DYSARTHRIA,1,128,27898,17656513,4.94449450901498,1.00391653114179,0.691147745636418,35.3730821000758,4.91391703220091,0.996134453942818,0.697430689765815,34.6221939379557,3.12223454635123,17684540,2.29683231059079,2.2960475863457,FALSE,FALSE,FALSE,FALSE,FALSE,meclizine [晕动症适应证]
DYSPAREUNIA,1,128,3661,17680750,37.7303631180006,1.00403471352908,5.27277674054569,269.986834464159,37.4456316209618,0.996253559532539,5.31340610602428,263.893875136516,35.4699953004765,17684540,5.22634202597098,5.22555730172588,FALSE,FALSE,FALSE,FALSE,FALSE,meclizine [晕动症适应证]
DYSPEPSIA,1,128,78421,17605990,1.75395362052256,1.00390502961449,0.245175399915161,12.5475610685604,1.74810901881309,0.996122862479793,0.248114196900198,12.3164461358286,0.321577673449819,17684540,0.805787286774868,0.805002562529771,FALSE,FALSE,FALSE,FALSE,FALSE,meclizine [晕动症适应证]
DYSPHAGIA,1,128,76255,17608156,1.80399604943938,1.0039052100104,0.252170462950934,12.9055628018818,1.79776352192435,0.996123044288554,0.255161714006611,12.666295542591,0.355538652788426,17684540,0.846194865578045,0.845410141332949,FALSE,FALSE,FALSE,FALSE,FALSE,meclizine [晕动症适应证]
EAR INFECTION VIRAL,1,128,129,17684282,1070.99576065891,1.0077521989715,148.58390301466,7719.75897844195,1062.70121987861,0.99999997172651,149.69042403822,7544.46311437494,1052.55065084168,17684540,10.0423902887399,10.0416055644948,FALSE,FALSE,FALSE,FALSE,FALSE,meclizine [晕动症适应证]
EAR PAIN,1,128,16032,17668379,8.60991834689995,1.00392974447806,1.20347419417678,61.5972442940434,8.5509267318077,0.996147770523042,1.21359864984975,60.2492001633291,6.67350751193156,17684540,3.09600132291639,3.09521659867129,FALSE,FALSE,FALSE,FALSE,FALSE,meclizine [晕动症适应证]
ECZEMA,1,128,46537,17637874,2.96099642488772,1.00390938085781,0.413897655455424,21.1827723898333,2.94579490221418,0.996127247768411,0.418101643779498,20.7550191084337,1.28862533120104,17684540,1.55863651087573,1.55785178663063,FALSE,FALSE,FALSE,FALSE,FALSE,meclizine [晕动症适应证]
EMOTIONAL DISORDER,1,128,24502,17659909,5.63088886876582,1.00391900550806,0.787089007047083,40.2837660906298,5.59499050544205,0.996136947644943,0.794091351096946,39.4210549110551,3.77880356891499,17684540,2.48408732727023,2.48330260302513,FALSE,FALSE,FALSE,FALSE,FALSE,meclizine [晕动症适应证]
ENDOCRINE OPHTHALMOPATHY,1,128,783,17683628,176.441052043423,1.00453456673111,24.6332975596714,1263.79526617487,175.081043888047,0.99675731483481,24.8188795959133,1235.08282517216,172.873645527953,17684540,7.45004825765311,7.44926353340801,FALSE,FALSE,FALSE,FALSE,FALSE,meclizine [晕动症适应证]
ENZYME LEVEL ABNORMAL,1,128,134,17684277,1031.03294076493,1.00760867558521,143.079930645449,7429.61588076631,1023.04818928613,0.999855335553944,144.145818113995,7260.8946363877,1013.49357638945,17684540,9.98794250471749,9.98715778047239,FALSE,FALSE,FALSE,FALSE,FALSE,meclizine [晕动症适应证]
EOSINOPHILIC GRANULOMATOSIS WITH POLYANGIITIS,1,128,1992,17682419,69.3493466051707,1.00414867653425,9.68933037735075,496.35337915674,68.8195067090066,0.996368412536575,9.76305285394845,485.106920398939,66.8080321689392,17684540,6.10403210692926,6.10324738268416,FALSE,FALSE,FALSE,FALSE,FALSE,meclizine [晕动症适应证]
EXERCISE TOLERANCE DECREASED,1,128,4846,17679565,28.5021876934585,1.00400145035742,3.98340906953903,203.939562603634,28.2889924400209,0.996220036551088,4.0143743119286,199.350392137969,26.3261263161747,17684540,4.82188173460192,4.82109701035682,FALSE,FALSE,FALSE,FALSE,FALSE,meclizine [晕动症适应证]
EXPIRED DRUG ADMINISTERED,1,128,2311,17682100,59.7755976849849,1.00411417162869,8.35227315390572,427.802349462947,59.3199728967292,0.996333638185389,8.41597873726828,418.116453750792,57.3195246639018,17684540,5.88983241926764,5.88904769502254,FALSE,FALSE,FALSE,FALSE,FALSE,meclizine [晕动症适应证]
EXPIRED PRODUCT ADMINISTERED,1,128,32743,17651668,4.21169887456861,1.00391388949991,0.588719685854585,30.130481171686,4.18680198406808,0.996131791655849,0.594234581778449,29.4989746327687,2.43007311633915,17684540,2.06581515032523,2.06503042608013,FALSE,FALSE,FALSE,FALSE,FALSE,meclizine [晕动症适应证]
EXTRASYSTOLES,1,128,4857,17679554,28.4376190292362,1.0040012176143,3.97438689445702,203.477466469066,28.2249243080793,0.996219801990007,4.00528450879705,198.898817411618,26.2621626977895,17684540,4.81861132713245,4.81782660288735,FALSE,FALSE,FALSE,FALSE,FALSE,meclizine [晕动症适应证]
EYE PRURITUS,1,128,29505,17654906,4.67476539993222,1.00391555880067,0.653445912250842,33.4433671321436,4.64627884644437,0.996133474002911,0.659446153319285,32.7364213291031,2.86618999548762,17684540,2.21603736808079,2.21525264383569,FALSE,FALSE,FALSE,FALSE,FALSE,meclizine [晕动症适应证]
EYE SWELLING,1,128,30374,17654037,4.54079686779812,1.00391507585993,0.634720185162604,32.4849227684842,4.51334883006325,0.996132987287896,0.640580013000677,31.7998021299671,2.73952918276877,17684540,2.17416131350045,2.17337658925535,FALSE,FALSE,FALSE,FALSE,FALSE,meclizine [晕动症适应证]
FEAR OF DISEASE,1,128,1590,17682821,86.8849302279874,1.00421187374462,12.1378580127173,621.937667487368,86.2191555750573,0.996432103199278,12.2299205475823,607.832467852415,84.1853856931875,17684540,6.42903998143727,6.42825525719217,FALSE,FALSE,FALSE,FALSE,FALSE,meclizine [晕动症适应证]
FEMUR FRACTURE,1,128,23433,17660978,5.88812318631844,1.00391993280453,0.823043877608391,42.1241146438088,5.85023075851752,0.996137882187383,0.830315821511516,41.2194962943143,4.02632792786332,17684540,2.5484424902704,2.5476577660253,FALSE,FALSE,FALSE,FALSE,FALSE,meclizine [晕动症适应证]
FLAT AFFECT,1,128,1537,17682874,89.8812317013663,1.0042226718408,12.5561767304354,643.399339272806,89.1922299052317,0.996442985602141,12.6513720953342,628.80562009567,87.1543220882868,17684540,6.47791831380649,6.47713358956139,FALSE,FALSE,FALSE,FALSE,FALSE,meclizine [晕动症适应证]
FRACTURE DISPLACEMENT,1,128,347,17684064,398.146253602306,1.00533298012573,55.4990979850953,2856.27055236327,395.067600473605,0.997561952887603,55.9151555869426,2791.34355087836,391.948332652884,17684540,8.62181460591959,8.62102988167449,FALSE,FALSE,FALSE,FALSE,FALSE,meclizine [晕动症适应证]
FRACTURE NONUNION,1,128,1004,17683407,137.601212338147,1.00439462985743,19.2160575750509,985.326650015399,136.542288211495,0.996616285941977,19.3611106782406,962.950771774896,134.423370924857,17684540,7.09177831570203,7.09099359145693,FALSE,FALSE,FALSE,FALSE,FALSE,meclizine [晕动症适应证]
FULL BLOOD COUNT ABNORMAL,1,128,10155,17674256,13.597255046775,1.00394772286099,1.90052545037399,97.2811728307376,13.4996019068775,0.996165889361216,1.91587618045761,95.1205790348324,11.5791883515403,17684540,3.75471342212081,3.75392869787571,FALSE,FALSE,FALSE,FALSE,FALSE,meclizine [晕动症适应证]
GALLBLADDER DISORDER,1,128,11449,17672962,12.0595698860162,1.00394217983728,1.6856173114785,86.2789109042469,11.9738367861246,0.996160303034282,1.69935676813055,84.3688447708808,10.0629891986928,17684540,3.58169812389665,3.58091339965155,FALSE,FALSE,FALSE,FALSE,FALSE,meclizine [晕动症适应证]
GASTRIC DISORDER,1,128,29069,17655342,4.74499843045856,1.00391581198239,0.66326286436435,33.9458325118683,4.71596743487361,0.996133729163263,0.669336716880003,33.2274448508636,2.93273313355451,17684540,2.23751465074472,2.23672992649962,FALSE,FALSE,FALSE,FALSE,FALSE,meclizine [晕动症适应证]
GASTROINTESTINAL HYPOMOTILITY,1,128,1851,17682560,74.6326310102647,1.00416771759862,10.427109507828,534.1873131123,74.0618354210379,0.996387602282788,10.5063586291148,522.079595753816,72.0439648323923,17684540,6.20988971850808,6.20910499426298,FALSE,FALSE,FALSE,FALSE,FALSE,meclizine [晕动症适应证]
GENERAL PHYSICAL HEALTH DETERIORATION,1,128,96902,17587509,1.41795230297104,1.00390381838251,0.198208119185094,10.1438263062439,1.41471236263793,0.996121641755147,0.200794720328259,9.96744867459014,0.122238386203179,17684540,0.50050439178877,0.499719667543674,FALSE,FALSE,FALSE,FALSE,FALSE,meclizine [晕动症适应证]
GLAUCOMA,1,128,15816,17668595,8.72761118092438,1.00393016874152,1.21992400806238,62.4392965643655,8.66770721828156,0.996148198101222,1.23017180379917,61.0720780543227,6.78872094634801,17684540,3.11556973148207,3.11478500723698,FALSE,FALSE,FALSE,FALSE,FALSE,meclizine [晕动症适应证]
GLOBULINS INCREASED,1,128,271,17684140,509.805696494465,1.00573485245775,71.0077733634999,3660.18867888911,505.861466289082,0.997966954547542,71.5393479173656,3576.99406726103,502.01872536804,17684540,8.97729526051798,8.97651053627288,FALSE,FALSE,FALSE,FALSE,FALSE,meclizine [晕动症适应证]
GOUT,1,128,14895,17669516,9.26774714669352,1.00393211584134,1.29541794009258,66.3038039822945,9.20365608354086,0.996150160413355,1.30623178362966,64.8485868784483,7.3179817315364,17684540,3.20212074420952,3.20133601996443,FALSE,FALSE,FALSE,FALSE,FALSE,meclizine [晕动症适应证]
GRAVES' DISEASE,1,128,829,17683582,166.650162092883,1.00449929276592,23.2679799322455,1193.58348281436,165.366052309217,0.996721765632785,23.4433495846623,1166.46860371121,163.182924414935,17684540,7.36779057553403,7.36700585128893,FALSE,FALSE,FALSE,FALSE,FALSE,meclizine [晕动症适应证]
GROIN PAIN,1,128,7202,17677209,19.175672773188,1.00396783160088,2.68013048737134,137.197210373525,19.0347760850238,0.996186155187815,2.70132599649339,134.127721377326,17.0919008732238,17684540,4.25037591281674,4.24959118857165,FALSE,FALSE,FALSE,FALSE,FALSE,meclizine [晕动症适应证]
GYNAECOMASTIA,1,128,29384,17655027,4.69404772793017,1.00391562831117,0.656141136382847,33.5813178755338,4.66541169903148,0.996133544056646,0.66216158733126,32.8712307356647,2.88444991608879,17684540,2.22196582389221,2.22118109964711,FALSE,FALSE,FALSE,FALSE,FALSE,meclizine [晕动症适应证]
HAEMOPTYSIS,1,128,22350,17662061,6.17381886185682,1.00392096269967,0.862976775078252,44.1680940203319,6.13371173889669,0.996138920130035,0.870548146006944,43.2169316176787,4.30199008509633,17684540,2.61670634214062,2.61592161789552,FALSE,FALSE,FALSE,FALSE,FALSE,meclizine [晕动症适应证]
HAEMORRHAGIC STROKE,1,128,6466,17677945,21.3592553839313,1.00397570273725,2.98527770439836,152.822563168522,21.2014316987846,0.996194087810006,3.00876080184258,149.397288678765,19.2526623322437,17684540,4.40587720672044,4.40509248247534,FALSE,FALSE,FALSE,FALSE,FALSE,meclizine [晕动症适应证]
HAIR COLOUR CHANGES,1,128,11892,17672519,11.6100365529347,1.00394055936079,1.62278928210424,83.0625086367945,11.5277882075632,0.996158669898105,1.63605767876247,81.225682128121,9.62019635929844,17684540,3.52693304252649,3.5261483182814,FALSE,FALSE,FALSE,FALSE,FALSE,meclizine [晕动症适应证]
HAIR DISORDER,1,128,7822,17676589,17.6551203736257,1.00396235044599,2.46763361445256,126.31667585561,17.526010913365,0.996180631215827,2.48723606064146,123.494936164673,15.5879725618255,17684540,4.13125185213887,4.13046712789378,FALSE,FALSE,FALSE,FALSE,FALSE,meclizine [晕动症适应证]
HAIR TEXTURE ABNORMAL,1,128,12561,17671850,10.9912688579731,1.00393832882457,1.53630793467959,78.6352712117212,10.9138171613997,0.996156421936046,1.54892792287785,76.8992561068673,9.01112819819724,17684540,3.44797954776818,3.44719482352308,FALSE,FALSE,FALSE,FALSE,FALSE,meclizine [晕动症适应证]
"HALLUCINATION, AUDITORY",1,128,11910,17672501,11.59247809089,1.00394049606605,1.6203352544968,82.9368785964597,11.5103658576273,0.996158606108877,1.633585251752,81.1029127707537,9.60290613120577,17684540,3.52475118101703,3.52396645677193,FALSE,FALSE,FALSE,FALSE,FALSE,meclizine [晕动症适应证]
HEAD DISCOMFORT,1,128,16287,17668124,8.47499347639221,1.00392925809572,1.18461584151373,60.6319043759453,8.41704779052871,0.996147280340631,1.194598897728,59.3058420217758,6.54147792426527,17684540,3.07323625569262,3.07245153144752,FALSE,FALSE,FALSE,FALSE,FALSE,meclizine [晕动症适应证]
HEART RATE DECREASED,1,128,28998,17655413,4.75663542528795,1.00391585393237,0.664889445960579,34.0290866497612,4.72751422044076,0.996133771441081,0.670975495230502,33.3088031728966,2.94376769848191,17684540,2.24104257094126,2.24025784669616,FALSE,FALSE,FALSE,FALSE,FALSE,meclizine [晕动症适应证]
HEPATIC CIRRHOSIS,1,128,15310,17669101,9.01631950114304,1.00393120948718,1.26027637562202,64.5049125090272,8.95417748950628,0.996149246978052,1.27082673092716,63.0906578862136,7.07151812720778,17684540,3.16247721025466,3.16169248600956,FALSE,FALSE,FALSE,FALSE,FALSE,meclizine [晕动症适应证]
HOT FLUSH,1,128,64159,17620252,2.14557924453311,1.00390644137326,0.299917733050927,15.3492434333304,2.13669878527317,0.99612428529093,0.303267026827809,15.0543293372281,0.60690290630234,17684540,1.09537158042603,1.09458685618094,FALSE,FALSE,FALSE,FALSE,FALSE,meclizine [晕动症适应证]
HYPERHIDROSIS,1,128,99425,17584986,1.38177222152376,1.00390368795977,0.193150744639114,9.88499669386244,1.37881274693831,0.996121510309391,0.19569942169609,9.71451307644583,0.104661773768431,17684540,0.463422554876228,0.462637830631131,FALSE,FALSE,FALSE,FALSE,FALSE,meclizine [晕动症适应证]
HYPERKALAEMIA,1,128,26751,17657660,5.15683409031438,1.00391729660006,0.7208277615403,36.8922220451158,5.12461057023442,0.996135225382903,0.72733325721673,36.1067409416327,3.32465256980155,17684540,2.35739896968743,2.35661424544234,FALSE,FALSE,FALSE,FALSE,FALSE,meclizine [晕动症适应证]
HYPERTENSIVE URGENCY,1,128,507,17683904,272.496055226824,1.00488056162729,38.017943170479,1953.13301882778,270.391434643671,0.997106008434558,38.3035618486483,1908.73966806412,267.874490980007,17684540,8.07607341499615,8.07528869075106,FALSE,FALSE,FALSE,FALSE,FALSE,meclizine [晕动症适应证]
HYPOAESTHESIA,1,128,119957,17564454,1.14392904853406,1.00390283058356,0.159904154531082,8.18348761429884,1.14281331947565,0.996120646201574,0.162203522564238,8.05175043380289,0.017968609164342,17684540,0.192588253147717,0.19180352890262,FALSE,FALSE,FALSE,FALSE,FALSE,meclizine [晕动症适应证]
HYPOAESTHESIA ORAL,1,128,11539,17672872,11.9654486957275,1.0039418405497,1.67246270508275,85.6054739247559,11.8804452174661,0.996159961096077,1.68610353390045,83.7107423876295,9.97025972890091,17684540,3.57040249823547,3.56961777399038,FALSE,FALSE,FALSE,FALSE,FALSE,meclizine [晕动症适应证]
HYPOTENSION,1,128,159939,17524472,0.856013464508344,1.00390179273014,0.119658109850121,6.12377257452423,0.857129639202078,0.996119600174721,0.121655680279261,6.03893888647239,0.0240314905237547,17684540,-0.222413165675938,-0.223197889921034,FALSE,FALSE,FALSE,FALSE,FALSE,meclizine [晕动症适应证]
HYPOTHYROIDISM,1,128,26187,17658224,5.26806717073357,1.00391769758156,0.736375461257271,37.6880181042111,5.23498137871238,0.996135629497886,0.742997538957521,36.8844156252746,3.43095390106661,17684540,2.3881398381798,2.3873551139347,FALSE,FALSE,FALSE,FALSE,FALSE,meclizine [晕动症适应证]
ILL-DEFINED DISORDER,1,128,52691,17631720,2.61425694141314,1.00390813090101,0.36543018445115,18.7021752622639,2.60174332171227,0.996125988036512,0.369270733861442,18.3309092526522,0.98902914025373,17684540,1.37946178192062,1.37867705767552,FALSE,FALSE,FALSE,FALSE,FALSE,meclizine [晕动症适应证]
IMPAIRED HEALING,1,128,26058,17658353,5.29418538692532,1.00391779173448,0.740026153900804,37.8748761288924,5.26089712811195,0.996135724386563,0.746675605727833,37.0670186360219,3.45593883555356,17684540,2.39526399989079,2.39447927564569,FALSE,FALSE,FALSE,FALSE,FALSE,meclizine [晕动症适应证]
INADEQUATE ANALGESIA,1,128,6575,17677836,21.005033269962,1.00397442588084,2.93577717500537,150.287776071221,20.8499554926755,0.996192800979448,2.95888918829688,146.920217818893,18.9020721944927,17684540,4.38176351808663,4.38097879384154,FALSE,FALSE,FALSE,FALSE,FALSE,meclizine [晕动症适应证]
INAPPROPRIATE SCHEDULE OF PRODUCT ADMINISTRATION,1,128,174472,17509939,0.784059324347173,1.00390153336327,0.109600033580559,5.60902222392013,0.785733283073164,0.996119338757778,0.111522180165073,5.53591035626367,0.0590116490850035,17684540,-0.347886166811431,-0.348670891056527,FALSE,FALSE,FALSE,FALSE,FALSE,meclizine [晕动症适应证]
INCORRECT DOSE ADMINISTERED,1,128,203173,17481238,0.672196462497478,1.00390113015079,0.0939633147621059,4.80877122457952,0.674737575191296,0.996118932348122,0.0957682040275441,4.75388256465672,0.158616790915687,17684540,-0.567598166161319,-0.568382890406415,FALSE,FALSE,FALSE,FALSE,FALSE,meclizine [晕动症适应证]
INCORRECT ROUTE OF PRODUCT ADMINISTRATION,1,128,16585,17667826,8.3225740503467,1.00392870864806,1.16331224408216,59.54139928971,8.26580991042153,0.996146726600163,1.17313556611291,58.240168867787,6.39240043263888,17684540,3.04707972477194,3.04629500052684,FALSE,FALSE,FALSE,FALSE,FALSE,meclizine [晕动症适应证]
INJECTION SITE ERYTHEMA,1,128,97128,17587283,1.41463479570773,1.00390380642348,0.197744386870995,10.1200931004559,1.41142057248519,0.996121629702321,0.200327510593257,9.94425591639865,0.120587682453848,17684540,0.497143613910001,0.496358889664905,FALSE,FALSE,FALSE,FALSE,FALSE,meclizine [晕动症适应证]
INJECTION SITE PAIN,1,128,259949,17424462,0.523674295246375,1.00390059482949,0.0732021470075054,3.74626672457668,0.527366742570047,0.996118392751061,0.0748513512087541,3.71557328862776,0.4298979229241,17684540,-0.923116527887734,-0.923901252132831,FALSE,FALSE,FALSE,FALSE,FALSE,meclizine [晕动症适应证]
INJECTION SITE PRURITUS,1,128,54563,17629848,2.52429645547349,1.00390780660377,0.352855410290039,18.0585939999569,2.51248020388067,0.996125661202709,0.356601666002531,17.7019834081411,0.913294488418384,17684540,1.32909631230262,1.32831158805752,FALSE,FALSE,FALSE,FALSE,FALSE,meclizine [晕动症适应证]
INTENTIONAL DOSE OMISSION,1,128,26987,17657424,5.11166950754067,1.00391713378728,0.714514836067648,36.569100927454,5.07979610050547,0.996135061297814,0.720972995193019,35.7909777408546,3.28154087377903,17684540,2.34472765526934,2.34394293102425,FALSE,FALSE,FALSE,FALSE,FALSE,meclizine [晕动症适应证]
INTERVERTEBRAL DISC DEGENERATION,1,128,7256,17677155,19.0329070338341,1.00396731697264,2.66017920002471,136.175619354969,18.8931170568276,0.996185636539484,2.68122513832675,133.129391866641,16.95066710335,17684540,4.23960054706724,4.23881582282214,FALSE,FALSE,FALSE,FALSE,FALSE,meclizine [晕动症适应证]
INTESTINAL OBSTRUCTION,1,128,31693,17652718,4.35149273893289,1.00391439344065,0.6082597508034,31.1305968083131,4.32551217506519,0.99613229953522,0.613921166907933,30.4763161545187,2.56120816570104,17684540,2.11283597300701,2.11205124876192,FALSE,FALSE,FALSE,FALSE,FALSE,meclizine [晕动症适应证]
INTRAOCULAR PRESSURE INCREASED,1,128,9960,17674451,13.8636193210341,1.00394868304374,1.93775226523236,99.1870550880271,13.7639013418013,0.996166857045019,1.95338209956689,96.9830634717317,11.8420370209757,17684540,3.78268323318423,3.78189850893913,FALSE,FALSE,FALSE,FALSE,FALSE,meclizine [晕动症适应证]
IRRITABLE BOWEL SYNDROME,1,128,18156,17666255,7.60176344941066,1.00392611023728,1.06256423571124,54.3842956488329,7.55058698856252,0.996144107887802,1.07163214518146,53.2004980703486,5.6885545591007,17684540,2.91651986995667,2.91573514571158,FALSE,FALSE,FALSE,FALSE,FALSE,meclizine [晕动症适应证]
JUDGEMENT IMPAIRED,1,128,1037,17683374,133.222140188042,1.00437885118345,18.605093989041,953.93974611129,132.197162357127,0.996600384117334,18.745574718462,932.278150856851,130.086924231833,17684540,7.04516737341044,7.04438264916534,FALSE,FALSE,FALSE,FALSE,FALSE,meclizine [晕动症适应证]
KNEE ARTHROPLASTY,1,128,17980,17666431,7.67625095592325,1.00392637875351,1.07297543414579,54.9172207145856,7.624497072544,0.996144378502002,1.08212140756879,53.7212878357518,5.76119093825508,17684540,2.93057246471896,2.92978774047386,FALSE,FALSE,FALSE,FALSE,FALSE,meclizine [晕动症适应证]
LABORATORY TEST ABNORMAL,1,128,26569,17657842,5.19221237626557,1.00391742413442,0.725772794611433,37.1453291724428,5.15971460590693,0.996135353913888,0.732315369875077,36.3540844690324,3.35844342751474,17684540,2.36724749439045,2.36646277014535,FALSE,FALSE,FALSE,FALSE,FALSE,meclizine [晕动症适应证]
LEUKAEMIA,1,128,7978,17676433,17.3097433959012,1.00396110545699,2.41936661928672,123.84531308458,17.1833112765532,0.996179376501263,2.43860720873851,121.079846466812,15.2464760568546,17684540,4.10276587083942,4.10198114659432,FALSE,FALSE,FALSE,FALSE,FALSE,meclizine [晕动症适应证]
LOCALISED INFECTION,1,128,21264,17663147,6.48952858998777,1.00392210079046,0.907104676588114,46.4268153469032,6.44697410479407,0.99614006711356,0.915006928274146,45.4242190125061,4.60740945423082,17684540,2.68856486725519,2.68778014301009,FALSE,FALSE,FALSE,FALSE,FALSE,meclizine [晕动症适应证]
LUMBAR VERTEBRAL FRACTURE,1,128,3858,17680553,35.8033489664334,1.00402776765297,5.00354675007877,256.194228062729,35.5335555635928,0.99624655940556,5.04215828083912,250.415298502055,33.5603242888238,17684540,5.15074677322706,5.14996204898197,FALSE,FALSE,FALSE,FALSE,FALSE,meclizine [晕动症适应证]
MACULAR DEGENERATION,1,128,9644,17674767,14.3181374105662,1.00395032147621,2.00127495285342,102.439226861632,14.2148960352904,0.996168508277027,2.01738103951889,100.161181916483,12.2906742619821,17684540,3.82919257883185,3.82840785458675,FALSE,FALSE,FALSE,FALSE,FALSE,meclizine [晕动症适应证]
MACULOPATHY,1,128,3005,17681406,45.9687136023295,1.00406440792349,6.42370328123467,328.957073161517,45.6201189232416,0.996283485846618,6.472958002358,321.521513010367,43.6349377888369,17684540,5.51112880785195,5.51034408360686,FALSE,FALSE,FALSE,FALSE,FALSE,meclizine [晕动症适应证]
MALIGNANT MELANOMA IN SITU,1,128,1127,17683284,122.582658606921,1.0043405139677,17.1205271069205,877.689576804381,121.64015737741,0.996561747667872,17.2498962881102,857.763295481359,119.549932525085,17684540,6.92520674936952,6.92442202512443,FALSE,FALSE,FALSE,FALSE,FALSE,meclizine [晕动症适应证]
MCLEOD NEUROACANTHOCYTOSIS SYNDROME,1,128,1,17684410,138159.453125,1.41697302604777,8594.66227186159,2220917.34195213,137088.457364341,1.41147015748422,8620.51547691183,2180060.48395462,68543.236437587,17684540,16.0647581017683,16.0639733775232,FALSE,FALSE,FALSE,FALSE,FALSE,meclizine [晕动症适应证]
MENISCUS INJURY,1,128,6078,17678333,22.7232603755347,1.00398061951993,3.1758873440625,162.583399899145,22.5548630082825,0.996199042999804,3.20079934168318,158.935875391324,20.6028929352339,17684540,4.49513979832167,4.49435507407658,FALSE,FALSE,FALSE,FALSE,FALSE,meclizine [晕动症适应证]
MENTAL IMPAIRMENT,1,128,19325,17665086,7.14144809184994,1.00392445086833,0.998225222853045,51.0909559095515,7.09383996710691,0.99614243555375,1.00681071162835,49.9821514587734,5.24026313235652,17684540,2.82650265566435,2.82571793141925,FALSE,FALSE,FALSE,FALSE,FALSE,meclizine [晕动症适应证]
MIDDLE EAR EFFUSION,1,128,1867,17682544,73.9929700053562,1.00416541226656,10.3377875970909,529.606509980359,73.4271330285705,0.996385278949892,10.4163676381132,517.603069717688,71.4100504295961,17684540,6.19747936205866,6.19669463781356,FALSE,FALSE,FALSE,FALSE,FALSE,meclizine [晕动症适应证]
MOBILITY DECREASED,1,128,62948,17621463,2.18700641303139,1.00390659071311,0.305708500510127,15.6456135261505,2.17780481293037,0.996124435799443,0.309101217423978,15.3439505762839,0.639248102514512,17684540,1.12286226256687,1.12207753832177,FALSE,FALSE,FALSE,FALSE,FALSE,meclizine [晕动症适应证]
MOTION SICKNESS,1,128,1549,17682862,89.1848672530665,1.00422016228716,12.4589576913632,638.411393953196,88.5012636309497,0.996440456455201,12.5534249857388,623.931211854365,86.4643267020404,17684540,6.46670560160672,6.46592087736162,FALSE,FALSE,FALSE,FALSE,FALSE,meclizine [晕动症适应证]
MOTOR DYSFUNCTION,1,128,8037,17676374,17.1826143928083,1.00396064719152,2.40160007473139,122.935637985006,17.0571677696082,0.996178914655919,2.42070746827257,120.190884745021,15.1207863273125,17684540,4.09213723970957,4.09135251546447,FALSE,FALSE,FALSE,FALSE,FALSE,meclizine [晕动症适应证]
MUSCULOSKELETAL PAIN,1,128,42543,17641868,3.23971261429612,1.0039103855987,0.452856613907434,23.1767351980749,3.22235050100701,0.996128260365162,0.457352739113586,22.7035761750654,1.53634295471498,17684540,1.68809003991065,1.68730531566555,FALSE,FALSE,FALSE,FALSE,FALSE,meclizine [晕动症适应证]
MYOPIA,1,128,1811,17682600,76.2812327443402,1.00417365911887,10.6573156252673,545.993632317732,75.6976572967096,0.996393590196129,10.7382891135509,533.617158154094,73.6777376544442,17684540,6.24139086172208,6.24060613747698,FALSE,FALSE,FALSE,FALSE,FALSE,meclizine [晕动症适应证]
NAIL DISCOLOURATION,1,128,3359,17681052,41.1233160910985,1.00404694322965,5.74680043244425,294.272812534248,40.812282633028,0.996265884751462,5.79098238771848,287.626917541772,38.8326045510402,17684540,5.35051258410219,5.3497278598571,FALSE,FALSE,FALSE,FALSE,FALSE,meclizine [晕动症适应证]
NEEDLE ISSUE,1,128,27907,17656504,4.94289739133551,1.00391652538437,0.690924506287961,35.3616558667679,4.91233229527864,0.996134448140409,0.697205776484926,34.6110278960938,3.12071474149539,17684540,2.29636698346407,2.29558225921897,FALSE,FALSE,FALSE,FALSE,FALSE,meclizine [晕动症适应证]
NEPHROLITHIASIS,1,128,38555,17645856,3.57562572947737,1.00391159652814,0.499810356683368,25.5799008290658,3.55565963855119,0.996129480761252,0.504658566699635,25.0520179374003,1.84086723926138,17684540,1.83009033557575,1.82930561133065,FALSE,FALSE,FALSE,FALSE,FALSE,meclizine [晕动症适应证]
NERVE COMPRESSION,1,128,7769,17676642,17.7756166334149,1.0039627848015,2.48447310758578,127.178895892809,17.6455730936209,0.996181068964413,2.50420179869552,124.337523423438,15.7071248400419,17684540,4.14105921847324,4.14027449422815,FALSE,FALSE,FALSE,FALSE,FALSE,meclizine [晕动症适应证]
NEUROPATHY PERIPHERAL,1,128,83079,17601332,1.65517647359742,1.00390467353728,0.231368054613661,11.8409136616764,1.65009758620519,0.996122503613207,0.234203313966303,11.6258903338659,0.25732816628483,17684540,0.722544506036306,0.72175978179121,FALSE,FALSE,FALSE,FALSE,FALSE,meclizine [晕动症适应证]
NEUROPROSTHESIS IMPLANTATION,1,128,128,17684283,1079.36297607422,1.00778224659268,149.735904517792,7780.52824318672,1071.00357315891,1.00003025227666,150.850927226162,7603.85550696325,1060.72538768899,17684540,10.0535308463451,10.0527461221,FALSE,FALSE,FALSE,FALSE,FALSE,meclizine [晕动症适应证]
OCULAR DISCOMFORT,1,128,10371,17674040,13.3138981293993,1.00394670142262,1.86092360623622,95.253713159422,13.2184415547528,0.996164859943231,1.87597742431832,93.1392856179525,11.2996317811156,17684540,3.72435161091502,3.72356688666993,FALSE,FALSE,FALSE,FALSE,FALSE,meclizine [晕动症适应证]
OPEN REDUCTION OF FRACTURE,1,128,1100,17683311,125.591697443182,1.00435135657776,17.5404122448924,899.253349718319,124.625870331219,0.996572674910173,17.6729243213111,878.836307644055,122.530138700202,17684540,6.96015934820395,6.95937462395885,FALSE,FALSE,FALSE,FALSE,FALSE,meclizine [晕动症适应证]
OROPHARYNGEAL PAIN,1,128,81072,17603339,1.69634505054149,1.00390482194391,0.237122715550006,12.1354317481649,1.69094702689389,0.996122653182502,0.240001127602181,11.9137017243551,0.283628391969718,17684540,0.757824193123619,0.757039468878523,FALSE,FALSE,FALSE,FALSE,FALSE,meclizine [晕动症适应证]
OSTEOARTHRITIS,1,128,35513,17648898,3.88257865077577,1.00391270305899,0.542715865262382,27.7758914826857,3.86023307983953,0.996130595941603,0.547885802683597,27.1980024992414,2.12348950072614,17684540,1.94865785960245,1.94787313535735,FALSE,FALSE,FALSE,FALSE,FALSE,meclizine [晕动症适应证]
OSTEONECROSIS,1,128,20806,17663605,6.63255378556666,1.00392261637654,0.927095765632196,47.4500815872424,6.58889057792661,0.996140586728228,0.935147914411713,46.4241842160348,4.74601735197271,17684540,2.71997675316312,2.71919202891802,FALSE,FALSE,FALSE,FALSE,FALSE,meclizine [晕动症适应证]
OXYGEN SATURATION DECREASED,1,128,47642,17636769,2.89213840335208,1.00390913263233,0.404272655221562,20.6901565963193,2.87747066379122,0.996126997601913,0.408404469521526,20.273620978437,1.22828143625904,17684540,1.52478146206357,1.52399673781848,FALSE,FALSE,FALSE,FALSE,FALSE,meclizine [晕动症适应证]
PALPITATIONS,1,128,92095,17592316,1.49237166784299,1.0039040866516,0.208610702387237,10.6762173248726,1.48855483320855,0.996121912127885,0.211275310040452,10.4877161985671,0.161185015620514,17684540,0.573907225028018,0.573122500782922,FALSE,FALSE,FALSE,FALSE,FALSE,meclizine [晕动症适应证]
PANIC ATTACK,1,128,27665,17656746,4.98620379992771,1.00391668149872,0.696977718091486,35.6714823000268,4.9553029952771,0.996134605474759,0.70330437752869,34.9137991452364,3.16193947992322,17684540,2.30893165063523,2.30814692639014,FALSE,FALSE,FALSE,FALSE,FALSE,meclizine [晕动症适应证]
PANNICULITIS,1,128,2093,17682318,66.0024411729575,1.00413661403225,9.22192651500469,472.387438102189,65.4985462801439,0.996356255841757,9.29214748231352,461.686555554328,63.4910003350115,17684540,6.03271237483751,6.03192765059241,FALSE,FALSE,FALSE,FALSE,FALSE,meclizine [晕动症适应证]
PARASOMNIA,1,128,586,17683825,235.75918568686,1.00474824766729,32.9010416710335,1689.38096828304,233.939347038125,0.996972662669426,33.1484335537729,1650.98655427702,231.556173717933,17684540,7.86754140865826,7.86675668441317,FALSE,FALSE,FALSE,FALSE,FALSE,meclizine [晕动症适应证]
PERFORMANCE STATUS DECREASED,1,128,3418,17680993,40.4133287924225,1.00404438413427,5.64761119413816,289.190790219347,40.1077991118611,0.996263305668829,5.69104978643571,282.66060041005,38.1289503089219,17684540,5.32539939433492,5.32461467008983,FALSE,FALSE,FALSE,FALSE,FALSE,meclizine [晕动症适应证]
PHARYNGEAL HYPOAESTHESIA,1,128,712,17683699,194.036374209972,1.00459795487114,27.0864511653796,1389.99805794694,192.539968208344,0.996821197532711,27.2903787154628,1358.41425083139,190.285589546339,17684540,7.58699983532443,7.58621511107933,FALSE,FALSE,FALSE,FALSE,FALSE,meclizine [晕动症适应证]
PHYSICAL PRODUCT LABEL ISSUE,1,128,1093,17683318,126.396085887466,1.00435425504835,17.6526546162765,905.018019949309,125.424023206168,0.996575596004529,17.7860068177623,884.469783375492,123.326799073901,17684540,6.96936107897576,6.96857635473066,FALSE,FALSE,FALSE,FALSE,FALSE,meclizine [晕动症适应证]
PIGMENTARY MACULOPATHY,1,128,481,17683930,287.225994022869,1.00493360906456,40.0688597482416,2058.92486486455,285.007187867653,0.997159469466909,40.3697943363211,2012.12561202337,282.431235218497,17684540,8.15186876553836,8.15108404129326,FALSE,FALSE,FALSE,FALSE,FALSE,meclizine [晕动症适应证]
PLEURISY,1,128,4272,17680139,32.3328852849953,1.0040152583291,4.51865745389393,231.355326558729,32.0899947013907,0.996233952375409,4.55363467322507,226.141935801354,30.1213859137758,17684540,5.00372450008721,5.00293977584211,FALSE,FALSE,FALSE,FALSE,FALSE,meclizine [晕动症适应证]
POLLAKIURIA,1,128,33735,17650676,4.08762135022973,1.00391344221465,0.571376382444516,29.2428052965183,4.06368630100315,0.996131340874653,0.576761230237589,28.6315124651463,2.31411435381433,17684540,2.02275679548918,2.02197207124409,FALSE,FALSE,FALSE,FALSE,FALSE,meclizine [晕动症适应证]
POLYARTHRITIS,1,128,4399,17680012,31.3992029438509,1.00401189283442,4.38820034428529,224.672956601235,31.163550207852,0.996230560593497,4.42219973783758,219.61171343025,29.1962677796622,17684540,4.96147029335629,4.9606855691112,FALSE,FALSE,FALSE,FALSE,FALSE,meclizine [晕动症适应证]
PRESBYOPIA,1,128,435,17683976,317.600143678161,1.00504298769907,44.2966443497699,2277.14430167468,315.145878998485,0.997269700754635,44.629140766326,2225.38286295365,312.4385233151,17684540,8.29657377699139,8.2957890527463,FALSE,FALSE,FALSE,FALSE,FALSE,meclizine [晕动症适应证]
PRODUCT BLISTER PACKAGING ISSUE,1,128,989,17683422,139.688305738119,1.00440214998572,19.5072333724941,1000.28652897033,138.613202592863,0.996623864762594,19.6544654937376,977.570208621136,136.490057355273,17684540,7.11347338680135,7.11268866255625,FALSE,FALSE,FALSE,FALSE,FALSE,meclizine [晕动症适应证]
PRODUCT COMMUNICATION ISSUE,1,128,8408,17676003,16.4240929397598,1.0039579129237,2.29559444900597,117.50805069714,16.3045263278236,0.996176159028495,2.31390711239824,114.886884330965,14.3709840026838,17684540,4.02703957201467,4.02625484776957,FALSE,FALSE,FALSE,FALSE,FALSE,meclizine [晕动症适应证]
PRODUCT DISPENSING ERROR,1,128,21461,17662950,6.42988662573971,1.00392188578935,0.898768316546303,46.0001106611511,6.38779448135414,0.9961398504325,0.906608060481204,45.0072309244203,4.54965276746924,17684540,2.67526119805193,2.67447647380684,FALSE,FALSE,FALSE,FALSE,FALSE,meclizine [晕动症适应证]
PRODUCT LABEL CONFUSION,1,128,5645,17678766,24.4668484278122,1.00398690453788,3.41953556778654,175.060811657832,24.2849348741083,0.996205377112088,3.4462740258407,171.129183987571,22.329287233214,17684540,4.60174468831862,4.60095996407353,FALSE,FALSE,FALSE,FALSE,FALSE,meclizine [晕动症适应证]
PRODUCT OUTER PACKAGING ISSUE,1,128,797,17683614,173.341573870765,1.0045234002719,24.2011027137038,1241.56744374213,172.005592677969,0.996746061247707,24.3834521538717,1213.36075490039,169.80602192116,17684540,7.42451316554597,7.42372844130087,FALSE,FALSE,FALSE,FALSE,FALSE,meclizine [晕动症适应证]
PRODUCT QUALITY ISSUE,1,128,111962,17572449,1.22617278909362,1.00390312705413,0.171400498542675,8.77185143273832,1.22441951165879,0.996120945001318,0.173786075284793,8.62671613979381,0.0413947646834672,17684540,0.292095578402559,0.291310854157462,FALSE,FALSE,FALSE,FALSE,FALSE,meclizine [晕动症适应证]
PRODUCT SUBSTITUTION ISSUE,1,128,49308,17635103,2.79415596226779,1.00390877941662,0.390576616487655,19.9891832022242,2.78024777651377,0.996126641624047,0.39460572954825,19.5886098959053,1.14309206271942,17684540,1.47519472733299,1.47441000308789,FALSE,FALSE,FALSE,FALSE,FALSE,meclizine [晕动症适应证]
PRODUCT TASTE ABNORMAL,1,128,12540,17671871,11.0096883722089,1.00393839522338,1.5388823275898,78.7670609246626,10.9320938887034,0.99615648885359,1.5515216178182,77.0280448682929,9.02925124562601,17684540,3.45039333121446,3.44960860696937,FALSE,FALSE,FALSE,FALSE,FALSE,meclizine [晕动症适应证]
PRODUCT USE COMPLAINT,1,128,15296,17669115,9.02457903618593,1.00393123926142,1.26143079713069,64.5640069717821,8.96237299714573,0.996149276984912,1.27198980819819,63.1484067107019,7.07961196249005,17684540,3.1637969784186,3.1630122541735,FALSE,FALSE,FALSE,FALSE,FALSE,meclizine [晕动症适应证]
PRODUCT USE ISSUE,1,128,184495,17499916,0.741039560692702,1.00390137829581,0.103586530890155,5.30126480530516,0.74304700595865,0.996119182462428,0.105463583177592,5.23516114689932,0.0897931794348456,17684540,-0.42847191067384,-0.429256634918936,FALSE,FALSE,FALSE,FALSE,FALSE,meclizine [晕动症适应证]
PROSTATE CANCER,1,128,76881,17607530,1.78924348180955,1.00390515682946,0.250108310553209,12.8000234383131,1.78312531528389,0.996122990691118,0.253084098094308,12.5631594949971,0.345435673199208,17684540,0.8343998555069,0.833615131261803,FALSE,FALSE,FALSE,FALSE,FALSE,meclizine [晕动症适应证]
QUALITY OF LIFE DECREASED,1,128,10074,17674337,13.7066465964364,1.00394811719281,1.91581392512988,98.0638873406584,13.6081454600299,0.996166286773599,1.9312792791285,95.8854707667635,11.6871296274784,17684540,3.76626588346562,3.76548115922053,FALSE,FALSE,FALSE,FALSE,FALSE,meclizine [晕动症适应证]
RASH GENERALISED,1,128,17335,17667076,7.9621592875685,1.00392740940934,1.11293704562193,56.9627732044687,7.90818906053309,0.996145417210466,1.12238265342732,55.7202608452331,6.04021333053939,17684540,2.98327466367464,2.98248993942955,FALSE,FALSE,FALSE,FALSE,FALSE,meclizine [晕动症适应证]
RENAL CELL CARCINOMA,1,128,3867,17680544,35.720002585984,1.00402746723187,4.99190196588352,255.597684702703,35.4508552791159,0.996246256637994,5.03042621959051,249.832337293106,33.4777302694226,17684540,5.14738602229148,5.14660129804638,FALSE,FALSE,FALSE,FALSE,FALSE,meclizine [晕动症适应证]
RENAL PAIN,1,128,8570,17675841,16.113478157818,1.00395679323801,2.25218478284992,115.285468723362,15.9963194124085,0.996175030595968,2.27017199894837,112.714910968126,14.0640097853282,17684540,3.99951028011079,3.99872555586569,FALSE,FALSE,FALSE,FALSE,FALSE,meclizine [晕动症适应证]
RESPIRATORY DEPRESSION,1,128,9188,17675223,15.0291336185786,1.0039528844476,2.10064177484829,107.526594981384,14.9203806447912,0.996171091270373,2.11749284371257,105.132708828969,12.9927408105952,17684540,3.8990659494482,3.89828122520311,FALSE,FALSE,FALSE,FALSE,FALSE,meclizine [晕动症适应证]
RHEUMATOID ARTHRITIS,1,128,98698,17585713,1.39200776928104,1.00390372485707,0.194581504496761,9.95822102799616,1.38896894936413,0.996121547496134,0.197140910494239,9.78606996113107,0.109537684390351,17684540,0.474010254582274,0.473225530337177,FALSE,FALSE,FALSE,FALSE,FALSE,meclizine [晕动症适应证]
RIB FRACTURE,1,128,17154,17667257,8.04625424463682,1.00392771255862,1.12469102703483,57.5644384218344,7.9916321187094,0.996145722728268,1.13422476660384,56.3082254957451,6.12234546512875,17684540,2.9984165963233,2.9976318720782,FALSE,FALSE,FALSE,FALSE,FALSE,meclizine [晕动症适应证]
ROAD TRAFFIC ACCIDENT,1,128,32232,17652179,4.27859420568069,1.00391413064987,0.598070166248858,30.6090646381901,4.25317874672192,0.996132034690573,0.603655176311085,29.9666600427608,2.49276328623923,17684540,2.08850725260193,2.08772252835683,FALSE,FALSE,FALSE,FALSE,FALSE,meclizine [晕动症适应证]
SALIVA ALTERED,1,128,709,17683702,194.857435648801,1.00460091269359,27.2009093047271,1395.88790221171,193.354664829818,0.996824178430714,27.4056926945259,1364.17009517585,191.097987990031,17684540,7.59308288737627,7.59229816313118,FALSE,FALSE,FALSE,FALSE,FALSE,meclizine [晕动症适应证]
SEDATION,1,128,20813,17663598,6.63032044275213,1.00392260832565,0.926783604474319,47.434103237629,6.58667454784707,0.996140578614431,0.934833412610898,46.4085697130662,4.74385189439402,17684540,2.71949147576078,2.71870675151568,FALSE,FALSE,FALSE,FALSE,FALSE,meclizine [晕动症适应证]
SEPTIC SHOCK,1,128,35044,17649367,3.93464443806358,1.00391289075027,0.549993539659299,28.1483794583748,3.91189525637316,0.996130785099943,0.55521804865281,27.5620083568359,2.17176770941228,17684540,1.96783709794778,1.96705237370268,FALSE,FALSE,FALSE,FALSE,FALSE,meclizine [晕动症适应证]
SEROTONIN SYNDROME,1,128,15241,17669170,9.05717411095073,1.00393135676119,1.26598655533353,64.7972148917997,8.99471539691235,0.99614939540269,1.27657972511005,63.3763042605722,7.11155491020019,17684540,3.16899350175192,3.16820877750682,FALSE,FALSE,FALSE,FALSE,FALSE,meclizine [晕动症适应证]
SINUS CONGESTION,1,128,11081,17673330,12.4603276441657,1.00394362448556,1.74162799429083,89.1463421057257,12.3714878949861,0.996161758968538,1.75578739448985,87.1709827830595,10.4579291876046,17684540,3.62882745006472,3.62804272581963,FALSE,FALSE,FALSE,FALSE,FALSE,meclizine [晕动症适应证]
SPINAL DEFORMITY,1,128,1456,17682955,94.8819271548764,1.00424069313011,13.254292841611,679.219948450228,94.1541602777068,0.996461147589478,13.3547161565235,663.810881017468,92.1091133331707,17684540,6.5559729397038,6.55518821545871,FALSE,FALSE,FALSE,FALSE,FALSE,meclizine [晕动症适应证]
SPINAL FRACTURE,1,128,17067,17667344,8.08731030643933,1.00392786055932,1.13042944200541,57.8581781067297,8.03236991646693,0.996145871885307,1.14000620837057,56.5952764127318,6.16245305919139,17684540,3.00575170656721,3.00496698232211,FALSE,FALSE,FALSE,FALSE,FALSE,meclizine [晕动症适应证]
SPINAL STENOSIS,1,128,4029,17680382,34.2834411454455,1.00402228914796,4.79118985927362,245.315750637237,34.0254299737754,0.996241038110039,4.82820976919473,239.784504038519,32.0541702966699,17684540,5.08819397835299,5.08740925410789,FALSE,FALSE,FALSE,FALSE,FALSE,meclizine [晕动症适应证]
STAPHYLOCOCCAL INFECTION,1,128,24247,17660164,5.69018976574422,1.00391921928019,0.795377788564211,40.7080258409382,5.65383170554465,0.996137163087523,0.802442284348355,39.8356537013508,3.83580435475862,17684540,2.49917996498399,2.49839524073889,FALSE,FALSE,FALSE,FALSE,FALSE,meclizine [晕动症适应证]
STRESS,1,128,60439,17623972,2.27811977779249,1.00390691916575,0.318444485922027,16.2974394326302,2.26821187253828,0.996124766822156,0.321932705875715,15.9809332970034,0.711507764066066,17684540,1.18154206171612,1.18075733747103,FALSE,FALSE,FALSE,FALSE,FALSE,meclizine [晕动症适应证]
STRESS FRACTURE,1,128,4029,17680382,34.2834411454455,1.00402228914796,4.79118985927362,245.315750637237,34.0254299737754,0.996241038110039,4.82820976919473,239.784504038519,32.0541702966699,17684540,5.08819397835299,5.08740925410789,FALSE,FALSE,FALSE,FALSE,FALSE,meclizine [晕动症适应证]
SYNCOPE,1,128,77102,17607309,1.7840925211084,1.00390513826096,0.249388295724551,12.7631736470525,1.77801428451066,0.996122971977203,0.252358684071364,12.5271488380007,0.341925812586352,17684540,0.83025872717686,0.829474002931763,FALSE,FALSE,FALSE,FALSE,FALSE,meclizine [晕动症适应证]
SYSTEMIC LUPUS ERYTHEMATOSUS,1,128,31574,17652837,4.36792262819092,1.00391445266849,0.610556280413562,31.2481399305879,4.3418147008406,0.996132359225962,0.616234916908324,30.5911826467308,2.57665218614614,17684540,2.11826298820604,2.11747826396094,FALSE,FALSE,FALSE,FALSE,FALSE,meclizine [晕动症适应证]
TEMPOROMANDIBULAR JOINT SYNDROME,1,128,1985,17682426,69.5939310453401,1.00414955802951,9.72348635029038,498.104801494262,69.0621951457638,0.996369300915106,9.79746469612525,486.818472562382,67.0504299494004,17684540,6.10910819423994,6.10832346999485,FALSE,FALSE,FALSE,FALSE,FALSE,meclizine [晕动症适应证]
TENDON INJURY,1,128,3165,17681246,43.6444658372828,1.00405603047006,6.0990112604118,312.319377172806,43.3138885827302,0.996275042964903,6.14583275822607,305.262609309708,41.3313187333471,17684540,5.43631256163114,5.43552783738604,FALSE,FALSE,FALSE,FALSE,FALSE,meclizine [晕动症适应证]
THINKING ABNORMAL,1,128,13238,17671173,10.4287686253588,1.00393630111733,1.45769008753886,74.6106569366168,10.3556773957049,0.996154378387369,1.4697206200298,72.9662854711383,8.45793612799929,17684540,3.37225156907117,3.37146684482608,FALSE,FALSE,FALSE,FALSE,FALSE,meclizine [晕动症适应证]
THORACIC VERTEBRAL FRACTURE,1,128,2503,17681908,55.1897348182181,1.00409764322515,7.71175348617441,394.969423590358,54.769659354511,0.996316980706359,7.77065995470694,386.030993930207,52.7743086534245,17684540,5.7747392548357,5.7739545305906,FALSE,FALSE,FALSE,FALSE,FALSE,meclizine [晕动症适应证]
THROAT IRRITATION,1,128,37151,17647260,3.71105000538344,1.00391208471752,0.518739821335999,26.5487467435743,3.69003411386884,0.996129972766795,0.523729974321573,25.9988017282265,1.96510987262508,17684540,1.88360584490275,1.88282112065765,FALSE,FALSE,FALSE,FALSE,FALSE,meclizine [晕动症适应证]
THROMBOCYTOPENIA,1,128,88018,17596393,1.56186030485242,1.00390433714687,0.218324042380485,11.1733347609165,1.55750479861325,0.996122164586746,0.221061487994269,10.9735133863126,0.200553316278798,17684540,0.639230741116222,0.638446016871125,FALSE,FALSE,FALSE,FALSE,FALSE,meclizine [晕动症适应证]
TINNITUS,1,128,36472,17647939,3.78028414777089,1.00391233429883,0.528417283867538,27.0440590687988,3.7587315574781,0.996130224299018,0.533480003389319,26.482835029285,2.02890770700007,17684540,1.91021685220978,1.90943212796469,FALSE,FALSE,FALSE,FALSE,FALSE,meclizine [晕动症适应证]
TONSILLECTOMY,1,128,1476,17682935,93.5961583248645,1.00423605956307,13.0747993317857,670.009583388127,92.8783586479276,0.996456477847173,13.1738785189597,654.810160327354,90.8351755999616,17684540,6.53630399100353,6.53551926675843,FALSE,FALSE,FALSE,FALSE,FALSE,meclizine [晕动症适应证]
TRANSIENT ISCHAEMIC ATTACK,1,128,23180,17661231,5.95247485709664,1.00392016478387,0.832038597900453,42.5845111197675,5.91408357913465,0.996138115979409,0.839377986615621,41.6694089417512,4.0883543798924,17684540,2.56410291843176,2.56331819418666,FALSE,FALSE,FALSE,FALSE,FALSE,meclizine [晕动症适应证]
TREMOR,1,128,126787,17557624,1.08188487384353,1.00390260692922,0.15123137410438,7.73963000193054,1.08125010737963,0.996120420788815,0.153465706679044,7.61800026864308,0.00614954743082016,17684540,0.11269942096884,0.111914696723743,FALSE,FALSE,FALSE,FALSE,FALSE,meclizine [晕动症适应证]
TYPE 2 DIABETES MELLITUS,1,128,27732,17656679,4.97413834874874,1.00391663800423,0.695291253714871,35.5851625923648,4.94333107472743,0.996134561640374,0.701605267415978,34.8294450587093,3.15045094765927,17684540,2.30544203476249,2.30465731051739,FALSE,FALSE,FALSE,FALSE,FALSE,meclizine [晕动症适应证]
TYPE V HYPERLIPIDAEMIA,1,128,423,17683988,326.610298463357,1.0050754313693,45.5504210293799,2341.89464447581,324.086187622556,0.997302397301029,45.892274570429,2288.66095635627,321.337333010755,17684540,8.33683764720512,8.33605292296002,FALSE,FALSE,FALSE,FALSE,FALSE,meclizine [晕动症适应证]
UNDERDOSE,1,128,70004,17614407,1.9657813080324,1.0039057932245,0.274785200340661,14.0629704446195,1.95829463122595,0.996123632069098,0.277946032880151,13.7973469991635,0.470800003961582,17684540,0.969587754195654,0.968803029950558,FALSE,FALSE,FALSE,FALSE,FALSE,meclizine [晕动症适应证]
UPPER RESPIRATORY TRACT INFECTION,1,128,39226,17645185,3.51432743110437,1.00391137555461,0.49124213228339,25.1413640674612,3.49483652078573,0.996129258060313,0.496026093203881,24.623467342468,1.78488668625546,17684540,1.80519871692417,1.80441399267908,FALSE,FALSE,FALSE,FALSE,FALSE,meclizine [晕动症适应证]
URINARY TRACT INFECTION ENTEROCOCCAL,1,128,654,17683757,211.245185875382,1.00465994671672,29.4851274404838,1513.45890044396,209.615378232937,0.996883672981102,29.7069884698454,1479.06634280139,207.310849928105,17684540,7.7094070053435,7.70862228109841,FALSE,FALSE,FALSE,FALSE,FALSE,meclizine [晕动症适应证]
URTICARIA,1,128,136313,17548098,1.00573324352776,1.00390233242268,0.140586587272242,7.19484964222183,1.00568879977949,0.996120144122175,0.142741096622097,7.08562555519367,3.2429111268927e-05,17684540,0.00818388695402727,0.00739916270893063,FALSE,FALSE,FALSE,FALSE,FALSE,meclizine [晕动症适应证]
UTERINE DILATION AND CURETTAGE,1,128,703,17683708,196.5205814367,1.00460690404551,27.4327521647673,1407.81860661504,195.00491801471,0.996830216523963,27.6392690849982,1375.8293655661,192.743556979485,17684540,7.60532648313102,7.60454175888592,FALSE,FALSE,FALSE,FALSE,FALSE,meclizine [晕动症适应证]
VERTEBRAL FORAMINAL STENOSIS,1,128,720,17683691,191.880327690972,1.00459018780703,26.7858862496588,1374.53208796718,190.400635228252,0.996813369872924,26.9875663311107,1343.30014980012,188.152246382251,17684540,7.57090265252749,7.5701179282824,FALSE,FALSE,FALSE,FALSE,FALSE,meclizine [晕动症适应证]
VISUAL ACUITY REDUCED,1,128,22159,17662252,6.2271015727244,1.0039211547767,0.87042430794645,44.5493004308564,6.18658140549398,0.996139113707918,0.878051522231107,43.5894574723259,4.3534805689119,17684540,2.62908784083177,2.62830311658667,FALSE,FALSE,FALSE,FALSE,FALSE,meclizine [晕动症适应证]
VISUAL IMPAIRMENT,1,128,109702,17574709,1.25159444734371,1.00390321869393,0.174954032273896,8.95371567183558,1.24964410279066,0.99612103736073,0.177366256210138,8.8044390010089,0.0501827875507732,17684540,0.321514648300125,0.320729924055029,FALSE,FALSE,FALSE,FALSE,FALSE,meclizine [晕动症适应证]
VITREOUS DETACHMENT,1,128,1689,17682722,81.7917499259917,1.00419351863264,11.4267498564213,585.458720985003,81.1654572909065,0.99641360477462,11.5134865126685,572.183886261843,79.1384898134891,17684540,6.34195057059877,6.34116584635367,FALSE,FALSE,FALSE,FALSE,FALSE,meclizine [晕动症适应证]
WEIGHT INCREASED,1,128,180617,17503794,0.757118048827076,1.00390143625152,0.105834057186108,5.4162880560433,0.759000854650122,0.996119240877278,0.107727963317959,5.34756510395826,0.0773116129041347,17684540,-0.397824048525529,-0.398608772770626,FALSE,FALSE,FALSE,FALSE,FALSE,meclizine [晕动症适应证]
WHEEZING,1,128,50838,17633573,2.7098290464318,1.00390847542759,0.378789339292392,19.3859031898921,2.69657455769977,0.996126335257669,0.382730064050567,18.9990675628581,1.0704717723508,17684540,1.43111006931954,1.43032534507444,FALSE,FALSE,FALSE,FALSE,FALSE,meclizine [晕动症适应证]
WRONG DRUG,1,128,374,17684037,369.4025108623,1.00522950281994,51.5028445101748,2649.52773636441,366.546677444762,0.997457669407564,51.8891047916676,2589.30014856163,363.584983667759,17684540,8.51401131638507,8.51322659213998,FALSE,FALSE,FALSE,FALSE,FALSE,meclizine [晕动症适应证]
WRONG TECHNIQUE IN PRODUCT USAGE PROCESS,1,128,199314,17485097,0.685362394575895,1.00390117760693,0.0958037121742258,4.90295836391583,0.687801445780733,0.99611898018136,0.0976224023033265,4.84592488666863,0.143324044197435,17684540,-0.539932660925185,-0.540717385170282,FALSE,FALSE,FALSE,FALSE,FALSE,meclizine [晕动症适应证]
DYSGEUSIA,3,1,56682,17627854,932.986874139939,1.15470820225145,97.0438614200952,8969.80493747299,233.996718534985,0.288705592380514,132.879689796488,412.060446325545,698.204124048737,17684540,7.87026845904425,7.86948373479915,TRUE,TRUE,TRUE,TRUE,TRUE,cinnarizine [晕动症适应证]
GASTRITIS,3,1,19631,17664905,2699.54230553716,1.15472262027848,280.782735053546,25954.3331893079,675.63557638429,0.288763253595058,383.629738759976,1189.90627147844,2022.8482193642,17684540,9.39988135791333,9.39909663366824,TRUE,TRUE,TRUE,TRUE,TRUE,cinnarizine [晕动症适应证]
POLYP,3,1,5471,17679065,9694.24145494425,1.15477970706042,1008.19723378254,93214.2186446725,2424.31036373606,0.288991450959884,1375.92172772781,4271.52258829707,7265.19856030145,17684540,11.2425681385478,11.2417834143027,TRUE,TRUE,TRUE,TRUE,TRUE,cinnarizine [晕动症适应证]
TONGUE DISCOLOURATION,3,1,3328,17681208,15938.5889423077,1.15483066752654,1657.44131716268,153271.560713072,3985.39723557692,0.289195016478476,2261.01710313898,7024.88765047074,11941.6790465507,17684540,11.9592082192384,11.9584234949933,TRUE,TRUE,TRUE,TRUE,TRUE,cinnarizine [晕动症适应证]
ANGER,1,3,24785,17659751,237.505897384171,1.15471803352305,24.7035043120517,2283.44329531988,178.379423038128,0.866048665166967,32.670008573876,973.958072017742,176.625464495564,17684540,7.47874751161429,7.4779627873692,FALSE,FALSE,FALSE,FALSE,FALSE,cinnarizine [晕动症适应证]
CHEST PAIN,1,3,136177,17548359,42.9547794414622,1.15470374282874,4.46794506307765,412.966822737453,32.4660845810967,0.866029610831754,5.94635219973948,177.259370555465,30.7333208142882,17684540,5.02085123266876,5.02006650842366,FALSE,FALSE,FALSE,FALSE,FALSE,cinnarizine [晕动症适应证]
DEPRESSION,1,3,169457,17515079,34.4533401787277,1.1547031183941,3.58367151596125,331.233664744169,26.0900051340458,0.866028778191289,4.77854396695009,142.446814888048,24.361631280254,17684540,4.70541713564729,4.70463241140219,FALSE,FALSE,FALSE,FALSE,FALSE,cinnarizine [晕动症适应证]
EYE PAIN,1,3,47411,17637125,124.001638157108,1.1547096960637,12.8978905169416,1192.16442762088,93.2512286178313,0.866037548611509,17.0792391084911,509.143972017574,91.5053520129603,17684540,6.54302072549274,6.54223600124765,FALSE,FALSE,FALSE,FALSE,FALSE,cinnarizine [晕动症适应证]
HYPERTENSION,1,3,169313,17515223,34.4829260993938,1.15470312056717,3.58674888652335,331.518104555356,26.1121945745454,0.866028781088969,4.78260807149174,142.567966119424,24.3838017916285,17684540,4.70664361303267,4.70585888878757,FALSE,FALSE,FALSE,FALSE,FALSE,cinnarizine [晕动症适应证]
HYPOACUSIS,1,3,40139,17644397,146.527458747519,1.15471135069956,15.2408389087064,1408.73453853914,110.145594060639,0.866039754791469,20.1734050164865,601.388406223755,108.398018077066,17684540,6.78323236094159,6.78244763669649,FALSE,FALSE,FALSE,FALSE,FALSE,cinnarizine [晕动症适应证]
PALPITATIONS,1,3,92095,17592441,63.6749769260003,1.15470526478782,6.62313842219331,612.172421603109,48.0062326945003,0.866031640187707,8.79258572858172,262.107012505666,46.2675114480308,17684540,5.58513448045127,5.58434975620618,FALSE,FALSE,FALSE,FALSE,FALSE,cinnarizine [晕动症适应证]
PRESYNCOPE,1,3,20282,17664254,290.31085034349,1.15472191230059,30.1956326152929,2791.14502752546,217.983137757618,0.866053836811378,39.9229836711459,1190.20784463559,216.225072446156,17684540,7.76800192465838,7.76721720041329,FALSE,FALSE,FALSE,FALSE,FALSE,cinnarizine [晕动症适应证]
TACHYPHRENIA,1,3,2767,17681769,2130.07697867727,1.15485704402296,221.493577147827,20484.6930259413,1597.80773400795,0.866234001695913,292.530565638788,8727.25743814414,1595.48156570431,17684540,10.6413571295548,10.6405724053098,FALSE,FALSE,FALSE,FALSE,FALSE,cinnarizine [晕动症适应证]
TENSION HEADACHE,1,3,3720,17680816,1584.30250896057,1.15481695826486,164.754797661985,15234.8488512509,1188.47688172043,0.866180558923902,217.61206070409,6490.80429556068,1186.40849516305,17684540,10.2145106820658,10.2137259578207,FALSE,FALSE,FALSE,FALSE,FALSE,cinnarizine [晕动症适应证]
THIRST,1,3,14719,17669817,400.158910252055,1.15472998113198,41.6204228555576,3847.32163846168,300.369182689041,0.866064595080228,55.0105904693138,1640.07775847472,298.600787030513,17684540,8.23049530624719,8.2297105820021,FALSE,FALSE,FALSE,FALSE,FALSE,cinnarizine [晕动症适应证]
TINNITUS,1,3,36472,17648064,161.29326606712,1.1547124353233,16.776647055206,1550.6982767767,121.21994955034,0.866041200952303,22.2016343707822,661.855605924443,119.471330479472,17684540,6.92144410763304,6.92065938338794,FALSE,FALSE,FALSE,FALSE,FALSE,cinnarizine [晕动症适应证]
VISION BLURRED,1,3,108466,17576070,54.0140689248244,1.15470455516023,5.6182690607749,519.291548741398,40.7605516936183,0.866030693989732,7.46551623920211,222.546240760129,39.0240793490662,17684540,5.34908869886737,5.34830397462227,FALSE,FALSE,FALSE,FALSE,FALSE,cinnarizine [晕动症适应证]
CHRONIC KIDNEY DISEASE,72,56,75571,17608841,299.585005207969,0.178211450599862,211.262990500943,424.831510396793,131.630939778486,0.0780356644819201,112.962080723012,153.385137703451,9365.14823576499,17684540,7.03899139740311,7.03820667315801,TRUE,TRUE,TRUE,TRUE,TRUE,promethazine [晕动症适应证]
ACUTE KIDNEY INJURY,48,80,150263,17534149,70.0138384033328,0.182592566560463,48.9505930109188,100.140514474964,44.133649002083,0.114137775449651,35.2869238996887,55.1983216155674,2040.19737856898,17684540,5.46335679162182,5.46257206737672,TRUE,TRUE,TRUE,TRUE,TRUE,promethazine [晕动症适应证]
END STAGE RENAL DISEASE,37,91,18141,17666271,395.953327142512,0.195118472661879,270.11941449749,580.406401246222,281.78713101538,0.138814964009207,214.664125981978,369.898728269786,10341.8142749192,17684540,8.13553286479547,8.13474814055038,TRUE,TRUE,TRUE,TRUE,TRUE,promethazine [晕动症适应证]
RENAL FAILURE,31,97,101200,17583212,55.5274410170735,0.206342630500824,37.0565741341299,83.2051202235878,42.321576395751,0.15638219013711,31.149180715346,57.5012179289511,1257.51671187652,17684540,5.40289003850748,5.40210531426238,TRUE,TRUE,TRUE,TRUE,TRUE,promethazine [晕动症适应证]
ANXIETY,10,118,225482,17458930,6.56181131524047,0.329361607495887,3.44084791963968,12.5135922140165,6.12729480623731,0.303631155181471,3.37919083987917,11.1102756315134,43.4572009288498,17684540,2.61519672715508,2.61441200290998,TRUE,TRUE,TRUE,TRUE,TRUE,promethazine [晕动症适应证]
NAUSEA,10,118,639581,17044831,2.25847422514088,0.32935725051017,1.18429688520349,4.3069486117489,2.16015592630175,0.303626426677002,1.19133271722027,3.91685173964194,6.46455888969912,17684540,1.11112333955358,1.11033861530849,TRUE,TRUE,TRUE,TRUE,TRUE,promethazine [晕动症适应证]
NEPHROGENIC ANAEMIA,9,119,4409,17680003,303.275818560584,0.346036613405152,153.916603720678,597.571801223649,282.022050068043,0.321753575526858,150.106981754647,529.865005577059,2515.7248343804,17684540,8.13673265527861,8.13594793103351,TRUE,TRUE,TRUE,TRUE,TRUE,promethazine [晕动症适应证]
DEPRESSION,8,120,169450,17514962,6.89090665879807,0.365156530645737,3.3685954155313,14.096259337448,6.52272499262319,0.342335135355516,3.33447540445615,12.759410752448,37.768422326726,17684540,2.70541713564729,2.7046324114022,TRUE,TRUE,TRUE,TRUE,TRUE,promethazine [晕动症适应证]
ANAPHYLACTIC REACTION,7,121,44791,17639621,22.7830131532844,0.388772411921562,10.6336265266249,48.8136090771168,21.5917546214641,0.367514506140718,10.5063840723107,44.3733890199375,137.794056272848,17684540,4.43219357488313,4.43140885063804,TRUE,TRUE,TRUE,TRUE,TRUE,promethazine [晕动症适应证]
DECREASED APPETITE,6,122,200763,17483649,4.28291861629849,0.418172722893226,1.88705263601559,9.7206572428034,4.1290318061595,0.398571312461379,1.8905034656972,9.01818164612001,14.3902605238286,17684540,2.0457708582056,2.0449861339605,TRUE,TRUE,TRUE,TRUE,TRUE,promethazine [晕动症适应证]
PARALYSIS,6,122,10894,17673518,79.7860666271402,0.418276509270903,35.1465663330507,181.122001151055,76.092969753993,0.398680202377258,34.8322151846268,166.229452111836,444.665988550807,17684540,6.24890734336108,6.24812261911598,TRUE,TRUE,TRUE,TRUE,TRUE,promethazine [晕动症适应证]
ARTHRALGIA,5,123,356889,17327523,1.97364125444756,0.456215892976255,0.807103826936832,4.82621897115873,1.93560839294571,0.438395079174802,0.819687045697406,4.57074424990356,2.30775043902366,17684540,0.952777330228308,0.951992605983211,FALSE,FALSE,TRUE,FALSE,FALSE,promethazine [晕动症适应证]
BALANCE DISORDER,5,123,70336,17614076,10.179983928479,0.456228402824744,4.16291588592326,24.8941068289459,9.82139080627275,0.438408098606142,4.15903413835858,23.1928169283093,39.771423403952,17684540,3.29583522740439,3.2950505031593,TRUE,TRUE,TRUE,TRUE,TRUE,promethazine [晕动症适应证]
HYPERPARATHYROIDISM SECONDARY,5,123,2299,17682113,312.651188038631,0.45668929216917,127.7374698943,765.247389531469,300.477313505872,0.438887702242684,127.122648786416,710.232336988196,1489.35852400576,17684540,8.22798845063662,8.22720372639152,TRUE,TRUE,TRUE,TRUE,TRUE,promethazine [晕动症适应证]
MIGRAINE,5,123,81218,17603194,8.81057144807701,0.456226315166322,3.60293475719816,21.5452608700681,8.5054710008865,0.438405926048656,3.60180096545654,20.085240034287,33.2659600081866,17684540,3.08831275783568,3.08752803359058,TRUE,TRUE,TRUE,TRUE,TRUE,promethazine [晕动症适应证]
OFF LABEL USE,5,123,842475,16841937,0.812643206464113,0.456214124787088,0.332324688427608,1.98718002004877,0.819961831211609,0.438393237210461,0.347236827427035,1.93625028089848,0.207539861037713,17684540,-0.286369460292372,-0.287154184537469,FALSE,FALSE,FALSE,FALSE,FALSE,promethazine [晕动症适应证]
TINNITUS,5,123,36468,17647944,19.6719342316819,0.456242873112013,8.04424501152908,48.107062360854,18.9425618007568,0.438423157182524,8.02131159704067,44.7334133868921,85.1407117360251,17684540,4.2433722025204,4.2425874782753,TRUE,TRUE,TRUE,TRUE,TRUE,promethazine [晕动症适应证]
TUBULOINTERSTITIAL NEPHRITIS,5,123,16824,17667588,42.6886967514468,0.456277960018286,17.4550563783128,104.400970746858,41.0602320345934,0.438459670152044,17.3858926336162,96.9718777323418,195.550961764763,17684540,5.35925162003889,5.35846689579379,TRUE,TRUE,TRUE,TRUE,TRUE,promethazine [晕动症适应证]
VOMITING,5,123,374427,17309985,1.87929269745309,0.456215749200427,0.768521002518372,4.59550361164799,1.84494532645883,0.438394929487778,0.781293485454909,4.35665127252456,1.9766597122067,17684540,0.883569240721593,0.882784516476496,FALSE,FALSE,TRUE,FALSE,FALSE,promethazine [晕动症适应证]
CONSTIPATION,4,124,184348,17500064,3.06224202892566,0.508005903307102,1.13139995752855,8.28825048235171,2.99779696552173,0.492130945964801,1.14259389016799,7.86525004537704,5.38148462893974,17684540,1.58388181471234,1.58309709046724,TRUE,TRUE,TRUE,TRUE,TRUE,promethazine [晕动症适应证]
DEAFNESS,4,124,21792,17662620,26.1454632655961,0.508045727415542,9.65915394290151,70.77071691926,25.3596675385463,0.492172055131575,9.6649195787021,66.5409300541702,93.6947018092897,17684540,4.66420958161504,4.66342485736995,TRUE,TRUE,TRUE,TRUE,TRUE,promethazine [晕动症适应证]
DIARRHOEA,4,124,554618,17129794,0.996314580486028,0.508002340102549,0.368108769936759,2.69660172307111,0.99642974984584,0.492127266564087,0.379786479144473,2.61429066304424,5.28257838978956e-05,17684540,-0.00515996164534393,-0.00594468589044057,FALSE,FALSE,FALSE,FALSE,FALSE,promethazine [晕动症适应证]
DIZZINESS,4,124,398762,17285650,1.39833186939384,0.508003033201583,0.516641566057135,3.78469744872643,1.38588399847528,0.492127982555907,0.528225161612719,3.63609043417364,0.439690651108776,17684540,0.470802476334789,0.470017752089692,FALSE,FALSE,TRUE,FALSE,FALSE,promethazine [晕动症适应证]
EMOTIONAL DISTRESS,4,124,107401,17577011,5.2792837574949,0.508009728176339,1.95051096054724,14.2889927592768,5.14555614007318,0.492134894468271,1.9611853553826,13.5003802256517,13.4407275274009,17684540,2.36328372642121,2.36249900217611,TRUE,TRUE,TRUE,TRUE,TRUE,promethazine [晕动症适应证]
PAIN,4,124,525911,17158501,1.05245950789785,0.508002436875648,0.388852586286173,2.84856280973632,1.05082014827604,0.49212736655813,0.400517152536979,2.75699299525237,0.010132379261593,17684540,0.0715152372063561,0.0707305129612595,FALSE,FALSE,TRUE,FALSE,FALSE,promethazine [晕动症适应证]
PARAESTHESIA,4,124,123838,17560574,4.5742835723466,0.508008511878089,1.69004204441158,12.3807986135191,4.46258721071077,0.492133638881592,1.7008816898852,11.7084478783139,10.8221283904255,17684540,2.15784420700942,2.15705948276432,TRUE,TRUE,TRUE,TRUE,TRUE,promethazine [晕动症适应证]
PHOTOPHOBIA,4,124,15357,17669055,37.1146393259772,0.508064651013986,13.7110868788969,100.465883154567,35.9860568470404,0.492191589056369,13.7142582400027,94.4270017915435,136.13820401749,17684540,5.169000839182,5.1682161149369,TRUE,TRUE,TRUE,TRUE,TRUE,promethazine [晕动症适应证]
REBOUND ACID HYPERSECRETION,4,124,3023,17681389,188.67594677366,0.508326046850816,69.6659672898088,510.990003811295,182.811073436983,0.492461410340271,69.6323229479588,479.947920108297,722.434077618846,17684540,7.51231239736406,7.51152767311896,TRUE,TRUE,TRUE,TRUE,TRUE,promethazine [晕动症适应证]
RENAL INJURY,4,124,26516,17657896,21.4817298381014,0.508037681515669,7.93631405869186,58.1459747465235,20.8416757806607,0.492163749713366,7.94317981807676,54.6853350037031,75.6606916968392,17684540,4.38119220219162,4.38040747794652,TRUE,TRUE,TRUE,TRUE,TRUE,promethazine [晕动症适应证]
WEIGHT DECREASED,4,124,228162,17456250,2.46800448238391,0.508004878191033,0.9118501250213,6.67987639407824,2.42212934230941,0.492129887635172,0.923183244320278,6.35487113416553,3.38355289916069,17684540,1.27626105732407,1.27547633307898,FALSE,FALSE,TRUE,FALSE,FALSE,promethazine [晕动症适应证]
ABDOMINAL PAIN UPPER,3,125,169737,17514675,2.47649127768253,0.584242485527799,0.787987918867158,7.78312573275833,2.44188601336185,0.570549444179684,0.798112101308591,7.47114007227249,2.57892454098807,17684540,1.28798080090796,1.28719607666286,FALSE,FALSE,TRUE,FALSE,FALSE,promethazine [晕动症适应证]
BLISTER,3,125,47286,17637126,8.95171983250856,0.584255541642854,2.84825011867839,28.1342173688417,8.76535139893415,0.570562813978295,2.86481419116723,26.8189767363212,20.6923335123903,17684540,3.13173084429213,3.13094612004703,TRUE,TRUE,TRUE,TRUE,TRUE,promethazine [晕动症适应证]
BRAIN FOG,3,125,14396,17670016,29.4582095026396,0.584296888290795,9.37222690126945,92.591239653392,28.7912202174215,0.570605152908985,9.40916662900001,88.0985951564722,80.5266576309316,17684540,4.84726685733019,4.84648213308509,TRUE,TRUE,TRUE,TRUE,TRUE,promethazine [晕动症适应证]
CONFUSIONAL STATE,3,125,125587,17558825,3.355536799191,0.58424425790276,1.06768527619008,10.5458298075475,3.30032890545996,0.570551259216868,1.07868387502554,10.0976487517778,4.84427463317219,17684540,1.72258578807409,1.72180106382899,TRUE,TRUE,TRUE,TRUE,TRUE,promethazine [晕动症适应证]
DEATH,3,125,749386,16935026,0.542364848022248,0.584238587229851,0.172574891406771,1.70453317960862,0.553090671896726,0.570545450610328,0.180774946575823,1.69221065824441,1.13127116002392,17684540,-0.854407417567251,-0.855192141812347,FALSE,FALSE,FALSE,FALSE,FALSE,promethazine [晕动症适应证]
DYSPEPSIA,3,125,78419,17605993,5.38828385977888,0.584248356560636,1.71446342852995,16.9345128454844,5.28543345681531,0.570555456373864,1.72748386735588,16.171385073009,10.4699281742564,17684540,2.40197704291928,2.40119231867418,TRUE,TRUE,TRUE,TRUE,TRUE,promethazine [晕动症适应证]
FACIAL PARALYSIS,3,125,8369,17676043,50.6900504241845,0.584339694438022,16.1258543809176,159.339229495148,49.5254398673677,0.570648986133506,16.1838601964435,151.556499146926,142.653315608199,17684540,5.62959126165702,5.62880653741192,TRUE,TRUE,TRUE,TRUE,TRUE,promethazine [晕动症适应证]
IMPAIRED GASTRIC EMPTYING,3,125,11398,17673014,37.2128738375154,0.584312523061995,11.8390362354498,116.968809935754,36.3641346069486,0.570621162836303,11.8836736597075,111.274537115219,103.214294736431,17684540,5.1840751073269,5.1832903830818,TRUE,TRUE,TRUE,TRUE,TRUE,promethazine [晕动症适应证]
INTESTINAL OBSTRUCTION,3,125,31691,17652721,13.3686315988767,0.584264447559405,4.25354486020012,42.0167922757196,13.078741795778,0.570571933665188,4.27450009382937,40.017191064649,33.5225161712821,17684540,3.70902572915142,3.70824100490633,TRUE,TRUE,TRUE,TRUE,TRUE,promethazine [晕动症适应证]
MAJOR DEPRESSION,3,125,5607,17678805,75.6717174959872,0.584390056718283,24.0708115258114,237.890144362279,73.921599117175,0.570700556578766,24.1535645418585,226.235875312334,215.75842117327,17684540,6.20716280241657,6.20637807817147,TRUE,TRUE,TRUE,TRUE,TRUE,promethazine [晕动症适应证]
MEDICATION ERROR,3,125,36156,17648256,11.7147401261201,0.584261112793687,3.72734471550391,36.8184717801117,11.4636134044142,0.570568518859147,3.74665585613311,35.0751276156697,28.7088606586059,17684540,3.51888069870172,3.51809597445662,TRUE,TRUE,TRUE,TRUE,TRUE,promethazine [晕动症适应证]
MEMORY IMPAIRMENT,3,125,118518,17565894,3.5571090973523,0.584244664330576,1.13182188452878,11.1793430604449,3.49717685288311,0.570551675418864,1.14302098671517,10.6999312195386,5.38532214323418,17684540,1.80616467952818,1.80537995528309,TRUE,TRUE,TRUE,TRUE,TRUE,promethazine [晕动症适应证]
PAIN IN EXTREMITY,3,125,243414,17440998,1.71963795015899,0.584240959619092,0.547168485686938,5.40446819760548,1.70277143570214,0.570547881438091,0.556539758102996,5.20974561121388,0.882281293434671,17684540,0.767877455525975,0.767092731280878,FALSE,FALSE,TRUE,FALSE,FALSE,promethazine [晕动症适应证]
PRODUCT DOSE OMISSION ISSUE,3,125,280968,17403444,1.48658443666183,0.584240489796278,0.473014045783273,4.67202466190129,1.47518011392756,0.570547400231154,0.482153471032927,4.51341014690887,0.466598707290818,17684540,0.560886150948727,0.56010142670363,FALSE,FALSE,TRUE,FALSE,FALSE,promethazine [晕动症适应证]
RENAL IMPAIRMENT,3,125,70299,17614113,6.01343848418896,0.584249617081093,1.9133726354316,18.8993203589786,5.89593601971579,0.570556747168739,1.9270148176701,18.0393327699535,12.2447898136335,17684540,2.55966974569365,2.55888502144855,TRUE,TRUE,TRUE,TRUE,TRUE,promethazine [晕动症适应证]
RENAL TUBULAR NECROSIS,3,125,7437,17676975,57.0455022186366,0.584352507246378,18.1472370361489,179.32147559952,55.7319357603873,0.570662106335604,18.2115426971064,170.553846824489,161.252456315566,17684540,5.79986095191733,5.79907622767224,TRUE,TRUE,TRUE,TRUE,TRUE,promethazine [晕动症适应证]
SEIZURE,3,125,113253,17571159,3.72359068633944,0.584245000006803,1.18479319573761,11.7025719334604,3.65975652962835,0.570552019166116,1.19615789455754,11.1973660978192,5.83621917781806,17684540,1.87171990105473,1.87093517680963,TRUE,TRUE,TRUE,TRUE,TRUE,promethazine [晕动症适应证]
SKIN DISORDER,3,125,28772,17655640,14.7273515918254,0.584267187154343,4.68582845107964,46.2874147386399,14.405616788892,0.570574739012471,4.70813421499733,44.0772895571593,37.4821889325886,17684540,3.84841955000577,3.84763482576067,TRUE,TRUE,TRUE,TRUE,TRUE,promethazine [晕动症适应证]
VERTIGO,3,125,49714,17634698,8.51335141006557,0.584254657745963,2.7087751433495,26.7564298975532,8.33725723639216,0.570561908862212,2.72490333031855,25.5091097920334,19.4250434861704,17684540,3.05949623377702,3.05871150953192,TRUE,TRUE,TRUE,TRUE,TRUE,promethazine [晕动症适应证]
WEIGHT INCREASED,3,125,180615,17503797,2.32589279960136,0.584242181892494,0.74006984555675,7.30981994161338,2.29481718711071,0.57054913322611,0.750044217280358,7.02116728711509,2.21432445587166,17684540,1.19836570761888,1.19758098337379,FALSE,FALSE,TRUE,FALSE,FALSE,promethazine [晕动症适应证]
ABDOMINAL PAIN,2,126,185930,17498482,1.4938615744618,0.712700458434345,0.369528108258296,6.03911408572365,1.48614498736083,0.701564552853997,0.375731302083636,5.87820847294247,0.321429722025544,17684540,0.571569794754822,0.570785070509726,FALSE,FALSE,FALSE,FALSE,FALSE,promethazine [晕动症适应证]
ANAEMIA,2,126,153980,17530432,1.80712316792327,0.712701241285634,0.447017175092358,7.30552275395306,1.79451186842447,0.701565348205668,0.453692765897684,7.09791534706223,0.709703301719802,17684540,0.843583168383248,0.842798444138151,FALSE,FALSE,FALSE,FALSE,FALSE,promethazine [晕动症适应证]
ANHEDONIA,2,126,19973,17664439,14.0383478012778,0.712731809405661,3.47237350475427,56.7551874013007,13.8346236168828,0.70159640181822,3.49748962155918,54.7240539159875,23.8383535422804,17684540,3.79007747448887,3.78929275024377,FALSE,FALSE,FALSE,FALSE,FALSE,promethazine [晕动症适应证]
AUTONOMIC NERVOUS SYSTEM IMBALANCE,2,126,2316,17682096,121.186610741015,0.712999539565123,29.9596805952112,490.1986380069,119.308694948187,0.701868379671156,30.1459982200875,472.187538336495,234.462439940438,17684540,6.8973205061851,6.89653578194,FALSE,FALSE,FALSE,FALSE,FALSE,promethazine [晕动症适应证]
BONE DENSITY DECREASED,2,126,29298,17655114,9.56515478059611,0.712720630120936,2.36598482013247,38.6698110648225,9.43132423714929,0.701585045076995,2.38435781125113,37.3055908163236,15.0986945163753,17684540,3.2373723129946,3.2365875887495,FALSE,FALSE,FALSE,FALSE,FALSE,promethazine [晕动症适应证]
CEREBROVASCULAR ACCIDENT,2,126,119853,17564559,2.32620396493641,0.712702538527486,0.57541760275727,9.40399609006838,2.30548202798428,0.701566666117492,0.58287595336198,9.1190026809317,1.48852524446725,17684540,1.20505478749537,1.20427006325028,FALSE,FALSE,FALSE,FALSE,FALSE,promethazine [晕动症适应证]
CHEST PAIN,2,126,136176,17548236,2.04546637125065,0.712701836927755,0.50597410723172,8.26906479228432,2.02913095919986,0.701565953343611,0.513009114928907,8.02592454941843,1.05199096408682,17684540,1.02085123266876,1.02006650842366,FALSE,FALSE,FALSE,FALSE,FALSE,promethazine [晕动症适应证]
CLOSTRIDIUM DIFFICILE COLITIS,2,126,8632,17675780,32.5032363887786,0.71277795456826,8.03892103547251,131.418180509932,32.0109983202039,0.701643279352435,8.09186077363927,126.633915501149,60.0998992139216,17684540,5.00017197973012,4.99938725548502,FALSE,FALSE,FALSE,FALSE,FALSE,promethazine [晕动症适应证]
DEHYDRATION,2,126,101984,17582428,2.73656807666064,0.712703564093203,0.676925282965654,11.0629710939281,2.70943420046282,0.701567708003087,0.685002441351481,10.7167993038887,2.16949900512288,17684540,1.43797376111503,1.43718903686993,FALSE,FALSE,FALSE,FALSE,FALSE,promethazine [晕动症适应证]
DRUG INEFFECTIVE,2,126,1164921,16519491,0.225091781208462,0.712697289807089,0.0556800295918735,0.909954795982955,0.23719972212708,0.701561331517306,0.0599698709865309,0.938199586752497,5.25207056853019,17684540,-2.075817809768,-2.0766025340131,FALSE,FALSE,FALSE,FALSE,FALSE,promethazine [晕动症适应证]
DYSPHONIA,2,126,49206,17635206,5.6888165012784,0.712710942364527,1.40718152185157,22.9981936819597,5.61555374344592,0.701575203508431,1.41971025220923,22.2118871061601,7.60812270004238,17684540,2.48938009658796,2.48859537234286,FALSE,FALSE,FALSE,FALSE,FALSE,promethazine [晕动症适应证]
DYSPNOEA,2,126,463437,17220975,0.58982949035966,0.712698199658049,0.145903438740476,2.38444570396149,0.59623840457279,0.701562257567794,0.150743327095814,2.35831490478876,0.561553378889249,17684540,-0.746034574350601,-0.746819298595697,FALSE,FALSE,FALSE,FALSE,FALSE,promethazine [晕动症适应证]
EAR INFECTION,2,126,23455,17660957,11.9519356552399,0.712726595119924,2.95633143127927,48.3196046274081,11.7808116606267,0.701591104765221,2.97830251414006,46.5995387386736,19.7559130609951,17684540,3.5582544639295,3.5574697396844,FALSE,FALSE,FALSE,FALSE,FALSE,promethazine [晕动症适应证]
ERYTHEMA,2,126,174850,17509562,1.58953134432688,0.712700697513363,0.393193215145411,6.42587358396619,1.58031991707178,0.701564795753678,0.399540679081307,6.25070529998653,0.430457547384893,17684540,0.660210584725536,0.659425860480439,FALSE,FALSE,FALSE,FALSE,FALSE,promethazine [晕动症适应证]
FALL,2,126,273129,17411283,1.01186461865482,0.712699253994376,0.250299831948412,4.09057408674761,1.01167923398834,0.70156332909199,0.255776166427912,4.00152557909138,0.000273887712655686,17684540,0.0167518154177971,0.0159670911727004,FALSE,FALSE,FALSE,FALSE,FALSE,promethazine [晕动症适应证]
FATIGUE,2,126,674560,17009852,0.400257428240113,0.712697726370574,0.0990099516717227,1.6180798612302,0.409628405923861,0.701561776254125,0.103563954553383,1.62021073512824,1.76921072971316,17684540,-1.2876061667669,-1.28839089101199,FALSE,FALSE,FALSE,FALSE,FALSE,promethazine [晕动症适应证]
FLUSHING,2,126,70742,17613670,3.9521368280804,0.712706602035237,0.977606014557814,15.9771782039764,3.90600969014164,0.701570794237507,0.987516134684753,15.4497847312144,4.34129524972724,17684540,1.96566518358187,1.96488045933678,FALSE,FALSE,FALSE,FALSE,FALSE,promethazine [晕动症适应证]
GENERAL PHYSICAL HEALTH DETERIORATION,2,126,96901,17587511,2.88094902291866,0.712703924926738,0.712639261542105,11.6466601274474,2.85155919443556,0.701568074575779,0.720934136759502,11.2789635346156,2.41768723236916,17684540,1.51173164721202,1.51094692296693,FALSE,FALSE,FALSE,FALSE,FALSE,promethazine [晕动症适应证]
GOUT,2,126,14894,17669518,18.8309748679025,0.71274378682792,4.65771642840302,76.1329333647644,18.5523658855915,0.701608569348808,4.69005601554259,73.387242884143,33.2360708067363,17684540,4.21334799963278,4.21256327538768,FALSE,FALSE,FALSE,FALSE,FALSE,promethazine [晕动症适应证]
HYPERHIDROSIS,2,126,99424,17584988,2.80743878390322,0.712703741211517,0.694455822120457,11.3494800883055,2.77919755290473,0.701567887938668,0.70263984894248,10.9927426542868,2.29086114133807,17684540,1.47464981029948,1.47386508605439,FALSE,FALSE,FALSE,FALSE,FALSE,promethazine [晕动症适应证]
HYPERSENSITIVITY,2,126,156152,17528260,1.78176615865534,0.712701177916689,0.440744819158015,7.20301295927709,1.76955106242635,0.701565283825835,0.447382171910218,6.99918583962402,0.675286484214039,17684540,0.823375357224313,0.822590632979216,FALSE,FALSE,FALSE,FALSE,FALSE,promethazine [晕动症适应证]
INSOMNIA,2,126,210660,17473752,1.31662936892216,0.712700015540105,0.325687460362825,5.32262707682142,1.31168203503275,0.701564102872068,0.331623386548169,5.18814363165476,0.1499081733114,17684540,0.391414783861962,0.390630059616865,FALSE,FALSE,FALSE,FALSE,FALSE,promethazine [晕动症适应证]
MALAISE,2,126,374966,17309446,0.732741398183065,0.71269855662608,0.181254780660832,2.96218369884517,0.736917313836455,0.701562620413525,0.186310187047428,2.91474736855744,0.191911452296246,17684540,-0.440422597623946,-0.441207321869043,FALSE,FALSE,FALSE,FALSE,FALSE,promethazine [晕动症适应证]
MOTION SICKNESS,2,126,1548,17682864,181.318075550634,0.713149745369424,44.8121501582338,733.645772525928,178.500605620155,0.702020967126386,45.088665628234,706.662434179694,352.587819119723,17684540,7.47793285702997,7.47714813278487,FALSE,FALSE,FALSE,FALSE,FALSE,promethazine [晕动症适应证]
MUSCLE SPASMS,2,126,151535,17532877,1.83653700412865,0.712701314793039,0.454293033164803,7.42443295693303,1.82346611343914,0.70156542288552,0.461012979624506,7.2124404600692,0.750162744159347,17684540,0.86667479071159,0.865890066466493,FALSE,FALSE,FALSE,FALSE,FALSE,promethazine [晕动症适应证]
MYOCARDIAL INFARCTION,2,126,109291,17575121,2.55254480792723,0.712703104188114,0.631405331613356,10.3190211901252,2.52828629530336,0.701567240781152,0.639204993575055,10.000284189376,1.85907780264789,17684540,1.33814388054353,1.33735915629843,FALSE,FALSE,FALSE,FALSE,FALSE,promethazine [晕动症适应证]
POST-TRAUMATIC STRESS DISORDER,2,126,5666,17678746,49.5261235215348,0.712820493429818,12.2481157784007,200.2623877377,48.7679028415108,0.70168649324677,12.3266901335636,192.939736603201,93.5737878752752,17684540,5.60736131427355,5.60657659002846,FALSE,FALSE,FALSE,FALSE,FALSE,promethazine [晕动症适应证]
PROGRESSIVE MULTIFOCAL LEUKOENCEPHALOPATHY,2,126,6958,17677454,40.3268910515246,0.712797505583006,9.97353821557949,163.057292881395,39.7124083788445,0.701663140625642,10.0382614493657,157.10642596859,75.4831980574169,17684540,5.31111376645548,5.31032904221038,FALSE,FALSE,FALSE,FALSE,FALSE,promethazine [晕动症适应证]
PRURITUS,2,126,324944,17359468,0.847983379016419,0.712698844530638,0.209761527076794,3.42806338754793,0.850358638719287,0.701562913006646,0.214990723118313,3.36344658949112,0.0536516025955044,17684540,-0.233855106139943,-0.23463983038504,FALSE,FALSE,FALSE,FALSE,FALSE,promethazine [晕动症适应证]
SCHIZOPHRENIA,2,126,10404,17674008,26.9646106808737,0.71276411343087,6.66925145783524,109.021264795298,26.558913638985,0.701629218555748,6.71384728977883,105.062844482169,49.2126346736957,17684540,4.73085736521488,4.73007264096978,FALSE,FALSE,FALSE,FALSE,FALSE,promethazine [晕动症适应证]
STOMATITIS,2,126,52297,17632115,5.35164237470297,0.712710099694772,1.3237805609588,21.6350632056213,5.28364796259824,0.701574347456316,1.33580090412147,20.899024477775,6.96615787920449,17684540,2.40148961642485,2.40070489217975,FALSE,FALSE,FALSE,FALSE,FALSE,promethazine [晕动症适应证]
SWELLING,2,126,81187,17603225,3.44163806817926,0.712705326195328,0.851330466363779,13.9133662664896,3.40348747336396,0.701569498122555,0.860470812673604,13.46208007376,3.410179863969,17684540,1.7669887024541,1.766203978209,FALSE,FALSE,FALSE,FALSE,FALSE,promethazine [晕动症适应证]
TEMPOROMANDIBULAR JOINT SYNDROME,2,126,1984,17682428,141.468477982591,0.713050206330446,34.9702785840984,572.295419797176,139.273658014113,0.701919849919554,35.1870407570901,551.258400799834,274.315985180123,17684540,7.1203354496632,7.1195507254181,FALSE,FALSE,FALSE,FALSE,FALSE,promethazine [晕动症适应证]
TREMOR,2,126,126786,17557626,2.19813288683669,0.712702218460126,0.543737853098225,8.88624575365022,2.17941206047986,0.701566340953722,0.551003077320757,8.62034555679994,1.28570040667564,17684540,1.12392667639209,1.123141952147,FALSE,FALSE,FALSE,FALSE,FALSE,promethazine [晕动症适应证]
VISION BLURRED,2,126,108465,17575947,2.57210423375546,0.71270315307031,0.636243550364717,10.3980939146816,2.54754010510303,0.701567290441152,0.644072706893001,10.0764409322914,1.89171933839733,17684540,1.34908869886737,1.34830397462227,FALSE,FALSE,FALSE,FALSE,FALSE,promethazine [晕动症适应证]
VISUAL IMPAIRMENT,2,126,109701,17574711,2.54294552161481,0.712703080197942,0.629030852215134,10.2802142424792,2.51883699783958,0.701567216409241,0.636816038959709,9.96290833385705,1.84309114028172,17684540,1.33274190372338,1.33195717947828,FALSE,FALSE,FALSE,FALSE,FALSE,promethazine [晕动症适应证]
ABDOMINAL ADHESIONS,1,127,2535,17681877,54.9220425849136,1.00412576384667,7.67392543401435,393.075328609378,54.5007766272189,0.996284056266374,7.73301017431008,384.111049386408,52.5059450177259,17684540,5.76764632705216,5.76686160280707,FALSE,FALSE,FALSE,FALSE,FALSE,promethazine [晕动症适应证]
ABDOMINAL DISCOMFORT,1,127,148834,17535578,0.927714213975534,1.00393266291611,0.129672975364492,6.63710893031542,0.92827894667885,0.996089434914306,0.131761963029192,6.53983731751388,0.005588335049296,17684540,-0.107368947379689,-0.108153671624786,FALSE,FALSE,FALSE,FALSE,FALSE,promethazine [晕动症适应证]
ABDOMINAL INFECTION,1,127,2193,17682219,63.4884044077254,1.00415639651105,8.87031886438769,454.411792390186,63.00021374829,0.996314930032193,8.9384380249434,444.040325754271,60.9958436162063,17684540,5.97663754678838,5.97585282254328,FALSE,FALSE,FALSE,FALSE,FALSE,promethazine [晕动症适应证]
ACTIVITIES OF DAILY LIVING IMPAIRED,1,127,10392,17674020,13.391600443709,1.00397724087543,1.87167225587975,95.8153661147544,13.2947910652425,0.996134364089813,1.88692582213084,93.6716575688451,11.3755997962928,17684540,3.73266082095543,3.73187609671033,FALSE,FALSE,FALSE,FALSE,FALSE,promethazine [晕动症适应证]
ACUTE CORONARY SYNDROME,1,127,6135,17678277,22.6893286872148,1.00401049371988,3.17095924917908,162.350126829837,22.519880806846,0.996167878742348,3.19603017118021,158.679675845261,20.568071097642,17684540,4.49290258968864,4.49211786544354,FALSE,FALSE,FALSE,FALSE,FALSE,promethazine [晕动症适应证]
ACUTE LEFT VENTRICULAR FAILURE,1,127,576,17683836,241.740977690289,1.00479360239203,33.7328234220027,1732.39872522912,239.860188802083,0.996957147807335,33.988430837817,1692.72039791132,237.459862333242,17684540,7.90355784854609,7.90277312430099,FALSE,FALSE,FALSE,FALSE,FALSE,promethazine [晕动症适应证]
ACUTE RESPIRATORY FAILURE,1,127,16324,17668088,8.52234765680019,1.00395982581101,1.19116353611643,60.9743392751645,8.46357931573144,0.99611681189921,1.20127467210625,59.6301382997455,6.58741045538211,17684540,3.08118998587042,3.08040526162532,FALSE,FALSE,FALSE,FALSE,FALSE,promethazine [晕动症适应证]
ADVERSE EVENT,1,127,78090,17606322,1.77529077593691,1.00393569429659,0.248143087398453,12.7009677044356,1.7692338167499,0.996092490278887,0.251127449956654,12.4645406102428,0.335929340978661,17684540,0.823116690524008,0.822331966278912,FALSE,FALSE,FALSE,FALSE,FALSE,promethazine [晕动症适应证]
AGE-RELATED MACULAR DEGENERATION,1,127,1399,17683013,99.5256060290534,1.00428525259636,13.9017657298488,712.524325897851,98.7558747319514,0.996444800145038,14.0078667803561,696.231835082097,96.7045377731639,17684540,6.62477424535924,6.62398952111415,FALSE,FALSE,FALSE,FALSE,FALSE,promethazine [晕动症适应证]
ALVEOLAR SOFT PART SARCOMA,1,127,35,17684377,3978.48751406074,1.01805967451154,540.913859949921,29262.2616492072,3947.41339285714,1.01032612161839,544.886005067926,28596.94018415,3835.82663118397,17684540,11.9060603557493,11.9052756315042,FALSE,FALSE,FALSE,FALSE,FALSE,promethazine [晕动症适应证]
ANAL INCONTINENCE,1,127,8785,17675627,15.8427052196165,1.00398600723109,2.21421199491823,113.354687469721,15.7267465850882,0.996143199467697,2.23205390688092,110.808505739543,13.795616859526,17684540,3.97499457309881,3.97420984885371,FALSE,FALSE,FALSE,FALSE,FALSE,promethazine [晕动症适应证]
ANGER,1,127,24785,17659627,5.61033613485424,1.00394941075655,0.784169400224543,40.139122410334,5.57431788380069,0.996106314826429,0.791204809555502,39.2730421938625,3.75882882166689,17684540,2.47874751161429,2.4779627873692,FALSE,FALSE,FALSE,FALSE,FALSE,promethazine [晕动症适应证]
APHTHOUS ULCER,1,127,7572,17676840,18.3818960030947,1.00399508854562,2.56904926285201,131.52495966289,18.2460999405705,0.996152352282278,2.58957234633052,128.561831266481,16.3057362289912,17684540,4.18933614381959,4.1885514195745,FALSE,FALSE,FALSE,FALSE,FALSE,promethazine [晕动症适应证]
APPENDICITIS,1,127,7671,17676741,18.1445622484518,1.00399423973437,2.53588377456526,129.826588461998,18.0106203558858,0.996151496788151,2.55615626188557,126.902431764702,16.071021039521,17684540,4.17059835217344,4.16981362792834,FALSE,FALSE,FALSE,FALSE,FALSE,promethazine [晕动症适应证]
ARTHRITIS,1,127,67580,17616832,2.05260746668282,1.00393668614571,0.28690475427156,14.6850038194007,2.04438397084936,0.996093489954796,0.290182067815127,14.4030465139857,0.535567637127325,17684540,1.03165527933977,1.03087055509467,FALSE,FALSE,FALSE,FALSE,FALSE,promethazine [晕动症适应证]
ASTHENIA,1,127,305042,17379370,0.448611775004315,1.00393094958001,0.0627057536952126,3.20947461457412,0.452919495512093,0.996087707830049,0.0642886107137804,3.19086175820809,0.672413777908305,17684540,-1.14266774193436,-1.14345246617946,FALSE,FALSE,FALSE,FALSE,FALSE,promethazine [晕动症适应证]
ATRIAL SEPTAL DEFECT,1,127,6293,17678119,22.1194640714405,1.00400845566006,3.09132986402677,158.27191284285,21.9544682583823,0.996165824637033,3.11579914852039,154.69504083317,20.0039589312525,17684540,4.45622389389315,4.45543916964805,FALSE,FALSE,FALSE,FALSE,FALSE,promethazine [晕动症适应证]
AUDITORY DISORDER,1,127,1390,17683022,100.170067410638,1.00428755680825,13.9917210936021,717.14139653913,99.3953012589928,0.996447122487419,14.0985010247814,700.743000621171,97.3429933117068,17684540,6.63407865264933,6.63329392840423,FALSE,FALSE,FALSE,FALSE,FALSE,promethazine [晕动症适应证]
AUTOIMMUNE DISORDER,1,127,8555,17675857,16.2688458653364,1.0039875313118,2.27376357461954,116.404075051805,16.1495580070134,0.99614473554811,2.29205546886029,113.787919779959,14.2166964248425,17684540,4.01326459002653,4.01247986578143,FALSE,FALSE,FALSE,FALSE,FALSE,promethazine [晕动症适应证]
AUTOIMMUNE NEPHRITIS,1,127,214,17684198,650.680624034145,1.00625392893243,90.5372373255623,4676.36617816177,645.604994158879,0.998428936203918,91.2193583943984,4569.26924086413,640.62081264348,17684540,9.32779250760211,9.32700778335701,FALSE,FALSE,FALSE,FALSE,FALSE,promethazine [晕动症适应证]
BICUSPID AORTIC VALVE,1,127,417,17683995,333.91859740554,1.00512295458372,46.5653290281328,2394.52038717301,331.317670863309,0.997289087971887,46.9175137574646,2339.66786035894,328.540606114423,17684540,8.36862622511069,8.36784150086559,FALSE,FALSE,FALSE,FALSE,FALSE,promethazine [晕动症适应证]
BLOOD GLUCOSE INCREASED,1,127,144243,17540169,0.957492335358623,1.00393276941509,0.133835239589021,6.85015079052256,0.957824426488634,0.99608954225936,0.135955685055613,6.74799021168554,0.00187236245694865,17684540,-0.062166426755343,-0.0629511510004396,FALSE,FALSE,FALSE,FALSE,FALSE,promethazine [晕动症适应证]
BLOOD PRESSURE INCREASED,1,127,123832,17560580,1.11661188920931,1.00393333849954,0.156076291697881,7.98854263873124,1.11570085882486,0.996090115858046,0.158364831644019,7.86025782025034,0.012082969012604,17684540,0.157949056149412,0.157164331904316,FALSE,FALSE,FALSE,FALSE,FALSE,promethazine [晕动症适应证]
BLOOD SODIUM DECREASED,1,127,13553,17670859,10.2664075885224,1.00396606354017,1.43491222711891,73.453360269496,10.1940137792371,0.996123098745834,1.44686535195621,71.8227973258016,8.29785852866305,17684540,3.34955430107733,3.34876957683223,FALSE,FALSE,FALSE,FALSE,FALSE,promethazine [晕动症适应证]
BONE LOSS,1,127,14666,17669746,9.48669427708418,1.00396327485593,1.32594073436569,67.8743521292564,9.42039197804446,0.996120288103059,1.3370703764223,66.3718130211385,7.53227854596953,17684540,3.23569916646228,3.23491444221718,FALSE,FALSE,FALSE,FALSE,FALSE,promethazine [晕动症适应证]
BRAIN INJURY,1,127,8953,17675459,15.5452744911968,1.00398494347662,2.17264693946029,111.226336234218,15.4316395342343,0.996142127337829,2.19017477683363,108.728993335783,13.5017703426442,17684540,3.94766875428803,3.94688403004293,FALSE,FALSE,FALSE,FALSE,FALSE,promethazine [晕动症适应证]
CACHEXIA,1,127,3913,17680499,35.5779523534513,1.00405658740064,4.9717665458905,254.595762287092,35.30781210069,0.996214335295432,5.01044206757086,248.808703608467,33.3349951020011,17684540,5.14155731656477,5.14077259231967,FALSE,FALSE,FALSE,FALSE,FALSE,promethazine [晕动症适应证]
CARDIAC ARREST,1,127,59119,17625293,2.34749969799336,1.00393774085869,0.328122859648643,16.7947909450133,2.33697235660278,0.996094552986212,0.331711688013806,16.4644177244013,0.76742903680035,17684540,1.22462670815806,1.22384198391296,FALSE,FALSE,FALSE,FALSE,FALSE,promethazine [晕动症适应证]
CELLULITIS,1,127,40820,17643592,3.40337876677713,1.00394151733108,0.475705325340986,24.349080014706,3.38460237016169,0.996098359223738,0.480409529293352,23.845349656062,1.68390382889601,17684540,1.75896145285675,1.75817672861165,FALSE,FALSE,FALSE,FALSE,FALSE,promethazine [晕动症适应证]
CENTRAL VENOUS CATHETERISATION,1,127,2754,17681658,50.5539773214623,1.00411014361476,7.06381830582759,361.80214614389,50.1668368736384,0.996268313086023,7.11829545728883,353.555361252845,48.1767849584866,17684540,5.64814875373305,5.64736402948795,FALSE,FALSE,FALSE,FALSE,FALSE,promethazine [晕动症适应证]
CERVIX CARCINOMA,1,127,3437,17680975,40.5063356387987,1.0040742122558,5.66027762509471,289.873277524185,40.1976923916206,0.996232098892693,5.70415397495385,283.276798050393,38.2188817874004,17684540,5.32863152771351,5.32784680346841,FALSE,FALSE,FALSE,FALSE,FALSE,promethazine [晕动症适应证]
CHEST DISCOMFORT,1,127,82711,17601701,1.67566672952983,1.00393533798299,0.234218197796257,11.9882187416356,1.67038808320538,0.996092131152191,0.237097319229025,11.7681480228772,0.270312377576001,17684540,0.740176324369177,0.73939160012408,FALSE,FALSE,FALSE,FALSE,FALSE,promethazine [晕动症适应证]
CHROMATOPSIA,1,127,446,17683966,312.205889622542,1.00504538442938,43.5440870093745,2238.4788431554,309.774593609866,0.997210908443842,43.8735457116591,2187.20181580074,307.097043056811,17684540,8.27185433600825,8.27106961176316,FALSE,FALSE,FALSE,FALSE,FALSE,promethazine [晕动症适应证]
CHRONIC KIDNEY DISEASE-MINERAL AND BONE DISORDER,1,127,1061,17683351,131.233726910432,1.00439861577324,18.3266928253636,939.73807729056,130.216275918944,0.996559055210392,18.4661805514014,918.234199378704,128.110910637082,17684540,7.02341730638742,7.02263258214232,FALSE,FALSE,FALSE,FALSE,FALSE,promethazine [晕动症适应证]
CLOSTRIDIUM DIFFICILE INFECTION,1,127,21388,17663024,6.50266173246018,1.0039526022444,0.90888608652024,46.5235525484748,6.45967218767533,0.996109531448651,0.916864015912994,45.5109635104122,4.61985065570894,17684540,2.69140394388931,2.69061921964421,FALSE,FALSE,FALSE,FALSE,FALSE,promethazine [晕动症适应证]
CLUMSINESS,1,127,2166,17682246,64.2799092634196,1.00415922682561,8.98085459894786,460.079460076943,63.7855349722992,0.996317782622647,9.04980839923384,449.577968086799,61.7802635905628,17684540,5.9945019190979,5.9937171948528,FALSE,FALSE,FALSE,FALSE,FALSE,promethazine [晕动症适应证]
COGNITIVE DISORDER,1,127,39325,17645087,3.5330627568566,1.00394198116095,0.493831382118075,25.2769121118807,3.51327320406866,0.996098826708155,0.498672575141217,24.7518897603933,1.8018692456123,17684540,1.81278952600757,1.81200480176247,FALSE,FALSE,FALSE,FALSE,FALSE,promethazine [晕动症适应证]
COMMUNICATION DISORDER,1,127,2896,17681516,48.0747705224692,1.00410127784585,6.71751983045538,344.053105777196,47.7069988777624,0.99625937753199,6.76938157007082,336.21354009433,45.719665157002,17684540,5.57564138792117,5.57485666367607,FALSE,FALSE,FALSE,FALSE,FALSE,promethazine [晕动症适应证]
CONDITION AGGRAVATED,1,127,262814,17421598,0.521958255678442,1.0039312118469,0.0729578910293286,3.73421458360635,0.525692956805954,0.996087972232053,0.0746182327673927,3.70355976798408,0.434398133054901,17684540,-0.927702736162884,-0.928487460407981,FALSE,FALSE,FALSE,FALSE,FALSE,promethazine [晕动症适应证]
CONGENITAL ANOMALY,1,127,5085,17679327,27.3760667084756,1.0040272551804,3.8258311345144,195.891821169475,27.1700036873156,0.996184772161696,3.85584973062015,191.451729694356,25.2091028986223,17684540,4.76366961050146,4.76288488625637,FALSE,FALSE,FALSE,FALSE,FALSE,promethazine [晕动症适应证]
CONGENITAL AORTIC STENOSIS,1,127,109,17684303,1277.49064509138,1.00848816761624,176.97636466625,9221.470626169,1267.51806192661,1.00068064605029,178.302566518035,9010.53792261412,1254.02193421359,17684540,10.2946256436669,10.2938409194218,FALSE,FALSE,FALSE,FALSE,FALSE,promethazine [晕动症适应证]
CONTUSION,1,127,80507,17603905,1.72175618513732,1.00393550282563,0.240660325426729,12.3179604108081,1.71611746494094,0.996092297296371,0.243588135003422,12.090322681086,0.300191052780131,17684540,0.779140828118327,0.77835610387323,FALSE,FALSE,FALSE,FALSE,FALSE,promethazine [晕动症适应证]
COVID-19,1,127,174601,17509811,0.789643401578772,1.00393216912445,0.110373978234555,5.64930893703784,0.791286812503938,0.9960889371924,0.112317106639596,5.57470574497425,0.0555997099009403,17684540,-0.337725201834337,-0.338509926079433,FALSE,FALSE,FALSE,FALSE,FALSE,promethazine [晕动症适应证]
COVID-19 PNEUMONIA,1,127,11732,17672680,11.8611456384181,1.00397176717839,1.65778657169317,84.8642269505631,11.776292938118,0.99612884729425,1.67142389827325,82.9718155326358,9.86691514810395,17684540,3.55770103573747,3.55691631149237,FALSE,FALSE,FALSE,FALSE,FALSE,promethazine [晕动症适应证]
DEEP VEIN THROMBOSIS,1,127,46378,17638034,2.99456978481856,1.00394005517818,0.418565482663673,21.4242420064862,2.97898720837466,0.996096885549042,0.422837846140911,20.9876312365437,1.31810023294527,17684540,1.57480126396683,1.57401653972173,FALSE,FALSE,FALSE,FALSE,FALSE,promethazine [晕动症适应证]
DELIRIUM,1,127,27375,17657037,5.07878675439543,1.00394750961544,0.70987618345478,36.336019573286,5.04692123287671,0.996104398711998,0.716350131580687,35.557212608668,3.24997431716155,17684540,2.33536131270216,2.33457658845706,FALSE,FALSE,FALSE,FALSE,FALSE,promethazine [晕动症适应证]
DELIVERY,1,127,529,17683883,263.219609127309,1.00487035555087,36.7244520854369,1886.60575433359,261.171018431002,0.997034504228047,37.0025861996142,1843.39279693369,258.693591157912,17684540,8.02613680774101,8.02535208349591,FALSE,FALSE,FALSE,FALSE,FALSE,promethazine [晕动症适应证]
DEVICE DEFECTIVE,1,127,15970,17668442,8.7114333469744,1.00396050208848,1.21759031826668,62.3272621507132,8.65118777395116,0.996117493501979,1.22790116156497,60.9520149038494,6.7724714004984,17684540,3.11281832989774,3.11203360565265,FALSE,FALSE,FALSE,FALSE,FALSE,promethazine [晕动症适应证]
DISEASE PROGRESSION,1,127,100815,17583597,1.37334245583534,1.00393425670114,0.19196088995313,9.82528004251463,1.37042571789912,0.996091041326986,0.194520639389681,9.65484513197087,0.100699047786957,17684540,0.454620262876707,0.453835538631611,FALSE,FALSE,FALSE,FALSE,FALSE,promethazine [晕动症适应证]
DISEASE RECURRENCE,1,127,42947,17641465,3.23443251515464,1.00394091307514,0.452091494842588,23.1403461786693,3.21697601113,0.996097750206522,0.456617235059237,22.6643539962816,1.53151074058998,17684540,1.68568202805403,1.68489730380893,FALSE,FALSE,FALSE,FALSE,FALSE,promethazine [晕动症适应证]
DRUG ABUSE,1,127,77273,17607139,1.79414400584654,1.0039357617268,0.250778283784857,12.8358511157075,1.78793975580086,0.996092558241362,0.253782562536261,12.5963286776903,0.348762167369046,17684540,0.838289898301434,0.837505174056337,FALSE,FALSE,FALSE,FALSE,FALSE,promethazine [晕动症适应证]
DRUG DEPENDENCE,1,127,152219,17532193,0.906908886403981,1.00393258850786,0.126764890592307,6.4882612559003,0.90763616072895,0.996089359914638,0.128831899357119,6.39440545682886,0.0094807717148259,17684540,-0.139813042480887,-0.140597766725984,FALSE,FALSE,FALSE,FALSE,FALSE,promethazine [晕动症适应证]
DRUG DOSE OMISSION,1,127,144487,17539925,0.955862089110379,1.00393276358464,0.13360737046961,6.838487503998,0.956206916539204,0.9960895363826,0.135726093734116,6.73659457870031,0.00202217647767683,17684540,-0.0646047964114586,-0.0653895206565552,FALSE,FALSE,FALSE,FALSE,FALSE,promethazine [晕动症适应证]
DRUG WITHDRAWAL SYNDROME,1,127,69790,17614622,1.98735937847288,1.00393645277948,0.277784780668247,14.2181918307505,1.97964563332856,0.996093254747472,0.280993167839453,13.9469470510257,0.486700333057221,17684540,0.985231974051517,0.98444724980642,FALSE,FALSE,FALSE,FALSE,FALSE,promethazine [晕动症适应证]
DRUG WITHDRAWAL SYNDROME NEONATAL,1,127,13372,17671040,10.4054776580986,1.00396656093055,1.45434831375284,74.4484414560882,10.3319973638947,0.9961236000527,1.46644831346579,72.7950440170882,8.43453195665491,17684540,3.36894983235887,3.36816510811377,FALSE,FALSE,FALSE,FALSE,FALSE,promethazine [晕动症适应证]
DRY MOUTH,1,127,65303,17619109,2.12445280817548,1.00393694310786,0.296946841422256,15.1990157987464,2.11566802061161,0.996093748943938,0.300300050354346,14.9052628134995,0.590503522170988,17684540,1.08110161522074,1.08031689097564,FALSE,FALSE,FALSE,FALSE,FALSE,promethazine [晕动症适应证]
DRY THROAT,1,127,8410,17676002,16.5494789667344,1.00398853498739,2.31298081867207,118.412246162779,16.4279986623068,0.996145747126009,2.3315690438098,115.750009962291,14.4940412968586,17684540,4.03792373705797,4.03713901281287,FALSE,FALSE,FALSE,FALSE,FALSE,promethazine [晕动症适应证]
DYSPHAGIA,1,127,76255,17608157,1.81820084600106,1.0039358477682,0.254140809966186,13.0079632501322,1.81180865189168,0.996092644961901,0.257170501889936,12.7644911331023,0.365313784613901,17684540,0.8574221210013,0.856637396756203,FALSE,FALSE,FALSE,FALSE,FALSE,promethazine [晕动症适应证]
DYSURIA,1,127,28874,17655538,4.81471165241977,1.00394656512263,0.672966916054381,34.4466388212069,4.78490921763524,0.99610344678004,0.679161925617846,33.7111892722525,2.99869212447129,17684540,2.25845203111343,2.25766730686833,FALSE,FALSE,FALSE,FALSE,FALSE,promethazine [晕动症适应证]
EAR DISCOMFORT,1,127,8670,17675742,16.0529493501894,1.00398675916393,2.24359287931234,114.859155248669,15.935348183391,0.996143957320815,2.26165679879127,112.278450851437,14.0033534537807,17684540,3.99400268786589,3.9932179636208,FALSE,FALSE,FALSE,FALSE,FALSE,promethazine [晕动症适应证]
EAR PAIN,1,127,16032,17668380,8.6777134706964,1.00396038148715,1.21287760387159,62.0859935405966,8.61773133420659,0.99611737195098,1.22315283320727,60.7162828162956,6.73946123083991,17684540,3.10722857833964,3.10644385409455,FALSE,FALSE,FALSE,FALSE,FALSE,promethazine [晕动症适应证]
ECONOMIC PROBLEM,1,127,8425,17675987,16.52,1.00398842955682,2.30886126972482,118.201298440303,16.39875,0.996145640865352,2.3274183670409,115.543902794067,14.4649061417427,17684540,4.03535315662932,4.03456843238422,FALSE,FALSE,FALSE,FALSE,FALSE,promethazine [晕动症适应证]
EMOTIONAL DISORDER,1,127,24502,17659910,5.67522689775606,1.00394964284486,0.79323896842397,40.6034015260319,5.63870168761734,0.996106548742594,0.800342919521747,39.7266670903242,3.82118622337195,17684540,2.49531458269348,2.49452985844838,FALSE,FALSE,FALSE,FALSE,FALSE,promethazine [晕动症适应证]
ENDOCARDITIS,1,127,4045,17680367,34.4166843483254,1.00405243443586,4.8095267256043,246.283725844863,34.1556165018541,0.996210149637943,4.84697667623137,240.687384435444,32.1843028826357,17684540,5.09370475263329,5.09292002838819,FALSE,FALSE,FALSE,FALSE,FALSE,promethazine [晕动症适应证]
EPISTAXIS,1,127,62695,17621717,2.21315379480588,1.00393726035617,0.309344890023366,15.8336209112544,2.20367603078395,0.996094068694464,0.312791799955031,15.5253048492636,0.659791878126511,17684540,1.13989957551189,1.1391148512668,FALSE,FALSE,FALSE,FALSE,FALSE,promethazine [晕动症适应证]
EXPOSURE DURING PREGNANCY,1,127,61377,17623035,2.26084779507161,1.00393743093882,0.316011241665518,16.1748446844507,2.25099742167261,0.996094240622404,0.319508533976341,15.8586981365323,0.697654966212025,17684540,1.17055134123967,1.16976661699457,FALSE,FALSE,FALSE,FALSE,FALSE,promethazine [晕动症适应证]
EXPOSURE VIA SKIN CONTACT,1,127,22316,17662096,6.23192427169941,1.00395163392689,0.87104638773649,44.5864659735495,6.19104986332676,0.996108555505391,0.878738352891769,43.6183288052288,4.35787774499073,17684540,2.63012987413159,2.6293451498865,FALSE,FALSE,FALSE,FALSE,FALSE,promethazine [晕动症适应证]
EYE MOVEMENT DISORDER,1,127,5325,17679087,26.1418609293557,1.0040228412438,3.65338131960843,187.058736295016,25.9454401408451,0.996180323475753,3.68209705965597,182.821325238252,23.9867033739529,17684540,4.69714864398096,4.69636391973586,FALSE,FALSE,FALSE,FALSE,FALSE,promethazine [晕动症适应证]
EYE PAIN,1,127,47411,17637001,2.92915196098052,1.00393982120375,0.409421905212965,20.9562094779786,2.91408046128536,0.996096649730655,0.41362516488408,20.5303391954523,1.26059500491604,17684540,1.54302072549274,1.54223600124765,FALSE,FALSE,FALSE,FALSE,FALSE,promethazine [晕动症适应证]
FACE INJURY,1,127,3026,17681386,46.0090918080052,1.00409389081452,6.42897424421368,329.265050470949,45.6574582782551,0.996251932354153,6.47865667654237,321.764773240485,43.6724058381789,17684540,5.51231239736406,5.51152767311896,FALSE,FALSE,FALSE,FALSE,FALSE,promethazine [晕动症适应证]
FEAR,1,127,16946,17667466,8.20924734520306,1.0039587059861,1.14740420749182,58.7340899873804,8.15292510031866,0.996115683256251,1.15718465282143,57.4412973152895,6.28122942708269,17684540,3.02724307113503,3.02645834688993,FALSE,FALSE,FALSE,FALSE,FALSE,promethazine [晕动症适应证]
FEBRILE NEUTROPENIA,1,127,55208,17629204,2.5143571569566,1.00393833764281,0.351445027321358,17.988565554402,2.50252624166787,0.996095154475683,0.355210117456653,17.6307973294161,0.904931196900716,17684540,1.32336950779476,1.32258478354967,FALSE,FALSE,FALSE,FALSE,FALSE,promethazine [晕动症适应证]
FOOT FRACTURE,1,127,15875,17668537,8.76361187922376,1.00396068870838,1.22488282343323,62.7006042540513,8.70295866141732,0.996117681591392,1.23524877612716,61.3167897237743,6.82355840509573,17684540,3.12142551019174,3.12064078594664,FALSE,FALSE,FALSE,FALSE,FALSE,promethazine [晕动症适应证]
FRUSTRATION TOLERANCE DECREASED,1,127,7937,17676475,17.5362029128997,1.00399206396708,2.45086993377437,125.473167043512,17.4070138276427,0.996149303890491,2.4705000583378,122.648906391693,15.4694575024671,17684540,4.12142551019174,4.12064078594664,FALSE,FALSE,FALSE,FALSE,FALSE,promethazine [晕动症适应证]
FUNGAL INFECTION,1,127,28329,17656083,4.90748969573763,1.00394689695329,0.685934339700821,35.1104380111299,4.87696243248968,0.996103781224337,0.692227349558654,34.3597556252005,3.08684432097641,17684540,2.28594237592611,2.28515765168101,FALSE,FALSE,FALSE,FALSE,FALSE,promethazine [晕动症适应证]
GASTROINTESTINAL DISORDER,1,127,77231,17607181,1.79512398483046,1.00393576523178,0.250915259609716,12.8428622712144,1.78891207869897,0.996092561774008,0.253920573591969,12.6031789391652,0.349432582177079,17684540,0.839074245746968,0.838289521501871,FALSE,FALSE,FALSE,FALSE,FALSE,promethazine [晕动症适应证]
GASTROINTESTINAL HYPOMOTILITY,1,127,1851,17682561,75.2202937760819,1.0041983473474,10.5085824322177,538.425865929662,74.6404477309562,0.996357211027923,10.5890708935618,526.127031679891,72.6222206613622,17684540,6.22111697393133,6.22033224968624,FALSE,FALSE,FALSE,FALSE,FALSE,promethazine [晕动症适应证]
GASTROINTESTINAL INFECTION,1,127,7705,17676707,18.0644606478051,1.0039939532552,2.52469019355277,129.253379020296,17.9311445489942,0.99615120805346,2.54487810274394,126.342375491481,15.991807226849,17684540,4.16421888653202,4.16343416228692,FALSE,FALSE,FALSE,FALSE,FALSE,promethazine [晕动症适应证]
GASTROINTESTINAL MOTILITY DISORDER,1,127,4615,17679797,30.1648970747562,1.00403722890812,4.21549040035356,215.851758422773,29.9370463163597,0.996194824407732,4.24845277986774,210.9536785709,27.9716914305678,17684540,4.90355784854609,4.90277312430099,FALSE,FALSE,FALSE,FALSE,FALSE,promethazine [晕动症适应证]
GITELMAN'S SYNDROME,1,127,102,17684310,1365.16211208893,1.0088002745162,189.006220260748,9860.3505731824,1354.50459558824,1.00099518731193,190.421585893003,9634.8462327194,1339.38201507692,17684540,10.3894848300084,10.3887001057633,FALSE,FALSE,FALSE,FALSE,FALSE,promethazine [晕动症适应证]
HAEMATOCHEZIA,1,127,47204,17637208,2.94203147070814,1.00393986726881,0.411222100193263,21.0483560357511,2.92685934984323,0.996096696158759,0.415438965083306,20.6203711586056,1.27189066542412,17684540,1.54933329828463,1.54854857403953,FALSE,FALSE,FALSE,FALSE,FALSE,promethazine [晕动症适应证]
HAIR DISORDER,1,127,7822,17676590,17.7941380761309,1.0039929864601,2.48691460587196,127.318947391599,17.6629338724111,0.996150233646544,2.50681708390672,124.452332395536,15.7244961542258,17684540,4.14247910756213,4.14169438331703,FALSE,FALSE,FALSE,FALSE,FALSE,promethazine [晕动症适应证]
HAND FRACTURE,1,127,6041,17678371,23.0425048259466,1.00401175681448,3.22030959666192,164.877634499536,22.8702977569939,0.996169151781158,3.24575338124764,161.14918727821,20.9177077776589,17684540,4.51517488846363,4.51439016421853,FALSE,FALSE,FALSE,FALSE,FALSE,promethazine [晕动症适应证]
HEAD INJURY,1,127,25596,17658816,5.43232517876194,1.00394877408234,0.759289352842436,38.8654953968974,5.39769763830286,0.996105673137893,0.766136734979942,38.0286422309499,3.58801521120385,17684540,2.43229824314892,2.43151351890383,FALSE,FALSE,FALSE,FALSE,FALSE,promethazine [晕动症适应证]
HEADACHE,1,127,519251,17165161,0.260295595061918,1.00393027639197,0.0363834698896154,1.86221371997223,0.266074535725497,0.996087028980859,0.0377673851033754,1.87451840702658,2.08565483381911,17684540,-1.91008998514622,-1.91087470939132,FALSE,FALSE,FALSE,FALSE,FALSE,promethazine [晕动症适应证]
HEART RATE INCREASED,1,127,76741,17607671,1.80663633181946,1.0039358064067,0.252524389103979,12.9252261416466,1.80033448547712,0.996092603273929,0.255541864504804,12.6836526996431,0.357332832399426,17684540,0.848256613633355,0.847471889388259,FALSE,FALSE,FALSE,FALSE,FALSE,promethazine [晕动症适应证]
HEART RATE IRREGULAR,1,127,16563,17667849,8.39925866448364,1.00395938557486,1.17396047278263,60.0936298525325,8.34145195616736,0.996116368196436,1.18394160484882,58.7696390194286,6.46700231442357,17684540,3.06022186982169,3.0594371455766,FALSE,FALSE,FALSE,FALSE,FALSE,promethazine [晕动症适应证]
HEPATIC CIRRHOSIS,1,127,15310,17669102,9.08731465718973,1.00396184645156,1.27012361229432,65.0167329222437,9.02413251143044,0.996118848451047,1.28083144827515,63.5797689801582,7.14066276058666,17684540,3.17370446567791,3.17291974143282,FALSE,FALSE,FALSE,FALSE,FALSE,promethazine [晕动症适应证]
HEPATITIS C,1,127,9500,17674912,14.6497405719022,1.00398174061249,2.04749770384905,104.818138951066,14.5431019736842,0.996138899255982,2.06407987810619,102.467844030839,12.6173143087276,17684540,3.86212170444222,3.86133698019713,FALSE,FALSE,FALSE,FALSE,FALSE,promethazine [晕动症适应证]
HYPERAMMONAEMIA,1,127,3994,17680418,34.8562568261842,1.00405400645141,4.8709393541124,249.430048622378,34.5917548197296,0.99621173402865,4.90885322253391,243.761515625561,32.6198670132658,17684540,5.11200556937623,5.11122084513113,FALSE,FALSE,FALSE,FALSE,FALSE,promethazine [晕动症适应证]
HYPERKALAEMIA,1,127,26751,17657661,5.19743937749623,1.00394793398901,0.726459987119426,37.184946950571,5.16464688235954,0.996104826427995,0.733059265539086,36.3866588601817,3.36323310481787,17684540,2.36862622511069,2.36784150086559,FALSE,FALSE,FALSE,FALSE,FALSE,promethazine [晕动症适应证]
HYPERSOMNIA,1,127,23453,17660959,5.9294192338438,1.00395055198875,0.828766514533524,42.4220957702009,5.89090814607939,0.996107465046544,0.836138958574913,41.5036261971226,4.06588047284826,17684540,2.55843898718112,2.55765426293603,FALSE,FALSE,FALSE,FALSE,FALSE,promethazine [晕动症适应证]
HYPERTENSION,1,127,169313,17515099,0.814551542730509,1.00393225820403,0.113855543364774,5.82750910633249,0.816000358802927,0.99608902698205,0.115824984999036,5.74881650597276,0.0418908391124368,17684540,-0.293356386967328,-0.294141111212425,FALSE,FALSE,FALSE,FALSE,FALSE,promethazine [晕动症适应证]
HYPOAESTHESIA,1,127,119957,17564455,1.15293642951717,1.00393346841397,0.161153573951098,8.24842029821289,1.15174161366156,0.996090246801734,0.163480487166909,8.11417171326024,0.020128280037503,17684540,0.203815508570971,0.203030784325874,FALSE,FALSE,FALSE,FALSE,FALSE,promethazine [晕动症适应证]
HYPOKALAEMIA,1,127,36130,17648282,3.84619015758928,1.00394310109728,0.537597366044811,27.5172083471547,3.82395429698312,0.996099955467865,0.542769322785997,26.9407754851706,2.08967536129457,17684540,1.93503579275618,1.93425106851109,FALSE,FALSE,FALSE,FALSE,FALSE,promethazine [晕动症适应证]
HYPOTENSION,1,127,159939,17524473,0.862753777239777,1.00393243059222,0.120593064717024,6.17236224892481,0.863826013355092,0.996089200742959,0.12261342765872,6.08575582297477,0.0216623198620326,17684540,-0.211185910252684,-0.21197063449778,FALSE,FALSE,FALSE,FALSE,FALSE,promethazine [晕动症适应证]
ILLNESS,1,127,99159,17585253,1.39640939355094,1.0039343392011,0.19518507233309,9.99030904919639,1.39331244516383,0.996091124479234,0.197769189523563,9.81608699780363,0.111651481829841,17684540,0.478514706217486,0.477729981972389,FALSE,FALSE,FALSE,FALSE,FALSE,promethazine [晕动症适应证]
IMMUNE SYSTEM DISORDER,1,127,11443,17672969,12.1609050266951,1.00397283927513,1.69967921351935,87.0091308359789,12.0737104561741,0.996129927832492,1.7136331071625,85.0674999042862,10.1622237046666,17684540,3.59368157486839,3.59289685062329,FALSE,FALSE,FALSE,FALSE,FALSE,promethazine [晕动症适应证]
IMPAIRED DRIVING ABILITY,1,127,8038,17676374,17.3157560642068,1.0039912755486,2.42006389351531,123.895657828928,17.1882892199552,0.99614850926456,2.43946124687975,121.107595657326,15.2515047999635,17684540,4.10318502196709,4.102400297722,FALSE,FALSE,FALSE,FALSE,FALSE,promethazine [晕动症适应证]
IMPAIRED HEALING,1,127,26058,17658354,5.33587218820765,1.00394842910832,0.745808387147541,38.1753979970401,5.30199818673728,0.996105325446884,0.75255388872086,37.3543811193998,3.49562333865352,17684540,2.40649125531404,2.40570653106895,FALSE,FALSE,FALSE,FALSE,FALSE,promethazine [晕动症适应证]
INCONTINENCE,1,127,8215,17676197,16.9425019529284,1.00398994062024,2.3679037964101,121.224676804931,16.8179511564212,0.996147163825892,2.38690702507402,118.4979046643,14.8825148628697,17684540,4.07176489087338,4.07098016662828,FALSE,FALSE,FALSE,FALSE,FALSE,promethazine [晕动症适应证]
INCREASED TENDENCY TO BRUISE,1,127,7514,17676898,18.5238452526413,1.00399559621903,2.58888547899891,132.540757684069,18.386940211605,0.996152863952715,2.60955844314979,129.554320284572,16.4461275781362,17684540,4.20042796838784,4.19964324414275,FALSE,FALSE,FALSE,FALSE,FALSE,promethazine [晕动症适应证]
INFECTION,1,127,125403,17559009,1.10252476723704,1.00393328811716,0.154107255914932,7.88775878951534,1.101723792493,0.996090065076402,0.15638091420483,7.76178679551212,0.00945931134401021,17684540,0.139761516368176,0.138976792123079,FALSE,FALSE,FALSE,FALSE,FALSE,promethazine [晕动症适应证]
INJECTION SITE PAIN,1,127,259949,17424463,0.527797745184602,1.00393123272814,0.0737741158105966,3.77599184702038,0.531486825300347,0.99608799328245,0.0754406264975645,3.74437830890709,0.419160781322776,17684540,-0.91188927246448,-0.912673996709577,FALSE,FALSE,FALSE,FALSE,FALSE,promethazine [晕动症适应证]
INJURY,1,127,51919,17632493,2.6741371667223,1.00393890911404,0.373777907546618,19.1317074713778,2.66105797010728,0.996095730451954,0.377711782316087,18.7477061924046,1.03988137063908,17684540,1.41198259430507,1.41119787005997,FALSE,FALSE,FALSE,FALSE,FALSE,promethazine [晕动症适应证]
INTENTIONAL OVERDOSE,1,127,53400,17631012,2.59975404759798,1.00393864307438,0.363381185840676,18.5995350649922,2.58725596910112,0.996095462315126,0.36723648562343,18.2277461845483,0.976696892466438,17684540,1.37140621922119,1.37062149497609,FALSE,FALSE,FALSE,FALSE,FALSE,promethazine [晕动症适应证]
INTENTIONAL PRODUCT MISUSE,1,127,85732,17598680,1.61634259628338,1.00393512580571,0.225926194444921,11.5637914186043,1.61152741974992,0.996091917299342,0.22874264674275,11.3534605880753,0.233184480971207,17684540,0.688422350055177,0.68763762581008,FALSE,FALSE,FALSE,FALSE,FALSE,promethazine [晕动症适应证]
INTERNAL HAEMORRHAGE,1,127,11296,17673116,12.3192628984408,1.00397340564545,1.72181032452347,88.1422513266106,12.2308311570467,0.996130498662302,1.73593145415097,86.1746184934187,10.3182702669176,17684540,3.61233327223608,3.61154854799098,FALSE,FALSE,FALSE,FALSE,FALSE,promethazine [晕动症适应证]
INTESTINAL PROLAPSE,1,127,342,17684070,407.148086752314,1.00538452788189,56.7481634731468,2921.14412873488,403.975054824561,0.997552715429722,57.1768907181726,2854.22734378662,400.813358036926,17684540,8.65392059101876,8.65313586677366,FALSE,FALSE,FALSE,FALSE,FALSE,promethazine [晕动症适应证]
IRRITABLE BOWEL SYNDROME,1,127,18156,17666256,7.66162028821083,1.00395674735727,1.07086663771738,54.8158130743972,7.60957637970919,0.996113709203967,1.08006868249575,53.6129355633415,5.74657365270776,17684540,2.92774712537993,2.92696240113483,FALSE,FALSE,FALSE,FALSE,FALSE,promethazine [晕动症适应证]
JAW FRACTURE,1,127,1623,17682789,85.7883912847308,1.00423613520196,11.9841012155852,614.117650279098,85.1259819778189,0.996395296254548,12.0757283850202,600.0824610031,83.094166761653,17684540,6.41064944000639,6.4098647157613,FALSE,FALSE,FALSE,FALSE,FALSE,promethazine [晕动症适应证]
JUDGEMENT IMPAIRED,1,127,1037,17683375,134.271141010942,1.00440947449365,18.7504663840932,961.508846717258,133.229960221794,0.996569999351434,18.8931507210985,939.505673920156,131.118729087174,17684540,7.05639462883369,7.05560990458859,FALSE,FALSE,FALSE,FALSE,FALSE,promethazine [晕动症适应证]
LOCAL SWELLING,1,127,14596,17669816,9.53222865503007,1.00396343771215,1.33230457938583,68.2001582353359,9.46557061866265,0.996120452241645,1.34348231241536,66.6901427051978,7.57695206373348,17684540,3.24260108318408,3.24181635893898,FALSE,FALSE,FALSE,FALSE,FALSE,promethazine [晕动症适应证]
LOSS OF CONSCIOUSNESS,1,127,94143,17590269,1.47123052290781,1.00393460680281,0.205643192277456,10.5256061606708,1.4675490344476,0.996091394196178,0.208306349881802,10.3390999349282,0.14975290157937,17684540,0.55340382593674,0.552619101691644,FALSE,FALSE,FALSE,FALSE,FALSE,promethazine [晕动症适应证]
LYMPHADENOPATHY,1,127,27754,17656658,5.00932489549637,1.00394726117774,0.700167646726689,35.8390394442704,4.97800204475031,0.996104148317547,0.706568223539895,35.0716371497551,3.18376808212142,17684540,2.31552528454263,2.31474056029753,FALSE,FALSE,FALSE,FALSE,FALSE,promethazine [晕动症适应证]
LYMPHOCYTE COUNT DECREASED,1,127,15779,17668633,8.81697791293422,1.00396087957541,1.23234128904796,63.082443319924,8.75590777298942,0.996117873961388,1.24276360525536,61.6898665240064,6.87581633194233,17684540,3.13017577229075,3.12939104804565,FALSE,FALSE,FALSE,FALSE,FALSE,promethazine [晕动症适应证]
MACULOPATHY,1,127,3005,17681407,46.3306745974557,1.00409504082372,6.47389528071734,331.567211945616,45.9765287021631,0.996253091415624,6.52391699392088,324.014115058568,43.9911196766933,17684540,5.52235606327521,5.52157133903011,FALSE,FALSE,FALSE,FALSE,FALSE,promethazine [晕动症适应证]
MALNUTRITION,1,127,8659,17675753,16.0733522901392,1.0039868321345,2.24644411444123,115.005155116972,15.9555917253724,0.996144030865913,2.26452957835517,112.421100497034,14.0235141609586,17684540,3.99583404757748,3.99504932333239,FALSE,FALSE,FALSE,FALSE,FALSE,promethazine [晕动症适应证]
MARROW HYPERPLASIA,1,127,405,17684007,343.812715077282,1.00515830001984,47.9417536368111,2465.64161887581,341.134490740741,0.997324711042243,48.304289531172,2409.15955709992,338.30987517447,17684540,8.41064944000639,8.4098647157613,FALSE,FALSE,FALSE,FALSE,FALSE,promethazine [晕动症适应证]
MATERNAL EXPOSURE BEFORE PREGNANCY,1,127,6529,17677883,21.3196399347309,1.00400559516766,2.97956627317948,152.548057426342,21.1608927477409,0.996162941624057,3.00319112259528,149.102525814084,19.2123023342881,17684540,4.40311808075778,4.40233335651268,FALSE,FALSE,FALSE,FALSE,FALSE,promethazine [晕动症适应证]
MATERNAL EXPOSURE DURING PREGNANCY,1,127,82177,17602235,1.68660666111626,1.00393537711051,0.235747320932676,12.066487195136,1.68124254657629,0.996092170588675,0.23863799913533,11.8446203482263,0.277326065410404,17684540,0.749520758175648,0.748736033930552,FALSE,FALSE,FALSE,FALSE,FALSE,promethazine [晕动症适应证]
MELANOCYTIC NAEVUS,1,127,3786,17680626,36.7716660219374,1.00406085638077,5.13853657067843,263.140176863699,36.4921998811411,0.996218637881266,5.17847186306084,257.1570701512,34.5178794299147,17684540,5.18914565130715,5.18836092706205,FALSE,FALSE,FALSE,FALSE,FALSE,promethazine [晕动症适应证]
MENTAL DISABILITY,1,127,486,17683926,286.509283561777,1.00495357378602,39.9673125732201,2053.86763037166,284.278742283951,0.997118376433686,40.2698570844311,2006.82120984702,281.710382717944,17684540,8.14820739510923,8.14742267086413,FALSE,FALSE,FALSE,FALSE,FALSE,promethazine [晕动症适应证]
MENTAL DISORDER,1,127,33697,17650715,4.12446235196058,1.00394409636955,0.576491457925494,29.5081383407744,4.10005248983589,0.996100958580671,0.581957357525918,28.8860175097294,2.34835705762136,17684540,2.03561000865947,2.03482528441437,FALSE,FALSE,FALSE,FALSE,FALSE,promethazine [晕动症适应证]
MENTAL STATUS CHANGES,1,127,19442,17664970,7.15431807265219,1.00395493295007,0.999964432711297,51.1860876350343,7.1062374627096,0.996111880508697,1.00863065968215,50.0665039196123,5.25246378531941,17684540,2.82902213775193,2.82823741350684,FALSE,FALSE,FALSE,FALSE,FALSE,promethazine [晕动症适应证]
MOOD ALTERED,1,127,21415,17662997,6.4944532587174,1.00395257288605,0.907738828946817,46.4648220222121,6.45152784263367,0.996109501859097,0.915708088238753,45.4535807195199,4.61189980507297,17684540,2.68958393355079,2.6887992093057,FALSE,FALSE,FALSE,FALSE,FALSE,promethazine [晕动症适应证]
MOTOR DYSFUNCTION,1,127,8037,17676375,17.3179115488504,1.0039912832576,2.42036510919932,123.911082370964,17.190427864875,0.996148517034254,2.43976473856055,121.122666258313,15.2536358119247,17684540,4.10336449513283,4.10257977088773,FALSE,FALSE,FALSE,FALSE,FALSE,promethazine [晕动症适应证]
MULTIPLE SCLEROSIS RELAPSE,1,127,56028,17628384,2.47744294332024,1.00393820561501,0.346285421625331,17.7244641388573,2.46590042032555,0.99609502140698,0.35001151708499,17.3727565698509,0.874185884196434,17684540,1.30209923392134,1.30131450967624,FALSE,FALSE,FALSE,FALSE,FALSE,promethazine [晕动症适应证]
NASAL CONGESTION,1,127,51303,17633109,2.70634033005391,1.00393902429233,0.37827902394217,19.3621044744898,2.69300954622537,0.996095846538137,0.382246916635133,18.9728160004585,1.06741721664459,17684540,1.42920166535378,1.42841694110868,FALSE,FALSE,FALSE,FALSE,FALSE,promethazine [晕动症适应证]
NEPHROPATHY,1,127,8254,17676158,16.8624117345157,1.00398965418056,2.35671161735726,120.651558472472,16.7384866428398,0.996146875130974,2.37563027698893,117.937937483962,14.8033466442762,17684540,4.06493285739095,4.06414813314585,FALSE,FALSE,FALSE,FALSE,FALSE,promethazine [晕动症适应证]
NEURALGIA,1,127,21118,17663294,6.58590089582869,1.00395289995679,0.920520003171818,47.1191179553121,6.54226104508003,0.996109831505571,0.92858585280561,46.0928620144847,4.70050445679892,17684540,2.70973145398726,2.70894672974217,FALSE,FALSE,FALSE,FALSE,FALSE,promethazine [晕动症适应证]
NEUROPATHY PERIPHERAL,1,127,83079,17601333,1.66820945399375,1.00393531131146,0.233175860928112,11.934866548009,1.66298906763442,0.996092104270054,0.236047104611422,11.7160201715848,0.265560322454821,17684540,0.73377176145956,0.732987037214464,FALSE,FALSE,FALSE,FALSE,FALSE,promethazine [晕动症适应证]
NEUTROPHIL COUNT ABNORMAL,1,127,2393,17682019,58.1815696042591,1.0041374197798,8.12917374774214,416.413173916409,57.7348385917259,0.996295803941981,8.19169637489648,406.913468793546,55.7364160460156,17684540,5.85077792024807,5.84999319600297,FALSE,FALSE,FALSE,FALSE,FALSE,promethazine [晕动症适应证]
NON-CARDIAC CHEST PAIN,1,127,2044,17682368,68.117047012959,1.00417294779941,9.51670359096443,487.556647048565,67.5926950831703,0.996331611585034,9.5897033734978,476.42479132699,65.5829915473299,17684540,6.07810022936246,6.07731550511736,FALSE,FALSE,FALSE,FALSE,FALSE,promethazine [晕动症适应证]
NORMAL NEWBORN,1,127,3968,17680444,35.0847012319025,1.00405482342187,4.90285515056164,251.065190125156,34.8184145035282,0.99621255743042,4.94101011325738,245.359139275324,32.8462308046769,17684540,5.12142551019174,5.12064078594664,FALSE,FALSE,FALSE,FALSE,FALSE,promethazine [晕动症适应证]
OCULAR DISCOMFORT,1,127,10371,17674041,13.4187327321719,1.00397733791425,1.87546403378595,96.0095127892021,13.3217113827018,0.996134461892679,1.89074625249993,93.8613491521453,11.4023655094876,17684540,3.73557886633828,3.73479414209318,FALSE,FALSE,FALSE,FALSE,FALSE,promethazine [晕动症适应证]
OEDEMA,1,127,42880,17641532,3.23949861910918,1.00394093119465,0.452799591390199,23.1765918140301,3.22200253614739,0.996097768468812,0.457330683119282,22.6997678619183,1.53605737951377,17684540,1.68793442729843,1.68714970305333,FALSE,FALSE,FALSE,FALSE,FALSE,promethazine [晕动症适应证]
OROPHARYNGEAL PAIN,1,127,81072,17603340,1.70970219530729,1.00393545971355,0.238975486207215,12.231721516842,1.70415764690645,0.996092253843913,0.241890562153256,12.0060628230288,0.292294223433689,17684540,0.769051448546873,0.768266724301777,FALSE,FALSE,FALSE,FALSE,FALSE,promethazine [晕动症适应证]
OSTEOPOROSIS,1,127,35221,17649191,3.94565764384929,1.00394345685415,0.551499949476659,28.2288588734045,3.92264469350671,0.996100314027375,0.556776975401987,27.6360950098323,2.18185848797246,17684540,1.97179614603802,1.97101142179292,FALSE,FALSE,FALSE,FALSE,FALSE,promethazine [晕动症适应证]
OVERDOSE,1,127,185598,17498814,0.742389126002834,1.00393200012942,0.103768952178083,5.3112381192923,0.744401710955937,0.996088766848678,0.105662160604484,5.24439311200881,0.0886927626831879,17684540,-0.425844054548402,-0.426628778793498,FALSE,FALSE,FALSE,FALSE,FALSE,promethazine [晕动症适应证]
PAINFUL RESPIRATION,1,127,1853,17682559,75.1390976964361,1.00419805701285,10.4972449815947,537.844359404182,74.5598859956827,0.996356918408495,10.5776478496851,525.558865136043,72.5417589441631,17684540,6.21955982856604,6.21877510432094,FALSE,FALSE,FALSE,FALSE,FALSE,promethazine [晕动症适应证]
PALPITATIONS,1,127,92095,17592317,1.50412271135634,1.00393472444368,0.210240692946548,10.7609288150184,1.50018425267387,0.99609151276668,0.212938597529277,10.5690223288956,0.167640250732706,17684540,0.585134480451273,0.584349756206176,FALSE,FALSE,FALSE,FALSE,FALSE,promethazine [晕动症适应证]
PERIPHERAL SWELLING,1,127,151427,17532985,0.911693423233637,1.00393260561927,0.127433653927616,6.52249129134749,0.912383318364624,0.99608937716208,0.129505717113217,6.42784996821648,0.00848649106032473,17684540,-0.132287110720972,-0.133071834966069,FALSE,FALSE,FALSE,FALSE,FALSE,promethazine [晕动症适应证]
PHARYNGEAL OEDEMA,1,127,10152,17674260,13.708372889559,1.00397837381368,1.91594158923597,98.0820544503835,13.6090887263593,0.996135505948414,1.9315296747439,95.886332156133,11.6881287368139,17684540,3.7663669009085,3.7655821766634,FALSE,FALSE,FALSE,FALSE,FALSE,promethazine [晕动症适应证]
PIGMENTARY MACULOPATHY,1,127,481,17683931,289.487632393144,1.00496421547016,40.3819423375518,2075.26147722366,287.233822765073,0.997129101737597,40.6876073400091,2027.72476274637,284.653283961504,17684540,8.16309602096161,8.16231129671651,FALSE,FALSE,FALSE,FALSE,FALSE,promethazine [晕动症适应证]
PNEUMONIA,1,127,273232,17411180,0.501756403026772,1.0039311396086,0.0701341414952891,3.589685174877,0.505648931128126,0.996087899407702,0.0717731416001039,3.56234708208238,0.490888283539989,17684540,-0.983786854391635,-0.984571578636731,FALSE,FALSE,FALSE,FALSE,FALSE,promethazine [晕动症适应证]
PNEUMONIA ASPIRATION,1,127,20122,17664290,6.91227997404807,1.00395406728029,0.966136224381593,49.4543245909332,6.86609028675082,0.996111008021819,0.974546805475546,48.3744808981336,5.01719352181569,17684540,2.7794275749597,2.7786428507146,FALSE,FALSE,FALSE,FALSE,FALSE,promethazine [晕动症适应证]
POLLAKIURIA,1,127,33735,17650677,4.11980757852134,1.00394407972122,0.575840861702699,29.4748351720909,4.09543408181414,0.996100941801198,0.581301844419359,28.8534785834687,2.34401065582313,17684540,2.03398405091244,2.03319932666734,FALSE,FALSE,FALSE,FALSE,FALSE,promethazine [晕动症适应证]
POST PROCEDURAL INFECTION,1,127,7315,17677097,19.0279890850964,1.00399739925872,2.65933502888334,136.148459930819,18.8871454203691,0.996154681188062,2.68054030099157,133.079238539414,16.9447859660847,17684540,4.23914599744285,4.23836127319776,FALSE,FALSE,FALSE,FALSE,FALSE,promethazine [晕动症适应证]
POSTOPERATIVE WOUND INFECTION,1,127,5811,17678601,23.9548412798426,1.0040150196755,3.34779193951019,171.406835045552,23.7755065823438,0.996172440330204,3.374198897722,167.528569115681,21.8209842285806,17684540,4.57116636955873,4.57038164531363,FALSE,FALSE,FALSE,FALSE,FALSE,promethazine [晕动症适应证]
PRE-ECLAMPSIA,1,127,3711,17680701,37.5149873646554,1.00406351465067,5.24238227406731,268.460826279718,37.229714025869,0.996221317077088,5.28310199944193,262.35564003769,35.2544762363152,17684540,5.218004362064,5.2172196378189,FALSE,FALSE,FALSE,FALSE,FALSE,promethazine [晕动症适应证]
PRE-EXISTING CONDITION IMPROVED,1,127,6086,17678326,22.8720698854477,1.00401114727335,3.19649424834198,163.657914015066,22.7011943394676,0.996168537441178,3.22175809821927,159.957454510045,20.748978538705,17684540,4.50446970671376,4.50368498246866,FALSE,FALSE,FALSE,FALSE,FALSE,promethazine [晕动症适应证]
PRODUCT QUALITY ISSUE,1,127,111962,17572450,1.23582776327233,1.0039337648755,0.172739745242562,8.84145254660457,1.23398535887176,0.996090545610598,0.175154224771066,8.69359484705623,0.0446500339391523,17684540,0.303322833825813,0.302538109580716,FALSE,FALSE,FALSE,FALSE,FALSE,promethazine [晕动症适应证]
PRODUCT USE IN UNAPPROVED INDICATION,1,127,241075,17443337,0.569736016742592,1.00393138269665,0.0796361085460689,4.0760295134956,0.573097454111791,0.996088144462989,0.0813469235984218,4.0375305835879,0.322394959585366,17684540,-0.803143149751706,-0.803927873996803,FALSE,FALSE,FALSE,FALSE,FALSE,promethazine [晕动症适应证]
PRODUCT USE ISSUE,1,127,184495,17499917,0.746874560542259,1.00393201617054,0.104395909644451,5.34332821166088,0.748852103038023,0.996088783017917,0.10629385654015,5.27574678798721,0.0851168045571023,17684540,-0.417244655250586,-0.418029379495682,FALSE,FALSE,FALSE,FALSE,FALSE,promethazine [晕动症适应证]
PRODUCTIVE COUGH,1,127,42300,17642112,3.28402524152566,1.0039410904493,0.459023138504804,23.4951593553814,3.26618129432624,0.996097928978353,0.463601265313674,23.0110248732576,1.57608201504936,17684540,1.70758120843429,1.7067964841892,FALSE,FALSE,FALSE,FALSE,FALSE,promethazine [晕动症适应证]
PROTEINURIA,1,127,15586,17668826,8.92625524016607,1.00396127041266,1.24761392974625,63.8643339200277,8.86433137110227,0.996118267876232,1.25815166093361,62.4538146684164,6.98285003584473,17684540,3.14792969563625,3.14714497139116,FALSE,FALSE,FALSE,FALSE,FALSE,promethazine [晕动症适应证]
PULMONARY FIBROSIS,1,127,15410,17669002,9.02829331602855,1.00396163535814,1.26187478880215,64.5944280078854,8.96557227449708,0.996118635695416,1.27252028879224,63.1671549107649,7.08282307591731,17684540,3.16431249812346,3.16352777387836,FALSE,FALSE,FALSE,FALSE,FALSE,promethazine [晕动症适应证]
RASH PUSTULAR,1,127,5316,17679096,26.1861324896465,1.00402299957418,3.65956722976243,187.375580693959,25.9893658295711,0.99618048305262,3.68832970468821,183.130899432532,24.0305490242321,17684540,4.69958860610873,4.69880388186363,FALSE,FALSE,FALSE,FALSE,FALSE,promethazine [晕动症适应证]
RENAL HAEMANGIOMA,1,127,795,17683617,175.146010993909,1.00455559026505,24.4514866478479,1254.57096367506,173.785495283019,0.996717264367506,24.6371610479879,1225.84734141805,171.583154491253,17684540,7.43936073664792,7.43857601240283,FALSE,FALSE,FALSE,FALSE,FALSE,promethazine [晕动症适应证]
RENAL TUBULAR ACIDOSIS,1,127,1812,17682600,76.8394430828597,1.00420413695647,10.7346623934048,550.02195662078,76.2469474337748,0.996363046199886,10.8168576473866,537.457104686353,74.2267125857446,17684540,6.25182214744741,6.25103742320232,FALSE,FALSE,FALSE,FALSE,FALSE,promethazine [晕动症适应证]
RESPIRATORY ARREST,1,127,16526,17667886,8.41808136260591,1.00395945289553,1.17659115728574,60.2283073339837,8.36012760196055,0.996116436047223,1.18659216950717,58.9012259790078,6.48541184075933,17684540,3.06344810890532,3.06266338466023,FALSE,FALSE,FALSE,FALSE,FALSE,promethazine [晕动症适应证]
RESPIRATORY FAILURE,1,127,55228,17629184,2.51344376839547,1.00393833437597,0.351317360410186,17.9820307471001,2.50161998895488,0.996095151183092,0.35508148567941,17.6244124842623,0.904168365232279,17684540,1.32284697205284,1.32206224780775,FALSE,FALSE,FALSE,FALSE,FALSE,promethazine [晕动症适应证]
RETINAL INJURY,1,127,688,17683724,202.386513459073,1.00465295533796,28.2490409861549,1449.97137602635,200.813181322674,0.996815395058242,28.4633374928161,1416.76758050988,198.537335739939,17684540,7.64762518448728,7.64684046024218,FALSE,FALSE,FALSE,FALSE,FALSE,promethazine [晕动症适应证]
RHINORRHOEA,1,127,57177,17627235,2.42749927390825,1.00393802698594,0.339304647210808,17.3671441675361,2.41634693583084,0.996094841369545,0.342977984141228,17.0236364556125,0.832873134550115,17684540,1.27281282008207,1.27202809583698,FALSE,FALSE,FALSE,FALSE,FALSE,promethazine [晕动症适应证]
SEPTIC SHOCK,1,127,35044,17649368,3.96562611502121,1.00394352827367,0.554290942940693,28.3717255070156,3.9424571609976,0.996100386009526,0.559589061862866,27.775683131759,2.20040389947031,17684540,1.97906435337103,1.97827962912594,FALSE,FALSE,FALSE,FALSE,FALSE,promethazine [晕动症适应证]
SICKLE CELL ANAEMIA WITH CRISIS,1,127,14693,17669719,9.4692469658539,1.00396321245465,1.32350231226093,67.7495137482278,9.40308097393316,0.996120225210417,1.33461352738455,66.2498393640719,7.51516235412947,17684540,3.23304579790644,3.23226107366134,FALSE,FALSE,FALSE,FALSE,FALSE,promethazine [晕动症适应证]
SICKLE CELL DISEASE,1,127,453,17683959,307.381394378683,1.0050281477726,42.8726517312559,2203.81333542057,304.987789735099,0.997193536366832,43.1970588549762,2153.33067465971,302.331448842125,17684540,8.24943686990066,8.24865214565556,FALSE,FALSE,FALSE,FALSE,FALSE,promethazine [晕动症适应证]
SINUSITIS,1,127,87989,17596423,1.5746799237521,1.00393497679619,0.22010280949311,11.2657210872429,1.57019023684779,0.99609176711286,0.222875249897419,11.0622304676131,0.20808874211915,17684540,0.650933405826096,0.650148681580999,FALSE,FALSE,FALSE,FALSE,FALSE,promethazine [晕动症适应证]
SLEEP DISORDER,1,127,59679,17624733,2.32539796573083,1.00393766180945,0.325033630124873,16.6366652489086,2.31504329412356,0.996094473313634,0.328599111010977,16.3099207334357,0.749517537951204,17684540,1.21102544204897,1.21024071780387,FALSE,FALSE,FALSE,FALSE,FALSE,promethazine [晕动症适应证]
SMALL FIBRE NEUROPATHY,1,127,720,17683692,193.391207349081,1.00462080467518,26.9951802624219,1385.43838997799,191.888151041667,0.996782991599432,27.200027711013,1353.71415431614,189.637718972114,17684540,7.58212990795075,7.58134518370565,FALSE,FALSE,FALSE,FALSE,FALSE,promethazine [晕动症适应证]
SPEECH DISORDER,1,127,40685,17643727,3.41469790468154,1.00394155781529,0.477287413511174,24.4300634170474,3.39583307730122,0.996098400026938,0.482003574227206,23.9244746418774,1.6941677749536,17684540,1.76374052725823,1.76295580301313,FALSE,FALSE,FALSE,FALSE,FALSE,promethazine [晕动症适应证]
SURGERY,1,127,50351,17634061,2.75765871612774,1.0039392078384,0.385451918459558,19.7292612397082,2.743927007408,0.996096031530978,0.389474021442926,19.3315471827595,1.11151090648187,17684540,1.45622389389315,1.45543916964805,FALSE,FALSE,FALSE,FALSE,FALSE,promethazine [晕动症适应证]
SYRINGE ISSUE,1,127,17158,17667254,8.10771862807276,1.00395834286137,1.13321437360525,58.0076487583419,8.05218957629094,0.99611531727208,1.14288758557454,56.731526171871,6.18201775341553,17684540,3.00930750039202,3.00852277614693,FALSE,FALSE,FALSE,FALSE,FALSE,promethazine [晕动症适应证]
TEMPERATURE INTOLERANCE,1,127,8798,17675614,15.8192842682571,1.00398592346661,2.21093899324357,113.187091785286,15.7035086099113,0.996143115043706,2.22875617374439,110.644755835836,13.7724765554611,17684540,3.97286150071346,3.97207677646836,FALSE,FALSE,FALSE,FALSE,FALSE,promethazine [晕动症适应证]
THINKING ABNORMAL,1,127,13238,17671174,10.5108855085515,1.00396693792633,1.46907982721506,75.2026623245605,10.4365817155159,0.996123980016958,1.48129115002283,73.5319575108262,8.53814586559289,17684540,3.38347882449443,3.38269410024933,FALSE,FALSE,FALSE,FALSE,FALSE,promethazine [晕动症适应证]
THROMBOSIS,1,127,63463,17620949,2.18627593907095,1.0039371642247,0.305588079305332,15.6413250563507,2.17700815829696,0.996093971804814,0.309006596320444,15.3374218470622,0.638635990728261,17684540,1.12233452354226,1.12154979929717,FALSE,FALSE,FALSE,FALSE,FALSE,promethazine [晕动症适应证]
TOOTH LOSS,1,127,18830,17665582,7.38709882454284,1.00395576550954,1.03249868911355,52.8516206547559,7.3371996149761,0.996112719624432,1.0414107824739,51.693816787762,5.47903496358317,17684540,2.87516336288733,2.87437863864224,FALSE,FALSE,FALSE,FALSE,FALSE,promethazine [晕动症适应证]
TRANSAMINASES INCREASED,1,127,17879,17666533,7.78044404357728,1.00395717233955,1.08747375872986,55.6659956429116,7.72747182448683,0.996114137532853,1.09680130524925,54.4436084388758,5.86247996446905,17684540,2.94992624112089,2.94914151687579,FALSE,FALSE,FALSE,FALSE,FALSE,promethazine [晕动症适应证]
ULCER,1,127,12449,17671963,11.1775495992152,1.00396932227634,1.56225047655395,79.9728448913688,11.0980374929713,0.996126383141312,1.57516586728561,78.1926771989054,9.19387804426033,17684540,3.47212723534877,3.47134251110367,FALSE,FALSE,FALSE,FALSE,FALSE,promethazine [晕动症适应证]
UNEVALUABLE EVENT,1,127,62692,17621720,2.21326007763992,1.0039372607363,0.309359745539314,15.8343813049592,2.20378148328335,0.996094069077594,0.31280676774476,15.5260477932672,0.659875800333614,17684540,1.13996861003842,1.13918388579333,FALSE,FALSE,FALSE,FALSE,FALSE,promethazine [晕动症适应证]
URTICARIA,1,127,136313,17548099,1.01365246068985,1.00393297026829,0.141685067880041,7.25193788192648,1.01354580084071,0.996089744707012,0.143864841196519,7.14055694120973,0.000182441383146687,17684540,0.0194111423772814,0.0186264181321848,FALSE,FALSE,FALSE,FALSE,FALSE,promethazine [晕动症适应证]
VEIN DISORDER,1,127,4043,17680369,34.4337135634449,1.00405249533642,4.81190588265404,246.405615297572,34.1725126762305,0.996210211017925,4.84937380575274,240.806477162441,32.2011766911675,17684540,5.09441807528856,5.09363335104346,FALSE,FALSE,FALSE,FALSE,FALSE,promethazine [晕动症适应证]
VULVOVAGINAL MYCOTIC INFECTION,1,127,3063,17681349,45.4532224852892,1.00409190297235,6.35132587327968,325.285692392032,45.1059316846229,0.996249928864666,6.40042183700878,317.876715777332,43.1214971400794,17684540,5.49478477526661,5.49400005102152,FALSE,FALSE,FALSE,FALSE,FALSE,promethazine [晕动症适应证]
WEIGHT ABNORMAL,1,127,2242,17682170,62.1006623726004,1.00415143411352,8.67651407934262,444.474846908552,61.6233134478145,0.996309928577994,8.74316982384473,434.331350848416,59.6205137929086,17684540,5.9447714521053,5.9439867278602,FALSE,FALSE,FALSE,FALSE,FALSE,promethazine [晕动症适应证]
WHEEZING,1,127,50838,17633574,2.73116643790233,1.00393911308574,0.381749029520473,19.5397225263256,2.71764170010622,0.996095936031451,0.385743147337243,19.1463580393801,1.08871624952958,17684540,1.44233732474279,1.44155260049769,FALSE,FALSE,FALSE,FALSE,FALSE,promethazine [晕动症适应证]
WHITE BLOOD CELL COUNT DECREASED,1,127,91333,17593079,1.516737445418,1.00393476956107,0.212003914930939,10.8511792297916,1.51270043412567,0.996091558240554,0.21471514558365,10.6572016481833,0.174670057635967,17684540,0.597120959707809,0.596336235462712,FALSE,FALSE,FALSE,FALSE,FALSE,promethazine [晕动症适应证]
WOUND DEHISCENCE,1,127,2431,17681981,57.2719855410916,1.00413416715861,8.00213697594829,409.900547525969,56.8323606540518,0.996292525720009,8.06370027940955,400.550256779723,54.8349437970185,17684540,5.82805784374799,5.82727311950289,FALSE,FALSE,FALSE,FALSE,FALSE,promethazine [晕动症适应证]
WRONG TECHNIQUE IN PRODUCT USAGE PROCESS,1,127,199314,17485098,0.690758988369477,1.00393181548779,0.0965522794726427,4.94186136898425,0.693174933772841,0.996088580730676,0.0983909451301946,4.88349296955302,0.137359653691647,17684540,-0.528705405501931,-0.529490129747028,FALSE,FALSE,FALSE,FALSE,FALSE,promethazine [晕动症适应证]
