drug,pt,a,ROR,ROR_lcl,ROR_ucl,signal,subgroup_var,subgroup_level
scopolamine,DIZZINESS,109,8.76826419192234,7.13685348941966,10.7725984642007,TRUE,性别,M
scopolamine,CONFUSIONAL STATE,94,23.7395807515202,19.0760892434859,29.5431462426397,TRUE,性别,M
scopolamine,HYPOTENSION,70,13.2750760079069,10.3583641899582,17.0130765615047,TRUE,性别,M
scopolamine,HEADACHE,62,3.49787288114257,2.69226568932769,4.54454207143573,TRUE,性别,M
scopolamine,HALLUCINATION,61,31.0939414370069,23.8842586701822,40.4799331408613,TRUE,性别,M
scopolamine,TACHYCARDIA,56,24.4081239434835,18.5559205513077,32.1060069638243,TRUE,性别,M
scopolamine,SOMNOLENCE,54,9.91753622310751,7.50582166460246,13.1041648911677,TRUE,性别,M
scopolamine,DRY MOUTH,44,19.667123863182,14.4804200263008,26.7116396034926,TRUE,性别,M
scopolamine,AGITATION,41,22.583189985435,16.458150736806,30.9877141164903,TRUE,性别,M
scopolamine,RASH,39,2.99798705148035,2.16881303224499,4.1441683663899,TRUE,性别,M
scopolamine,VISION BLURRED,30,7.86795491561428,5.45384838993362,11.3506482263788,TRUE,性别,M
scopolamine,DELIRIUM,27,28.069610684438,19.0904847240665,41.2720292524917,TRUE,性别,M
scopolamine,PRURITUS,25,2.14386857527927,1.43736139803915,3.19764568210894,TRUE,性别,M
scopolamine,LETHARGY,22,14.1302571050088,9.23557013979279,21.6190406040413,TRUE,性别,M
scopolamine,MYDRIASIS,22,66.6829058905644,43.5674721579977,102.062610423763,TRUE,性别,M
scopolamine,DISORIENTATION,20,20.1683420299921,12.9198609976497,31.4834672224986,TRUE,性别,M
scopolamine,URINARY RETENTION,20,21.0848110546691,13.506857214476,32.9143375214353,TRUE,性别,M
scopolamine,AMNESIA,18,10.5451364473464,6.59986450209015,16.8488160109858,TRUE,性别,M
scopolamine,VERTIGO,18,10.1377107328978,6.34489071601485,16.1977855102383,TRUE,性别,M
scopolamine,APPLICATION SITE ERYTHEMA,17,22.1800201426056,13.6983450391812,35.9133378608338,TRUE,性别,M
scopolamine,SEDATION,15,20.1238860599614,12.057611544909,33.5863192014422,TRUE,性别,M
scopolamine,ERYTHEMA,14,2.21139146998738,1.30215020563666,3.75552083958083,TRUE,性别,M
scopolamine,BRADYCARDIA,13,9.01137155280997,5.20311434491229,15.6069638066279,TRUE,性别,M
scopolamine,APPLICATION SITE IRRITATION,11,30.6150247872014,16.8630467326289,55.5818742355366,TRUE,性别,M
scopolamine,APPLICATION SITE PRURITUS,11,16.1451816039213,8.89427701543468,29.3072600022747,TRUE,性别,M
scopolamine,DYSURIA,11,10.5624617107631,5.81913516247802,19.1721955713824,TRUE,性别,M
scopolamine,"HALLUCINATION, AUDITORY",11,25.6443560281255,14.1258957077199,46.5551360214175,TRUE,性别,M
scopolamine,APPLICATION SITE PAIN,9,12.4518264743617,6.448211859415,24.0451129596851,TRUE,性别,M
scopolamine,SINUS TACHYCARDIA,9,24.985303368944,12.9368065106961,48.2549834784979,TRUE,性别,M
scopolamine,APPLICATION SITE RASH,8,18.6036908371231,9.26131139493555,37.3702273905311,TRUE,性别,M
scopolamine,"HALLUCINATION, VISUAL",8,13.6747229102167,6.80798479008507,27.4674595254008,TRUE,性别,M
scopolamine,ORTHOSTATIC HYPOTENSION,8,16.5132662978469,8.22086786580487,33.1702161225417,TRUE,性别,M
scopolamine,RASH ERYTHEMATOUS,8,5.70733258293226,2.8416876238409,11.4627818127922,TRUE,性别,M
scopolamine,RASH MACULO-PAPULAR,8,12.587172252622,6.26663069831866,25.2826300039805,TRUE,性别,M
scopolamine,APPLICATION SITE REACTION,7,43.839176128353,20.8030166347516,92.3843593146126,TRUE,性别,M
scopolamine,APPLICATION SITE BURN,5,33.1753379128962,13.7541416909392,80.0197548030127,TRUE,性别,M
scopolamine,GLAUCOMA,5,8.68883565408322,3.60369867292682,20.9495498585491,TRUE,性别,M
scopolamine,APPLICATION SITE SCAR,4,108.851904289962,40.6506487750747,291.477194696488,TRUE,性别,M
scopolamine,RASH MACULAR,4,3.73677190078621,1.39810346453161,9.98743268487887,TRUE,性别,M
scopolamine,RASH PAPULAR,4,6.0635190646435,2.26855595797892,16.2069017155965,TRUE,性别,M
scopolamine,APPLICATION SITE HAEMORRHAGE,3,30.2123438648053,9.71230259988357,93.9824220279319,TRUE,性别,M
scopolamine,APPLICATION SITE SCAB,3,41.6412528701796,13.3831838945631,129.565128467126,TRUE,性别,M
scopolamine,DERMATITIS CONTACT,3,8.58818841776888,2.76205702187155,26.7036414219727,TRUE,性别,M
scopolamine,VENTRICULAR TACHYCARDIA,3,7.1277335462898,2.29242739500507,22.1619169346878,TRUE,性别,M
scopolamine,APPLICATION SITE DISCOMFORT,2,32.126535269408,8.01085401944774,128.839480273998,FALSE,性别,M
scopolamine,APPLICATION SITE EXFOLIATION,2,14.1989511430212,3.5421577410461,56.9173448222443,FALSE,性别,M
scopolamine,APPLICATION SITE HYPERAESTHESIA,2,720.377057194069,176.551352388819,2939.33236709918,FALSE,性别,M
scopolamine,APPLICATION SITE INFLAMMATION,2,46.1206543540575,11.4962681388739,185.026543601027,FALSE,性别,M
scopolamine,APPLICATION SITE URTICARIA,2,31.281984962406,7.80042911863601,125.449839785136,FALSE,性别,M
scopolamine,APPLICATION SITE VESICLES,2,9.82967910394648,2.45244300639491,39.3985063198664,FALSE,性别,M
scopolamine,ATRIAL TACHYCARDIA,2,33.6678090929516,8.39484872211293,135.025824364603,FALSE,性别,M
scopolamine,ERYTHEMA MULTIFORME,2,8.14891290518276,2.03318878646464,32.6604110638051,FALSE,性别,M
scopolamine,"HALLUCINATIONS, MIXED",2,16.8168400127453,4.19495490946142,67.4157682544868,FALSE,性别,M
scopolamine,PRURITUS GENERALISED,2,3.56802734619934,0.890341224182933,14.2988090379723,FALSE,性别,M
scopolamine,SINUS BRADYCARDIA,2,7.71018827960957,1.92374643607682,30.9016833987029,FALSE,性别,M
scopolamine,APPLICATION SITE DERMATITIS,1,74.0692837067474,10.3899062719857,528.03737061837,FALSE,性别,M
scopolamine,APPLICATION SITE EROSION,1,25.3529405017592,3.56253505951137,180.425337954121,FALSE,性别,M
scopolamine,APPLICATION SITE HYPERSENSITIVITY,1,25.6865521609278,3.60937025737739,182.801684190605,FALSE,性别,M
scopolamine,APPLICATION SITE ULCER,1,49.2455463191167,6.9139504155366,350.758059649759,FALSE,性别,M
scopolamine,BUTTERFLY RASH,1,30.8125874515804,4.32886529826064,219.322034770352,FALSE,性别,M
scopolamine,CATHETER SITE ERYTHEMA,1,14.3762219022446,2.02090691538471,102.26881535671,FALSE,性别,M
scopolamine,DRY EYE,1,0.623546137647214,0.0876968701841284,4.43356513132581,FALSE,性别,M
scopolamine,EAR PRURITUS,1,8.73634954956379,1.22834194108536,62.1356325134711,FALSE,性别,M
scopolamine,INFUSION SITE RASH,1,22.2197031954864,3.1226103461702,158.109772069716,FALSE,性别,M
scopolamine,POSTURAL ORTHOSTATIC TACHYCARDIA SYNDROME,1,22.1297386254842,3.10997733967303,157.469099657084,FALSE,性别,M
scopolamine,PROCEDURAL HYPOTENSION,1,51.9606901698979,7.29444079912661,370.133009134216,FALSE,性别,M
scopolamine,PRURITUS ALLERGIC,1,25.7834883788749,3.62297876537917,183.492180339623,FALSE,性别,M
scopolamine,RASH GENERALISED,1,1.57515679965976,0.221525888178692,11.2001308917584,FALSE,性别,M
scopolamine,RASH MORBILLIFORM,1,12.6113459657972,1.77292529526762,89.7082620985573,FALSE,性别,M
scopolamine,RASH VESICULAR,1,6.87619371354298,0.966866072297217,48.9023674952505,FALSE,性别,M
scopolamine,SEDATION COMPLICATION,1,11.064096515215,1.55549644071686,78.6978539414583,FALSE,性别,M
scopolamine,SUPRAVENTRICULAR TACHYCARDIA,1,3.9920452892774,0.561382085649448,28.3878413633479,FALSE,性别,M
scopolamine,SYSTEMIC LUPUS ERYTHEMATOSUS,1,0.864107664348095,0.121528913389744,6.14406921578,FALSE,性别,M
scopolamine,TACHYCARDIA FOETAL,1,71.9251281216953,10.0899135958205,512.712423767944,FALSE,性别,M
scopolamine,TRANSIENT GLOBAL AMNESIA,1,45.2503352201194,6.35394150610435,322.25553785253,FALSE,性别,M
scopolamine,HEADACHE,1,33.0577832300756,2.06761771052873,528.53921037812,FALSE,性别,NS
scopolamine,MYDRIASIS,1,1893.23071979434,118.404553321753,30271.8304137593,FALSE,性别,NS
scopolamine,PRURITUS,1,53.4231731523796,3.34137985285444,854.148751519831,FALSE,性别,NS
scopolamine,RASH ERYTHEMATOUS,1,456.520451193957,28.552855531548,7299.12712681437,FALSE,性别,NS
scopolamine,VISION BLURRED,1,162.042225213431,10.1349712205685,2590.79993230089,FALSE,性别,NS
scopolamine,HEADACHE,398,10.7919095974881,9.63710768497316,12.0850899011906,TRUE,性别,F
scopolamine,DIZZINESS,324,10.8618034788003,9.61622306671679,12.2687227608541,TRUE,性别,F
scopolamine,VISION BLURRED,220,25.5497669433573,22.1611705407044,29.4565031960232,TRUE,性别,F
scopolamine,MYDRIASIS,140,182.026872915405,152.877153938376,216.734689322625,TRUE,性别,F
scopolamine,DRY MOUTH,135,24.6094596189024,20.6303293998335,29.3560752713562,TRUE,性别,F
scopolamine,CONFUSIONAL STATE,130,12.2263514353202,10.2190354503158,14.6279627022271,TRUE,性别,F
scopolamine,SOMNOLENCE,112,8.11565867555485,6.69771686860567,9.83378620359929,TRUE,性别,F
scopolamine,RASH,105,3.24928377710914,2.66607014040069,3.96007775796846,TRUE,性别,F
scopolamine,VERTIGO,87,20.1898543539633,16.2643983197407,25.0627297008273,TRUE,性别,F
scopolamine,HALLUCINATION,78,15.1586246297388,12.0727244992395,19.0333093975431,TRUE,性别,F
scopolamine,APPLICATION SITE PRURITUS,67,40.5059976922238,31.7046609141869,51.7506196796529,TRUE,性别,F
scopolamine,HYPOTENSION,67,4.73475548408684,3.70732712878709,6.0469197120527,TRUE,性别,F
scopolamine,APPLICATION SITE ERYTHEMA,64,33.9782576322026,26.4529477549473,43.6443606366861,TRUE,性别,F
scopolamine,TACHYCARDIA,62,10.2816917580228,7.97588440849225,13.2541019895469,TRUE,性别,F
scopolamine,PRURITUS,61,2.09320696837849,1.62069137501352,2.7034853643444,TRUE,性别,F
scopolamine,APPLICATION SITE RASH,52,49.6009768009768,37.6052672707267,65.4231994124448,TRUE,性别,F
scopolamine,APPLICATION SITE IRRITATION,47,53.2293600093254,39.7974784802881,71.1945800386762,TRUE,性别,F
scopolamine,DISORIENTATION,47,18.9635269396394,14.1843475050256,25.3529712144332,TRUE,性别,F
scopolamine,APPLICATION SITE PAIN,43,24.1766409941763,17.8520606784638,32.741876710425,TRUE,性别,F
scopolamine,AGITATION,40,8.47443905804941,6.19121678231827,11.5996773935773,TRUE,性别,F
scopolamine,ERYTHEMA,40,2.5387563194088,1.85490324053051,3.47472768848835,TRUE,性别,F
scopolamine,AMNESIA,36,8.40149267502082,6.03710617047798,11.6918730887318,TRUE,性别,F
scopolamine,DYSURIA,34,13.1388858681472,9.35259935396433,18.4580045955912,TRUE,性别,F
scopolamine,DELIRIUM,31,12.6121391775353,8.83758767862965,17.9988092246216,TRUE,性别,F
scopolamine,APPLICATION SITE REACTION,29,73.6288679100583,50.9363193759018,106.431133150968,TRUE,性别,F
scopolamine,BRADYCARDIA,29,8.03609895273692,5.56526090877796,11.6039279086306,TRUE,性别,F
scopolamine,URINARY RETENTION,25,10.3915728490093,6.99886940459807,15.4288900154822,TRUE,性别,F
scopolamine,LETHARGY,24,6.05369598051914,4.04497805181213,9.05993420857644,TRUE,性别,F
scopolamine,DRY EYE,21,5.30716459624237,3.45024557691765,8.16347573634776,TRUE,性别,F
scopolamine,APPLICATION SITE VESICLES,20,39.863730564106,25.6278376121044,62.0074560538451,TRUE,性别,F
scopolamine,RASH ERYTHEMATOUS,19,5.42660654108507,3.45176400241675,8.53130704507297,TRUE,性别,F
scopolamine,APPLICATION SITE BURN,18,48.144855664488,30.2243075004018,76.6908266442025,TRUE,性别,F
scopolamine,SUPRAVENTRICULAR TACHYCARDIA,18,29.1278846858064,18.2930774800427,46.3800400558765,TRUE,性别,F
scopolamine,"HALLUCINATION, VISUAL",17,11.6220991844164,7.20497834721846,18.7472026900065,TRUE,性别,F
scopolamine,DERMATITIS CONTACT,15,17.2989210867698,10.4001145909757,28.773978223851,TRUE,性别,F
scopolamine,ORTHOSTATIC HYPOTENSION,14,11.5350054183912,6.81414119007642,19.5265032365468,TRUE,性别,F
scopolamine,SEDATION,11,5.81157231014231,3.21142226854159,10.5169516468947,TRUE,性别,F
scopolamine,EYE PRURITUS,10,3.72202968409917,1.99857321456331,6.93169750718507,TRUE,性别,F
scopolamine,SINUS TACHYCARDIA,10,11.0325705341991,5.92280966824652,20.5506540661999,TRUE,性别,F
scopolamine,APPLICATION SITE DISCHARGE,9,94.7358500675082,49.0643187503648,182.920735813675,TRUE,性别,F
scopolamine,APPLICATION SITE SWELLING,9,23.9842359864255,12.4476009087759,46.2132084783491,TRUE,性别,F
scopolamine,APPLICATION SITE DRYNESS,7,24.6616408260624,11.7282528270561,51.8573855119025,TRUE,性别,F
scopolamine,APPLICATION SITE SCAB,7,38.9781745300652,18.5277970947543,82.0010108015691,TRUE,性别,F
scopolamine,APPLICATION SITE URTICARIA,7,44.0269134656258,20.9241024010884,92.63810089215,TRUE,性别,F
scopolamine,"HALLUCINATION, AUDITORY",7,6.45016984625191,3.06936570013316,13.554817219627,TRUE,性别,F
scopolamine,ANGLE CLOSURE GLAUCOMA,6,36.4399808743395,16.3248156805782,81.3407166184429,TRUE,性别,F
scopolamine,APPLICATION SITE HYPERSENSITIVITY,6,62.1467288537105,27.8152454511886,138.85248339779,TRUE,性别,F
scopolamine,GLAUCOMA,6,4.15903343668925,1.86540208689973,9.27283144421025,TRUE,性别,F
scopolamine,RASH PRURITIC,6,1.46853666842158,0.658729894941609,3.27387592860031,FALSE,性别,F
scopolamine,APPLICATION SITE HAEMORRHAGE,5,20.1490212793115,8.36833896899369,48.5141746789168,TRUE,性别,F
scopolamine,INJECTION SITE ERYTHEMA,5,0.56126913057347,0.233289861964545,1.35035030790398,FALSE,性别,F
scopolamine,INJECTION SITE PRURITUS,5,1.00156979822216,0.416292222329182,2.40970646796649,FALSE,性别,F
scopolamine,POSTURAL ORTHOSTATIC TACHYCARDIA SYNDROME,5,44.5247388324856,18.4741619322627,107.309461472185,TRUE,性别,F
scopolamine,RASH MACULAR,5,1.86487215210926,0.775088290482874,4.48690579694607,FALSE,性别,F
scopolamine,RASH MACULO-PAPULAR,5,3.12072587549916,1.29698802378013,7.50888197226789,TRUE,性别,F
scopolamine,APPLICATION SITE EXFOLIATION,4,11.3714760959693,4.26049970813364,30.3510098485245,TRUE,性别,F
scopolamine,APPLICATION SITE INFLAMMATION,4,36.9796704991661,13.8391842642477,98.8133407371198,TRUE,性别,F
scopolamine,APPLICATION SITE PAPULES,4,49.9107863145089,18.6677296693865,133.443468201585,TRUE,性别,F
scopolamine,APPLICATION SITE SCAR,4,43.4304714815729,16.2486425339566,116.083903573477,TRUE,性别,F
scopolamine,"HALLUCINATIONS, MIXED",4,13.4693465682807,5.04602676590955,35.9536929534604,TRUE,性别,F
scopolamine,INFUSION SITE ERYTHEMA,4,5.65075263784507,2.11768290216394,15.0782751003394,TRUE,性别,F
scopolamine,PRURITUS GENERALISED,4,2.85640656649127,1.07060398400496,7.62098646651093,TRUE,性别,F
scopolamine,SINUS BRADYCARDIA,4,6.17337376311279,2.31348703343543,16.4732038988335,TRUE,性别,F
scopolamine,APPLICATION SITE DISCOLOURATION,3,9.12245717234262,2.93765329463593,28.3284705561345,TRUE,性别,F
scopolamine,APPLICATION SITE EROSION,3,30.5255895588523,9.81913673894048,94.8975090875512,TRUE,性别,F
scopolamine,APPLICATION SITE ULCER,3,59.3969364961174,19.0777553979866,184.9272092825,TRUE,性别,F
scopolamine,APPLICATION SITE WOUND,3,214.687901414436,68.4085629057935,673.759147333748,TRUE,性别,F
scopolamine,INJECTION SITE RASH,3,1.27283422001164,0.410049707977118,3.95100135450661,FALSE,性别,F
scopolamine,RASH GENERALISED,3,1.89322884692293,0.60989330804747,5.87695490264693,FALSE,性别,F
scopolamine,VENTRICULAR TACHYCARDIA,3,2.84652371272185,0.91694690514147,8.83660460780732,FALSE,性别,F
scopolamine,APPLICATION SITE DERMATITIS,2,59.4683397008179,14.8040181619544,238.886725758042,FALSE,性别,F
scopolamine,APPLICATION SITE DISCOMFORT,2,12.8419574791986,3.20630250837013,51.4349071764216,FALSE,性别,F
scopolamine,CATHETER SITE PRURITUS,2,25.7759172118625,6.43031433704036,103.322772929727,FALSE,性别,F
scopolamine,CATHETER SITE RASH,2,50.5410359453959,12.5887526026629,202.910994842608,FALSE,性别,F
scopolamine,ERYTHEMA NODOSUM,2,7.87099419474322,1.96580043771515,31.5151774437943,FALSE,性别,F
scopolamine,INFUSION SITE PRURITUS,2,7.41985578262811,1.85318038689957,29.7079875354754,FALSE,性别,F
scopolamine,INFUSION SITE RASH,2,17.8057635604895,4.44424025387494,71.3384510874773,FALSE,性别,F
scopolamine,PALMAR ERYTHEMA,2,23.6069656722954,5.89003387776399,94.6155556688402,FALSE,性别,F
scopolamine,SYSTEMIC LUPUS ERYTHEMATOSUS,2,0.691911727121149,0.172885198789119,2.76913143219235,FALSE,性别,F
scopolamine,TRANSIENT GLOBAL AMNESIA,2,36.2919704283861,9.04773737558757,145.573093349133,FALSE,性别,F
scopolamine,ACCOMMODATION DISORDER,1,25.3720848811999,3.5636017607887,180.643835768096,FALSE,性别,F
scopolamine,APPLICATION SITE HYPERAESTHESIA,1,142.020616983511,19.7407276349369,1021.73820648236,FALSE,性别,F
scopolamine,CLUSTER HEADACHE,1,9.63430238735462,1.35508054257777,68.4976129274325,FALSE,性别,F
scopolamine,CUTANEOUS LUPUS ERYTHEMATOSUS,1,8.556216568289,1.20356218145646,60.8268048725753,FALSE,性别,F
scopolamine,EXFOLIATIVE RASH,1,5.30022264050379,0.745774482284971,37.6687064336621,FALSE,性别,F
scopolamine,"HALLUCINATION, TACTILE",1,21.6113086988299,3.03640879914255,153.816134312353,FALSE,性别,F
scopolamine,ORAL PRURITUS,1,5.76104391368579,0.810581462026497,40.9454552444862,FALSE,性别,F
scopolamine,RASH PAPULAR,1,0.603593688981201,0.0849651455174783,4.28793876782084,FALSE,性别,F
scopolamine,TENSION HEADACHE,1,2.93906843284723,0.413632784582826,20.8835555955053,FALSE,性别,F
scopolamine,TONGUE ERYTHEMA,1,13.6518598813944,1.91946602203314,97.0964195676749,FALSE,性别,F
scopolamine,TONGUE PRURITUS,1,13.8595021370687,1.94862451785671,98.5750706342779,FALSE,性别,F
scopolamine,VERTIGO POSITIONAL,1,8.01670937636585,1.12772676222537,56.9886530832092,FALSE,性别,F
dimenhydrinate,HEADACHE,205,12.6243898631312,10.7477121712724,14.828757681316,TRUE,性别,M
dimenhydrinate,RASH,164,13.2875843417241,11.1717724024278,15.8041080034948,TRUE,性别,M
dimenhydrinate,ERYTHEMA,163,28.2167849518826,23.7139399940714,33.5746380913436,TRUE,性别,M
dimenhydrinate,DIZZINESS,158,11.7320089837291,9.84074727629887,13.9867462225966,TRUE,性别,M
dimenhydrinate,PRURITUS,83,6.73000681781502,5.35625670039488,8.45609056871707,TRUE,性别,M
dimenhydrinate,HYPOTENSION,82,13.6196924012485,10.826163702524,17.1340491610505,TRUE,性别,M
dimenhydrinate,TACHYCARDIA,67,25.6157481444585,19.9262888748533,32.9296918819843,TRUE,性别,M
dimenhydrinate,CONFUSIONAL STATE,46,9.24344704718628,6.85843959818666,12.4578356477364,TRUE,性别,M
dimenhydrinate,SOMNOLENCE,46,7.20976177877382,5.34954862435817,9.71683193419041,TRUE,性别,M
dimenhydrinate,RASH PRURITIC,42,23.6931146880387,17.3513554090082,32.3527280946084,TRUE,性别,M
dimenhydrinate,DRY MOUTH,39,14.9760983642681,10.8473902571685,20.6762656177153,TRUE,性别,M
dimenhydrinate,VISION BLURRED,30,6.82917153366015,4.73910397346248,9.84101300526645,TRUE,性别,M
dimenhydrinate,BRADYCARDIA,29,17.9102317784871,12.3536542756866,25.9661145763527,TRUE,性别,M
dimenhydrinate,AGITATION,27,12.6220501648954,8.59423887097714,18.5375520458418,TRUE,性别,M
dimenhydrinate,AMNESIA,20,10.2241911006022,6.55591571200302,15.9450011644057,TRUE,性别,M
dimenhydrinate,DELIRIUM,19,16.9609432395622,10.75352970607,26.7515507408947,TRUE,性别,M
dimenhydrinate,SEDATION,19,22.321373867335,14.1514468633365,35.207971039074,TRUE,性别,M
dimenhydrinate,URINARY RETENTION,19,17.3978685413828,11.0305041463974,27.4407974255733,TRUE,性别,M
dimenhydrinate,VERTIGO,19,9.3245888430296,5.91235922839944,14.7061356951902,TRUE,性别,M
dimenhydrinate,DYSURIA,16,13.4824340669563,8.2143536805692,22.129072528227,TRUE,性别,M
dimenhydrinate,LETHARGY,15,8.29443467804529,4.97405286296954,13.8313058834859,TRUE,性别,M
dimenhydrinate,"HALLUCINATION, AUDITORY",11,22.3466045132143,12.3173786859316,40.5419648127219,TRUE,性别,M
dimenhydrinate,RASH ERYTHEMATOUS,11,6.87115825020454,3.78807141541404,12.4635495274034,TRUE,性别,M
dimenhydrinate,RASH MORBILLIFORM,10,111.933484252268,59.886684774197,209.213532926287,TRUE,性别,M
dimenhydrinate,VENTRICULAR TACHYCARDIA,10,20.9478954043834,11.2205315858972,39.1081579792997,TRUE,性别,M
dimenhydrinate,DISORIENTATION,9,7.7725671309717,4.02757139612834,14.9998085356192,TRUE,性别,M
dimenhydrinate,HALLUCINATION,9,3.67058898503816,1.90212255477512,7.08325731339448,TRUE,性别,M
dimenhydrinate,GENERALISED ERYTHEMA,7,49.3073499267936,23.4058983670119,103.871883859404,TRUE,性别,M
dimenhydrinate,RASH MACULAR,7,5.73027319850304,2.72194158305644,12.0634590888652,TRUE,性别,M
dimenhydrinate,SINUS TACHYCARDIA,6,14.4571695940109,6.47228287763706,32.2930497046355,TRUE,性别,M
dimenhydrinate,AGITATION NEONATAL,5,171.136571712827,70.7989977482583,413.674304850456,TRUE,性别,M
dimenhydrinate,ANGLE CLOSURE GLAUCOMA,4,53.0073806269036,19.8201334548509,141.764050546176,TRUE,性别,M
dimenhydrinate,DRY EYE,4,2.18677480494214,0.818510307955201,5.8423015581515,FALSE,性别,M
dimenhydrinate,"HALLUCINATION, VISUAL",4,5.92791804357316,2.21865180669192,15.8385431302605,TRUE,性别,M
dimenhydrinate,RASH GENERALISED,4,5.52464823748168,2.0677363450536,14.7609429127282,TRUE,性别,M
dimenhydrinate,RASH MACULO-PAPULAR,4,5.45657810122665,2.04226224652677,14.5790505726787,TRUE,性别,M
dimenhydrinate,SEDATION COMPLICATION,4,38.846279836937,14.5293093447623,103.861334449019,TRUE,性别,M
dimenhydrinate,SUPRAVENTRICULAR TACHYCARDIA,4,14.0052718960167,5.24091332391503,37.4262325587997,TRUE,性别,M
dimenhydrinate,DERMATITIS CONTACT,3,7.49574028218298,2.4115187620349,23.2990608501546,TRUE,性别,M
dimenhydrinate,DIZZINESS POSTURAL,3,8.70597247866386,2.8007929484642,27.0616065499642,TRUE,性别,M
dimenhydrinate,INFUSION SITE ERYTHEMA,3,9.25533474579747,2.97748934811475,28.7696146792276,TRUE,性别,M
dimenhydrinate,SINUS BRADYCARDIA,3,10.1112122505783,3.25276391462888,31.4306896717742,TRUE,性别,M
dimenhydrinate,EYE PRURITUS,2,1.61721488978132,0.403676111222317,6.47891695104553,FALSE,性别,M
dimenhydrinate,INFUSION SITE PRURITUS,2,16.204163573543,4.04304444700339,64.9448504858147,FALSE,性别,M
dimenhydrinate,RASH PAPULAR,2,2.63814427755195,0.65849278664825,10.5692960808359,FALSE,性别,M
dimenhydrinate,STOMA SITE ERYTHEMA,2,25.9159787770417,6.46438813180178,103.898148173982,FALSE,性别,M
dimenhydrinate,APPLICATION SITE PAIN,1,1.19260557684138,0.167758359965851,8.47831405959555,FALSE,性别,M
dimenhydrinate,CATHETER SITE ERYTHEMA,1,12.5524509083578,1.76487292111095,89.2778295377488,FALSE,性别,M
dimenhydrinate,ERYTHEMA OF EYELID,1,5.39303895083376,0.758483324733218,38.3460890658869,FALSE,性别,M
dimenhydrinate,EXFOLIATIVE RASH,1,11.5666459298625,1.62633464744091,82.2630805273215,FALSE,性别,M
dimenhydrinate,"HALLUCINATIONS, MIXED",1,7.32812670970566,1.0305545082924,52.1092680119202,FALSE,性别,M
dimenhydrinate,IMPLANT SITE ERYTHEMA,1,26.9036951497641,3.78042979036694,191.462043431095,FALSE,性别,M
dimenhydrinate,INFUSION SITE RASH,1,19.400906268172,2.72699858209056,138.025434445898,FALSE,性别,M
dimenhydrinate,INJECTION SITE ERYTHEMA,1,0.244354848301241,0.0343736140041618,1.7370676205619,FALSE,性别,M
dimenhydrinate,INJECTION SITE PRURITUS,1,0.436030649907028,0.0613363371716235,3.09967527285447,FALSE,性别,M
dimenhydrinate,MYDRIASIS,1,2.55486026548806,0.359360393828603,18.1636905131034,FALSE,性别,M
dimenhydrinate,ORAL PRURITUS,1,12.5722935855485,1.76766135987211,89.419031036952,FALSE,性别,M
dimenhydrinate,ORTHOSTATIC HYPOTENSION,1,1.78186609131995,0.250640874801537,12.6677133963482,FALSE,性别,M
dimenhydrinate,PRURITUS GENERALISED,1,1.5551841684526,0.218757373651221,11.0560743962017,FALSE,性别,M
dimenhydrinate,RASH VESICULAR,1,6.00387810919424,0.844371296938942,42.6904046605322,FALSE,性别,M
dimenhydrinate,SYSTEMIC LUPUS ERYTHEMATOSUS,1,0.754486749932703,0.106132100882391,5.36360112624943,FALSE,性别,M
dimenhydrinate,HEADACHE,1136,25.9715203761469,24.0294384486529,28.0705632006323,TRUE,性别,F
dimenhydrinate,DIZZINESS,733,17.1864512340949,15.7767061749873,18.7221656248002,TRUE,性别,F
dimenhydrinate,RASH,592,13.9255381400195,12.7040872963303,15.2644269490461,TRUE,性别,F
dimenhydrinate,PRURITUS,459,11.5488435047142,10.4400262865252,12.775426290691,TRUE,性别,F
dimenhydrinate,ERYTHEMA,342,15.2967540755412,13.6503463916421,17.1417397430189,TRUE,性别,F
dimenhydrinate,HYPOTENSION,302,14.5196546334132,12.8763030112656,16.3727407229503,TRUE,性别,F
dimenhydrinate,CONFUSIONAL STATE,250,14.9969940434395,13.1615919045364,17.0883455413506,TRUE,性别,F
dimenhydrinate,SOMNOLENCE,234,10.8693383584833,9.50199214619908,12.4334470638828,TRUE,性别,F
dimenhydrinate,VISION BLURRED,224,15.4033688683497,13.4291326173195,17.6678404522155,TRUE,性别,F
dimenhydrinate,TACHYCARDIA,218,23.8184956202541,20.7289675859823,27.3684992394753,TRUE,性别,F
dimenhydrinate,BRADYCARDIA,181,33.2771309246089,28.6021225151104,38.7162680667682,TRUE,性别,F
dimenhydrinate,RASH PRURITIC,166,27.171152943192,23.210914421141,31.8070860487037,TRUE,性别,F
dimenhydrinate,AGITATION,154,21.2232832736032,18.0294594251284,24.9828762078037,TRUE,性别,F
dimenhydrinate,VERTIGO,141,20.5190542725388,17.3114614743739,24.3209730653097,TRUE,性别,F
dimenhydrinate,HALLUCINATION,136,16.6357200532086,13.9948631835438,19.7749115557019,TRUE,性别,F
dimenhydrinate,URINARY RETENTION,124,33.4858397031484,27.9475260598017,40.1216715291939,TRUE,性别,F
dimenhydrinate,DRY MOUTH,103,11.212619401276,9.20547931522692,13.65739137884,TRUE,性别,F
dimenhydrinate,DYSURIA,74,18.0634104215954,14.3309460268345,22.7679872248513,TRUE,性别,F
dimenhydrinate,DELIRIUM,56,14.3092623372684,10.9774294134751,18.6523621263668,TRUE,性别,F
dimenhydrinate,AMNESIA,52,7.5814218597239,5.76021647149967,9.97843704303268,TRUE,性别,F
dimenhydrinate,GLAUCOMA,49,21.6477639044937,16.3100109571573,28.7323952936434,TRUE,性别,F
dimenhydrinate,EYE PRURITUS,48,11.3376659963065,8.51931972236186,15.0883725969809,TRUE,性别,F
dimenhydrinate,RASH ERYTHEMATOUS,45,8.09601296503223,6.02818649742736,10.8731582803456,TRUE,性别,F
dimenhydrinate,LETHARGY,42,6.64286568022242,4.89628937455307,9.01247068337434,TRUE,性别,F
dimenhydrinate,RASH MACULAR,42,9.94812943445015,7.33199378268589,13.4977309280151,TRUE,性别,F
dimenhydrinate,INFUSION SITE ERYTHEMA,33,29.5929177066264,20.9768642365707,41.7479356549591,TRUE,性别,F
dimenhydrinate,INJECTION SITE ERYTHEMA,33,2.34191334456052,1.66116512283685,3.30163331629815,TRUE,性别,F
dimenhydrinate,DRY EYE,32,5.05979735758374,3.56995519101662,7.17139233686596,TRUE,性别,F
dimenhydrinate,EAR PRURITUS,29,64.7037703821495,44.7955350885667,93.4597140850871,TRUE,性别,F
dimenhydrinate,SINUS TACHYCARDIA,28,19.4604178393135,13.4024331664179,28.2566499514125,TRUE,性别,F
dimenhydrinate,INJECTION SITE PRURITUS,27,3.411620243671,2.33475393983508,4.98517316469244,TRUE,性别,F
dimenhydrinate,RASH PAPULAR,27,10.3161852026836,7.05859424639115,15.0771773275505,TRUE,性别,F
dimenhydrinate,SINUS BRADYCARDIA,26,25.386013408413,17.2387623251726,37.383755551353,TRUE,性别,F
dimenhydrinate,RASH MACULO-PAPULAR,24,9.44427997036615,6.31661109142356,14.1206135485789,TRUE,性别,F
dimenhydrinate,DIZZINESS POSTURAL,23,19.2974323851907,12.7928251383335,29.1093556453879,TRUE,性别,F
dimenhydrinate,INFUSION SITE PRURITUS,22,51.8099338126798,33.9999438342602,78.9492257622334,TRUE,性别,F
dimenhydrinate,RASH GENERALISED,22,8.75752684200585,5.75452206919071,13.3276535333957,TRUE,性别,F
dimenhydrinate,LIP PRURITUS,18,157.938489252368,98.8262981862421,252.408183298652,TRUE,性别,F
dimenhydrinate,PRURITUS GENERALISED,16,7.18349967101128,4.39298029813442,11.7466193839598,TRUE,性别,F
dimenhydrinate,SYSTEMIC LUPUS ERYTHEMATOSUS,15,3.26419105354263,1.96471524583057,5.42314885408416,TRUE,性别,F
dimenhydrinate,VENTRICULAR TACHYCARDIA,15,8.9526766172179,5.38748890078951,14.877138512663,TRUE,性别,F
dimenhydrinate,DISORIENTATION,14,3.44734346956254,2.03850414232664,5.82985177727993,TRUE,性别,F
dimenhydrinate,"HALLUCINATION, VISUAL",11,4.67547569102037,2.58546730188912,8.45497946206859,TRUE,性别,F
dimenhydrinate,DERMATITIS CONTACT,10,7.17518460812327,3.85471188909542,13.3559331130012,TRUE,性别,F
dimenhydrinate,SEDATION,10,3.29681763962494,1.77145289865198,6.13564524194415,TRUE,性别,F
dimenhydrinate,MYDRIASIS,9,6.61925671424044,3.43904811014667,12.7403159379322,TRUE,性别,F
dimenhydrinate,ERYTHEMA NODOSUM,8,19.7847812955771,9.87371793734451,39.6443946847335,TRUE,性别,F
dimenhydrinate,INFUSION SITE RASH,8,44.879638769402,22.3692080987883,90.0426142569219,TRUE,性别,F
dimenhydrinate,TONGUE PRURITUS,7,61.3146726352366,29.1048258747565,129.170643265279,TRUE,性别,F
dimenhydrinate,VERTIGO POSITIONAL,7,35.3518611086673,16.8042390447574,74.371358352963,TRUE,性别,F
dimenhydrinate,BUTTERFLY RASH,6,46.6380023897888,20.8760962017975,104.191092332802,TRUE,性别,F
dimenhydrinate,GENERALISED ERYTHEMA,6,12.0400535127444,5.4002230271239,26.8438706811991,TRUE,性别,F
dimenhydrinate,ORAL PRURITUS,6,21.7286666842822,9.7402791980829,48.4724253047657,TRUE,性别,F
dimenhydrinate,SINUS HEADACHE,6,9.40681580092854,4.21980637158295,20.9697260302029,TRUE,性别,F
dimenhydrinate,SUPRAVENTRICULAR TACHYCARDIA,6,6.01270057724382,2.69777253723554,13.4008956398653,TRUE,性别,F
dimenhydrinate,POSTURAL ORTHOSTATIC TACHYCARDIA SYNDROME,5,27.8350682309083,11.5551628825748,67.0515016787607,TRUE,性别,F
dimenhydrinate,ERYTHEMA MULTIFORME,4,4.07996083291005,1.52964627862909,10.8823069951824,TRUE,性别,F
dimenhydrinate,RASH PUSTULAR,4,5.156225914476,1.93300760775396,13.7540408917511,TRUE,性别,F
dimenhydrinate,ANAL PRURITUS,3,12.1051945224338,3.89764141992079,37.596001950569,TRUE,性别,F
dimenhydrinate,APPLICATION SITE PAIN,3,1.02678201231955,0.330906619487111,3.18603871526372,FALSE,性别,F
dimenhydrinate,ERYTHEMA OF EYELID,3,4.64480980422863,1.49646105411713,14.4168523852341,TRUE,性别,F
dimenhydrinate,"HALLUCINATIONS, MIXED",3,6.31244807677567,2.03345948032823,19.5956698953042,TRUE,性别,F
dimenhydrinate,NASAL PRURITUS,3,16.8110204601668,5.41072681943444,52.2315057372802,TRUE,性别,F
dimenhydrinate,ORTHOSTATIC HYPOTENSION,3,1.53418575455643,0.4944096679097,4.76067941679849,FALSE,性别,F
dimenhydrinate,SEDATION COMPLICATION,3,8.3231844762456,2.68074284668909,25.8418668956539,TRUE,性别,F
dimenhydrinate,CATHETER SITE ERYTHEMA,2,7.20502679462885,1.79963553190748,28.8460692128568,FALSE,性别,F
dimenhydrinate,EXFOLIATIVE RASH,2,6.63890663154934,1.65832781866208,26.5780268330716,FALSE,性别,F
dimenhydrinate,EYELIDS PRURITUS,2,5.30376738316561,1.32500324605922,21.2300977664731,FALSE,性别,F
dimenhydrinate,GINGIVAL ERYTHEMA,2,20.8379198730017,5.19762354266272,83.5418150371068,FALSE,性别,F
dimenhydrinate,INJECTION SITE RASH,2,0.530503241170779,0.132595943470906,2.12249094147027,FALSE,性别,F
dimenhydrinate,PHARYNGEAL ERYTHEMA,2,8.48189117578908,2.11829076990685,33.9625130506008,FALSE,性别,F
dimenhydrinate,PROCEDURAL HEADACHE,2,38.0298425603304,9.46936991920301,152.7312733058,FALSE,性别,F
dimenhydrinate,RASH MORBILLIFORM,2,6.3201038539867,1.57874520187713,25.3009242262047,FALSE,性别,F
dimenhydrinate,TENSION HEADACHE,2,3.68059759881585,0.919649038829798,14.7304005250161,FALSE,性别,F
dimenhydrinate,VULVOVAGINAL PRURITUS,2,3.11648938308275,0.778743112855247,12.4720282138442,FALSE,性别,F
dimenhydrinate,APPLICATION SITE HAEMORRHAGE,1,2.51167682178366,0.353529498002404,17.8443962745151,FALSE,性别,F
dimenhydrinate,CLUSTER HEADACHE,1,6.02856616794643,0.848119990126207,42.8519672504123,FALSE,性别,F
dimenhydrinate,"HALLUCINATION, AUDITORY",1,0.574160596891547,0.080838036282558,4.07803561519699,FALSE,性别,F
dimenhydrinate,MEDICATION OVERUSE HEADACHE,1,8.1168868371473,1.1415710925177,57.7133148858474,FALSE,性别,F
dimenhydrinate,PROCEDURAL HYPOTENSION,1,13.0088560489235,1.82830482261976,92.5613352915214,FALSE,性别,F
dimenhydrinate,PRURITUS GENITAL,1,3.29896779678222,0.464291814648585,23.4404057552542,FALSE,性别,F
dimenhydrinate,TONGUE ERYTHEMA,1,8.54251168237845,1.2013584333339,60.7433250716526,FALSE,性别,F
dimenhydrinate,DIZZINESS,1,Inf,,Inf,FALSE,性别,UNK
dimenhydrinate,DRY MOUTH,1,Inf,,Inf,FALSE,性别,UNK
dimenhydrinate,EYE PRURITUS,1,Inf,,Inf,FALSE,性别,UNK
dimenhydrinate,HYPOTENSION,1,Inf,,Inf,FALSE,性别,UNK
dimenhydrinate,VERTIGO,1,Inf,,Inf,FALSE,性别,UNK
meclizine,DIZZINESS,355,20.8694478517809,18.387115941807,23.6869041896845,TRUE,性别,M
meclizine,HEADACHE,165,5.87927033758144,4.9819107826517,6.93826549899932,TRUE,性别,M
meclizine,VERTIGO,148,55.7144158092493,46.8404145806118,66.2696126146325,TRUE,性别,M
meclizine,RASH,107,5.08112293215753,4.16205504310774,6.20314003161751,TRUE,性别,M
meclizine,HYPOTENSION,102,11.284180770366,9.20300960837861,13.8359885599133,TRUE,性别,M
meclizine,SOMNOLENCE,86,9.31840868705945,7.47635019184832,11.6143222603111,TRUE,性别,M
meclizine,PRURITUS,82,4.33386500830307,3.4603875565266,5.4278272602063,TRUE,性别,M
meclizine,CONFUSIONAL STATE,69,9.42553385924965,7.38597386562923,12.0282971681342,TRUE,性别,M
meclizine,HALLUCINATION,56,16.1564284471712,12.3456201681556,21.1435453718125,TRUE,性别,M
meclizine,AGITATION,42,13.3608471508704,9.81382234492047,18.189878552399,TRUE,性别,M
meclizine,TACHYCARDIA,37,9.03802619504361,6.51128146288084,12.5452905035614,TRUE,性别,M
meclizine,VISION BLURRED,36,5.52039024123979,3.95987277572103,7.69588068647648,TRUE,性别,M
meclizine,BRADYCARDIA,33,13.7099423705091,9.69412577899674,19.3893213362178,TRUE,性别,M
meclizine,DYSURIA,33,19.0563932904451,13.4738080669318,26.9520037272445,TRUE,性别,M
meclizine,LETHARGY,30,11.3490143741504,7.89437210491934,16.3154365607381,TRUE,性别,M
meclizine,AMNESIA,27,9.34970431873139,6.38077733950753,13.7000503538102,TRUE,性别,M
meclizine,DRY MOUTH,23,5.80120159191029,3.83794180369031,8.76874680007472,TRUE,性别,M
meclizine,ERYTHEMA,23,2.15269475331917,1.42423699214417,3.25373847648158,TRUE,性别,M
meclizine,"HALLUCINATION, AUDITORY",17,23.4738018075403,14.5332256462637,37.9144578575606,TRUE,性别,M
meclizine,DISORIENTATION,15,8.81015188607596,5.29197093459985,14.6672718378407,TRUE,性别,M
meclizine,ORTHOSTATIC HYPOTENSION,14,17.1480059585907,10.1187468696159,29.0603285312763,TRUE,性别,M
meclizine,URINARY RETENTION,14,8.58810146291245,5.06838129422294,14.5520793436254,TRUE,性别,M
meclizine,DRY EYE,13,4.85736809373599,2.81102192984176,8.39339762794827,TRUE,性别,M
meclizine,INJECTION SITE ERYTHEMA,11,1.84094531381475,1.01642046754181,3.33432841691283,TRUE,性别,M
meclizine,GLAUCOMA,10,10.320497464189,5.53601701411474,19.2399459099864,TRUE,性别,M
meclizine,RASH MACULAR,10,5.55612509633228,2.98062872137378,10.3570518074673,TRUE,性别,M
meclizine,RASH PRURITIC,9,3.27607589892954,1.69985128780048,6.31388955761803,TRUE,性别,M
meclizine,VENTRICULAR TACHYCARDIA,9,12.7297059976066,6.6037936099233,24.5382312587723,TRUE,性别,M
meclizine,DELIRIUM,8,4.7567623124723,2.37251726719533,9.53703815361692,TRUE,性别,M
meclizine,DIZZINESS POSTURAL,8,15.8217954391475,7.88954472824976,31.7292340104095,TRUE,性别,M
meclizine,"HALLUCINATION, VISUAL",6,6.03761562761858,2.70604688476201,13.4708687688056,TRUE,性别,M
meclizine,INJECTION SITE PRURITUS,6,1.78356198865429,0.799472205136184,3.9789918235251,FALSE,性别,M
meclizine,RASH ERYTHEMATOUS,6,2.52006299586559,1.12958447432047,5.62217138027813,TRUE,性别,M
meclizine,VERTIGO POSITIONAL,6,71.8184118551373,32.1370371631508,160.49657145458,TRUE,性别,M
meclizine,INJECTION SITE RASH,5,3.14927723330571,1.30805011075832,7.5822378750214,TRUE,性别,M
meclizine,PRURITUS GENERALISED,5,5.29719466441652,2.20005900307498,12.7543267128307,TRUE,性别,M
meclizine,APPLICATION SITE PRURITUS,4,3.4328103385729,1.28592394865725,9.16398425654791,TRUE,性别,M
meclizine,EYE PRURITUS,4,2.19797334871197,0.82338708144191,5.86733378569404,FALSE,性别,M
meclizine,"HALLUCINATIONS, MIXED",4,19.9634260047305,7.4745385826695,53.3194622568949,TRUE,性别,M
meclizine,RASH GENERALISED,4,3.74390210562923,1.40244516817493,9.9945461645219,TRUE,性别,M
meclizine,SEDATION,4,3.11756541431086,1.16784491273799,8.32235000255363,TRUE,性别,M
meclizine,SINUS BRADYCARDIA,4,9.14978989443476,3.4269031170284,24.4298284057987,TRUE,性别,M
meclizine,SINUS TACHYCARDIA,4,6.51247591926857,2.43933432060261,17.3868510932833,TRUE,性别,M
meclizine,SUPRAVENTRICULAR TACHYCARDIA,4,9.49098753545206,3.55465655330116,25.3410823373221,TRUE,性别,M
meclizine,APPLICATION SITE RASH,3,4.09439709733699,1.31826170804037,12.716812973049,TRUE,性别,M
meclizine,DERMATITIS CONTACT,3,5.08187344970231,1.63614047496437,15.7843645786903,TRUE,性别,M
meclizine,MYDRIASIS,3,5.21152214553482,1.67787409647768,16.1871281822731,TRUE,性别,M
meclizine,RASH PAPULAR,3,2.68664581741715,0.865054329742952,8.34406059835559,FALSE,性别,M
meclizine,SEDATION COMPLICATION,3,19.717684341219,6.34499612523317,61.2745962497597,TRUE,性别,M
meclizine,SYSTEMIC LUPUS ERYTHEMATOSUS,3,1.53880470676026,0.495488790679177,4.77895760729878,FALSE,性别,M
meclizine,APPLICATION SITE ERYTHEMA,2,1.50810912790975,0.37666202517927,6.03828628756038,FALSE,性别,M
meclizine,EXFOLIATIVE RASH,2,15.7192877800112,3.92363300389164,62.9763303718082,FALSE,性别,M
meclizine,INFUSION SITE ERYTHEMA,2,4.17884149324071,1.04357923230999,16.7334838457604,FALSE,性别,M
meclizine,NASAL PRURITUS,2,26.5042595591823,6.61258478501279,106.23315959179,FALSE,性别,M
meclizine,ORAL MUCOSAL ERYTHEMA,2,23.522805005727,5.86948437568964,94.2710330108756,FALSE,性别,M
meclizine,POSTURAL ORTHOSTATIC TACHYCARDIA SYNDROME,2,26.267981585003,6.55370155134787,105.285059312496,FALSE,性别,M
meclizine,SINUS HEADACHE,2,7.40606248230076,1.8492560380199,29.660447425373,FALSE,性别,M
meclizine,STOMA SITE ERYTHEMA,2,17.5778584792554,4.38719580658135,70.4279276191004,FALSE,性别,M
meclizine,APPLICATION SITE HAEMORRHAGE,1,5.94388336211024,0.836194390029536,42.2506415298038,FALSE,性别,M
meclizine,APPLICATION SITE HYPERSENSITIVITY,1,15.2186639331846,2.1397839454519,108.238839908812,FALSE,性别,M
meclizine,APPLICATION SITE IRRITATION,1,1.62185534677768,0.228224684921534,11.5255488983399,FALSE,性别,M
meclizine,APPLICATION SITE PAIN,1,0.809251988922291,0.113882140482172,5.75058370699667,FALSE,性别,M
meclizine,APPLICATION SITE SCAB,1,8.19009729100776,1.15203861301768,58.2252130078066,FALSE,性别,M
meclizine,ATRIAL TACHYCARDIA,1,9.95214680832382,1.3997435398625,70.7595522135144,FALSE,性别,M
meclizine,BRADYCARDIA NEONATAL,1,16.7626792634557,2.35665653117352,119.23138241514,FALSE,性别,M
meclizine,BUTTERFLY RASH,1,18.2557164744312,2.56633021129231,129.862939121539,FALSE,性别,M
meclizine,CUTANEOUS LUPUS ERYTHEMATOSUS,1,12.6701584148767,1.78173193588929,90.0993640089564,FALSE,性别,M
meclizine,ERYTHEMA OF EYELID,1,3.65948948956408,0.514893581720708,26.0089925368192,FALSE,性别,M
meclizine,GENITAL RASH,1,14.5225217234186,2.04199047650978,103.283359855647,FALSE,性别,M
meclizine,"HALLUCINATION, TACTILE",1,32.0023110947024,4.49504607415049,227.839247586726,FALSE,性别,M
meclizine,INFUSION SITE RASH,1,13.164639357932,1.85121261309806,93.6184899552825,FALSE,性别,M
meclizine,RASH MACULO-PAPULAR,1,0.921745794516577,0.129711970094492,6.55001469093465,FALSE,性别,M
meclizine,RASH VESICULAR,1,4.07397926264308,0.573198309132569,28.9556105941115,FALSE,性别,M
meclizine,TENSION HEADACHE,1,4.35221134152586,0.612334536059151,30.9336521882485,FALSE,性别,M
meclizine,DIZZINESS,2,Inf,,Inf,FALSE,性别,NS
meclizine,SOMNOLENCE,1,109.060604929052,6.82123678197739,1743.70366073741,FALSE,性别,NS
meclizine,DIZZINESS,1236,21.7032383449221,20.2697101199793,23.2381495279606,TRUE,性别,F
meclizine,HEADACHE,979,11.8622321115026,11.026516074836,12.7612883083069,TRUE,性别,F
meclizine,VERTIGO,481,53.3110066162558,48.4215772329597,58.6941522529325,TRUE,性别,F
meclizine,PRURITUS,420,6.82334240403214,6.16405048712454,7.55315058822335,TRUE,性别,F
meclizine,RASH,420,5.97794928037479,5.40038003930699,6.6172894016028,TRUE,性别,F
meclizine,SOMNOLENCE,247,7.78468727890172,6.84134786787364,8.85810182447714,TRUE,性别,F
meclizine,VISION BLURRED,198,9.14522337444332,7.924390931702,10.5541373828337,TRUE,性别,F
meclizine,ERYTHEMA,193,5.49715761897041,4.75526963877833,6.35479040796683,TRUE,性别,F
meclizine,HYPOTENSION,184,5.71995672084737,4.93161346755102,6.6343206140635,TRUE,性别,F
meclizine,CONFUSIONAL STATE,163,6.42837678886781,5.4937931732856,7.52194828531201,TRUE,性别,F
meclizine,DRY MOUTH,125,9.41823649349109,7.87856626452914,11.25879705381,TRUE,性别,F
meclizine,HALLUCINATION,113,9.40134469109782,7.79454747780525,11.3393731005562,TRUE,性别,F
meclizine,AMNESIA,110,11.2910153682316,9.3379229293709,13.6526108653833,TRUE,性别,F
meclizine,INJECTION SITE ERYTHEMA,88,4.39998944029779,3.56102987625833,5.43660338370261,TRUE,性别,F
meclizine,DRY EYE,84,9.35700060737745,7.53535428914444,11.6190237388829,TRUE,性别,F
meclizine,TACHYCARDIA,61,4.31064707210768,3.34657152746105,5.55245212235698,TRUE,性别,F
meclizine,DYSURIA,56,9.38203552649552,7.20395077369661,12.2186552053932,TRUE,性别,F
meclizine,RASH PRURITIC,52,5.61070604607079,4.26649205747636,7.37843219003573,TRUE,性别,F
meclizine,DIZZINESS POSTURAL,50,29.4444851714873,22.2556491063764,38.9553997221111,TRUE,性别,F
meclizine,LETHARGY,48,5.26950881105727,3.96313072072493,7.00651203973683,TRUE,性别,F
meclizine,DISORIENTATION,42,7.25188778513375,5.34881297518954,9.8320649258275,TRUE,性别,F
meclizine,BRADYCARDIA,40,4.79729539001694,3.5124420188362,6.55214888549339,TRUE,性别,F
meclizine,AGITATION,39,3.54929258195465,2.58860604724261,4.86651023848807,TRUE,性别,F
meclizine,INJECTION SITE PRURITUS,39,3.43248964618198,2.50342762465696,4.70634143967352,TRUE,性别,F
meclizine,RASH MACULAR,39,6.39454900779458,4.66330724777398,8.76851016681465,TRUE,性别,F
meclizine,INFUSION SITE ERYTHEMA,36,22.4193299768277,16.1335956619783,31.1540196705446,TRUE,性别,F
meclizine,SYSTEMIC LUPUS ERYTHEMATOSUS,36,5.480324738106,3.94605448520712,7.61113647763537,TRUE,性别,F
meclizine,DELIRIUM,32,5.61397588215839,3.96327838180228,7.95218558205947,TRUE,性别,F
meclizine,EYE PRURITUS,30,4.87918065380841,3.40585299406393,6.98985067587783,TRUE,性别,F
meclizine,ORTHOSTATIC HYPOTENSION,30,10.779548218458,7.52288709820652,15.4460193642629,TRUE,性别,F
meclizine,URINARY RETENTION,30,5.39541159054022,3.7661296405366,7.72954438902112,TRUE,性别,F
meclizine,"HALLUCINATION, VISUAL",26,7.7238880699234,5.25021022657473,11.363058685676,TRUE,性别,F
meclizine,RASH ERYTHEMATOUS,26,3.22157714434175,2.1902176945202,4.73859713713011,TRUE,性别,F
meclizine,GLAUCOMA,25,7.58480225299383,5.11670358839505,11.2434156529019,TRUE,性别,F
meclizine,INFUSION SITE PRURITUS,24,39.3032355650548,26.2664367243058,58.8105780047717,TRUE,性别,F
meclizine,SEDATION,21,4.83225290621598,3.14613642097949,7.42201386879562,TRUE,性别,F
meclizine,RASH PAPULAR,19,5.02585662709581,3.20127773303759,7.89036033189011,TRUE,性别,F
meclizine,DERMATITIS CONTACT,17,8.50619266009586,5.27991770062644,13.7038714755126,TRUE,性别,F
meclizine,PRURITUS GENERALISED,16,4.99275795476096,3.05467579780372,8.16048367972521,TRUE,性别,F
meclizine,INJECTION SITE RASH,15,2.78109611848547,1.67464708724151,4.6185824339833,TRUE,性别,F
meclizine,VERTIGO POSITIONAL,15,53.1346076398281,31.9104875888082,88.4751924012806,TRUE,性别,F
meclizine,ADMINISTRATION SITE ERYTHEMA,14,254.508047716678,148.527981393712,436.108709919469,TRUE,性别,F
meclizine,RASH GENERALISED,14,3.86046842584411,2.2836028929812,6.52618566596902,TRUE,性别,F
meclizine,SINUS TACHYCARDIA,14,6.71810734343301,3.97337631418506,11.3588451505996,TRUE,性别,F
meclizine,APPLICATION SITE PRURITUS,12,3.03191400790512,1.71994877185303,5.34463741116399,TRUE,性别,F
meclizine,VULVOVAGINAL PRURITUS,12,13.0828420935769,7.4172505125985,23.0760383453066,TRUE,性别,F
meclizine,APPLICATION SITE ERYTHEMA,11,2.44578929197998,1.35307081602859,4.4209698338786,TRUE,性别,F
meclizine,"HALLUCINATION, AUDITORY",11,4.41302959227463,2.4411000614629,7.97789098846719,TRUE,性别,F
meclizine,SINUS HEADACHE,11,12.030556790084,6.65166440559545,21.7591098789776,TRUE,性别,F
meclizine,VENTRICULAR TACHYCARDIA,11,4.55711295417123,2.52077842145307,8.23843869034081,TRUE,性别,F
meclizine,MYDRIASIS,10,5.11793833011368,2.75048374732546,9.52315852668347,TRUE,性别,F
meclizine,TENSION HEADACHE,10,12.8672004805315,6.9116259311405,23.9545441052058,TRUE,性别,F
meclizine,POSTURAL ORTHOSTATIC TACHYCARDIA SYNDROME,8,31.095180138032,15.5038589900163,62.3657779936786,TRUE,性别,F
meclizine,SUPRAVENTRICULAR TACHYCARDIA,7,4.88332170900173,2.3255043403115,10.2544770612698,TRUE,性别,F
meclizine,SOMNOLENCE NEONATAL,6,280.637535316339,123.108965585295,639.737535393905,TRUE,性别,F
meclizine,APPLICATION SITE PAIN,5,1.1920005386559,0.495788297346812,2.86587096097198,FALSE,性别,F
meclizine,CATHETER SITE ERYTHEMA,5,12.5700234593005,5.22278901023415,30.2530868962443,TRUE,性别,F
meclizine,EXFOLIATIVE RASH,5,11.5809208337848,4.81225776137224,27.8700215177473,TRUE,性别,F
meclizine,PHARYNGEAL ERYTHEMA,5,14.8018126995466,6.14882909072298,35.6317692295294,TRUE,性别,F
meclizine,PRURITUS ALLERGIC,5,22.5818833737973,9.37406618530947,54.3991739152575,TRUE,性别,F
meclizine,SINUS BRADYCARDIA,5,3.35987645414186,1.39719394304431,8.07960114864231,TRUE,性别,F
meclizine,APPLICATION SITE VESICLES,4,3.42564948770099,1.28455280354354,9.13553291091961,TRUE,性别,F
meclizine,APPLICATION SITE IRRITATION,3,1.43258999608509,0.4617414225927,4.4447259796603,FALSE,性别,F
meclizine,APPLICATION SITE RASH,3,1.20308207516471,0.387778746829157,3.73255752518154,FALSE,性别,F
meclizine,EAR PRURITUS,3,4.57405367138811,1.4737246982516,14.1966589917102,TRUE,性别,F
meclizine,GENERALISED ERYTHEMA,3,4.18199905985859,1.34747038322961,12.9792211794224,TRUE,性别,F
meclizine,INFUSION SITE RASH,3,11.6449730956394,3.74877665373637,36.1732402123791,TRUE,性别,F
meclizine,PROCEDURAL DIZZINESS,3,51.4417099375232,16.4824830821125,160.549202939458,TRUE,性别,F
meclizine,RASH MACULO-PAPULAR,3,0.814110537869077,0.262417118866918,2.52565827538712,FALSE,性别,F
meclizine,RASH PUSTULAR,3,2.69038803678974,0.867015876302204,8.34839128825644,FALSE,性别,F
meclizine,STOMA SITE ERYTHEMA,3,7.7588331648304,2.49889222312402,24.0904715788074,TRUE,性别,F
meclizine,VERTIGO LABYRINTHINE,3,550.038430429102,166.408417770159,1818.07073826504,TRUE,性别,F
meclizine,ANAL PRURITUS,2,5.61279640864947,1.40204295440006,22.4696992528511,FALSE,性别,F
meclizine,APPLICATION SITE BURN,2,2.29785582017202,0.574267180822275,9.19457274702337,FALSE,性别,F
meclizine,APPLICATION SITE HAEMORRHAGE,2,3.49980747015787,0.874499402726248,14.006473063318,FALSE,性别,F
meclizine,APPLICATION SITE REACTION,2,2.16127621827199,0.540144697680112,8.64789548380315,FALSE,性别,F
meclizine,APPLICATION SITE URTICARIA,2,5.44600015402387,1.36041121404381,21.8014357507884,FALSE,性别,F
meclizine,ATRIAL TACHYCARDIA,2,5.86135738985422,1.46407913002096,23.4656103943691,FALSE,性别,F
meclizine,CLUSTER HEADACHE,2,8.40461406085845,2.09857107037471,33.6598262070614,FALSE,性别,F
meclizine,"HALLUCINATION, TACTILE",2,18.8736067892504,4.70544632200974,75.7022838766749,FALSE,性别,F
meclizine,"HALLUCINATIONS, MIXED",2,2.92770781836776,0.731609273165491,11.7159163834065,FALSE,性别,F
meclizine,OPEN ANGLE GLAUCOMA,2,20.1079918568813,5.01229762456824,80.6678626852756,FALSE,性别,F
meclizine,RASH VESICULAR,2,2.39851545099231,0.59941469977347,9.59748963584471,FALSE,性别,F
meclizine,TONGUE ERYTHEMA,2,11.9137654986523,2.97326521215211,47.7380247738277,FALSE,性别,F
meclizine,TONGUE PRURITUS,2,12.0952016090413,3.01846589894126,48.4663093310638,FALSE,性别,F
meclizine,ANGLE CLOSURE GLAUCOMA,1,2.63056300898384,0.370238749620563,18.6902687828487,FALSE,性别,F
meclizine,APPLICATION SITE HYPERSENSITIVITY,1,4.47758543488876,0.629958777673812,31.8255289667685,FALSE,性别,F
meclizine,APPLICATION SITE PAPULES,1,5.4077187463965,0.760675295100105,38.4440276008697,FALSE,性别,F
meclizine,APPLICATION SITE SCAR,1,4.70767284102492,0.66229882316223,33.4625139031766,FALSE,性别,F
meclizine,BRADYCARDIA FOETAL,1,7.69672183601214,1.08214809054814,54.7425325039752,FALSE,性别,F
meclizine,BRADYCARDIA NEONATAL,1,4.93186057008067,0.693806693628615,35.0576737095251,FALSE,性别,F
meclizine,CATHETER SITE PRURITUS,1,5.60495125778687,0.788386991129056,39.8477891640198,FALSE,性别,F
meclizine,CERVICOGENIC HEADACHE,1,39.7033773466271,5.54570363744133,284.248541895752,FALSE,性别,F
meclizine,CUTANEOUS LUPUS ERYTHEMATOSUS,1,3.72777248538689,0.524547222940766,26.4919669670556,FALSE,性别,F
meclizine,DIZZINESS EXERTIONAL,1,7.17508838912643,1.00891532033283,51.0269715943985,FALSE,性别,F
meclizine,ERYTHEMA OF EYELID,1,1.07668297612835,0.151586236602261,7.64743724145802,FALSE,性别,F
meclizine,EYELIDS PRURITUS,1,1.84498135110703,0.259713959167513,13.1065584493176,FALSE,性别,F
meclizine,GINGIVAL ERYTHEMA,1,7.24051718418667,1.01810181199085,51.4929729787906,FALSE,性别,F
meclizine,IMPLANT SITE ERYTHEMA,1,5.37113708992158,0.755535227312439,38.1836777371086,FALSE,性别,F
meclizine,NASAL PRURITUS,1,3.89224492455745,0.547672166634367,27.6617499951522,FALSE,性别,F
meclizine,ORAL MUCOSAL ERYTHEMA,1,3.45472517762198,0.486153120409179,24.5501377073335,FALSE,性别,F
meclizine,PALMAR ERYTHEMA,1,5.13382279151451,0.722188452092817,36.4948184622682,FALSE,性别,F
meclizine,PROCEDURAL HYPOTENSION,1,9.05759672456667,1.27312909279037,64.4397012757522,FALSE,性别,F
meclizine,PRURITUS GENITAL,1,2.29695214025284,0.323306843779402,16.3188291127299,FALSE,性别,F
meclizine,RASH MORBILLIFORM,1,2.19836348788825,0.309436298713093,15.6180837380075,FALSE,性别,F
meclizine,SUBACUTE CUTANEOUS LUPUS ERYTHEMATOSUS,1,2.73791306987304,0.385339235237296,19.4534251711103,FALSE,性别,F
meclizine,DIZZINESS,1,Inf,,Inf,FALSE,性别,UNK
cinnarizine,DIZZINESS,16,9.50130857560012,5.53106331298356,16.3214303544243,TRUE,性别,M
cinnarizine,HYPOTENSION,14,20.4547394836779,11.5601169274482,36.1930912957891,TRUE,性别,M
cinnarizine,CONFUSIONAL STATE,12,21.7908211650109,11.8599517988803,40.0372526885243,TRUE,性别,M
cinnarizine,DELIRIUM,10,81.6733921885885,42.2986550663345,157.70106593531,TRUE,性别,M
cinnarizine,"HALLUCINATION, AUDITORY",7,126.73320404701,58.5623547205546,274.259890755108,TRUE,性别,M
cinnarizine,LETHARGY,7,34.3123796826512,15.8578795261761,74.2431797103149,TRUE,性别,M
cinnarizine,SOMNOLENCE,7,9.31035626751577,4.30307063002467,20.1443901996964,TRUE,性别,M
cinnarizine,VERTIGO,6,25.6442333070691,11.1974741105378,58.7299149268413,TRUE,性别,M
cinnarizine,AGITATION,5,19.8882854164975,8.06748173754053,49.0294133505721,TRUE,性别,M
cinnarizine,PRURITUS,4,2.51404272328057,0.92227886416259,6.85303660321739,FALSE,性别,M
cinnarizine,RASH,4,2.20290389062564,0.808137878349624,6.00489802710886,FALSE,性别,M
cinnarizine,MEDICATION OVERUSE HEADACHE,3,733.495976550618,231.519718885989,2323.84675570935,TRUE,性别,M
cinnarizine,RASH ERYTHEMATOUS,3,15.9258793508757,5.03658107297637,50.3582945302944,TRUE,性别,M
cinnarizine,RASH GENERALISED,3,35.5561538079668,11.2440851702513,112.436010086495,TRUE,性别,M
cinnarizine,HEADACHE,2,0.75994669588653,0.187068821348184,3.08720061647226,FALSE,性别,M
cinnarizine,URINARY RETENTION,2,15.2100414495989,3.74392832118853,61.7921447879313,FALSE,性别,M
cinnarizine,DIZZINESS POSTURAL,1,24.3651126439063,3.39372839492634,174.928174876271,FALSE,性别,M
cinnarizine,DRY MOUTH,1,3.06597845289023,0.427093154238886,22.009774168212,FALSE,性别,M
cinnarizine,DYSURIA,1,6.94851966537999,0.967915905574454,49.8823557522978,FALSE,性别,M
cinnarizine,PHARYNGEAL ERYTHEMA,1,124.421868843231,17.3218671329008,893.714362757017,FALSE,性别,M
cinnarizine,PRURITUS GENERALISED,1,13.095841585039,1.82417207434421,94.0158383260481,FALSE,性别,M
cinnarizine,RASH MACULAR,1,6.83611048298165,0.952258033945784,49.0753607421833,FALSE,性别,M
cinnarizine,TACHYCARDIA,1,2.9298682766191,0.408133171471996,21.0326646260557,FALSE,性别,M
cinnarizine,VISION BLURRED,1,1.84137980816779,0.256507145256681,13.2186555448,FALSE,性别,M
cinnarizine,DIZZINESS,1,Inf,,Inf,FALSE,性别,NS
cinnarizine,DIZZINESS,90,20.867236730047,16.2275335169122,26.8335029654391,TRUE,性别,F
cinnarizine,HEADACHE,66,10.3415173073606,7.84380734892623,13.6345750808222,TRUE,性别,F
cinnarizine,TACHYCARDIA,28,29.0039492650975,19.6226254828289,42.8703627712043,TRUE,性别,F
cinnarizine,VERTIGO,21,29.1086923337643,18.6537222033996,45.4234259598508,TRUE,性别,F
cinnarizine,MEDICATION OVERUSE HEADACHE,18,1487.850767059,918.263928732059,2410.74470614863,TRUE,性别,F
cinnarizine,SOMNOLENCE,18,7.58019189643148,4.70089644712805,12.2230535883915,TRUE,性别,F
cinnarizine,VISION BLURRED,18,11.2632218172334,6.98486295813256,18.1621552870264,TRUE,性别,F
cinnarizine,CONFUSIONAL STATE,16,8.57179613589874,5.17402545120877,14.2008750610693,TRUE,性别,F
cinnarizine,LETHARGY,16,24.6451115698788,14.8752069869139,40.83180320288,TRUE,性别,F
cinnarizine,HYPOTENSION,15,6.27357695102786,3.72835996126247,10.5563218598509,TRUE,性别,F
cinnarizine,PRURITUS,15,3.05866441027844,1.81777248478238,5.14664406740867,TRUE,性别,F
cinnarizine,RASH,13,2.30515422824064,1.32089357109357,4.02283433901223,TRUE,性别,F
cinnarizine,ORTHOSTATIC HYPOTENSION,11,54.6437665613971,29.890456229475,99.8961407980124,TRUE,性别,F
cinnarizine,DISORIENTATION,10,23.710554975875,12.6101804276501,44.5822659310477,TRUE,性别,F
cinnarizine,ERYTHEMA,10,3.75072098267255,1.99495982972232,7.05172489203369,TRUE,性别,F
cinnarizine,SINUS TACHYCARDIA,8,52.7528813766735,26.105621994247,106.600275379559,TRUE,性别,F
cinnarizine,AGITATION,7,8.66269014048919,4.09032587391354,18.3462645234987,TRUE,性别,F
cinnarizine,BRADYCARDIA,7,11.410364734902,5.38763287200459,24.1657934897582,TRUE,性别,F
cinnarizine,DRY MOUTH,7,6.99554355341604,3.3031677994911,14.8153628814377,TRUE,性别,F
cinnarizine,HALLUCINATION,6,6.61863554065246,2.9472506214417,14.8634582011079,TRUE,性别,F
cinnarizine,RASH PRURITIC,6,8.73601877993951,3.89006254240453,19.6187139130884,TRUE,性别,F
cinnarizine,RASH PAPULAR,5,17.9467109861353,7.40924367565776,43.4706225519401,TRUE,性别,F
cinnarizine,DRY EYE,4,5.9116569507677,2.20279754364628,15.8651384029198,TRUE,性别,F
cinnarizine,"HALLUCINATION, VISUAL",4,16.025343069295,5.970898840583,43.0105462084042,TRUE,性别,F
cinnarizine,AMNESIA,3,4.03983285848908,1.29483505522792,12.604114677491,TRUE,性别,F
cinnarizine,DYSURIA,3,6.69531728768104,2.14591324039198,20.8896020300114,TRUE,性别,F
cinnarizine,GLAUCOMA,3,12.2328425150403,3.9205537691251,38.1686988139868,TRUE,性别,F
cinnarizine,RASH ERYTHEMATOUS,3,4.99858040896384,1.60211653922096,15.5954985128777,TRUE,性别,F
cinnarizine,SUBACUTE CUTANEOUS LUPUS ERYTHEMATOSUS,3,111.394872451765,35.6705595304854,347.872805245457,TRUE,性别,F
cinnarizine,MYDRIASIS,2,13.7702122023665,3.4260219949299,55.3466219361158,FALSE,性别,F
cinnarizine,RASH MACULAR,2,4.37521344910584,1.08866074966613,17.5835242807342,FALSE,性别,F
cinnarizine,SEDATION,2,6.17247077734873,1.53583295467594,24.806991789848,FALSE,性别,F
cinnarizine,URINARY RETENTION,2,4.81185279049488,1.19730174746714,19.3384226878269,FALSE,性别,F
cinnarizine,APPLICATION SITE ERYTHEMA,1,2.98069989807146,0.418350787593774,21.2371343519264,FALSE,性别,F
cinnarizine,APPLICATION SITE PRURITUS,1,3.38578734199341,0.475203170289979,24.1234836842682,FALSE,性别,F
cinnarizine,DIZZINESS POSTURAL,1,7.76850401521704,1.0902547525572,55.3537184707454,FALSE,性别,F
cinnarizine,ERYTHEMA MULTIFORME,1,9.5353699136735,1.33818582487416,67.9451819773537,FALSE,性别,F
cinnarizine,GENERALISED ERYTHEMA,1,18.7258175209385,2.62759686957319,133.451309022317,FALSE,性别,F
cinnarizine,INJECTION SITE ERYTHEMA,1,0.656056993072939,0.0920829704640826,4.67416261650453,FALSE,性别,F
cinnarizine,LIP PRURITUS,1,79.8884175430988,11.1994419592746,569.864041507461,FALSE,性别,F
cinnarizine,PRURITUS GENERALISED,1,4.17544129546237,0.586025884175452,29.7500681840749,FALSE,性别,F
cinnarizine,RASH GENERALISED,1,3.6925646781455,0.518257659460077,26.3093726709081,FALSE,性别,F
cinnarizine,TENSION HEADACHE,1,17.2204135499455,2.41641490505468,122.720085119006,FALSE,性别,F
cinnarizine,VERTIGO POSITIONAL,1,46.9710224616431,6.58810830945286,334.887777714057,FALSE,性别,F
promethazine,HEADACHE,385,5.7860214654765,5.19207934630536,6.4479069301546,TRUE,性别,M
promethazine,DIZZINESS,356,6.92544530877953,6.1922196760559,7.74549276899127,TRUE,性别,M
promethazine,SOMNOLENCE,296,14.1210006652932,12.5096658912616,15.9398869260371,TRUE,性别,M
promethazine,RASH,291,5.93945316192983,5.25725654484456,6.71017355950647,TRUE,性别,M
promethazine,TACHYCARDIA,251,27.8134072682463,24.412787764938,31.6877216693937,TRUE,性别,M
promethazine,CONFUSIONAL STATE,214,12.633525142207,10.9829876240814,14.5321075632301,TRUE,性别,M
promethazine,HYPOTENSION,187,8.54970232065238,7.36695286976636,9.92233981457342,TRUE,性别,M
promethazine,PRURITUS,184,4.09410597595326,3.52395131614633,4.75650831654115,TRUE,性别,M
promethazine,AGITATION,161,22.2458429197826,18.9615031784881,26.0990662266208,TRUE,性别,M
promethazine,HALLUCINATION,137,16.7583263892442,14.1064310355254,19.9087566983578,TRUE,性别,M
promethazine,LETHARGY,118,19.2639149410881,16.0113839902116,23.177160642974,TRUE,性别,M
promethazine,ERYTHEMA,97,3.9042165270258,3.18723512981142,4.7824857812744,TRUE,性别,M
promethazine,SINUS TACHYCARDIA,91,65.2315112159346,52.8700840632161,80.4831339104126,TRUE,性别,M
promethazine,VISION BLURRED,83,5.3766536769399,4.32023064547646,6.69140310645688,TRUE,性别,M
promethazine,DRY MOUTH,75,8.06675756597843,6.41055966596995,10.1508418950851,TRUE,性别,M
promethazine,SEDATION,73,24.7355293191858,19.5922452394352,31.2290093974925,TRUE,性别,M
promethazine,AMNESIA,71,10.4298041796778,8.2369223922489,13.2064878174387,TRUE,性别,M
promethazine,DISORIENTATION,62,15.577949237432,12.1050571017293,20.0472001416119,TRUE,性别,M
promethazine,URINARY RETENTION,62,16.2869413224453,12.6558317188311,20.9598597337605,TRUE,性别,M
promethazine,DELIRIUM,61,15.6144283542028,12.109045258362,20.1345661550127,TRUE,性别,M
promethazine,DYSURIA,55,13.310623082932,10.1875889773422,17.3910320930618,TRUE,性别,M
promethazine,BRADYCARDIA,48,8.33112061837724,6.26053344750725,11.0865266258718,TRUE,性别,M
promethazine,MYDRIASIS,47,35.2144949127306,26.3696126523937,47.0261231480837,TRUE,性别,M
promethazine,"HALLUCINATION, AUDITORY",45,26.3719483862597,19.6287722934788,35.431643471589,TRUE,性别,M
promethazine,RASH PRURITIC,42,6.51865033873899,4.80475064591859,8.84391415293063,TRUE,性别,M
promethazine,VENTRICULAR TACHYCARDIA,38,22.921731612738,16.6306571377231,31.5926048968094,TRUE,性别,M
promethazine,VERTIGO,37,5.15179564276098,3.72353573865202,7.12790213593581,TRUE,性别,M
promethazine,ORTHOSTATIC HYPOTENSION,34,17.632716236366,12.565585982332,24.7431900358143,TRUE,性别,M
promethazine,RASH MACULAR,34,8.02265263217553,5.71849828640279,11.255219820489,TRUE,性别,M
promethazine,RASH MACULO-PAPULAR,28,11.0337686780591,7.60069020355176,16.0174994613026,TRUE,性别,M
promethazine,INJECTION SITE ERYTHEMA,23,1.62506891700997,1.07786676123877,2.45006997153977,TRUE,性别,M
promethazine,"HALLUCINATION, VISUAL",22,9.39382632568565,6.17251616286852,14.2962724938634,TRUE,性别,M
promethazine,RASH ERYTHEMATOUS,21,3.73898589561419,2.43328955830322,5.74531521737611,TRUE,性别,M
promethazine,RASH GENERALISED,20,7.95116028553285,5.11967815172279,12.3486180210295,TRUE,性别,M
promethazine,SUPRAVENTRICULAR TACHYCARDIA,18,18.1472209027104,11.408035961402,28.8675130062701,TRUE,性别,M
promethazine,GLAUCOMA,11,4.77458180437809,2.64026133670367,8.63423294118286,TRUE,性别,M
promethazine,DRY EYE,10,1.56627826899656,0.841661853275265,2.91474254937929,FALSE,性别,M
promethazine,PRURITUS GENERALISED,10,4.47573204207697,2.40478289890653,8.33013962365718,TRUE,性别,M
promethazine,APPLICATION SITE ERYTHEMA,9,2.87382751592033,1.4933690434457,5.53037082662756,TRUE,性别,M
promethazine,DERMATITIS CONTACT,9,6.45197910624965,3.35216640254607,12.418248197901,TRUE,性别,M
promethazine,RASH PAPULAR,9,3.40997507813461,1.77193010566252,6.56229610656763,TRUE,性别,M
promethazine,SEDATION COMPLICATION,9,25.0789774065209,13.0184240388069,48.3126917576138,TRUE,性别,M
promethazine,SINUS BRADYCARDIA,9,8.70515807392637,4.52233570142997,16.7567783762899,TRUE,性别,M
promethazine,AGITATION NEONATAL,8,78.607641026895,39.1138258961316,157.97895210308,TRUE,性别,M
promethazine,EYE PRURITUS,8,1.85703308125556,0.927601658114888,3.71772930191379,FALSE,性别,M
promethazine,INFUSION SITE ERYTHEMA,8,7.07876303722415,3.53496326624337,14.1752211729266,TRUE,性别,M
promethazine,INJECTION SITE RASH,8,2.12662432494316,1.06225002146573,4.2575014620377,TRUE,性别,M
promethazine,RASH PUSTULAR,8,10.3322329384605,5.15882144937725,20.69368721949,TRUE,性别,M
promethazine,INFUSION SITE PRURITUS,7,16.2992204490281,7.75566139382663,34.254278746295,TRUE,性别,M
promethazine,BRADYCARDIA NEONATAL,6,42.7872927909397,19.1567157225326,95.5671343091564,TRUE,性别,M
promethazine,DIZZINESS POSTURAL,6,4.98867129393102,2.23844619555368,11.1179090783264,TRUE,性别,M
promethazine,DRUG WITHDRAWAL HEADACHE,6,130.126861937003,57.9662568376223,292.118227419883,TRUE,性别,M
promethazine,APPLICATION SITE REACTION,5,7.77247854929253,3.23071986054695,18.6990594687418,TRUE,性别,M
promethazine,CLUSTER HEADACHE,5,30.2846020586405,12.5700686597568,72.9635729665102,TRUE,性别,M
promethazine,GENERALISED ERYTHEMA,5,10.022667957929,4.16543819985447,24.1160396998342,TRUE,性别,M
promethazine,APPLICATION SITE HAEMORRHAGE,3,7.54348659052876,2.42977303622187,23.4195495189005,TRUE,性别,M
promethazine,ATRIAL TACHYCARDIA,3,12.6367043688019,4.06859842166035,39.2484784082798,TRUE,性别,M
promethazine,CATHETER SITE ERYTHEMA,3,10.8132313663466,3.48202478056188,33.5798795100115,TRUE,性别,M
promethazine,CATHETER SITE PRURITUS,3,24.2164469791598,7.78944578758837,75.2860113910647,TRUE,性别,M
promethazine,GENITAL RASH,3,18.4503497364585,5.93754993858828,57.3326387009001,TRUE,性别,M
promethazine,INJECTION SITE PRURITUS,3,0.375234372566962,0.120935355724466,1.16426526810337,FALSE,性别,M
promethazine,RASH VESICULAR,3,5.16916382154758,1.66532507384949,16.0450683374574,TRUE,性别,M
promethazine,SINUS HEADACHE,3,4.69290300315248,1.51194983727043,14.5661833839389,TRUE,性别,M
promethazine,TACHYCARDIA FOETAL,3,54.3282881354891,17.4319100016973,169.319534775325,TRUE,性别,M
promethazine,ANAL PRURITUS,2,8.05913349159638,2.01279593972108,32.2683642954739,FALSE,性别,M
promethazine,APPLICATION SITE EXFOLIATION,2,3.54934868069694,0.886866488083457,14.2049296330832,FALSE,性别,M
promethazine,APPLICATION SITE IRRITATION,2,1.37081579474845,0.342597695125886,5.48496376323061,FALSE,性别,M
promethazine,APPLICATION SITE PAIN,2,0.683957226996309,0.170948177136209,2.73648714012169,FALSE,性别,M
promethazine,APPLICATION SITE PRURITUS,2,0.723223409261131,0.180761642970064,2.89360115956634,FALSE,性别,M
promethazine,APPLICATION SITE RASH,2,1.15122288415632,0.287722883568975,4.60621731773894,FALSE,性别,M
promethazine,CATHETER SITE RASH,2,31.6059763762075,7.87493376092185,126.850304144837,FALSE,性别,M
promethazine,ERYTHEMA MULTIFORME,2,2.0370048790652,0.509059002446275,8.15109615466103,FALSE,性别,M
promethazine,GINGIVAL ERYTHEMA,2,20.8298544844518,5.19561286139123,83.5094625828715,FALSE,性别,M
promethazine,IMPLANT SITE ERYTHEMA,2,15.4458658597097,3.85477639377439,61.8906903501466,FALSE,性别,M
promethazine,INFUSION SITE RASH,2,11.1348833782153,2.78010978137942,44.5973855697661,FALSE,性别,M
promethazine,NEONATAL TACHYCARDIA,2,138.238851361916,34.0760035038162,560.804615004863,FALSE,性别,M
promethazine,ORAL MUCOSAL ERYTHEMA,2,9.93081012100815,2.47978395366728,39.7699926695913,FALSE,性别,M
promethazine,ORAL PRURITUS,2,7.21362922718126,1.80178250167365,28.8805372340489,FALSE,性别,M
promethazine,PHARYNGEAL ERYTHEMA,2,8.47860823061371,2.11747131741595,33.9493607006481,FALSE,性别,M
promethazine,POSTURAL ORTHOSTATIC TACHYCARDIA SYNDROME,2,11.0897632105815,2.76885700842663,44.4164677672,FALSE,性别,M
promethazine,SYSTEMIC LUPUS ERYTHEMATOSUS,2,0.432688867187634,0.108148947837552,1.73112785220376,FALSE,性别,M
promethazine,TENSION HEADACHE,2,3.67917301082135,0.919293276260279,14.7246960171649,FALSE,性别,M
promethazine,APPLICATION SITE DISCOLOURATION,1,1.89861768177361,0.267262209850429,13.4876872550024,FALSE,性别,M
promethazine,APPLICATION SITE SCAB,1,3.45950911302024,0.486874949092268,24.5816781606522,FALSE,性别,M
promethazine,APPLICATION SITE VESICLES,1,1.22787932507008,0.172861167643313,8.72195680203645,FALSE,性别,M
promethazine,BRADYCARDIA FOETAL,1,11.050040153364,1.55344132369428,78.6018664036687,FALSE,性别,M
promethazine,DIZZINESS EXERTIONAL,1,10.3011407331453,1.44831447268187,73.2668922430736,FALSE,性别,M
promethazine,ERYTHEMA OF EYELID,1,1.54577371187929,0.217604513229465,10.9805460046567,FALSE,性别,M
promethazine,"HALLUCINATION, TACTILE",1,13.517823258232,1.89969718679495,96.1898279952136,FALSE,性别,M
promethazine,"HALLUCINATIONS, MIXED",1,2.10041607459402,0.295660165231327,14.9216844378112,FALSE,性别,M
promethazine,NASAL PRURITUS,1,5.58802353952542,0.786192338912697,39.7180251355231,FALSE,性别,M
promethazine,PALMAR ERYTHEMA,1,7.37053374908291,1.03671333101343,52.4009541704893,FALSE,性别,M
promethazine,PRURITUS ALLERGIC,1,6.45264552388599,0.907725684837395,45.8691815737091,FALSE,性别,M
promethazine,PRURITUS GENITAL,1,3.29769141382018,0.464112246473809,23.4313331384955,FALSE,性别,M
promethazine,RASH MORBILLIFORM,1,3.15614952259986,0.444200852462204,22.4251704016144,FALSE,性别,M
promethazine,TONGUE ERYTHEMA,1,8.53920655273751,1.20089379931854,60.7198143513551,FALSE,性别,M
promethazine,TONGUE PRURITUS,1,8.66908630026501,1.21913650405426,61.6444975862178,FALSE,性别,M
promethazine,HEADACHE,4,16.5289803716143,4.97717308980412,54.8920415657002,TRUE,性别,NS
promethazine,DELIRIUM,2,129.006750931541,28.2645671219357,588.819977822919,FALSE,性别,NS
promethazine,DIZZINESS,2,8.66967128426839,1.89955216978212,39.5689054362161,FALSE,性别,NS
promethazine,VISION BLURRED,2,32.4087272392016,7.10079349565311,147.916652118942,FALSE,性别,NS
promethazine,AMNESIA,1,33.5419513855739,4.33024455466051,259.815003182981,FALSE,性别,NS
promethazine,INFUSION SITE ERYTHEMA,1,207.218486606881,26.749063243566,1605.27121270217,FALSE,性别,NS
promethazine,MYDRIASIS,1,172.111786242892,22.2177251378992,1333.28082780125,FALSE,性别,NS
promethazine,RASH GENERALISED,1,92.6511943781629,11.9607975521076,717.698279090721,FALSE,性别,NS
promethazine,TACHYCARDIA,1,23.4390486644713,3.02598409144268,181.557135032235,FALSE,性别,NS
promethazine,HEADACHE,2065,11.4800482918653,10.9188846755738,12.0700522717659,TRUE,性别,F
promethazine,DIZZINESS,1345,8.74371461478144,8.24559689126437,9.27192370339358,TRUE,性别,F
promethazine,RASH,832,5.41850862352026,5.04288121590561,5.82211526429754,TRUE,性别,F
promethazine,SOMNOLENCE,805,12.2023940051534,11.3434402478259,13.1263898961818,TRUE,性别,F
promethazine,PRURITUS,748,5.49564895018717,5.09684926244565,5.92565246263556,TRUE,性别,F
promethazine,TACHYCARDIA,672,23.7612916087289,21.9488189055503,25.7234332901747,TRUE,性别,F
promethazine,HYPOTENSION,536,7.85670320088254,7.19650294622212,8.57746959155524,TRUE,性别,F
promethazine,CONFUSIONAL STATE,470,8.71742990803931,7.94055968194453,9.57030577761094,TRUE,性别,F
promethazine,AGITATION,348,15.2225293678794,13.667427087826,16.9545737370243,TRUE,性别,F
promethazine,HALLUCINATION,348,13.6102367109033,12.2202817385064,15.158287451191,TRUE,性别,F
promethazine,ERYTHEMA,343,4.47339842246298,4.01437300602671,4.98491132140726,TRUE,性别,F
promethazine,VISION BLURRED,331,6.98209370022654,6.25364561201611,7.79539415298378,TRUE,性别,F
promethazine,DRY MOUTH,307,10.7668076287206,9.60366059184628,12.0708291807292,TRUE,性别,F
promethazine,LETHARGY,237,12.2782131213177,10.786001851392,13.9768673814052,TRUE,性别,F
promethazine,AMNESIA,226,10.7266055905342,9.394933059069,12.2470343079039,TRUE,性别,F
promethazine,VERTIGO,185,8.38889306405406,7.24891250535783,9.70814957252136,TRUE,性别,F
promethazine,MYDRIASIS,182,44.7362445592859,38.5672427883282,51.8920055616191,TRUE,性别,F
promethazine,SINUS TACHYCARDIA,152,34.6981154241646,29.5170440702952,40.7886105099618,TRUE,性别,F
promethazine,INJECTION SITE ERYTHEMA,143,3.28516376228448,2.78407048108364,3.87644674168825,TRUE,性别,F
promethazine,DISORIENTATION,136,10.9473376581286,9.23664155605815,12.9748676587407,TRUE,性别,F
promethazine,DYSURIA,132,10.2576874470249,8.63327117220685,12.187750119513,TRUE,性别,F
promethazine,DRY EYE,122,6.23628470230999,5.213882123552,7.4591726407828,TRUE,性别,F
promethazine,URINARY RETENTION,119,9.98817518651802,8.33100169385722,11.9749877892996,TRUE,性别,F
promethazine,INJECTION SITE PRURITUS,116,4.74211480066608,3.94709740425667,5.69726319863425,TRUE,性别,F
promethazine,RASH PRURITIC,115,5.74229924863767,4.77565845927627,6.90459775172067,TRUE,性别,F
promethazine,SYSTEMIC LUPUS ERYTHEMATOSUS,111,7.85772686005487,6.5132426141598,9.47974381807864,TRUE,性别,F
promethazine,DELIRIUM,98,7.99083857944154,6.54520833310929,9.75576298766303,TRUE,性别,F
promethazine,BRADYCARDIA,80,4.43329502728221,3.55619345719455,5.52672542579563,TRUE,性别,F
promethazine,SEDATION,75,8.02335725600048,6.38891354817001,10.075932499643,TRUE,性别,F
promethazine,DERMATITIS CONTACT,74,17.2888797429739,13.7395617045145,21.7550871851174,TRUE,性别,F
promethazine,RASH ERYTHEMATOUS,69,3.96047022408145,3.12419327956597,5.02059987723131,TRUE,性别,F
promethazine,"HALLUCINATION, VISUAL",65,8.95216132971581,7.00979466341605,11.4327446553483,TRUE,性别,F
promethazine,INFUSION SITE ERYTHEMA,62,17.8621640110334,13.8987761588661,22.9557552053622,TRUE,性别,F
promethazine,"HALLUCINATION, AUDITORY",59,11.0278105687054,8.5307334943134,14.2558205598987,TRUE,性别,F
promethazine,GLAUCOMA,54,7.58255229976786,5.79949743652873,9.91380718897745,TRUE,性别,F
promethazine,INJECTION SITE RASH,52,4.47135490725153,3.40324782996104,5.87468668328843,TRUE,性别,F
promethazine,RASH MACULAR,50,3.77248118000435,2.85606356378202,4.9829473104028,TRUE,性别,F
promethazine,EYE PRURITUS,45,3.3744188717821,2.51682688619768,4.52422961018257,TRUE,性别,F
promethazine,ORTHOSTATIC HYPOTENSION,45,7.45967290391318,5.56233933609676,10.0041936442564,TRUE,性别,F
promethazine,PRURITUS GENERALISED,42,6.07061755540315,4.48087209123986,8.22438060127084,TRUE,性别,F
promethazine,RASH GENERALISED,42,5.36690675645466,3.96163567756895,7.27065547585991,TRUE,性别,F
promethazine,VENTRICULAR TACHYCARDIA,37,7.109196155305,5.14438247971208,9.8244386326096,TRUE,性别,F
promethazine,SUPRAVENTRICULAR TACHYCARDIA,34,11.0271026573961,7.86693692409588,15.4567138633474,TRUE,性别,F
promethazine,RASH PAPULAR,32,3.90884037436432,2.76146089536396,5.53295290109362,TRUE,性别,F
promethazine,INFUSION SITE PRURITUS,31,23.4479563756321,16.4481877460069,33.4265796745311,TRUE,性别,F
promethazine,SINUS HEADACHE,30,15.2359140046494,10.6324380023043,21.8325350692627,TRUE,性别,F
promethazine,APPLICATION SITE ERYTHEMA,28,2.87992014504529,1.98668717666371,4.17475893500549,TRUE,性别,F
promethazine,SINUS BRADYCARDIA,25,7.79672271191706,5.26141972228155,11.5537038014833,TRUE,性别,F
promethazine,POSTURAL ORTHOSTATIC TACHYCARDIA SYNDROME,23,41.8409142323127,27.6810722589003,63.2440133612545,TRUE,性别,F
promethazine,RASH MACULO-PAPULAR,23,2.89270232336227,1.92062109774871,4.35678163766599,TRUE,性别,F
promethazine,DIZZINESS POSTURAL,19,5.09225162493718,3.24467086536821,7.99188197744445,TRUE,性别,F
promethazine,APPLICATION SITE PRURITUS,18,2.0996077370021,1.32185435986237,3.33497606327678,TRUE,性别,F
promethazine,APPLICATION SITE PAIN,17,1.87488716113737,1.16471050159576,3.0180906432814,TRUE,性别,F
promethazine,APPLICATION SITE BURN,16,8.53370425252581,5.22047286756972,13.9497149237132,TRUE,性别,F
promethazine,APPLICATION SITE RASH,15,2.78476823120003,1.67749568549347,4.62292342601147,TRUE,性别,F
promethazine,"HALLUCINATIONS, MIXED",15,10.1983282447928,6.13808204438397,16.944364418149,TRUE,性别,F
promethazine,TENSION HEADACHE,15,8.92123910489041,5.37022329396386,14.8203347998739,TRUE,性别,F
promethazine,CATHETER SITE ERYTHEMA,14,16.3439073989529,9.6564779525854,27.6626022838926,TRUE,性别,F
promethazine,VULVOVAGINAL PRURITUS,14,7.04405171279854,4.16642537839118,11.9091691381113,TRUE,性别,F
promethazine,AGITATION NEONATAL,13,41.3442551629584,23.8746133288675,71.596863640635,TRUE,性别,F
promethazine,APPLICATION SITE IRRITATION,13,2.8731349613325,1.66696207112495,4.95206498637385,TRUE,性别,F
promethazine,INFUSION SITE RASH,12,21.6927955421367,12.2800700720909,38.3204147590684,TRUE,性别,F
promethazine,RASH PUSTULAR,12,4.98348818329266,2.82713676581672,8.78456068107587,TRUE,性别,F
promethazine,APPLICATION SITE SWELLING,11,5.88034222316681,3.25261685751526,10.6309553741825,TRUE,性别,F
promethazine,APPLICATION SITE VESICLES,11,4.35886283040043,2.41152602096492,7.8786979734285,TRUE,性别,F
promethazine,BRADYCARDIA NEONATAL,11,25.3527512989905,13.9870506860823,45.9540765851404,TRUE,性别,F
promethazine,ERYTHEMA MULTIFORME,10,3.28323344534731,1.76504196706311,6.10728926439272,TRUE,性别,F
promethazine,GENERALISED ERYTHEMA,10,6.45604869295032,3.46917801661844,12.0145361598865,TRUE,性别,F
promethazine,NEONATAL HYPOTENSION,10,91.0412780199076,48.3492984306361,171.429877423954,TRUE,性别,F
promethazine,PRURITUS ALLERGIC,10,20.9619228637743,11.2410808816759,39.0889643773575,TRUE,性别,F
promethazine,SEDATION COMPLICATION,10,8.95133014322952,4.80834137974016,16.6640229977638,TRUE,性别,F
promethazine,ORAL PRURITUS,9,10.4891379433129,5.44712313016554,20.1981875872343,TRUE,性别,F
promethazine,APPLICATION SITE DISCOLOURATION,8,4.90065541011876,2.4480422281195,9.81046126282503,TRUE,性别,F
promethazine,PHARYNGEAL ERYTHEMA,8,10.9576100804389,5.46849412796782,21.9565415752867,TRUE,性别,F
promethazine,APPLICATION SITE EXFOLIATION,7,4.00350157442856,1.90667904520859,8.40625216746878,TRUE,性别,F
promethazine,BUTTERFLY RASH,7,17.4983774356497,8.31481363058452,36.8250241658068,TRUE,性别,F
promethazine,CATHETER SITE PRURITUS,7,18.2655246338027,8.6782290308692,38.4444094482071,TRUE,性别,F
promethazine,MEDICATION OVERUSE HEADACHE,7,18.4182901984322,8.75058647853615,38.7669346124114,TRUE,性别,F
promethazine,APPLICATION SITE REACTION,6,2.99875016032016,1.34606462968997,6.68058748864931,TRUE,性别,F
promethazine,APPLICATION SITE SCAR,6,13.1201930327251,5.87853351040295,29.2827224530304,TRUE,性别,F
promethazine,APPLICATION SITE URTICARIA,6,7.56671363015801,3.39369702441415,16.871027304125,TRUE,性别,F
promethazine,CLUSTER HEADACHE,6,11.6919844639386,5.2399764445518,26.0883807687947,TRUE,性别,F
promethazine,EAR PRURITUS,6,4.23005210440699,1.89834135174607,9.42577623857793,TRUE,性别,F
promethazine,ANAL PRURITUS,5,6.49453020622511,2.6989347231232,15.6279891611314,TRUE,性别,F
promethazine,ANGLE CLOSURE GLAUCOMA,5,6.09195292955012,2.53183802904576,14.6580824168446,TRUE,性别,F
promethazine,APPLICATION SITE PARAESTHESIA,5,9.61447270796753,3.99301539821536,23.149944649241,TRUE,性别,F
promethazine,ERYTHEMA NODOSUM,5,3.96382960323061,1.64807910744363,9.53348965622071,TRUE,性别,F
promethazine,EXFOLIATIVE RASH,5,5.34628557213425,2.22226521242116,12.8619974155424,TRUE,性别,F
promethazine,EYELIDS PRURITUS,5,4.2698521138003,1.77520899428848,10.270135591011,TRUE,性别,F
promethazine,ORAL MUCOSAL ERYTHEMA,5,8.00612945599493,3.32611173039046,19.2711833100763,TRUE,性别,F
promethazine,TONGUE ERYTHEMA,5,13.8127829260074,5.73185049968343,33.2864529825994,TRUE,性别,F
promethazine,APPLICATION SITE WARMTH,4,8.22971727487857,3.08230549299483,21.9732426193189,TRUE,性别,F
promethazine,ERYTHEMA OF EYELID,4,1.99143362041845,0.746893606322687,5.30973599313362,FALSE,性别,F
promethazine,GINGIVAL ERYTHEMA,4,13.4442812742739,5.02951001207914,35.937635783147,TRUE,性别,F
promethazine,NASAL PRURITUS,4,7.21189374022853,2.70170713597249,19.2513135964404,TRUE,性别,F
promethazine,NEONATAL TACHYCARDIA,4,90.7864147105916,33.3903949580339,246.842635625082,TRUE,性别,F
promethazine,RASH VESICULAR,4,2.21716248380532,0.831512199301934,5.91189099055994,FALSE,性别,F
promethazine,TONGUE PRURITUS,4,11.2034846962205,4.19331173790098,29.9329210857279,TRUE,性别,F
promethazine,VERTIGO POSITIONAL,4,6.46998714889971,2.42417491120281,17.2680335537989,TRUE,性别,F
promethazine,ADMINISTRATION SITE ERYTHEMA,3,24.1015439365154,7.72360327990214,75.2089923669855,TRUE,性别,F
promethazine,APPLICATION SITE DISCOMFORT,3,3.87744519414497,1.24902394378179,12.0370640678643,TRUE,性别,F
promethazine,APPLICATION SITE HYPERSENSITIVITY,3,6.21801190451063,2.00177712711594,19.3146737071277,TRUE,性别,F
promethazine,APPLICATION SITE SCAB,3,3.34338609959487,1.07713759406298,10.3777183830339,TRUE,性别,F
promethazine,ATRIAL TACHYCARDIA,3,4.06358049621611,1.30892031432121,12.6155016990406,TRUE,性别,F
promethazine,CERVICOGENIC HEADACHE,3,55.9650959326255,17.7896764729081,176.062334102469,TRUE,性别,F
promethazine,CUTANEOUS LUPUS ERYTHEMATOSUS,3,5.17511653009678,1.6664817039576,16.0708821683903,TRUE,性别,F
promethazine,IMPLANT SITE ERYTHEMA,3,7.4616890052135,2.40139018232909,23.1852379593405,TRUE,性别,F
promethazine,OPEN ANGLE GLAUCOMA,3,13.9614137260116,4.4857114417126,43.4537699898159,TRUE,性别,F
promethazine,PROCEDURAL HYPOTENSION,3,12.6025374787296,4.05052332025351,39.2107237375054,TRUE,性别,F
promethazine,PRURITUS GENITAL,3,3.18684908667785,1.02674738819059,9.89143699616044,TRUE,性别,F
promethazine,SOMNOLENCE NEONATAL,3,62.894154065113,19.9571251657443,198.208638905364,TRUE,性别,F
promethazine,SYSTEMIC LUPUS ERYTHEMATOSUS RASH,3,10.5490280059999,3.39229934568786,32.8042960043683,TRUE,性别,F
promethazine,VASCULAR HEADACHE,3,90.464357972671,28.506270573826,287.08771434036,TRUE,性别,F
promethazine,APPLICATION SITE DISCHARGE,2,4.18820837096404,1.0458743444255,16.771698676908,FALSE,性别,F
promethazine,APPLICATION SITE EROSION,2,4.08709426459933,1.02065670859663,16.3662663332598,FALSE,性别,F
promethazine,CATHETER SITE RASH,2,10.1661914584449,2.53392388801694,40.787116479115,FALSE,性别,F
promethazine,DIZZINESS EXERTIONAL,2,6.63937198108461,1.65669870353648,26.6078920742275,FALSE,性别,F
promethazine,GENITAL RASH,2,3.95133869719827,0.986797045742995,15.8219743029539,FALSE,性别,F
promethazine,"HALLUCINATION, TACTILE",2,8.71671875443054,2.17363218118379,34.9558616685831,FALSE,性别,F
promethazine,LIP PRURITUS,2,5.49546723674227,1.37175744930966,22.0156706021943,FALSE,性别,F
promethazine,PALMAR ERYTHEMA,2,4.74847667553602,1.18557496279874,19.0186461806525,FALSE,性别,F
promethazine,PROCEDURAL HEADACHE,2,12.2277196696136,3.04578769770844,49.0898063680364,FALSE,性别,F
promethazine,TACHYCARDIA FOETAL,2,11.6147080459,2.89365022411494,46.619816682493,FALSE,性别,F
promethazine,ACCOMMODATION DISORDER,1,5.10604796590899,0.717509799235249,36.3364038483539,FALSE,性别,F
promethazine,APPLICATION SITE INFLAMMATION,1,1.85236736136263,0.260674629728248,13.1630179930384,FALSE,性别,F
promethazine,APPLICATION SITE PAPULES,1,2.4979008483659,0.351416435547755,17.7553125497432,FALSE,性别,F
promethazine,APPLICATION SITE ULCER,1,3.96520943254011,0.557480222915144,28.2034863258249,FALSE,性别,F
promethazine,RASH MORBILLIFORM,1,1.01545479365418,0.142953248363599,7.21318647710995,FALSE,性别,F
promethazine,STOMA SITE ERYTHEMA,1,1.19269952709487,0.16789208187329,8.4728960774096,FALSE,性别,F
promethazine,TRANSIENT GLOBAL AMNESIA,1,3.64351843453999,0.512326075453694,25.911674651884,FALSE,性别,F
promethazine,SOMNOLENCE,1,Inf,,Inf,FALSE,性别,UNK
scopolamine,HEADACHE,341,12.9352268235565,11.4128424634054,14.6606854088592,TRUE,年龄组,18-64
scopolamine,DIZZINESS,242,10.8095120376269,9.38929220054631,12.4445536464188,TRUE,年龄组,18-64
scopolamine,VISION BLURRED,172,26.8142365427554,22.8168467399984,31.5119477096899,TRUE,年龄组,18-64
scopolamine,CONFUSIONAL STATE,100,12.5709103512792,10.2440233357295,15.4263400112263,TRUE,年龄组,18-64
scopolamine,DRY MOUTH,97,23.4840438937417,19.0811788192711,28.9028431014019,TRUE,年龄组,18-64
scopolamine,MYDRIASIS,94,160.628176364559,130.012202108395,198.453765291143,TRUE,年龄组,18-64
scopolamine,SOMNOLENCE,94,9.16620148044552,7.42599915070534,11.3142013451673,TRUE,年龄组,18-64
scopolamine,HYPOTENSION,76,7.32693583301303,5.8082846457574,9.24265802646281,TRUE,年龄组,18-64
scopolamine,RASH,76,3.12943382162581,2.48087011548816,3.94754887924009,TRUE,年龄组,18-64
scopolamine,TACHYCARDIA,67,15.0874063567604,11.7916700950734,19.3042909730929,TRUE,年龄组,18-64
scopolamine,VERTIGO,67,20.7641335596998,16.2276623786024,26.5687831325328,TRUE,年龄组,18-64
scopolamine,PRURITUS,50,2.29697565659003,1.73063859450741,3.04864180407864,TRUE,年龄组,18-64
scopolamine,HALLUCINATION,39,9.93582455597443,7.2212115407592,13.6709205996651,TRUE,年龄组,18-64
scopolamine,APPLICATION SITE ERYTHEMA,36,25.202276666193,18.0842086781319,35.1220648060421,TRUE,年龄组,18-64
scopolamine,AMNESIA,35,10.9694295274497,7.83660900368425,15.3546494537517,TRUE,年龄组,18-64
scopolamine,DISORIENTATION,35,18.8253384542316,13.4477567752963,26.3533445643066,TRUE,年龄组,18-64
scopolamine,AGITATION,34,9.64014351567671,6.85432153264888,13.5582152894613,TRUE,年龄组,18-64
scopolamine,APPLICATION SITE PRURITUS,30,23.7328404046285,16.5142621980208,34.1067440323837,TRUE,年龄组,18-64
scopolamine,BRADYCARDIA,30,11.1667943514984,7.77145700677729,16.0455492425567,TRUE,年龄组,18-64
scopolamine,DYSURIA,30,15.5210445780469,10.8012130661951,22.3033119814735,TRUE,年龄组,18-64
scopolamine,APPLICATION SITE IRRITATION,27,40.4244890276034,27.5901350835811,59.2291160660284,TRUE,年龄组,18-64
scopolamine,ERYTHEMA,25,2.107482627511,1.41816395993941,3.13185439111738,TRUE,年龄组,18-64
scopolamine,APPLICATION SITE PAIN,24,17.8580256407502,11.9187613838534,26.7568977610145,TRUE,年龄组,18-64
scopolamine,LETHARGY,24,8.11590660353921,5.41740172677811,12.1585851150354,TRUE,年龄组,18-64
scopolamine,DELIRIUM,23,12.4757766112331,8.25649050264018,18.8512300721015,TRUE,年龄组,18-64
scopolamine,APPLICATION SITE REACTION,19,64.053526016543,40.6718628742453,100.876967643152,TRUE,年龄组,18-64
scopolamine,URINARY RETENTION,18,9.97143008636766,6.25966289663899,15.8841489724159,TRUE,年龄组,18-64
scopolamine,RASH ERYTHEMATOUS,17,6.49125061036768,4.02133839459263,10.4781867010392,TRUE,年龄组,18-64
scopolamine,SUPRAVENTRICULAR TACHYCARDIA,17,36.7976837211717,22.785196562203,59.4275991232647,TRUE,年龄组,18-64
scopolamine,ORTHOSTATIC HYPOTENSION,16,17.6683070132943,10.7856554919101,28.9429857045005,TRUE,年龄组,18-64
scopolamine,SEDATION,14,9.91512871303009,5.85329589243664,16.7956274896311,TRUE,年龄组,18-64
scopolamine,APPLICATION SITE RASH,13,16.1294797371303,9.33536261560322,27.8682390071987,TRUE,年龄组,18-64
scopolamine,DRY EYE,12,4.03187206890965,2.28309149078478,7.12016686395078,TRUE,年龄组,18-64
scopolamine,APPLICATION SITE BURN,11,39.0984976304194,21.577310488047,70.8472224934035,TRUE,年龄组,18-64
scopolamine,SINUS TACHYCARDIA,9,13.2600485584036,6.88049711499399,25.554677929892,TRUE,年龄组,18-64
scopolamine,APPLICATION SITE VESICLES,8,21.100818983589,10.522902023993,42.3119554627612,TRUE,年龄组,18-64
scopolamine,DERMATITIS CONTACT,8,12.2646771166618,6.11762129333103,24.5883649156164,TRUE,年龄组,18-64
scopolamine,"HALLUCINATION, VISUAL",8,7.26269110902714,3.62305683110718,14.5586129624754,TRUE,年龄组,18-64
scopolamine,"HALLUCINATION, AUDITORY",7,8.61646913561672,4.0980075281772,18.1169848650959,TRUE,年龄组,18-64
scopolamine,APPLICATION SITE EXFOLIATION,6,22.8212721730355,10.225845586764,50.9307967910138,TRUE,年龄组,18-64
scopolamine,PRURITUS GENERALISED,6,5.73025849245358,2.56883192397904,12.7824098119563,TRUE,年龄组,18-64
scopolamine,RASH MACULAR,6,2.99076435071394,1.34083727943023,6.67095965984949,TRUE,年龄组,18-64
scopolamine,APPLICATION SITE DRYNESS,5,23.47759934306,9.74734091007179,56.5485167697074,TRUE,年龄组,18-64
scopolamine,APPLICATION SITE SCAB,5,37.0929611006871,15.3938583326983,89.3790064505495,TRUE,年龄组,18-64
scopolamine,RASH MACULO-PAPULAR,5,4.16709125953872,1.73107518285801,10.0311354106844,TRUE,年龄组,18-64
scopolamine,RASH PRURITIC,5,1.63305903573694,0.678449741172722,3.93084653491395,FALSE,年龄组,18-64
scopolamine,APPLICATION SITE DISCHARGE,4,55.7694570669139,20.8581094480844,149.113818262374,TRUE,年龄组,18-64
scopolamine,APPLICATION SITE HAEMORRHAGE,4,21.4982097091853,8.04966796814924,57.4151657594853,TRUE,年龄组,18-64
scopolamine,APPLICATION SITE HYPERSENSITIVITY,4,55.138662357172,20.6226227253266,147.424123838742,TRUE,年龄组,18-64
scopolamine,APPLICATION SITE INFLAMMATION,4,49.3685320713496,18.4680715670794,131.971112957156,TRUE,年龄组,18-64
scopolamine,APPLICATION SITE SCAR,4,57.98046858669,21.6834405102052,155.036961775045,TRUE,年龄组,18-64
scopolamine,APPLICATION SITE SWELLING,4,14.1695672315515,5.30687238662976,37.8333264683918,TRUE,年龄组,18-64
scopolamine,INJECTION SITE ERYTHEMA,4,0.59906606074348,0.224467691419807,1.59880534639402,FALSE,年龄组,18-64
scopolamine,RASH GENERALISED,4,3.37227601206964,1.26346134250571,9.00086541549963,TRUE,年龄组,18-64
scopolamine,VENTRICULAR TACHYCARDIA,4,5.07046054656563,1.89959750281911,13.5342198103146,TRUE,年龄组,18-64
scopolamine,APPLICATION SITE ULCER,3,79.279545080926,25.4549457540295,246.916506087765,TRUE,年龄组,18-64
scopolamine,EYE PRURITUS,3,1.4835715544266,0.47777582544666,4.60673068807136,FALSE,年龄组,18-64
scopolamine,INJECTION SITE PRURITUS,3,0.801079237871752,0.257989844339608,2.48741552983163,FALSE,年龄组,18-64
scopolamine,POSTURAL ORTHOSTATIC TACHYCARDIA SYNDROME,3,35.555476463373,11.4353737016789,110.550991993543,TRUE,年龄组,18-64
scopolamine,TRANSIENT GLOBAL AMNESIA,3,72.8263570467588,23.3887871673446,226.761577791728,TRUE,年龄组,18-64
scopolamine,APPLICATION SITE DISCOMFORT,2,17.1371417328635,4.27747277305345,68.6577431006318,FALSE,年龄组,18-64
scopolamine,APPLICATION SITE URTICARIA,2,16.6866363100153,4.1651144312201,66.851424118294,FALSE,年龄组,18-64
scopolamine,CATHETER SITE PRURITUS,2,34.3970572072453,8.57857268200477,137.920093280833,FALSE,年龄组,18-64
scopolamine,CATHETER SITE RASH,2,67.4452392712682,16.79444553608,270.855044936505,FALSE,年龄组,18-64
scopolamine,ERYTHEMA NODOSUM,2,10.5035656363431,2.62254022928161,42.0679499384415,FALSE,年龄组,18-64
scopolamine,GLAUCOMA,2,1.8449816507079,0.460845895739736,7.38632441542076,FALSE,年龄组,18-64
scopolamine,INFUSION SITE PRURITUS,2,9.90153725359742,2.47229576102317,39.655627587131,FALSE,年龄组,18-64
scopolamine,INFUSION SITE RASH,2,23.7611667928717,5.92898450878675,95.225927226145,FALSE,年龄组,18-64
scopolamine,PALMAR ERYTHEMA,2,31.5026674755055,7.85779351493566,126.297294041379,FALSE,年龄组,18-64
scopolamine,RASH PAPULAR,2,1.61203527286389,0.402664191440727,6.45365983913145,FALSE,年龄组,18-64
scopolamine,SINUS BRADYCARDIA,2,4.11281786032469,1.02720341159843,16.4673039061308,FALSE,年龄组,18-64
scopolamine,SYSTEMIC LUPUS ERYTHEMATOSUS,2,0.923331961898792,0.230643128657447,3.69636813733166,FALSE,年龄组,18-64
scopolamine,ACCOMMODATION DISORDER,1,33.8511558812494,4.75355684711658,241.0617546715,FALSE,年龄组,18-64
scopolamine,ANGLE CLOSURE GLAUCOMA,1,8.05560992322313,1.13317046385415,57.2666278420433,FALSE,年龄组,18-64
scopolamine,APPLICATION SITE DERMATITIS,1,39.5390226014471,5.55015964288122,281.673755147372,FALSE,年龄组,18-64
scopolamine,APPLICATION SITE HYPERAESTHESIA,1,189.482341091252,26.3325638977659,1363.46607663478,FALSE,年龄组,18-64
scopolamine,APPLICATION SITE PAPULES,1,16.5601326875026,2.32815962124549,117.791749382279,FALSE,年龄组,18-64
scopolamine,APPLICATION SITE WOUND,1,94.1295219844565,13.1648899866526,673.030076058783,FALSE,年龄组,18-64
scopolamine,ATRIAL TACHYCARDIA,1,8.96672488392048,1.26125849265087,63.747562940038,FALSE,年龄组,18-64
scopolamine,BUTTERFLY RASH,1,16.4481081704563,2.31242767630901,116.994042736443,FALSE,年龄组,18-64
scopolamine,CATHETER SITE ERYTHEMA,1,7.6741900649823,1.07954434730822,54.5537506637125,FALSE,年龄组,18-64
scopolamine,CUTANEOUS LUPUS ERYTHEMATOSUS,1,11.4156098121549,1.60545446744581,81.1708771726763,FALSE,年龄组,18-64
scopolamine,EAR PRURITUS,1,4.66356232010669,0.65616564642131,33.1453096213368,FALSE,年龄组,18-64
scopolamine,EXFOLIATIVE RASH,1,7.07149861859671,0.994802726382945,50.2673458632698,FALSE,年龄组,18-64
scopolamine,"HALLUCINATION, TACTILE",1,28.8335697700205,4.05032388791391,205.261299760112,FALSE,年龄组,18-64
scopolamine,"HALLUCINATIONS, MIXED",1,4.48019573916851,0.630373632507252,31.8416774214184,FALSE,年龄组,18-64
scopolamine,INFUSION SITE ERYTHEMA,1,1.88056805680568,0.264646344224917,13.3632536154449,FALSE,年龄组,18-64
scopolamine,ORAL PRURITUS,1,7.68632127965168,1.08124999017253,54.6400326945659,FALSE,年龄组,18-64
scopolamine,PROCEDURAL HYPOTENSION,1,27.7372049467304,3.89660131389481,197.441943961141,FALSE,年龄组,18-64
scopolamine,PRURITUS ALLERGIC,1,13.76351812068,1.93535172159762,97.8811390944016,FALSE,年龄组,18-64
scopolamine,RASH MORBILLIFORM,1,6.73207929930049,0.947075547487176,47.8535126498806,FALSE,年龄组,18-64
scopolamine,RASH VESICULAR,1,3.6705900647941,0.516488360733863,26.0862246820459,FALSE,年龄组,18-64
scopolamine,TONGUE ERYTHEMA,1,18.2141609292015,2.56041232499907,129.571184732902,FALSE,年龄组,18-64
scopolamine,TONGUE PRURITUS,1,18.4911949369842,2.59930740348184,131.544383607546,FALSE,年龄组,18-64
scopolamine,VERTIGO POSITIONAL,1,10.6958052660105,1.50429615315679,76.0490213634771,FALSE,年龄组,18-64
scopolamine,HYPOTENSION,24,22.6728739484781,14.6086634463677,35.1886546617236,TRUE,年龄组,<18
scopolamine,HEADACHE,22,6.16352277835139,3.9097611625851,9.71645362964791,TRUE,年龄组,<18
scopolamine,TACHYCARDIA,22,48.0844003477971,30.5001608424774,75.8064709477586,TRUE,年龄组,<18
scopolamine,HALLUCINATION,21,52.7682985246216,33.179316464871,83.922564593267,TRUE,年龄组,<18
scopolamine,SOMNOLENCE,14,12.118739034428,6.97661358517602,21.0508771901352,TRUE,年龄组,<18
scopolamine,VISION BLURRED,14,18.0067218057592,10.3661470266039,31.2789341457209,TRUE,年龄组,<18
scopolamine,AGITATION,13,34.2066892570918,19.3289972100371,60.5358662540257,TRUE,年龄组,<18
scopolamine,MYDRIASIS,13,194.04330201968,109.614481308439,343.502086670019,TRUE,年龄组,<18
scopolamine,CONFUSIONAL STATE,10,10.7555220699033,5.65303083923435,20.4635810923412,TRUE,年龄组,<18
scopolamine,RASH,9,3.21610645085554,1.63682810201276,6.3191368052123,TRUE,年龄组,<18
scopolamine,LETHARGY,8,24.3607902112243,11.9324156833665,49.7341121414782,TRUE,年龄组,<18
scopolamine,URINARY RETENTION,8,40.108115106541,19.6450022492241,81.8865214160554,TRUE,年龄组,<18
scopolamine,DIZZINESS,7,2.28150481606025,1.06691717898506,4.87878940205817,TRUE,年龄组,<18
scopolamine,SINUS TACHYCARDIA,6,79.4092481601625,35.0401456705636,179.960116394712,TRUE,年龄组,<18
scopolamine,APPLICATION SITE RASH,5,55.1096984835303,22.5677335684254,134.576157492164,TRUE,年龄组,<18
scopolamine,BRADYCARDIA,5,16.2998326072256,6.67572476995634,39.7986064703073,TRUE,年龄组,<18
scopolamine,DRY MOUTH,4,7.93581659309972,2.93600331608326,21.4499706639742,TRUE,年龄组,<18
scopolamine,ERYTHEMA,4,2.94534008698648,1.08970367887845,7.96090569955504,TRUE,年龄组,<18
scopolamine,DELIRIUM,3,14.1252411601714,4.49952857096805,44.3429649764564,TRUE,年龄组,<18
scopolamine,"HALLUCINATION, VISUAL",3,23.9489864384035,7.62851110494741,75.185569442884,TRUE,年龄组,<18
scopolamine,"HALLUCINATIONS, MIXED",3,118.985365569159,37.8849988413499,373.697179691453,TRUE,年龄组,<18
scopolamine,SEDATION,3,18.5860323726889,5.92037794635271,58.3477275418627,TRUE,年龄组,<18
scopolamine,APPLICATION SITE ERYTHEMA,2,11.9234480994167,2.95206991547872,48.1589591879394,FALSE,年龄组,<18
scopolamine,"HALLUCINATION, AUDITORY",2,21.5066804913103,5.32446299864385,86.8702263257565,FALSE,年龄组,<18
scopolamine,PRURITUS,2,0.774245158675279,0.191703157571322,3.12699891502353,FALSE,年龄组,<18
scopolamine,RASH MACULAR,2,8.71879010915369,2.15868099430765,35.214698775748,FALSE,年龄组,<18
scopolamine,AMNESIA,1,2.65437976599328,0.37126202805697,18.9777876800085,FALSE,年龄组,<18
scopolamine,APPLICATION SITE PRURITUS,1,6.72291045707657,0.940288749928255,48.0677079432442,FALSE,年龄组,<18
scopolamine,APPLICATION SITE SWELLING,1,30.7906511392193,4.30568809738381,220.188777295124,FALSE,年龄组,<18
scopolamine,DERMATITIS CONTACT,1,13.2814937938932,1.85750065577591,94.9652840491406,FALSE,年龄组,<18
scopolamine,DYSURIA,1,4.39905010257915,0.61527683950103,31.4519262917409,FALSE,年龄组,<18
scopolamine,RASH ERYTHEMATOUS,1,3.28429410767301,0.459364485706603,23.4815448762948,FALSE,年龄组,<18
scopolamine,SUPRAVENTRICULAR TACHYCARDIA,1,18.5822124299392,2.5987338579381,132.871866711797,FALSE,年龄组,<18
scopolamine,TACHYCARDIA FOETAL,1,334.797803862173,46.7082568511858,2399.78061754811,FALSE,年龄组,<18
scopolamine,VENTRICULAR TACHYCARDIA,1,11.023315490143,1.54170690024073,78.8175005095023,FALSE,年龄组,<18
scopolamine,VERTIGO,1,2.55185916437017,0.356922986791654,18.244790713301,FALSE,年龄组,<18
scopolamine,DIZZINESS,94,11.3843680572574,9.07084818729016,14.2879511802104,TRUE,年龄组,>=65
scopolamine,CONFUSIONAL STATE,84,31.9342278110383,25.1940050885736,40.477681190507,TRUE,年龄组,>=65
scopolamine,HALLUCINATION,63,48.4612503937742,37.13124093771,63.2484325979793,TRUE,年龄组,>=65
scopolamine,HEADACHE,43,3.47571118867806,2.53849194724208,4.75895473303615,TRUE,年龄组,>=65
scopolamine,DRY MOUTH,42,27.6555322598367,20.1294770688669,37.995446278025,TRUE,年龄组,>=65
scopolamine,SOMNOLENCE,34,8.87256942418521,6.25505077654749,12.5854275207719,TRUE,年龄组,>=65
scopolamine,HYPOTENSION,28,7.23683592013343,4.93677537073228,10.6085025552145,TRUE,年龄组,>=65
scopolamine,AGITATION,25,19.5692842159006,13.0731233659919,29.2934499278814,TRUE,年龄组,>=65
scopolamine,RASH,25,2.74083377674071,1.83113653624606,4.10246294747802,TRUE,年龄组,>=65
scopolamine,DELIRIUM,24,36.1983528003215,23.9913886682816,54.6162943535187,TRUE,年龄组,>=65
scopolamine,DISORIENTATION,21,30.8576105608518,19.9100170669414,47.8247771623566,TRUE,年龄组,>=65
scopolamine,VISION BLURRED,21,7.89659172807594,5.09565203128453,12.2371308984767,TRUE,年龄组,>=65
scopolamine,APPLICATION SITE PRURITUS,16,34.3196666571146,20.8343849173418,56.5334433499437,TRUE,年龄组,>=65
scopolamine,APPLICATION SITE ERYTHEMA,15,28.2563773747178,16.8856323996181,47.2841551590641,TRUE,年龄组,>=65
scopolamine,VERTIGO,15,12.1785700900939,7.27846952262168,20.3775764916451,TRUE,年龄组,>=65
scopolamine,PRURITUS,14,1.70761533976312,1.00295296422513,2.9073648043377,TRUE,年龄组,>=65
scopolamine,URINARY RETENTION,13,19.6005775837034,11.2890362148687,34.0314827858176,TRUE,年龄组,>=65
scopolamine,AMNESIA,12,10.0646567368601,5.6717222467505,17.8600627505799,TRUE,年龄组,>=65
scopolamine,ERYTHEMA,12,2.73121108130031,1.53919402587514,4.84637663947295,TRUE,年龄组,>=65
scopolamine,APPLICATION SITE PAIN,11,22.0543289228128,12.1224720759351,40.123286833647,TRUE,年龄组,>=65
scopolamine,"HALLUCINATION, VISUAL",11,27.2928061586105,15.0013029614726,49.6555045868073,TRUE,年龄组,>=65
scopolamine,TACHYCARDIA,11,6.43190658585521,3.5357898632774,11.7001925818129,TRUE,年龄组,>=65
scopolamine,MYDRIASIS,9,38.4949510007008,19.8912202200411,74.4982578320324,TRUE,年龄组,>=65
scopolamine,APPLICATION SITE IRRITATION,8,31.9346711332271,15.8669288243389,64.273510751685,TRUE,年龄组,>=65
scopolamine,APPLICATION SITE RASH,8,26.8164283535683,13.3244876233238,53.9698673578471,TRUE,年龄组,>=65
scopolamine,BRADYCARDIA,8,7.93010281852608,3.94093348923094,15.9572677093486,TRUE,年龄组,>=65
scopolamine,DYSURIA,8,11.0199220594482,5.47630013035177,22.1753153234338,TRUE,年龄组,>=65
scopolamine,GLAUCOMA,8,20.1370971832102,10.0062523831337,40.5249305573737,TRUE,年龄组,>=65
scopolamine,RASH ERYTHEMATOUS,8,8.22687708668147,4.0884075798703,16.5544910279008,TRUE,年龄组,>=65
scopolamine,RASH MACULO-PAPULAR,8,18.1438730111781,9.01596144865564,36.5130363212503,TRUE,年龄组,>=65
scopolamine,EYE PRURITUS,6,8.05103959869271,3.59732066531135,18.0187546928369,TRUE,年龄组,>=65
scopolamine,LETHARGY,6,5.40709731756029,2.41603312269681,12.1011177896987,TRUE,年龄组,>=65
scopolamine,APPLICATION SITE REACTION,5,44.8840913499083,18.5814074662997,108.419217433376,TRUE,年龄组,>=65
scopolamine,APPLICATION SITE VESICLES,5,35.533933923069,14.7120832229374,85.8247225029585,TRUE,年龄组,>=65
scopolamine,"HALLUCINATION, AUDITORY",5,16.6030080522632,6.87556205553067,40.0927042992475,TRUE,年龄组,>=65
scopolamine,SEDATION,5,9.49472957568803,3.93222202438801,22.9259408945698,TRUE,年龄组,>=65
scopolamine,APPLICATION SITE BURN,4,38.0836270032742,14.2242522805102,101.96406933191,TRUE,年龄组,>=65
scopolamine,ORTHOSTATIC HYPOTENSION,4,11.7917921204356,4.40567063309847,31.560770877186,TRUE,年龄组,>=65
scopolamine,SINUS BRADYCARDIA,4,22.2421484941214,8.30907867198136,59.5388717768128,TRUE,年龄组,>=65
scopolamine,APPLICATION SITE SCAB,3,59.8193893603225,19.2035051986467,186.338863995206,TRUE,年龄组,>=65
scopolamine,APPLICATION SITE SCAR,3,116.979942225848,37.5227700684206,364.69340771511,TRUE,年龄组,>=65
scopolamine,APPLICATION SITE URTICARIA,3,67.5499165288214,21.6827976522988,210.442918677838,TRUE,年龄组,>=65
scopolamine,SINUS TACHYCARDIA,3,11.8457098966708,3.80537798561302,36.8743508494017,TRUE,年龄组,>=65
scopolamine,ANGLE CLOSURE GLAUCOMA,2,43.418730509515,10.8170254995276,174.279533605631,FALSE,年龄组,>=65
scopolamine,APPLICATION SITE DRYNESS,2,25.1865641025641,6.2768090012202,101.064571372054,FALSE,年龄组,>=65
scopolamine,APPLICATION SITE HYPERSENSITIVITY,2,73.9334169541131,18.4093525352921,296.922454607337,FALSE,年龄组,>=65
scopolamine,DERMATITIS CONTACT,2,8.205724433302,2.04558081834642,32.9167700788863,FALSE,年龄组,>=65
scopolamine,DRY EYE,2,1.79310259303307,0.447047684669695,7.19211175764727,FALSE,年龄组,>=65
scopolamine,ERYTHEMA MULTIFORME,2,11.6983468996096,2.91606718338204,46.9300985119572,FALSE,年龄组,>=65
scopolamine,"HALLUCINATIONS, MIXED",2,24.1417757296467,6.01654514350279,96.870433359907,FALSE,年龄组,>=65
scopolamine,INFUSION SITE ERYTHEMA,2,10.1317364514373,2.52562509011781,40.6442286002923,FALSE,年龄组,>=65
scopolamine,RASH PRURITIC,2,1.75350019011832,0.437174509311324,7.0332621213177,FALSE,年龄组,>=65
scopolamine,APPLICATION SITE HAEMORRHAGE,1,14.3923635191498,2.02216075340387,102.435044948172,FALSE,年龄组,>=65
scopolamine,APPLICATION SITE HYPERAESTHESIA,1,509.229446828117,70.6723656150683,3669.25073556022,FALSE,年龄组,>=65
scopolamine,APPLICATION SITE INFLAMMATION,1,33.0035387130731,4.63492101757134,235.005853056815,FALSE,年龄组,>=65
scopolamine,APPLICATION SITE SWELLING,1,9.48963410608556,1.33347897954576,67.5324897120303,FALSE,年龄组,>=65
scopolamine,INJECTION SITE PRURITUS,1,0.716416910284103,0.100692622226857,5.09722736373551,FALSE,年龄组,>=65
scopolamine,RASH MACULAR,1,1.33384779087981,0.187469837116521,9.49032631915671,FALSE,年龄组,>=65
scopolamine,RASH PAPULAR,1,2.16424704774149,0.304174609174005,15.3989358164285,FALSE,年龄组,>=65
scopolamine,SEDATION COMPLICATION,1,15.8726159591371,2.23005728737799,112.974648145688,FALSE,年龄组,>=65
scopolamine,SUPRAVENTRICULAR TACHYCARDIA,1,5.72701095429211,0.804832512308445,40.7521490111125,FALSE,年龄组,>=65
scopolamine,VENTRICULAR TACHYCARDIA,1,3.39736985071035,0.477469444073071,24.1735299416339,FALSE,年龄组,>=65
dimenhydrinate,HEADACHE,1076,30.1791006000178,27.7851413813716,32.7793226071767,TRUE,年龄组,18-64
dimenhydrinate,DIZZINESS,671,18.3688342654971,16.7825209992445,20.1050886388577,TRUE,年龄组,18-64
dimenhydrinate,RASH,641,18.5986464353191,16.9715949602989,20.3816818652096,TRUE,年龄组,18-64
dimenhydrinate,PRURITUS,454,13.4694724640081,12.151445488323,14.930461452756,TRUE,年龄组,18-64
dimenhydrinate,ERYTHEMA,421,23.0154046592001,20.7002748107978,25.5894598727945,TRUE,年龄组,18-64
dimenhydrinate,HYPOTENSION,252,13.7915254571852,12.0970759071074,15.7233182544911,TRUE,年龄组,18-64
dimenhydrinate,TACHYCARDIA,250,32.2301036653164,28.2538660986828,36.7659271353831,TRUE,年龄组,18-64
dimenhydrinate,VISION BLURRED,220,17.5342540453185,15.2553754691923,20.1535560725237,TRUE,年龄组,18-64
dimenhydrinate,RASH PRURITIC,190,36.4159539981931,31.3787595542787,42.2617631938128,TRUE,年龄组,18-64
dimenhydrinate,BRADYCARDIA,185,39.467120074879,33.9452820761988,45.8871887854215,TRUE,年龄组,18-64
dimenhydrinate,SOMNOLENCE,180,9.46098902390609,8.12388962484339,11.0181597047728,TRUE,年龄组,18-64
dimenhydrinate,AGITATION,149,23.6787713193044,20.0496437418118,27.9647967022305,TRUE,年龄组,18-64
dimenhydrinate,HALLUCINATION,115,16.0776443854234,13.3250027192162,19.3989190419723,TRUE,年龄组,18-64
dimenhydrinate,CONFUSIONAL STATE,111,7.23715164867538,5.97964593464401,8.75910790678661,TRUE,年龄组,18-64
dimenhydrinate,VERTIGO,94,15.4420925549331,12.5585864354136,18.9876642328709,TRUE,年龄组,18-64
dimenhydrinate,URINARY RETENTION,76,23.1170255201754,18.3851352778325,29.0667901445783,TRUE,年龄组,18-64
dimenhydrinate,DRY MOUTH,75,9.28322939085129,7.37357817343867,11.6874529429415,TRUE,年龄组,18-64
dimenhydrinate,DYSURIA,72,20.196385912318,15.9659159025138,25.5477985985792,TRUE,年龄组,18-64
dimenhydrinate,AMNESIA,61,10.260538926476,7.95446164609471,13.2351708695982,TRUE,年龄组,18-64
dimenhydrinate,RASH ERYTHEMATOUS,48,9.93069888980917,7.45957021132107,13.2204373236393,TRUE,年龄组,18-64
dimenhydrinate,RASH MACULAR,35,9.48564057981837,6.79157655452125,13.2483785594079,TRUE,年龄组,18-64
dimenhydrinate,INFUSION SITE ERYTHEMA,32,32.9098789123642,23.1986872359083,46.6862680208064,TRUE,年龄组,18-64
dimenhydrinate,EAR PRURITUS,31,79.4725889003542,55.6564455046079,113.479981146151,TRUE,年龄组,18-64
dimenhydrinate,DRY EYE,28,5.0704925016459,3.49242161306594,7.36162384090761,TRUE,年龄组,18-64
dimenhydrinate,INJECTION SITE PRURITUS,28,4.0603314833282,2.79671485040418,5.8948776104663,TRUE,年龄组,18-64
dimenhydrinate,RASH PAPULAR,27,11.8337631216102,8.09460393895225,17.3001607829756,TRUE,年龄组,18-64
dimenhydrinate,SINUS BRADYCARDIA,27,30.2565792101461,20.6872918762645,44.2523163967245,TRUE,年龄组,18-64
dimenhydrinate,SINUS TACHYCARDIA,27,21.5153355112311,14.7136882164663,31.4611574848236,TRUE,年龄组,18-64
dimenhydrinate,DIZZINESS POSTURAL,26,25.0605859137706,17.0145879251073,36.911441470453,TRUE,年龄组,18-64
dimenhydrinate,INJECTION SITE ERYTHEMA,25,2.0284088262387,1.36753790574366,3.0086495950733,TRUE,年龄组,18-64
dimenhydrinate,SEDATION,24,9.13051854350556,6.1053472517196,13.6546482020033,TRUE,年龄组,18-64
dimenhydrinate,DELIRIUM,23,6.64516397098958,4.40584256568491,10.0226468701506,TRUE,年龄组,18-64
dimenhydrinate,LETHARGY,23,4.13920267644395,2.74452953745132,6.24259952858483,TRUE,年龄组,18-64
dimenhydrinate,RASH GENERALISED,23,10.5047384195595,6.96410779820265,15.8454654150887,TRUE,年龄组,18-64
dimenhydrinate,INFUSION SITE PRURITUS,21,56.6690904955827,36.8182976973966,87.2225501567286,TRUE,年龄组,18-64
dimenhydrinate,EYE PRURITUS,18,4.81267540689067,3.02612462886143,7.65396254707621,TRUE,年龄组,18-64
dimenhydrinate,LIP PRURITUS,18,181.078884738694,113.279375352965,289.457479757819,TRUE,年龄组,18-64
dimenhydrinate,PRURITUS GENERALISED,15,7.7164142480921,4.64291661185366,12.8244924098231,TRUE,年龄组,18-64
dimenhydrinate,SYSTEMIC LUPUS ERYTHEMATOSUS,15,3.74180504065151,2.25170597989893,6.21799874727582,TRUE,年龄组,18-64
dimenhydrinate,VENTRICULAR TACHYCARDIA,15,10.2626253298766,6.17445292219683,17.0576211347891,TRUE,年龄组,18-64
dimenhydrinate,GENERALISED ERYTHEMA,12,27.7118230802892,15.6983169909408,48.9189470996424,TRUE,年龄组,18-64
dimenhydrinate,RASH MACULO-PAPULAR,12,5.38322627503663,3.05195163222182,9.49527666896477,TRUE,年龄组,18-64
dimenhydrinate,ERYTHEMA NODOSUM,9,25.5250473875564,13.2495414577679,49.1736296092742,TRUE,年龄组,18-64
dimenhydrinate,INFUSION SITE RASH,9,57.9273043578289,30.0286560302553,111.745680085837,TRUE,年龄组,18-64
dimenhydrinate,DERMATITIS CONTACT,8,6.57094838801102,3.28108061330828,13.1594946319741,TRUE,年龄组,18-64
dimenhydrinate,DISORIENTATION,8,2.2515086297736,1.12446245720815,4.50819062695179,TRUE,年龄组,18-64
dimenhydrinate,"HALLUCINATION, AUDITORY",7,4.6181546072282,2.19858892530533,9.70047275813564,TRUE,年龄组,18-64
dimenhydrinate,ORAL PRURITUS,7,29.0727594550153,13.8249179129592,61.1378199603546,TRUE,年龄组,18-64
dimenhydrinate,RASH MORBILLIFORM,7,25.4534123091162,12.1058743566171,53.5175055590871,TRUE,年龄组,18-64
dimenhydrinate,TONGUE PRURITUS,7,70.254292606783,33.3434210013894,148.025172026404,TRUE,年龄组,18-64
dimenhydrinate,BUTTERFLY RASH,6,53.4347576436172,23.9152300405672,119.391422101679,TRUE,年龄组,18-64
dimenhydrinate,SINUS HEADACHE,6,10.7777112784681,4.83412237123953,24.0289863353694,TRUE,年龄组,18-64
dimenhydrinate,SUPRAVENTRICULAR TACHYCARDIA,5,5.73740917754718,2.38494601384317,13.8023518685682,TRUE,年龄组,18-64
dimenhydrinate,"HALLUCINATIONS, MIXED",4,9.6487969928813,3.6159758561418,25.7466551530494,TRUE,年龄组,18-64
dimenhydrinate,NASAL PRURITUS,4,25.7093728518496,9.62518828826993,68.671056881135,TRUE,年龄组,18-64
dimenhydrinate,POSTURAL ORTHOSTATIC TACHYCARDIA SYNDROME,4,25.479809028078,9.53937955170333,68.0569071173399,TRUE,年龄组,18-64
dimenhydrinate,RASH PUSTULAR,4,5.9069977925996,2.21421851937015,15.7584369458268,TRUE,年龄组,18-64
dimenhydrinate,SEDATION COMPLICATION,4,12.723523344364,4.76734417926868,33.957700599542,TRUE,年龄组,18-64
dimenhydrinate,APPLICATION SITE PAIN,3,1.17622022638562,0.379030648725019,3.65008482984801,FALSE,年龄组,18-64
dimenhydrinate,ERYTHEMA MULTIFORME,3,3.5034401652791,1.12877544576753,10.8738128896354,TRUE,年龄组,18-64
dimenhydrinate,ERYTHEMA OF EYELID,3,5.32081696462433,1.71409266468272,16.5166643288065,TRUE,年龄组,18-64
dimenhydrinate,GLAUCOMA,3,1.48687809786102,0.479127751428415,4.61423173946355,FALSE,年龄组,18-64
dimenhydrinate,"HALLUCINATION, VISUAL",3,1.45546495696498,0.469006323972632,4.51673705166649,FALSE,年龄组,18-64
dimenhydrinate,ANAL PRURITUS,2,9.23511683237616,2.30632146862799,36.9798330665387,FALSE,年龄组,18-64
dimenhydrinate,EXFOLIATIVE RASH,2,7.60470685898994,1.8994262654446,30.4468604353177,FALSE,年龄组,18-64
dimenhydrinate,EYELIDS PRURITUS,2,6.07533716885547,1.51764079532813,24.3204596429529,FALSE,年龄组,18-64
dimenhydrinate,MYDRIASIS,2,1.679106051303,0.419609530767774,6.7190969813379,FALSE,年龄组,18-64
dimenhydrinate,ORTHOSTATIC HYPOTENSION,2,1.17104062411665,0.292656832303922,4.68581625973249,FALSE,年龄组,18-64
dimenhydrinate,PHARYNGEAL ERYTHEMA,2,9.71580104243084,2.4262616360816,38.906269831868,FALSE,年龄组,18-64
dimenhydrinate,PROCEDURAL HEADACHE,2,43.5622641044592,10.846090203687,174.963587640233,FALSE,年龄组,18-64
dimenhydrinate,CATHETER SITE ERYTHEMA,1,4.12259271902433,0.580150646125697,29.2954439341779,FALSE,年龄组,18-64
dimenhydrinate,INJECTION SITE RASH,1,0.303692836331783,0.0427574889785725,2.15703356400239,FALSE,年龄组,18-64
dimenhydrinate,MEDICATION OVERUSE HEADACHE,1,9.29717405752842,1.3074964107685,66.1091263762432,FALSE,年龄组,18-64
dimenhydrinate,PRURITUS GENITAL,1,3.77867506001354,0.531775790577824,26.850385937377,FALSE,年龄组,18-64
dimenhydrinate,RASH VESICULAR,1,1.97184949066093,0.277562538517504,14.0083400108209,FALSE,年龄组,18-64
dimenhydrinate,TENSION HEADACHE,1,2.10651679154274,0.296513658585919,14.9652903485582,FALSE,年龄组,18-64
dimenhydrinate,TONGUE ERYTHEMA,1,9.78468957243162,1.37597373702246,69.5799254395868,FALSE,年龄组,18-64
dimenhydrinate,VERTIGO POSITIONAL,1,5.74581143019072,0.808413619328037,40.8384374062776,FALSE,年龄组,18-64
dimenhydrinate,VULVOVAGINAL PRURITUS,1,1.78373415637063,0.251088850369571,12.6716400824655,FALSE,年龄组,18-64
dimenhydrinate,SOMNOLENCE,24,22.1848454276154,14.3033534335433,34.4092292016632,TRUE,年龄组,<18
dimenhydrinate,HYPOTENSION,22,20.0904296785436,12.7515076192672,31.6531485311302,TRUE,年龄组,<18
dimenhydrinate,HEADACHE,16,4.19790444250998,2.49526900170388,7.06232542319552,TRUE,年龄组,<18
dimenhydrinate,CONFUSIONAL STATE,14,15.2934968166688,8.80803061818554,26.5542951677023,TRUE,年龄组,<18
dimenhydrinate,ERYTHEMA,14,10.9536149178096,6.30859837199432,19.0187538804649,TRUE,年龄组,<18
dimenhydrinate,AGITATION,13,33.6763491695486,19.0371422178248,59.5728329605837,TRUE,年龄组,<18
dimenhydrinate,PRURITUS,12,4.93150012475906,2.72997405961692,8.90839727755921,TRUE,年龄组,<18
dimenhydrinate,TACHYCARDIA,12,23.8033208645148,13.1765197178729,43.0005871285192,TRUE,年龄组,<18
dimenhydrinate,DIZZINESS,9,2.93337804747048,1.49342269901445,5.76173562586148,TRUE,年龄组,<18
dimenhydrinate,RASH,9,3.16774358192926,1.61274048503353,6.22207943185937,TRUE,年龄组,<18
dimenhydrinate,RASH MACULO-PAPULAR,8,60.1195595211358,29.4540469515937,122.711878709076,TRUE,年龄组,<18
dimenhydrinate,HALLUCINATION,7,15.5010635317294,7.25065470394322,33.1394860775863,TRUE,年龄组,<18
dimenhydrinate,LETHARGY,7,20.8415309677158,9.74852592693902,44.5574455393223,TRUE,年龄组,<18
dimenhydrinate,MYDRIASIS,7,98.2299043309119,45.9367654541722,210.052101175611,TRUE,年龄组,<18
dimenhydrinate,BRADYCARDIA,5,16.0618770259061,6.57979921279147,39.2084750996347,TRUE,年龄组,<18
dimenhydrinate,RASH MACULAR,5,21.9583232175692,8.99512035293818,53.6032804018839,TRUE,年龄组,<18
dimenhydrinate,VENTRICULAR TACHYCARDIA,5,55.9406055925197,22.9132006291264,136.574169829418,TRUE,年龄组,<18
dimenhydrinate,AGITATION NEONATAL,4,730.157975143482,269.457517714937,1978.53328861152,TRUE,年龄组,<18
dimenhydrinate,ANGLE CLOSURE GLAUCOMA,4,283.483872002052,104.79285164986,766.875835708619,TRUE,年龄组,<18
dimenhydrinate,"HALLUCINATION, AUDITORY",3,32.0306220592891,10.204189260397,100.543092971317,TRUE,年龄组,<18
dimenhydrinate,RASH ERYTHEMATOUS,3,9.85339216143579,3.13936111568101,30.9264635412875,TRUE,年龄组,<18
dimenhydrinate,SEDATION COMPLICATION,3,154.629006681203,49.2345427705626,485.637285566737,TRUE,年龄组,<18
dimenhydrinate,URINARY RETENTION,3,14.2804240363845,4.54975646797395,44.8222914994306,TRUE,年龄组,<18
dimenhydrinate,DERMATITIS CONTACT,2,26.376005431944,6.5307200720351,106.526333217824,FALSE,年龄组,<18
dimenhydrinate,DYSURIA,2,8.7355586781521,2.16313915750331,35.2774277857905,FALSE,年龄组,<18
dimenhydrinate,VISION BLURRED,2,2.31489196646713,0.573244227580711,9.34806590034012,FALSE,年龄组,<18
dimenhydrinate,EYE PRURITUS,1,4.24375553608536,0.593616013527864,30.3385701187958,FALSE,年龄组,<18
dimenhydrinate,"HALLUCINATION, VISUAL",1,7.75556562226065,1.08481792345089,55.4459848246726,FALSE,年龄组,<18
dimenhydrinate,RASH MORBILLIFORM,1,57.8707400170841,8.09157325910282,413.890159908937,FALSE,年龄组,<18
dimenhydrinate,RASH PAPULAR,1,6.92264217411016,0.968318156972583,49.4909388259314,FALSE,年龄组,<18
dimenhydrinate,SINUS TACHYCARDIA,1,12.5715119947137,1.75838756944259,89.8794535287413,FALSE,年龄组,<18
dimenhydrinate,SOMNOLENCE NEONATAL,1,1172.15423874859,162.480003483505,8456.09016469383,FALSE,年龄组,<18
dimenhydrinate,HEADACHE,213,12.9010259641079,11.0115276509036,15.1147484893188,TRUE,年龄组,>=65
dimenhydrinate,CONFUSIONAL STATE,169,40.1003702918401,33.7942567729212,47.583224224987,TRUE,年龄组,>=65
dimenhydrinate,DIZZINESS,156,11.2184479374283,9.40718222546688,13.3784560677567,TRUE,年龄组,>=65
dimenhydrinate,HYPOTENSION,104,17.4080176455676,14.1537868555053,21.4104593662523,TRUE,年龄组,>=65
dimenhydrinate,RASH,104,7.43446391983681,6.04487476221662,9.14349030369119,TRUE,年龄组,>=65
dimenhydrinate,PRURITUS,71,5.51411690542874,4.31876693851131,7.04031629389474,TRUE,年龄组,>=65
dimenhydrinate,ERYTHEMA,63,9.06730775490685,7.00596279470973,11.7351565132884,TRUE,年龄组,>=65
dimenhydrinate,URINARY RETENTION,59,55.8839510345087,42.8325858846585,72.9121513148228,TRUE,年龄组,>=65
dimenhydrinate,VERTIGO,55,27.7408390092022,21.080500073453,36.505497794314,TRUE,年龄组,>=65
dimenhydrinate,DRY MOUTH,54,20.6820613352898,15.6803968436133,27.2791349187641,TRUE,年龄组,>=65
dimenhydrinate,SOMNOLENCE,52,8.02365418064801,6.05406381460359,10.634018467948,TRUE,年龄组,>=65
dimenhydrinate,DELIRIUM,49,44.5912104676951,33.3745258961785,59.5776568380244,TRUE,年龄组,>=65
dimenhydrinate,GLAUCOMA,39,60.6551419170153,43.9295527800283,83.7487752127963,TRUE,年龄组,>=65
dimenhydrinate,EYE PRURITUS,30,24.6476662048276,17.1049731701483,35.5164222300463,TRUE,年龄组,>=65
dimenhydrinate,VISION BLURRED,30,6.66991142493047,4.62938266505671,9.60985980964982,TRUE,年龄组,>=65
dimenhydrinate,LETHARGY,20,10.8808968768915,6.97791085280757,16.9669574952954,TRUE,年龄组,>=65
dimenhydrinate,BRADYCARDIA,19,11.3033084471767,7.16780268181555,17.8248185006752,TRUE,年龄组,>=65
dimenhydrinate,TACHYCARDIA,15,5.19902511804409,3.11824403092332,8.6682959736316,TRUE,年龄组,>=65
dimenhydrinate,DISORIENTATION,12,10.1702812397035,5.74896109413717,17.9918804112535,TRUE,年龄组,>=65
dimenhydrinate,RASH PRURITIC,12,6.33926367453303,3.58356218119542,11.214055150523,TRUE,年龄组,>=65
dimenhydrinate,RASH MACULAR,11,8.84941583491396,4.87904550716347,16.0507133012486,TRUE,年龄组,>=65
dimenhydrinate,DYSURIA,10,8.16605453729287,4.37518493935839,15.24151496001,TRUE,年龄组,>=65
dimenhydrinate,"HALLUCINATION, VISUAL",10,14.6075644414665,7.82574119967674,27.2665468314248,TRUE,年龄组,>=65
dimenhydrinate,AGITATION,7,3.11018935859741,1.47754844181157,6.54684311701653,TRUE,年龄组,>=65
dimenhydrinate,AMNESIA,7,3.43476855942823,1.63173701767585,7.23010811732431,TRUE,年龄组,>=65
dimenhydrinate,RASH MACULO-PAPULAR,7,9.37283247333604,4.45228661679596,19.7314315394284,TRUE,年龄组,>=65
dimenhydrinate,HALLUCINATION,6,2.38194047872689,1.06665390347207,5.31910156211816,TRUE,年龄组,>=65
dimenhydrinate,RASH ERYTHEMATOUS,6,3.63792872393679,1.62906177315394,8.12401691485384,TRUE,年龄组,>=65
dimenhydrinate,VERTIGO POSITIONAL,6,103.676080079974,46.3474185490637,231.916467351263,TRUE,年龄组,>=65
dimenhydrinate,INJECTION SITE ERYTHEMA,5,1.20075773134554,0.498321438308312,2.89335159707505,FALSE,年龄组,>=65
dimenhydrinate,SINUS TACHYCARDIA,5,11.7588399809557,4.87902753913476,28.3397288883193,TRUE,年龄组,>=65
dimenhydrinate,SUPRAVENTRICULAR TACHYCARDIA,4,13.6899082373419,5.12320652983075,36.5813063470294,TRUE,年龄组,>=65
dimenhydrinate,VENTRICULAR TACHYCARDIA,4,8.11966131034051,3.03899303348125,21.6943240962673,TRUE,年龄组,>=65
dimenhydrinate,INFUSION SITE ERYTHEMA,3,9.04720343789091,2.91068242617375,28.1212025436192,TRUE,年龄组,>=65
dimenhydrinate,INFUSION SITE PRURITUS,3,23.7998764295406,7.65421317678372,74.002919043263,TRUE,年龄组,>=65
dimenhydrinate,CATHETER SITE ERYTHEMA,2,24.5871946047417,6.13333409059622,98.5646843302276,FALSE,年龄组,>=65
dimenhydrinate,DERMATITIS CONTACT,2,4.87782279559102,1.2174949347578,19.5427139332787,FALSE,年龄组,>=65
dimenhydrinate,DIZZINESS POSTURAL,2,5.66528102544395,1.41400997012394,22.6981490763054,FALSE,年龄组,>=65
dimenhydrinate,DRY EYE,2,1.06589448379634,0.266075201555647,4.26996219093293,FALSE,年龄组,>=65
dimenhydrinate,GINGIVAL ERYTHEMA,2,71.1095186679776,17.7140324924297,285.455254039555,FALSE,年龄组,>=65
dimenhydrinate,ANAL PRURITUS,1,13.730008805428,1.93037640186795,97.6561574285272,FALSE,年龄组,>=65
dimenhydrinate,APPLICATION SITE HAEMORRHAGE,1,8.56311773776729,1.20419626605547,60.8928855352282,FALSE,年龄组,>=65
dimenhydrinate,APPLICATION SITE PAIN,1,1.16585736402264,0.164000672482146,8.28791353519465,FALSE,年龄组,>=65
dimenhydrinate,ERYTHEMA MULTIFORME,1,3.47188698937795,0.488341630755088,24.6835381377862,FALSE,年龄组,>=65
dimenhydrinate,"HALLUCINATION, AUDITORY",1,1.95749907507715,0.275351433621607,13.9160438663037,FALSE,年龄组,>=65
dimenhydrinate,INJECTION SITE RASH,1,0.903943490919463,0.127158754501472,6.42593455699668,FALSE,年龄组,>=65
dimenhydrinate,MYDRIASIS,1,2.49755888630388,0.351310934654668,17.7557820586686,FALSE,年龄组,>=65
dimenhydrinate,ORAL PRURITUS,1,12.2903174011805,1.72806678629349,87.4109166496686,FALSE,年龄组,>=65
dimenhydrinate,ORTHOSTATIC HYPOTENSION,1,1.74190171952485,0.245026668281088,12.383230044996,FALSE,年龄组,>=65
dimenhydrinate,PROCEDURAL HYPOTENSION,1,44.3513924977678,6.22759730947732,315.85953919942,FALSE,年龄组,>=65
dimenhydrinate,PRURITUS GENERALISED,1,1.52030390505449,0.213857338600374,10.8077841931953,FALSE,年龄组,>=65
dimenhydrinate,RASH GENERALISED,1,1.34448554900977,0.189126807110108,9.55782746569458,FALSE,年龄组,>=65
dimenhydrinate,STOMA SITE ERYTHEMA,1,12.6434104868753,1.77768671471487,89.9235098155463,FALSE,年龄组,>=65
meclizine,DIZZINESS,527,20.4957314856433,18.4778800732538,22.7339395789043,TRUE,年龄组,18-64
meclizine,HEADACHE,470,13.2567285127227,11.911106478743,14.7543682170643,TRUE,年龄组,18-64
meclizine,VERTIGO,222,55.6587792012486,48.3040539441568,64.1333273135781,TRUE,年龄组,18-64
meclizine,RASH,162,5.12229964659238,4.35521900357446,6.02448548464409,TRUE,年龄组,18-64
meclizine,PRURITUS,154,5.52742693692512,4.68224725332886,6.52516770047205,TRUE,年龄组,18-64
meclizine,SOMNOLENCE,120,8.59870960569912,7.13997516939391,10.3554711506677,TRUE,年龄组,18-64
meclizine,HYPOTENSION,91,6.42760829114951,5.20252217793214,7.94117678530977,TRUE,年龄组,18-64
meclizine,VISION BLURRED,74,7.6469916610188,6.05618077991263,9.65566973457069,TRUE,年龄组,18-64
meclizine,ERYTHEMA,69,4.39121336014836,3.45038870453657,5.58857462899542,TRUE,年龄组,18-64
meclizine,CONFUSIONAL STATE,60,5.30129770933592,4.09639040615285,6.86061498454784,TRUE,年龄组,18-64
meclizine,AMNESIA,55,12.7922005623786,9.77532650655464,16.7401462363833,TRUE,年龄组,18-64
meclizine,DRY MOUTH,55,9.35160726861753,7.14643908719606,12.2372215643935,TRUE,年龄组,18-64
meclizine,TACHYCARDIA,53,8.60009276483139,6.54036369901863,11.3084835901103,TRUE,年龄组,18-64
meclizine,INJECTION SITE ERYTHEMA,51,5.80321807874329,4.39085913254163,7.66987485885455,TRUE,年龄组,18-64
meclizine,BRADYCARDIA,41,11.2725530231459,8.26659742240827,15.3715543610706,TRUE,年龄组,18-64
meclizine,LETHARGY,40,10.036501363842,7.33269225666873,13.7372954026254,TRUE,年龄组,18-64
meclizine,DYSURIA,36,13.7135841574211,9.85402085979293,19.0848378665421,TRUE,年龄组,18-64
meclizine,INJECTION SITE PRURITUS,26,5.1972787074551,3.52746110827702,7.65754890949314,TRUE,年龄组,18-64
meclizine,AGITATION,25,5.16410377330857,3.47857351503433,7.66635164277579,TRUE,年龄组,18-64
meclizine,DRY EYE,24,5.98331464357302,3.99813326586111,8.95419230511437,TRUE,年龄组,18-64
meclizine,HALLUCINATION,24,4.43251580639171,2.96195161137555,6.63319289162461,TRUE,年龄组,18-64
meclizine,SYSTEMIC LUPUS ERYTHEMATOSUS,24,8.29333278048664,5.54148654294768,12.4117180606395,TRUE,年龄组,18-64
meclizine,DISORIENTATION,22,8.59500713406289,5.64244768341142,13.0925711286219,TRUE,年龄组,18-64
meclizine,URINARY RETENTION,21,8.57155550677232,5.57233830309441,13.1850508367159,TRUE,年龄组,18-64
meclizine,RASH PRURITIC,18,4.37153533938373,2.74695635003988,6.95690749625612,TRUE,年龄组,18-64
meclizine,ORTHOSTATIC HYPOTENSION,17,13.8203623489067,8.56765274631281,22.293435683102,TRUE,年龄组,18-64
meclizine,SEDATION,16,8.35128241788177,5.10297609413402,13.6673025185035,TRUE,年龄组,18-64
meclizine,RASH PAPULAR,14,8.3940861094259,4.95921366252596,14.2080350650929,TRUE,年龄组,18-64
meclizine,INFUSION SITE ERYTHEMA,13,18.2057969636537,10.5435666215857,31.436330321393,TRUE,年龄组,18-64
meclizine,RASH MACULAR,13,4.79940250133423,2.78041899330964,8.28445799904233,TRUE,年龄组,18-64
meclizine,GLAUCOMA,12,8.22427938911368,4.65990768346238,14.5150453753074,TRUE,年龄组,18-64
meclizine,RASH ERYTHEMATOUS,12,3.35947191327037,1.90373013895208,5.92838832832941,TRUE,年龄组,18-64
meclizine,EYE PRURITUS,11,4.0341546340523,2.22940844339204,7.29987529188873,TRUE,年龄组,18-64
meclizine,INFUSION SITE PRURITUS,11,40.532781237495,22.377580184646,73.4175161608347,TRUE,年龄组,18-64
meclizine,INJECTION SITE RASH,11,4.61987340644887,2.55305554324254,8.35987699057511,TRUE,年龄组,18-64
meclizine,VERTIGO POSITIONAL,9,71.820906131866,37.2215045360163,138.582322823923,TRUE,年龄组,18-64
meclizine,PRURITUS GENERALISED,8,5.64090280417658,2.81568524242596,11.3009025180498,TRUE,年龄组,18-64
meclizine,DERMATITIS CONTACT,7,7.90336312310391,3.7607722891631,16.6091280867045,TRUE,年龄组,18-64
meclizine,SINUS TACHYCARDIA,7,7.58832711556462,3.61090300755888,15.9468997899618,TRUE,年龄组,18-64
meclizine,DIZZINESS POSTURAL,6,7.86283364213131,3.52621281211015,17.5327344599021,TRUE,年龄组,18-64
meclizine,MYDRIASIS,6,6.94222312013993,3.11345630921911,15.4794084333539,TRUE,年龄组,18-64
meclizine,SINUS HEADACHE,6,14.8206907286386,6.64486588873925,33.056028120325,TRUE,年龄组,18-64
meclizine,TENSION HEADACHE,6,17.4423870603334,7.81954768752147,38.9072205350179,TRUE,年龄组,18-64
meclizine,VENTRICULAR TACHYCARDIA,6,5.61799182354577,2.51968683282541,12.526093210574,TRUE,年龄组,18-64
meclizine,POSTURAL ORTHOSTATIC TACHYCARDIA SYNDROME,5,43.8451173341506,18.1925499104113,105.66931647912,TRUE,年龄组,18-64
meclizine,RASH GENERALISED,5,3.11143004669056,1.29314939338834,7.48637163265602,TRUE,年龄组,18-64
meclizine,SINUS BRADYCARDIA,5,7.60471311634102,3.16003877646758,18.3009341570472,TRUE,年龄组,18-64
meclizine,VULVOVAGINAL PRURITUS,5,12.2952152275461,5.10814452222904,29.594369703877,TRUE,年龄组,18-64
meclizine,DELIRIUM,4,1.5741827265532,0.59006031668565,4.19965753755074,FALSE,年龄组,18-64
meclizine,"HALLUCINATION, VISUAL",4,2.6690545537034,1.0004079830713,7.12094698482343,TRUE,年龄组,18-64
meclizine,SUPRAVENTRICULAR TACHYCARDIA,4,6.30589617797226,2.36316954786587,16.8266922038139,TRUE,年龄组,18-64
meclizine,ATRIAL TACHYCARDIA,3,19.9038709193246,6.4059673181136,61.8429751355327,TRUE,年龄组,18-64
meclizine,EAR PRURITUS,3,10.3458235803567,3.33142250466103,32.1292377073487,TRUE,年龄组,18-64
meclizine,"HALLUCINATION, AUDITORY",3,2.71455994944985,0.874455648576499,8.42676896324321,FALSE,年龄组,18-64
meclizine,"HALLUCINATIONS, MIXED",3,9.93878622183579,3.20042209100783,30.8645137280148,TRUE,年龄组,18-64
meclizine,RASH PUSTULAR,3,6.08525443605019,1.95992909600068,18.8937046891291,TRUE,年龄组,18-64
meclizine,RASH VESICULAR,3,8.14186730896765,2.62203706967002,25.2818711236523,TRUE,年龄组,18-64
meclizine,APPLICATION SITE HAEMORRHAGE,2,7.9133487883811,1.97638379577484,31.6846804656289,FALSE,年龄组,18-64
meclizine,APPLICATION SITE PRURITUS,2,1.13888425475542,0.284563774141132,4.55805504282677,FALSE,年龄组,18-64
meclizine,CATHETER SITE ERYTHEMA,2,11.3416062093075,2.83197812714373,45.4212658544574,FALSE,年龄组,18-64
meclizine,EXFOLIATIVE RASH,2,10.450462830795,2.60961065142286,41.8499875904022,FALSE,年龄组,18-64
meclizine,GENERALISED ERYTHEMA,2,6.30035066337385,1.57369550757735,25.2236968907559,FALSE,年龄组,18-64
meclizine,PHARYNGEAL ERYTHEMA,2,13.3515491732532,3.33342678978385,53.4776602480471,FALSE,年龄组,18-64
meclizine,TONGUE PRURITUS,2,27.3482323208889,6.8217880082027,109.637797330844,FALSE,年龄组,18-64
meclizine,ANGLE CLOSURE GLAUCOMA,1,5.94589633926115,0.836577257210007,42.2599143982757,FALSE,年龄组,18-64
meclizine,APPLICATION SITE BURN,1,2.59561113936599,0.365309267986314,18.4424480220229,FALSE,年龄组,18-64
meclizine,APPLICATION SITE ERYTHEMA,1,0.500980236423143,0.0705219651447167,3.55890816104676,FALSE,年龄组,18-64
meclizine,APPLICATION SITE HYPERSENSITIVITY,1,10.1207454919271,1.42343074096759,71.9595877511655,FALSE,年龄组,18-64
meclizine,APPLICATION SITE IRRITATION,1,1.07856938059572,0.151820032520911,7.66244012362731,FALSE,年龄组,18-64
meclizine,APPLICATION SITE PAIN,1,0.538170313881386,0.0757568801238069,3.823115290253,FALSE,年龄组,18-64
meclizine,APPLICATION SITE RASH,1,0.905806371978884,0.127503818123003,6.43498520747064,FALSE,年龄组,18-64
meclizine,APPLICATION SITE REACTION,1,2.44136858153737,0.34360581558494,17.3462737840197,FALSE,年龄组,18-64
meclizine,APPLICATION SITE SCAR,1,10.640815091015,1.4965050813503,75.6609163658891,FALSE,年龄组,18-64
meclizine,APPLICATION SITE URTICARIA,1,6.149660086354,0.865230427005796,43.708956593874,FALSE,年龄组,18-64
meclizine,BUTTERFLY RASH,1,12.1404520843089,1.70717853100719,86.335772231416,FALSE,年龄组,18-64
meclizine,CERVICOGENIC HEADACHE,1,89.7420676004872,12.5308748845847,642.703623760372,FALSE,年龄组,18-64
meclizine,CLUSTER HEADACHE,1,9.48760349203453,1.33445940510819,67.4539964853917,FALSE,年龄组,18-64
meclizine,CUTANEOUS LUPUS ERYTHEMATOSUS,1,8.42593339166138,1.18524679745781,59.9000593572508,FALSE,年龄组,18-64
meclizine,EYELIDS PRURITUS,1,4.17023575564363,0.586839673045464,29.6347828145241,FALSE,年龄组,18-64
meclizine,GENITAL RASH,1,9.65779564459835,1.35837641070144,68.6650739647769,FALSE,年龄组,18-64
meclizine,GINGIVAL ERYTHEMA,1,16.3658365696811,2.30046409949789,116.428944352564,FALSE,年龄组,18-64
meclizine,"HALLUCINATION, TACTILE",1,21.2822391954283,2.99020178671624,151.472622076393,FALSE,年龄组,18-64
meclizine,INFUSION SITE RASH,1,8.75477407088322,1.23146684808765,62.2396527776879,FALSE,年龄组,18-64
meclizine,PRURITUS GENITAL,1,5.19183129213028,0.730531718270422,36.8979354240238,FALSE,年龄组,18-64
meclizine,RASH MORBILLIFORM,1,4.96899006074396,0.69919036576388,35.31350463732,FALSE,年龄组,18-64
meclizine,SUBACUTE CUTANEOUS LUPUS ERYTHEMATOSUS,1,6.18854109790415,0.870697737326911,43.9854604860073,FALSE,年龄组,18-64
meclizine,VERTIGO LABYRINTHINE,1,384.610862188968,52.2977158363876,2828.52726831366,FALSE,年龄组,18-64
meclizine,HYPOTENSION,27,84.5394066952477,51.1701473790343,139.669546609763,TRUE,年龄组,<18
meclizine,SOMNOLENCE,17,41.204672553348,23.5834865005346,71.9921136423211,TRUE,年龄组,<18
meclizine,TACHYCARDIA,17,97.4248953692453,55.75950521211,170.22407572668,TRUE,年龄组,<18
meclizine,BRADYCARDIA,12,105.641869028315,56.2567878941925,198.379696202807,TRUE,年龄组,<18
meclizine,AGITATION,9,56.7423018968046,27.9897190059583,115.031123530134,TRUE,年龄组,<18
meclizine,SINUS TACHYCARDIA,6,190.015825234368,81.8539158820164,441.103073083772,TRUE,年龄组,<18
meclizine,HEADACHE,5,2.89981842464927,1.16237886085916,7.23425655704026,TRUE,年龄组,<18
meclizine,VENTRICULAR TACHYCARDIA,4,105.699759867703,38.3674098166946,291.196077334068,TRUE,年龄组,<18
meclizine,DIZZINESS,3,2.20415299568152,0.690955108253799,7.03126783540224,FALSE,年龄组,<18
meclizine,POSTURAL ORTHOSTATIC TACHYCARDIA SYNDROME,2,477.667314964884,116.625883053173,1956.39302196524,FALSE,年龄组,<18
meclizine,RASH,2,1.56038407154772,0.38139849209186,6.3838701547709,FALSE,年龄组,<18
meclizine,VERTIGO,2,11.8239049247377,2.89000160293698,48.3753114625122,FALSE,年龄组,<18
meclizine,CONFUSIONAL STATE,1,2.29200518631618,0.317721203521191,16.534268773629,FALSE,年龄组,<18
meclizine,IMPLANT SITE ERYTHEMA,1,326.826307132164,45.2558951272763,2360.2546084492,FALSE,年龄组,<18
meclizine,MYDRIASIS,1,31.0364638206414,4.30190663431823,223.915153993723,FALSE,年龄组,<18
meclizine,SINUS BRADYCARDIA,1,40.8216788788077,5.65803149797042,294.521065689056,FALSE,年龄组,<18
meclizine,VISION BLURRED,1,2.65642085319174,0.368236601013455,19.1631460040934,FALSE,年龄组,<18
meclizine,DIZZINESS,632,24.3242355731331,22.0659546945461,26.8136341439834,TRUE,年龄组,>=65
meclizine,HEADACHE,343,8.00660324802056,7.11559630943928,9.00918106978233,TRUE,年龄组,>=65
meclizine,VERTIGO,216,49.8339786509782,43.2086107540853,57.475243587908,TRUE,年龄组,>=65
meclizine,PRURITUS,205,7.04671981433911,6.0914390505554,8.15181104656574,TRUE,年龄组,>=65
meclizine,RASH,201,6.03807946376382,5.21302435081805,6.99371442702069,TRUE,年龄组,>=65
meclizine,SOMNOLENCE,116,7.70006333322802,6.37811228937884,9.29600681920526,TRUE,年龄组,>=65
meclizine,CONFUSIONAL STATE,115,9.78211101764662,8.09642089685411,11.8187650050091,TRUE,年龄组,>=65
meclizine,HALLUCINATION,110,19.9631014074137,16.4563035653328,24.2171892503383,TRUE,年龄组,>=65
meclizine,HYPOTENSION,105,6.95547050645223,5.70998393484903,8.47262803505696,TRUE,年龄组,>=65
meclizine,ERYTHEMA,100,6.03541293906628,4.93213516810323,7.38548480597649,TRUE,年龄组,>=65
meclizine,VISION BLURRED,83,8.02528127645797,6.43735823639001,10.0049021976419,TRUE,年龄组,>=65
meclizine,DRY MOUTH,55,8.70982622895222,6.65804985925607,11.393887781282,TRUE,年龄组,>=65
meclizine,DIZZINESS POSTURAL,43,53.9668971458444,39.8443575263702,73.0950671151521,TRUE,年龄组,>=65
meclizine,AMNESIA,42,9.0268820821219,6.64567491668862,12.2612979337748,TRUE,年龄组,>=65
meclizine,DYSURIA,39,13.8736413881254,10.0985636534779,19.0599308942333,TRUE,年龄组,>=65
meclizine,AGITATION,35,6.78253614944519,4.85300133708601,9.4792466400088,TRUE,年龄组,>=65
meclizine,DRY EYE,34,7.95265839067935,5.66294814129267,11.1681714013376,TRUE,年龄组,>=65
meclizine,RASH PRURITIC,32,7.31062691644844,5.15274725724628,10.3721885129026,TRUE,年龄组,>=65
meclizine,DELIRIUM,31,11.5762312866854,8.11397394530502,16.5158443576684,TRUE,年龄组,>=65
meclizine,INJECTION SITE ERYTHEMA,25,2.60953109842004,1.75822726880072,3.87302180693975,TRUE,年龄组,>=65
meclizine,DISORIENTATION,22,8.01634881095842,5.26356801342299,12.2087998283818,TRUE,年龄组,>=65
meclizine,LETHARGY,22,5.08917338220474,3.3417719880737,7.75028512016183,TRUE,年龄组,>=65
meclizine,"HALLUCINATION, AUDITORY",20,17.0812939758361,10.9883592521868,26.5526997427634,TRUE,年龄组,>=65
meclizine,ORTHOSTATIC HYPOTENSION,19,14.4280632607265,9.1775046819683,22.6825282763985,TRUE,年龄组,>=65
meclizine,"HALLUCINATION, VISUAL",17,10.6751756954802,6.61929799238227,17.2162329389793,TRUE,年龄组,>=65
meclizine,RASH MACULAR,17,5.87001756221277,3.64019742265376,9.46572456929178,TRUE,年龄组,>=65
meclizine,EYE PRURITUS,16,5.49192231233726,3.35651503423146,8.98587087415022,TRUE,年龄组,>=65
meclizine,GLAUCOMA,16,10.2577290137832,6.26852940663711,16.7855963806763,TRUE,年龄组,>=65
meclizine,RASH ERYTHEMATOUS,15,3.92527844434091,2.36103249083,6.52587837119974,TRUE,年龄组,>=65
meclizine,TACHYCARDIA,15,2.2165357503033,1.33329018776313,3.68489228936367,TRUE,年龄组,>=65
meclizine,ADMINISTRATION SITE ERYTHEMA,14,539.103476060436,314.275903223806,924.768825478409,TRUE,年龄组,>=65
meclizine,BRADYCARDIA,13,3.2752491662186,1.89777265327368,5.65255120644247,TRUE,年龄组,>=65
meclizine,URINARY RETENTION,13,4.92502355823667,2.85357299765213,8.50017051224675,TRUE,年龄组,>=65
meclizine,APPLICATION SITE PRURITUS,9,4.80477092804354,2.49538695157003,9.25140033149864,TRUE,年龄组,>=65
meclizine,INFUSION SITE ERYTHEMA,9,11.7268951109978,6.0890746395556,22.5847238020359,TRUE,年龄组,>=65
meclizine,INJECTION SITE PRURITUS,9,1.66084991380078,0.862659973285145,3.19757786566537,FALSE,年龄组,>=65
meclizine,PRURITUS GENERALISED,9,5.92595348803928,3.0775686186859,11.4106065837777,TRUE,年龄组,>=65
meclizine,RASH PAPULAR,8,4.45836147463447,2.22572646022169,8.93056150149061,TRUE,年龄组,>=65
meclizine,VENTRICULAR TACHYCARDIA,8,7.00014339967351,3.49434394404733,14.0232353771209,TRUE,年龄组,>=65
meclizine,APPLICATION SITE ERYTHEMA,7,3.28570467240122,1.56388399423814,6.90323274233556,TRUE,年龄组,>=65
meclizine,RASH GENERALISED,7,4.07068363914007,1.937451634903,8.5527117123583,TRUE,年龄组,>=65
meclizine,SINUS HEADACHE,7,16.1502219354526,7.68333649960794,33.9474482964116,TRUE,年龄组,>=65
meclizine,VERTIGO POSITIONAL,6,44.5060825964494,19.9320749709662,99.3770789527566,TRUE,年龄组,>=65
meclizine,APPLICATION SITE PAIN,5,2.51808227208547,1.04665734251329,6.05808421862827,TRUE,年龄组,>=65
meclizine,DERMATITIS CONTACT,5,5.26134019237468,2.18664989590528,12.6594113999383,TRUE,年龄组,>=65
meclizine,APPLICATION SITE VESICLES,4,7.23445962592604,2.7111918761996,19.3042058507927,TRUE,年龄组,>=65
meclizine,INFUSION SITE PRURITUS,4,13.6657509702543,5.11978795203954,36.4766571058105,TRUE,年龄组,>=65
meclizine,MYDRIASIS,4,4.31355634975899,1.61678127863655,11.508525382133,TRUE,年龄组,>=65
meclizine,PRURITUS ALLERGIC,4,38.1052727989776,14.2589754741578,101.831426648854,TRUE,年龄组,>=65
meclizine,SUPRAVENTRICULAR TACHYCARDIA,4,5.88570354478674,2.20587552396966,15.7041981021553,TRUE,年龄组,>=65
meclizine,SYSTEMIC LUPUS ERYTHEMATOSUS,4,1.27356641778386,0.477421041406421,3.39736056820766,FALSE,年龄组,>=65
meclizine,VULVOVAGINAL PRURITUS,4,9.1730480850556,3.43737507093597,24.4793801765224,TRUE,年龄组,>=65
meclizine,INJECTION SITE RASH,3,1.16995488550226,0.376938618960174,3.63134570261485,FALSE,年龄组,>=65
meclizine,NASAL PRURITUS,3,24.7057940787703,7.94925719721463,76.7840624500704,TRUE,年龄组,>=65
meclizine,RASH MACULO-PAPULAR,3,1.71876475764599,0.553738312216549,5.33492486785093,FALSE,年龄组,>=65
meclizine,SINUS BRADYCARDIA,3,4.25256433153435,1.36986327248998,13.2015389834977,TRUE,年龄组,>=65
meclizine,STOMA SITE ERYTHEMA,3,16.3805860196143,5.2730277010796,50.8860589317683,TRUE,年龄组,>=65
meclizine,TENSION HEADACHE,3,8.11893990165519,2.61475718562382,25.2096773991512,TRUE,年龄组,>=65
meclizine,ERYTHEMA OF EYELID,2,4.54711654380852,1.13594246481157,18.2018627733993,FALSE,年龄组,>=65
meclizine,EXFOLIATIVE RASH,2,9.7548896605679,2.43605414811762,39.0622976765047,FALSE,年龄组,>=65
meclizine,"HALLUCINATION, TACTILE",2,39.8343639824733,9.92713888458555,159.842284099807,FALSE,年龄组,>=65
meclizine,INFUSION SITE RASH,2,16.3673963774576,4.08551274444008,65.5711243445222,FALSE,年龄组,>=65
meclizine,OPEN ANGLE GLAUCOMA,2,42.4396394061145,10.5745074725101,170.32689206597,FALSE,年龄组,>=65
meclizine,ORAL MUCOSAL ERYTHEMA,2,14.5975040907747,3.64416858435783,58.4734544375464,FALSE,年龄组,>=65
meclizine,SEDATION,2,0.965464704116401,0.241248009547833,3.86375040623809,FALSE,年龄组,>=65
meclizine,SINUS TACHYCARDIA,2,2.01660841454968,0.503868817529089,8.07096878424669,FALSE,年龄组,>=65
meclizine,VERTIGO LABYRINTHINE,2,745.070281885982,177.039858966808,3135.62001342157,FALSE,年龄组,>=65
meclizine,ANAL PRURITUS,1,5.91629192974097,0.832415317717533,42.0493345724275,FALSE,年龄组,>=65
meclizine,APPLICATION SITE HAEMORRHAGE,1,3.68986683963906,0.519272559816765,26.2195970822574,FALSE,年龄组,>=65
meclizine,APPLICATION SITE HYPERSENSITIVITY,1,9.44750092969775,1.32879506958841,67.1700820234728,FALSE,年龄组,>=65
meclizine,APPLICATION SITE PAPULES,1,11.4100397566206,1.60452024038019,81.1388999473226,FALSE,年龄组,>=65
meclizine,APPLICATION SITE RASH,1,0.845551003486871,0.119026828763731,6.00668359330022,FALSE,年龄组,>=65
meclizine,APPLICATION SITE SCAB,1,5.08428019437862,0.715410236640972,36.1329818487395,FALSE,年龄组,>=65
meclizine,APPLICATION SITE URTICARIA,1,5.74057705675535,0.807706269420784,40.7997637163047,FALSE,年龄组,>=65
meclizine,CATHETER SITE ERYTHEMA,1,5.28756714921293,0.744000054409176,37.5784466570208,FALSE,年龄组,>=65
meclizine,CATHETER SITE PRURITUS,1,11.8261913520383,1.66297354479309,84.1016397001228,FALSE,年龄组,>=65
meclizine,"HALLUCINATIONS, MIXED",1,3.08688416050554,0.434440724762604,21.9336109099508,FALSE,年龄组,>=65
meclizine,PALMAR ERYTHEMA,1,10.832131795103,1.52333852146565,77.0249537926671,FALSE,年龄组,>=65
meclizine,PHARYNGEAL ERYTHEMA,1,6.22404194615221,0.875689126371628,44.2379572622695,FALSE,年龄组,>=65
meclizine,PROCEDURAL DIZZINESS,1,35.9020953463819,5.03665746329007,255.915844914082,FALSE,年龄组,>=65
meclizine,PROCEDURAL HYPOTENSION,1,19.1111156745213,2.6854580860776,136.004633331811,FALSE,年龄组,>=65
meclizine,TONGUE ERYTHEMA,1,12.5496760374149,1.76458405337743,89.2529706038197,FALSE,年龄组,>=65
cinnarizine,HEADACHE,45,13.1656336669036,9.31947210047367,18.5991124800188,TRUE,年龄组,18-64
cinnarizine,DIZZINESS,36,12.7923261272573,8.82051357579144,18.5526167314387,TRUE,年龄组,18-64
cinnarizine,MEDICATION OVERUSE HEADACHE,20,3110.23603489517,1936.34051494064,4995.79909531407,TRUE,年龄组,18-64
cinnarizine,TACHYCARDIA,17,31.092882270791,18.7972632470665,51.4312809901273,TRUE,年龄组,18-64
cinnarizine,SOMNOLENCE,14,10.6038857630309,6.12569966344628,18.355844957007,TRUE,年龄组,18-64
cinnarizine,VERTIGO,14,34.4945512455094,19.9259958799694,59.7146598241144,TRUE,年龄组,18-64
cinnarizine,PRURITUS,12,4.39105770773597,2.43747716025867,7.91038706209716,TRUE,年龄组,18-64
cinnarizine,CONFUSIONAL STATE,11,10.4629279896607,5.6697157323107,19.3083511211964,TRUE,年龄组,18-64
cinnarizine,RASH,11,3.50297065212653,1.89824256313684,6.4642968332679,TRUE,年龄组,18-64
cinnarizine,VISION BLURRED,11,12.1266259767904,6.57122472569526,22.3786377303369,TRUE,年龄组,18-64
cinnarizine,AGITATION,10,22.5779488860603,11.8996991311612,42.8383751793065,TRUE,年龄组,18-64
cinnarizine,ERYTHEMA,8,5.3410012735162,2.62267257442326,10.8768036398805,TRUE,年龄组,18-64
cinnarizine,"HALLUCINATION, AUDITORY",7,68.8217361407819,32.2500512560903,146.865855431375,TRUE,年龄组,18-64
cinnarizine,LETHARGY,6,15.8658262890474,7.01679922801581,35.8745398940834,TRUE,年龄组,18-64
cinnarizine,RASH PAPULAR,5,31.9054788904601,13.0908358041964,77.7612368267025,TRUE,年龄组,18-64
cinnarizine,RASH PRURITIC,5,12.8944660671946,5.2909818974723,31.4246501651166,TRUE,年龄组,18-64
cinnarizine,DRY EYE,4,10.4798261982288,3.88359800192372,28.2796409645595,TRUE,年龄组,18-64
cinnarizine,RASH ERYTHEMATOUS,3,8.8362597971425,2.81881058910724,27.6994444054951,TRUE,年龄组,18-64
cinnarizine,SINUS TACHYCARDIA,3,34.3149175346801,10.945258727591,107.582067698738,TRUE,年龄组,18-64
cinnarizine,URINARY RETENTION,3,12.8063041447026,4.08519471710134,40.1453142882241,TRUE,年龄组,18-64
cinnarizine,DYSURIA,2,7.83959683743219,1.94323571206671,31.6272895726645,FALSE,年龄组,18-64
cinnarizine,"HALLUCINATION, VISUAL",2,14.0205321830105,3.47520116109933,56.5651637364929,FALSE,年龄组,18-64
cinnarizine,RASH MACULAR,2,7.7127680023206,1.91179955773481,31.1155999680758,FALSE,年龄组,18-64
cinnarizine,SEDATION,2,10.8810314069299,2.69707979296195,43.8981615551579,FALSE,年龄组,18-64
cinnarizine,AMNESIA,1,2.3500535726873,0.32896151939754,16.78844323377,FALSE,年龄组,18-64
cinnarizine,APPLICATION SITE ERYTHEMA,1,5.23999181200846,0.733477945271876,37.4346827561913,FALSE,年龄组,18-64
cinnarizine,APPLICATION SITE PRURITUS,1,5.95212484938988,0.833154993056539,42.522448425536,FALSE,年龄组,18-64
cinnarizine,GLAUCOMA,1,7.11549297816611,0.995988632732375,50.8341547869208,FALSE,年龄组,18-64
cinnarizine,INJECTION SITE ERYTHEMA,1,1.15333092532174,0.161445439230081,8.23914400832234,FALSE,年龄组,18-64
cinnarizine,MYDRIASIS,1,12.0586879635846,1.68783825823216,86.1527783802008,FALSE,年龄组,18-64
cinnarizine,RASH GENERALISED,1,6.49143131141849,0.908640737620012,46.3755131442131,FALSE,年龄组,18-64
cinnarizine,TENSION HEADACHE,1,30.2730326689953,4.23660623102519,216.318547677793,FALSE,年龄组,18-64
cinnarizine,HYPOTENSION,6,328.721810246727,66.3451698288329,1628.72487644043,TRUE,年龄组,<18
cinnarizine,SINUS TACHYCARDIA,5,2955.51402963112,706.209223637577,12368.945189293,TRUE,年龄组,<18
cinnarizine,AGITATION,2,111.368559680139,22.4769187288655,551.808556806346,FALSE,年龄组,<18
cinnarizine,CONFUSIONAL STATE,2,46.6046225223217,9.40608488444262,230.913378640724,FALSE,年龄组,<18
cinnarizine,TACHYCARDIA,2,85.9444607068283,17.3457990641757,425.835114246354,FALSE,年龄组,<18
cinnarizine,PHARYNGEAL ERYTHEMA,1,1564.16780185759,192.330159146178,12720.9425876286,FALSE,年龄组,<18
cinnarizine,DIZZINESS,60,25.0121691749734,18.2031901039107,34.3680752256213,TRUE,年龄组,>=65
cinnarizine,HYPOTENSION,22,16.9778065836206,10.8352128526598,26.6026999478901,TRUE,年龄组,>=65
cinnarizine,HEADACHE,18,4.07571611944065,2.49780346440445,6.65042791516385,TRUE,年龄组,>=65
cinnarizine,LETHARGY,17,46.4938600628273,28.1381834867698,76.8236878033778,TRUE,年龄组,>=65
cinnarizine,CONFUSIONAL STATE,12,11.0387240976671,6.13291318765276,19.8687680676357,TRUE,年龄组,>=65
cinnarizine,ORTHOSTATIC HYPOTENSION,10,85.7983895870841,45.2481616085194,162.68867936396,TRUE,年龄组,>=65
cinnarizine,TACHYCARDIA,9,14.9723779137767,7.64560964894176,29.3203695566614,TRUE,年龄组,>=65
cinnarizine,DISORIENTATION,8,32.4630975888684,15.9505942212359,66.0698084627682,TRUE,年龄组,>=65
cinnarizine,BRADYCARDIA,7,19.6230459173865,9.20269254105994,41.8425291682633,TRUE,年龄组,>=65
cinnarizine,DRY MOUTH,7,12.0306297662547,5.6421868285462,25.6524742924877,TRUE,年龄组,>=65
cinnarizine,VERTIGO,7,15.816917996994,7.417809461051,33.7262498096288,TRUE,年龄组,>=65
cinnarizine,HALLUCINATION,6,11.3522894369204,5.02367237852407,25.6534395058378,TRUE,年龄组,>=65
cinnarizine,PRURITUS,6,2.02874096327813,0.897798048812992,4.58431592887096,FALSE,年龄组,>=65
cinnarizine,VISION BLURRED,5,5.09580957490372,2.09213381921608,12.4118615096095,TRUE,年龄组,>=65
cinnarizine,RASH,4,1.17028762264212,0.433904777449998,3.15639096614274,FALSE,年龄组,>=65
cinnarizine,DELIRIUM,3,12.0195988112691,3.83579315187215,37.6638546094045,TRUE,年龄组,>=65
cinnarizine,RASH ERYTHEMATOUS,3,8.50695529721214,2.71485815468759,26.6563791938123,TRUE,年龄组,>=65
cinnarizine,SUBACUTE CUTANEOUS LUPUS ERYTHEMATOSUS,3,189.580062755077,60.4455698512678,594.594447246575,TRUE,年龄组,>=65
cinnarizine,DIZZINESS POSTURAL,2,26.4738401307207,6.56355081730009,106.781257702711,FALSE,年龄组,>=65
cinnarizine,"HALLUCINATION, VISUAL",2,13.5012486283428,3.34758325822166,54.4523318655749,FALSE,年龄组,>=65
cinnarizine,PRURITUS GENERALISED,2,14.2284494178261,3.52787374375768,57.3854926622171,FALSE,年龄组,>=65
cinnarizine,RASH GENERALISED,2,12.5828792909674,3.11989514915061,50.7481321268641,FALSE,年龄组,>=65
cinnarizine,SOMNOLENCE,2,1.34642323061262,0.333866121256469,5.42988761216872,FALSE,年龄组,>=65
cinnarizine,AMNESIA,1,2.26354776313815,0.316924982279159,16.1667547921313,FALSE,年龄组,>=65
cinnarizine,ERYTHEMA,1,0.614353928619259,0.0860185071704698,4.38778539671624,FALSE,年龄组,>=65
cinnarizine,ERYTHEMA MULTIFORME,1,16.145882939634,2.2603428631354,115.331855247284,FALSE,年龄组,>=65
cinnarizine,GENERALISED ERYTHEMA,1,31.7077218837817,4.43830053673755,226.523557550312,FALSE,年龄组,>=65
cinnarizine,LIP PRURITUS,1,135.272049936508,18.9171130832279,967.300211904369,FALSE,年龄组,>=65
cinnarizine,MEDICATION OVERUSE HEADACHE,1,128.692683885335,17.998087655789,920.198145622639,FALSE,年龄组,>=65
cinnarizine,RASH MACULAR,1,3.69064519608573,0.516729821690504,26.3597365424535,FALSE,年龄组,>=65
cinnarizine,URINARY RETENTION,1,4.0589519314384,0.568294821129371,28.9903940158853,FALSE,年龄组,>=65
cinnarizine,VERTIGO POSITIONAL,1,79.5342640735477,11.1280465811548,568.446502770155,FALSE,年龄组,>=65
promethazine,HEADACHE,1431,10.5999027084349,9.98671613142251,11.250739076758,TRUE,年龄组,18-64
promethazine,DIZZINESS,926,8.07837728938114,7.53061576269819,8.66598186470299,TRUE,年龄组,18-64
promethazine,TACHYCARDIA,594,29.0802321270993,26.7070017657591,31.6643518423769,TRUE,年龄组,18-64
promethazine,SOMNOLENCE,574,11.7812263883268,10.807780296644,12.8423498075833,TRUE,年龄组,18-64
promethazine,RASH,559,4.90069309733586,4.49151528755873,5.34714707546486,TRUE,年龄组,18-64
promethazine,PRURITUS,512,5.07829356473614,4.63793686103922,5.56046067515071,TRUE,年龄组,18-64
promethazine,HYPOTENSION,439,8.82153409735489,8.0031977776459,9.72354626149014,TRUE,年龄组,18-64
promethazine,CONFUSIONAL STATE,334,8.4018611427505,7.52250303057749,9.38401358897711,TRUE,年龄组,18-64
promethazine,AGITATION,316,18.9972644229575,16.9562867394321,21.2839085055397,TRUE,年龄组,18-64
promethazine,HALLUCINATION,257,13.6566838132344,12.0486741537439,15.479297588665,TRUE,年龄组,18-64
promethazine,VISION BLURRED,241,6.90786849893052,6.07152569647226,7.85941616392113,TRUE,年龄组,18-64
promethazine,ERYTHEMA,226,3.9890106177098,3.49213576932256,4.55658277893597,TRUE,年龄组,18-64
promethazine,DRY MOUTH,215,10.2250488657669,8.92137648968134,11.7192256630182,TRUE,年龄组,18-64
promethazine,LETHARGY,201,14.222264370163,12.3521882315889,16.3754631991054,TRUE,年龄组,18-64
promethazine,SINUS TACHYCARDIA,164,51.4616329041016,44.0074218328582,60.178477876183,TRUE,年龄组,18-64
promethazine,AMNESIA,162,10.4395377178043,8.92800213972851,12.2069804706356,TRUE,年龄组,18-64
promethazine,MYDRIASIS,138,45.9633001551555,38.7751511882727,54.4839902981957,TRUE,年龄组,18-64
promethazine,VERTIGO,136,8.38208567759691,7.06978682165926,9.93797438012221,TRUE,年龄组,18-64
promethazine,DISORIENTATION,121,13.2924871803566,11.0981542157081,15.9206848279203,TRUE,年龄组,18-64
promethazine,DYSURIA,118,12.5148790092709,10.4258537290771,15.0224816774362,TRUE,年龄组,18-64
promethazine,URINARY RETENTION,116,13.3104558291696,11.0713509734158,16.0024042960688,TRUE,年龄组,18-64
promethazine,INJECTION SITE ERYTHEMA,115,3.59951327111131,2.99251360453471,4.32963638637191,TRUE,年龄组,18-64
promethazine,SEDATION,107,15.7372239388663,12.991860561267,19.0627213195609,TRUE,年龄组,18-64
promethazine,RASH PRURITIC,90,6.11652383734506,4.96588702530209,7.53377264971798,TRUE,年龄组,18-64
promethazine,DELIRIUM,88,9.78565171574516,7.92538897473305,12.082558951637,TRUE,年龄组,18-64
promethazine,INJECTION SITE PRURITUS,84,4.66823694704045,3.76303693876715,5.79118317155113,TRUE,年龄组,18-64
promethazine,BRADYCARDIA,74,5.59298232019419,4.4460514206143,7.03578260228098,TRUE,年龄组,18-64
promethazine,DRY EYE,74,5.12695584445243,4.07566202027153,6.44942492783385,TRUE,年龄组,18-64
promethazine,"HALLUCINATION, AUDITORY",72,18.4197314309867,14.5896953945648,23.2552151922294,TRUE,年龄组,18-64
promethazine,SYSTEMIC LUPUS ERYTHEMATOSUS,71,6.81711051748624,5.39328410649613,8.61682694439283,TRUE,年龄组,18-64
promethazine,RASH ERYTHEMATOUS,52,4.05989130463359,3.08936565406235,5.33530803767614,TRUE,年龄组,18-64
promethazine,VENTRICULAR TACHYCARDIA,47,12.3387307200067,9.25460138237701,16.4506572990543,TRUE,年龄组,18-64
promethazine,"HALLUCINATION, VISUAL",46,8.60671893858539,6.4366853498698,11.5083473653567,TRUE,年龄组,18-64
promethazine,ORTHOSTATIC HYPOTENSION,45,10.1698030896596,7.58090565980883,13.6428151890572,TRUE,年龄组,18-64
promethazine,INJECTION SITE RASH,44,5.15099539094325,3.82802813734806,6.93118037943674,TRUE,年龄组,18-64
promethazine,DERMATITIS CONTACT,43,13.5973134828715,10.0664634194724,18.3666225413223,TRUE,年龄组,18-64
promethazine,GLAUCOMA,43,8.21375711133337,6.08248292561236,11.0918200197311,TRUE,年龄组,18-64
promethazine,RASH MACULAR,41,4.21048245351483,3.09625955171195,5.72567066658032,TRUE,年龄组,18-64
promethazine,RASH GENERALISED,40,6.9641789950103,5.10114099850174,9.5076354660237,TRUE,年龄组,18-64
promethazine,PRURITUS GENERALISED,38,7.47981498792594,5.43485182068782,10.2942332375349,TRUE,年龄组,18-64
promethazine,RASH MACULO-PAPULAR,37,6.35798821576831,4.60036795272174,8.78712628365573,TRUE,年龄组,18-64
promethazine,RASH PAPULAR,34,5.66121335643529,4.03987414853424,7.93325125702482,TRUE,年龄组,18-64
promethazine,INFUSION SITE ERYTHEMA,31,12.0722488328248,8.47610624336381,17.194120471973,TRUE,年龄组,18-64
promethazine,SUPRAVENTRICULAR TACHYCARDIA,31,13.686957738574,9.60891435090414,19.4957312862181,TRUE,年龄组,18-64
promethazine,EYE PRURITUS,27,2.75008031334144,1.88398651542911,4.01432901344602,TRUE,年龄组,18-64
promethazine,APPLICATION SITE ERYTHEMA,23,3.21912270582934,2.13700102232656,4.8492026381457,TRUE,年龄组,18-64
promethazine,INFUSION SITE PRURITUS,20,20.4948351883754,13.1927709633907,31.8385175157104,TRUE,年龄组,18-64
promethazine,SINUS HEADACHE,19,13.088446640486,8.33423999102589,20.5546559308717,TRUE,年龄组,18-64
promethazine,SEDATION COMPLICATION,17,20.7967275172965,12.8983382121638,33.5317517896069,TRUE,年龄组,18-64
promethazine,DIZZINESS POSTURAL,15,5.46792605214679,3.29275624674498,9.07999653521306,TRUE,年龄组,18-64
promethazine,POSTURAL ORTHOSTATIC TACHYCARDIA SYNDROME,15,36.8705005360353,22.1447982267161,61.3884035365796,TRUE,年龄组,18-64
promethazine,APPLICATION SITE PAIN,14,2.10092219756107,1.24326222529669,3.55023581541821,TRUE,年龄组,18-64
promethazine,TENSION HEADACHE,14,11.3311523886162,6.70004608249928,19.1633031882294,TRUE,年龄组,18-64
promethazine,APPLICATION SITE BURN,13,9.42859966666273,5.46677640953624,16.2615927585987,TRUE,年龄组,18-64
promethazine,SINUS BRADYCARDIA,13,5.50164769146457,3.19103099706425,9.48537552560412,TRUE,年龄组,18-64
promethazine,APPLICATION SITE IRRITATION,12,3.60944610399639,2.04794113491722,6.36156037667623,TRUE,年龄组,18-64
promethazine,APPLICATION SITE PRURITUS,12,1.90339197902746,1.08012722124871,3.3541428773897,TRUE,年龄组,18-64
promethazine,"HALLUCINATIONS, MIXED",11,10.1625575660869,5.61924310021693,18.3792682470071,TRUE,年龄组,18-64
promethazine,RASH PUSTULAR,11,6.21632440101806,3.43856247189945,11.2380360614319,TRUE,年龄组,18-64
promethazine,VULVOVAGINAL PRURITUS,11,7.52579052499551,4.16235835183702,13.6070751815772,TRUE,年龄组,18-64
promethazine,APPLICATION SITE RASH,10,2.52434835017112,1.35715433938711,4.69536471134844,TRUE,年龄组,18-64
promethazine,GENERALISED ERYTHEMA,10,8.78763621285748,4.72140694569047,16.3558344149958,TRUE,年龄组,18-64
promethazine,APPLICATION SITE REACTION,9,6.12880173653643,3.1851528369195,11.7929068553269,TRUE,年龄组,18-64
promethazine,PRURITUS ALLERGIC,9,25.6502841070314,13.3022884985104,49.4604424528234,TRUE,年龄组,18-64
promethazine,CATHETER SITE ERYTHEMA,8,12.6613811651227,6.3196312224565,25.3670771862238,TRUE,年龄组,18-64
promethazine,APPLICATION SITE DISCOLOURATION,7,5.83356403501724,2.77779622445295,12.2508876105008,TRUE,年龄组,18-64
promethazine,APPLICATION SITE SWELLING,7,5.08530143757,2.42171600957119,10.6784984732915,TRUE,年龄组,18-64
promethazine,INFUSION SITE RASH,7,17.1407773378369,8.15063802135386,36.0470244139858,TRUE,年龄组,18-64
promethazine,ORAL PRURITUS,7,11.0885405128911,5.27666277436624,23.3017981181856,TRUE,年龄组,18-64
promethazine,PHARYNGEAL ERYTHEMA,7,13.0390643424228,6.20335979812333,27.4072767756074,TRUE,年龄组,18-64
promethazine,ANAL PRURITUS,6,10.6136939544913,4.75956532450032,23.6682326387509,TRUE,年龄组,18-64
promethazine,APPLICATION SITE VESICLES,6,3.23070835703184,1.45019307818135,7.19730127334823,TRUE,年龄组,18-64
promethazine,CLUSTER HEADACHE,6,15.9116559428852,7.13033241722385,35.5075724426502,TRUE,年龄组,18-64
promethazine,ANGLE CLOSURE GLAUCOMA,5,8.29018412388733,3.44509239375124,19.9492916162748,TRUE,年龄组,18-64
promethazine,APPLICATION SITE EXFOLIATION,5,3.88853314148934,1.61696904146689,9.35125509808385,TRUE,年龄组,18-64
promethazine,APPLICATION SITE PARAESTHESIA,5,13.0837761823699,5.43332860675037,31.5065057868338,TRUE,年龄组,18-64
promethazine,APPLICATION SITE SCAR,5,14.8621426889965,6.17023401586897,35.7982022626714,TRUE,年龄组,18-64
promethazine,APPLICATION SITE URTICARIA,5,8.57493621025875,3.56327663597062,20.6353697795281,TRUE,年龄组,18-64
promethazine,DRUG WITHDRAWAL HEADACHE,5,47.2606480243811,19.5286975086277,114.373672422222,TRUE,年龄组,18-64
promethazine,EAR PRURITUS,5,4.79489328110419,1.99359684394713,11.5324227398245,TRUE,年龄组,18-64
promethazine,ERYTHEMA NODOSUM,5,5.3941450046691,2.24255442126065,12.9748469225732,TRUE,年龄组,18-64
promethazine,RASH VESICULAR,5,3.77292938564659,1.56892402305056,9.07309464316666,TRUE,年龄组,18-64
promethazine,TONGUE PRURITUS,5,19.0843679153622,7.91827629495635,45.9965130240399,TRUE,年龄组,18-64
promethazine,APPLICATION SITE SCAB,4,6.06998281506389,2.27511705290823,16.1946354927423,TRUE,年龄组,18-64
promethazine,APPLICATION SITE WARMTH,4,11.1988400508705,4.1939732589196,29.9033901130045,TRUE,年龄组,18-64
promethazine,CATHETER SITE PRURITUS,4,14.1474734536619,5.29569014413519,37.7950748012948,TRUE,年龄组,18-64
promethazine,ERYTHEMA MULTIFORME,4,1.78417233574514,0.669201976450515,4.7568163807921,FALSE,年龄组,18-64
promethazine,ERYTHEMA OF EYELID,4,2.70990440511676,1.0162689914455,7.2260217980537,TRUE,年龄组,18-64
promethazine,EXFOLIATIVE RASH,4,5.81654746686015,2.18021608262377,15.5178308718474,TRUE,年龄组,18-64
promethazine,EYELIDS PRURITUS,4,4.64588444240134,1.74174960313029,12.3922762567911,TRUE,年龄组,18-64
promethazine,GENITAL RASH,4,10.775836676871,4.03583681414708,28.7718907958717,TRUE,年龄组,18-64
promethazine,GINGIVAL ERYTHEMA,4,18.2947178056249,6.84345943823507,48.9075302642206,TRUE,年龄组,18-64
promethazine,ORAL MUCOSAL ERYTHEMA,4,8.70824958718073,3.26257153825058,23.2435089877894,TRUE,年龄组,18-64
promethazine,APPLICATION SITE DISCOMFORT,3,5.27611548420641,1.69944191377985,16.3803154300034,TRUE,年龄组,18-64
promethazine,ATRIAL TACHYCARDIA,3,5.5293934259573,1.78093787632457,17.1674666845301,TRUE,年龄组,18-64
promethazine,BUTTERFLY RASH,3,10.1532660574697,3.26736999466665,31.551006406388,TRUE,年龄组,18-64
promethazine,CUTANEOUS LUPUS ERYTHEMATOSUS,3,7.04188222153056,2.2674416495375,21.8696279271499,TRUE,年龄组,18-64
promethazine,MEDICATION OVERUSE HEADACHE,3,10.6844980097035,3.4379786804467,33.2051208952013,TRUE,年龄组,18-64
promethazine,NASAL PRURITUS,3,7.35308442143666,2.36750782127385,22.8374538081496,TRUE,年龄组,18-64
promethazine,VERTIGO POSITIONAL,3,6.59720851738454,2.12443771045185,20.486908139375,TRUE,年龄组,18-64
promethazine,APPLICATION SITE HYPERSENSITIVITY,2,5.63438556442991,1.40694545662413,22.5639882052209,FALSE,年龄组,18-64
promethazine,CERVICOGENIC HEADACHE,2,50.3333755660489,12.4398902565093,203.655228754713,FALSE,年龄组,18-64
promethazine,IMPLANT SITE ERYTHEMA,2,6.76005849265916,1.68759476852853,27.0790071623765,FALSE,年龄组,18-64
promethazine,LIP PRURITUS,2,7.47745396181252,1.86637742017071,29.9576694117483,FALSE,年龄组,18-64
promethazine,PALMAR ERYTHEMA,2,6.46105494417937,1.61306236771815,25.8794897377451,FALSE,年龄组,18-64
promethazine,PROCEDURAL HEADACHE,2,16.6377501082312,4.14401970901274,66.798603313085,FALSE,年龄组,18-64
promethazine,PRURITUS GENITAL,2,2.88905434448001,0.721875069385807,11.5624369912932,FALSE,年龄组,18-64
promethazine,SYSTEMIC LUPUS ERYTHEMATOSUS RASH,2,9.55263090348729,2.38320016165545,38.2900096460523,FALSE,年龄组,18-64
promethazine,VASCULAR HEADACHE,2,80.9417153897926,19.865099518936,329.802590920677,FALSE,年龄组,18-64
promethazine,ACCOMMODATION DISORDER,1,6.94727551103817,0.976199078099245,49.441387631964,FALSE,年龄组,18-64
promethazine,ADMINISTRATION SITE ERYTHEMA,1,10.8489202849456,1.52249785281966,77.306559829379,FALSE,年龄组,18-64
promethazine,APPLICATION SITE DISCHARGE,1,2.84616973605573,0.400467302193788,20.2280738578741,FALSE,年龄组,18-64
promethazine,APPLICATION SITE EROSION,1,2.77751962758496,0.39081673721484,19.7397259303631,FALSE,年龄组,18-64
promethazine,APPLICATION SITE HAEMORRHAGE,1,1.09907759342828,0.154732963716247,7.80681457502044,FALSE,年龄组,18-64
promethazine,APPLICATION SITE PAPULES,1,3.39863737315012,0.478115271614527,24.1588936391167,FALSE,年龄组,18-64
promethazine,APPLICATION SITE ULCER,1,5.39505359017554,0.758472810441333,38.3752757385327,FALSE,年龄组,18-64
promethazine,CATHETER SITE RASH,1,6.89925169845016,0.969466212172288,49.0988477998739,FALSE,年龄组,18-64
promethazine,DIZZINESS EXERTIONAL,1,4.50939198868645,0.634144184125412,32.0662344884142,FALSE,年龄组,18-64
promethazine,"HALLUCINATION, TACTILE",1,5.91751589329134,0.831781969429684,42.0987658236512,FALSE,年龄组,18-64
promethazine,PROCEDURAL HYPOTENSION,1,5.69250884880522,0.80021323766698,40.4950274106954,FALSE,年龄组,18-64
promethazine,RASH MORBILLIFORM,1,1.38162515335352,0.194493267370193,9.81467425679989,FALSE,年龄组,18-64
promethazine,TONGUE ERYTHEMA,1,3.73809372769133,0.525811108497278,26.5748374106053,FALSE,年龄组,18-64
promethazine,TRANSIENT GLOBAL AMNESIA,1,4.95736166074409,0.697038892543997,35.2569058890272,FALSE,年龄组,18-64
promethazine,SOMNOLENCE,100,29.0227411578726,23.2777044531952,36.1856774155087,TRUE,年龄组,<18
promethazine,AGITATION,75,62.5737506329054,48.8922205694228,80.0837888454952,TRUE,年龄组,<18
promethazine,CONFUSIONAL STATE,63,21.3374086714817,16.3675533742323,27.8163142898673,TRUE,年龄组,<18
promethazine,TACHYCARDIA,61,37.9302748766986,28.9879678936588,49.6311351488917,TRUE,年龄组,<18
promethazine,DIZZINESS,58,6.01554653108488,4.57082308951952,7.91691110308345,TRUE,年龄组,<18
promethazine,HALLUCINATION,56,39.8923876940139,30.1817465644322,52.7273195582693,TRUE,年龄组,<18
promethazine,HEADACHE,52,4.05455475768236,3.0399445579772,5.40780069159667,TRUE,年龄组,<18
promethazine,LETHARGY,31,28.0154081973495,19.4637259876916,40.3244012457044,TRUE,年龄组,<18
promethazine,MYDRIASIS,31,132.3098298307,91.8813455488897,190.527151787454,TRUE,年龄组,<18
promethazine,HYPOTENSION,22,5.31014452175462,3.4615359480093,8.14598931382957,TRUE,年龄组,<18
promethazine,VISION BLURRED,18,6.36930441334769,3.97683129058815,10.2010962360665,TRUE,年龄组,<18
promethazine,PRURITUS,16,1.85823397414025,1.12881180611469,3.0589983945457,TRUE,年龄组,<18
promethazine,RASH,16,1.62825087179282,0.98910658188862,2.68039961520813,FALSE,年龄组,<18
promethazine,DISORIENTATION,15,20.6023332582652,12.3176479896287,34.4591870170349,TRUE,年龄组,<18
promethazine,SINUS TACHYCARDIA,11,41.9734022904381,23.0762114496895,76.3455692749192,TRUE,年龄组,<18
promethazine,DRY MOUTH,10,5.79050438222574,3.09488534895678,10.8339848556515,TRUE,年龄组,<18
promethazine,NEONATAL HYPOTENSION,10,1568.10396197638,827.704209255987,2970.80769684176,TRUE,年龄组,<18
promethazine,AGITATION NEONATAL,8,433.065559718855,214.455025689562,874.522657660121,TRUE,年龄组,<18
promethazine,AMNESIA,8,6.30779388322176,3.13574256778101,12.6886256805723,TRUE,年龄组,<18
promethazine,DELIRIUM,8,11.028349285584,5.48219883197481,22.1853478307772,TRUE,年龄组,<18
promethazine,"HALLUCINATION, VISUAL",8,18.7006578285835,9.29545953932853,37.6220886920265,TRUE,年龄组,<18
promethazine,ERYTHEMA,7,1.49464741265505,0.708615042145249,3.1525874491647,FALSE,年龄组,<18
promethazine,TACHYCARDIA FOETAL,6,601.997923404255,267.377101898317,1355.39467370267,TRUE,年龄组,<18
promethazine,BRADYCARDIA,5,4.67183757612269,1.93540979066663,11.2772325752027,TRUE,年龄组,<18
promethazine,URINARY RETENTION,5,7.024382122641,2.90992278262442,16.9564445144409,TRUE,年龄组,<18
promethazine,ERYTHEMA MULTIFORME,4,22.3127868405507,8.33718281851364,59.7156698406924,TRUE,年龄组,<18
promethazine,BRADYCARDIA NEONATAL,3,116.343328099094,37.3227142873094,362.668424621408,TRUE,年龄组,<18
promethazine,"HALLUCINATION, AUDITORY",3,9.41262647173077,3.02442318119045,29.2940279149209,TRUE,年龄组,<18
promethazine,RASH MACULAR,3,3.81568035175278,1.22614091792073,11.874178843523,TRUE,年龄组,<18
promethazine,RASH MACULO-PAPULAR,3,6.38496655152345,2.05168268998283,19.8704205397445,TRUE,年龄组,<18
promethazine,SEDATION,3,5.38316701719889,1.72980036814605,16.7525037389814,TRUE,年龄组,<18
promethazine,SOMNOLENCE NEONATAL,3,1068.19444276654,337.826858689964,3377.58629370698,TRUE,年龄组,<18
promethazine,VENTRICULAR TACHYCARDIA,3,9.71973125246121,3.12308625311065,30.2499412323224,TRUE,年龄组,<18
promethazine,NEONATAL TACHYCARDIA,2,753.695818948984,185.348602000558,3064.80535256191,FALSE,年龄组,<18
promethazine,RASH ERYTHEMATOUS,2,1.9262448305359,0.480314803252216,7.72497354244128,FALSE,年龄组,<18
promethazine,RASH PRURITIC,2,1.66471310536689,0.415103111964754,6.67609960827171,FALSE,年龄组,<18
promethazine,SUPRAVENTRICULAR TACHYCARDIA,2,10.8998144643792,2.71744875569803,43.7196672462632,FALSE,年龄组,<18
promethazine,ANAL PRURITUS,1,21.9105541959667,3.07815441010258,155.961112151744,FALSE,年龄组,<18
promethazine,BRADYCARDIA FOETAL,1,60.1426579372502,8.44079371304121,428.530707742393,FALSE,年龄组,<18
promethazine,CATHETER SITE ERYTHEMA,1,19.5821179988372,2.75120711284623,139.378581688705,FALSE,年龄组,<18
promethazine,DERMATITIS CONTACT,1,3.88651061537278,0.54626414518202,27.6513933719229,FALSE,年龄组,<18
promethazine,DRY EYE,1,0.849343757335019,0.11938809430788,6.0423513944669,FALSE,年龄组,<18
promethazine,DYSURIA,1,1.28727647893023,0.180944069576845,9.15797205778705,FALSE,年龄组,<18
promethazine,ERYTHEMA OF EYELID,1,8.41326734557914,1.1823766268989,59.8650766751332,FALSE,年龄组,<18
promethazine,"HALLUCINATIONS, MIXED",1,11.4320496573128,1.60650018119558,81.3518485071092,FALSE,年龄组,<18
promethazine,IMPLANT SITE ERYTHEMA,1,41.9703957752329,5.89319916622518,298.906259884307,FALSE,年龄组,<18
promethazine,INJECTION SITE RASH,1,1.44252662621592,0.202765743761355,10.2624981357353,FALSE,年龄组,<18
promethazine,ORAL MUCOSAL ERYTHEMA,1,26.9954352887294,3.7920086867267,192.181396888372,FALSE,年龄组,<18
promethazine,POSTURAL ORTHOSTATIC TACHYCARDIA SYNDROME,1,30.1433266567228,4.23383797273163,214.609096471319,FALSE,年龄组,<18
promethazine,VULVOVAGINAL PRURITUS,1,8.47265194627817,1.19072051036377,60.2877252705089,FALSE,年龄组,<18
promethazine,DIZZINESS,340,10.9096147630868,9.68608445214577,12.2876994173425,TRUE,年龄组,>=65
promethazine,HEADACHE,335,8.16551950796441,7.24500662589051,9.20298797197469,TRUE,年龄组,>=65
promethazine,RASH,250,8.12052548144024,7.09987893165297,9.28789557251894,TRUE,年龄组,>=65
promethazine,PRURITUS,194,6.9221366446586,5.96035298327938,8.03911712305369,TRUE,年龄组,>=65
promethazine,HYPOTENSION,165,11.850764044108,10.0915518904856,13.916651269616,TRUE,年龄组,>=65
promethazine,CONFUSIONAL STATE,147,13.3168879781317,11.2432503187511,15.7729749311325,TRUE,年龄组,>=65
promethazine,SOMNOLENCE,131,9.15902289754689,7.66285792677034,10.9473125091782,TRUE,年龄组,>=65
promethazine,ERYTHEMA,113,7.17043840008325,5.92418890585541,8.67885674586949,TRUE,年龄组,>=65
promethazine,HALLUCINATION,91,17.0149375845518,13.7730579383793,21.0198855113697,TRUE,年龄组,>=65
promethazine,DRY MOUTH,73,12.1778084723451,9.63087332117761,15.3982940324862,TRUE,年龄组,>=65
promethazine,TACHYCARDIA,71,11.3035139799219,8.91153080729492,14.3375398747091,TRUE,年龄组,>=65
promethazine,VISION BLURRED,66,6.58069517134872,5.14466847445872,8.41755871213231,TRUE,年龄组,>=65
promethazine,LETHARGY,58,14.2826681931107,10.9900545847856,18.5617468176094,TRUE,年龄组,>=65
promethazine,AMNESIA,45,10.0892662317921,7.50216604657857,13.5685204065036,TRUE,年龄组,>=65
promethazine,DELIRIUM,44,17.2466389551562,12.7812930443628,23.2720237472924,TRUE,年龄组,>=65
promethazine,VERTIGO,40,8.59458689087924,6.28003994882132,11.7621741942481,TRUE,年龄组,>=65
promethazine,DYSURIA,39,14.4444215349889,10.5125125623487,19.8469502169933,TRUE,年龄组,>=65
promethazine,URINARY RETENTION,39,15.6305913889564,11.3756001833313,21.4771425886183,TRUE,年龄组,>=65
promethazine,AGITATION,35,7.06090524129828,5.05148892334095,9.86964112624828,TRUE,年龄组,>=65
promethazine,DISORIENTATION,34,12.992329827296,9.24968649335012,18.2493357437143,TRUE,年龄组,>=65
promethazine,BRADYCARDIA,32,8.48875180241746,5.98226142862079,12.045429311781,TRUE,年龄组,>=65
promethazine,RASH PRURITIC,32,7.61012771963433,5.3631462780225,10.7985202914325,TRUE,年龄组,>=65
promethazine,DRY EYE,26,6.29933229126891,4.27572840489511,9.28066134191155,TRUE,年龄组,>=65
promethazine,RASH MACULAR,24,8.66180819027642,5.78813057257798,12.9622025944939,TRUE,年龄组,>=65
promethazine,SINUS TACHYCARDIA,24,25.5615531700092,17.0757425440156,38.2643975088625,TRUE,年龄组,>=65
promethazine,ORTHOSTATIC HYPOTENSION,21,16.6173882948859,10.8019782852826,25.5636131132796,TRUE,年龄组,>=65
promethazine,VENTRICULAR TACHYCARDIA,20,18.3568893912039,11.8076042615955,28.5388450235341,TRUE,年龄组,>=65
promethazine,RASH ERYTHEMATOUS,19,5.18655556923035,3.29945954040832,8.15295909626016,TRUE,年龄组,>=65
promethazine,SINUS BRADYCARDIA,18,26.8373340864163,16.8568418569154,42.7270129825919,TRUE,年龄组,>=65
promethazine,"HALLUCINATION, AUDITORY",14,12.3924889468935,7.32117457034765,20.9766589804981,TRUE,年龄组,>=65
promethazine,"HALLUCINATION, VISUAL",13,8.47247146587535,4.90815182948144,14.6252143849544,TRUE,年龄组,>=65
promethazine,SUPRAVENTRICULAR TACHYCARDIA,12,18.4775720766867,10.4671548466706,32.6182878585912,TRUE,年龄组,>=65
promethazine,SEDATION,11,5.55571539168763,3.07031042779676,10.0530465043511,TRUE,年龄组,>=65
promethazine,EYE PRURITUS,10,3.55826316521041,1.91079898225686,6.62614794672905,TRUE,年龄组,>=65
promethazine,INJECTION SITE ERYTHEMA,10,1.0765400290576,0.5781476876099,2.00457159822686,FALSE,年龄组,>=65
promethazine,INJECTION SITE PRURITUS,10,1.92113415905706,1.03170497441116,3.57733707662148,TRUE,年龄组,>=65
promethazine,RASH GENERALISED,10,6.0618079568924,3.25497128182073,11.2890445182944,TRUE,年龄组,>=65
promethazine,DERMATITIS CONTACT,8,8.77585236463328,4.38025116496258,17.5824585909328,TRUE,年龄组,>=65
promethazine,RASH MACULO-PAPULAR,8,4.78344072534831,2.38785065339922,9.58238537253076,TRUE,年龄组,>=65
promethazine,GLAUCOMA,7,4.64226585359903,2.20933428464545,9.75435560171461,TRUE,年龄组,>=65
promethazine,PRURITUS GENERALISED,7,4.78900129374221,2.27915643112047,10.0627289458098,TRUE,年龄组,>=65
promethazine,INFUSION SITE ERYTHEMA,6,8.1162199517851,3.63993595065906,18.0973036884969,TRUE,年龄组,>=65
promethazine,INJECTION SITE RASH,6,2.43874061737681,1.09395488693441,5.43665545067404,TRUE,年龄组,>=65
promethazine,APPLICATION SITE ERYTHEMA,5,2.43853212184682,1.01354853122644,5.86695034926769,TRUE,年龄组,>=65
promethazine,DIZZINESS POSTURAL,5,6.35737018088064,2.64193742467041,15.2979231223814,TRUE,年龄组,>=65
promethazine,INFUSION SITE PRURITUS,5,17.7869724594167,7.38822199888455,42.8217221030735,TRUE,年龄组,>=65
promethazine,RASH PUSTULAR,5,9.86321694602952,4.09826529810464,23.7376161493096,TRUE,年龄组,>=65
promethazine,SYSTEMIC LUPUS ERYTHEMATOSUS,5,1.65712967617055,0.688789835585105,3.98681661919764,FALSE,年龄组,>=65
promethazine,SINUS HEADACHE,4,9.57753051746967,3.58877799250305,25.5599791919937,TRUE,年龄组,>=65
promethazine,TONGUE ERYTHEMA,4,52.5070080414306,19.6354363391072,140.408689975066,TRUE,年龄组,>=65
promethazine,APPLICATION SITE PRURITUS,3,1.65986044124382,0.534743895366901,5.15225458070124,FALSE,年龄组,>=65
promethazine,CATHETER SITE PRURITUS,3,37.0362612688093,11.9089257944083,115.181223936718,TRUE,年龄组,>=65
promethazine,GENERALISED ERYTHEMA,3,9.18461039733555,2.95773043345729,28.5208777637789,TRUE,年龄组,>=65
promethazine,MYDRIASIS,3,3.36315371028433,1.0833805644571,10.4402859439031,TRUE,年龄组,>=65
promethazine,CATHETER SITE ERYTHEMA,2,11.0127362192463,2.7499271597749,44.1031169147868,FALSE,年龄组,>=65
promethazine,INFUSION SITE RASH,2,17.0260316512679,4.24978196264584,68.2119121258399,FALSE,年龄组,>=65
promethazine,OPEN ANGLE GLAUCOMA,2,44.1474396424737,10.999684925857,177.186568535645,FALSE,年龄组,>=65
promethazine,ORAL MUCOSAL ERYTHEMA,2,15.1849176836338,3.79069234263822,60.8283933953487,FALSE,年龄组,>=65
promethazine,APPLICATION SITE BURN,1,2.52039129385989,0.354728873448715,17.90768316209,FALSE,年龄组,>=65
promethazine,APPLICATION SITE HAEMORRHAGE,1,3.83826181798604,0.540143992783691,27.2746785676264,FALSE,年龄组,>=65
promethazine,APPLICATION SITE PAIN,1,0.522574337032734,0.0735627455278885,3.71225864077725,FALSE,年龄组,>=65
promethazine,APPLICATION SITE RASH,1,0.879556439123217,0.123810945227146,6.24839369559628,FALSE,年龄组,>=65
promethazine,APPLICATION SITE REACTION,1,2.37061862789665,0.333654014733372,16.8432940434465,FALSE,年龄组,>=65
promethazine,APPLICATION SITE SCAR,1,10.332448232096,1.45316203276683,73.4670216133249,FALSE,年龄组,>=65
promethazine,APPLICATION SITE SWELLING,1,2.53076570809822,0.356188659402768,17.9814120978051,FALSE,年龄组,>=65
promethazine,ATRIAL TACHYCARDIA,1,6.42659736985676,0.90417138097109,45.6784572299689,FALSE,年龄组,>=65
promethazine,CATHETER SITE RASH,1,24.0939617982979,3.38422745335693,171.53663668853,FALSE,年龄组,>=65
promethazine,EAR PRURITUS,1,3.3424508568758,0.470392247716636,23.7503440689349,FALSE,年龄组,>=65
promethazine,GINGIVAL ERYTHEMA,1,15.8915607210711,2.23383609828961,113.052923777557,FALSE,年龄组,>=65
promethazine,"HALLUCINATIONS, MIXED",1,3.21102904958612,0.451902460730104,22.8162235289175,FALSE,年龄组,>=65
promethazine,MEDICATION OVERUSE HEADACHE,1,12.4039591361145,1.74416227956601,88.2132379841873,FALSE,年龄组,>=65
promethazine,NASAL PRURITUS,1,8.54273875921352,1.20165754606826,60.7314336326097,FALSE,年龄组,>=65
promethazine,ORAL PRURITUS,1,5.50891130693145,0.775126837112597,39.1524358783473,FALSE,年龄组,>=65
promethazine,POSTURAL ORTHOSTATIC TACHYCARDIA SYNDROME,1,8.4666443208508,1.19096226963286,60.190039503009,FALSE,年龄组,>=65
promethazine,PROCEDURAL HYPOTENSION,1,19.8797053513007,2.79339635768149,141.477482695134,FALSE,年龄组,>=65
promethazine,PRURITUS GENITAL,1,5.04137395377536,0.70937344243656,35.828027695127,FALSE,年龄组,>=65
promethazine,RASH VESICULAR,1,2.63077151097747,0.370260350912762,18.6921411539454,FALSE,年龄组,>=65
promethazine,VULVOVAGINAL PRURITUS,1,2.37979471938247,0.334945220826099,16.9085048965099,FALSE,年龄组,>=65
scopolamine,HEADACHE,435,8.17188488886256,7.35751022338028,9.07639957123152,TRUE,晕动症适应证,FALSE
scopolamine,DIZZINESS,374,8.90544595200257,7.9673562858428,9.95398784223564,TRUE,晕动症适应证,FALSE
scopolamine,CONFUSIONAL STATE,214,15.1197716018954,13.129521495055,17.4117155282149,TRUE,晕动症适应证,FALSE
scopolamine,VISION BLURRED,178,14.3148393489246,12.2794838405541,16.6875601813793,TRUE,晕动症适应证,FALSE
scopolamine,SOMNOLENCE,158,8.46242590239729,7.19726090408398,9.94998696141875,TRUE,晕动症适应证,FALSE
scopolamine,RASH,146,3.33480889773724,2.81932099366897,3.94454920507475,TRUE,晕动症适应证,FALSE
scopolamine,HYPOTENSION,145,7.75240474871594,6.55027167265619,9.17515828218197,TRUE,晕动症适应证,FALSE
scopolamine,MYDRIASIS,134,124.795940323512,104.664045711774,148.800159742704,TRUE,晕动症适应证,FALSE
scopolamine,HALLUCINATION,132,19.1573607637542,16.0632536762745,22.8474553679432,TRUE,晕动症适应证,FALSE
scopolamine,TACHYCARDIA,127,15.8535596411692,13.250775577677,18.9675956567798,TRUE,晕动症适应证,FALSE
scopolamine,DRY MOUTH,117,15.2091941020562,12.6228711808052,18.3254334073989,TRUE,晕动症适应证,FALSE
scopolamine,PRURITUS,95,2.41601899070629,1.96698912321956,2.967554672544,TRUE,晕动症适应证,FALSE
scopolamine,AGITATION,83,13.1424898962796,10.5524832665219,16.3681890140292,TRUE,晕动症适应证,FALSE
scopolamine,VERTIGO,81,13.6049480215972,10.8955008094148,16.9881691450496,TRUE,晕动症适应证,FALSE
scopolamine,APPLICATION SITE ERYTHEMA,75,29.1878440708425,23.1750059289671,36.7607345652915,TRUE,晕动症适应证,FALSE
scopolamine,APPLICATION SITE PRURITUS,66,29.0524907500099,22.7307649334206,37.1323719747954,TRUE,晕动症适应证,FALSE
scopolamine,DELIRIUM,64,19.4047378029546,15.1285551744105,24.889610730199,TRUE,晕动症适应证,FALSE
scopolamine,APPLICATION SITE RASH,59,41.2637937815504,31.8389048438981,53.4786194938057,TRUE,晕动症适应证,FALSE
scopolamine,APPLICATION SITE IRRITATION,55,45.7416163025588,34.9747581308688,59.8230144763703,TRUE,晕动症适应证,FALSE
scopolamine,DISORIENTATION,55,16.2874913330944,12.4594574394942,21.2916473461139,TRUE,晕动症适应证,FALSE
scopolamine,LETHARGY,55,10.3356364445293,7.90720434320733,13.5098798610473,TRUE,晕动症适应证,FALSE
scopolamine,ERYTHEMA,54,2.52501004520849,1.9273396143412,3.30801882603501,TRUE,晕动症适应证,FALSE
scopolamine,URINARY RETENTION,51,15.7583239989111,11.9342251092119,20.8077837465105,TRUE,晕动症适应证,FALSE
scopolamine,APPLICATION SITE PAIN,49,20.2156958999962,15.2250461529652,26.8422411738654,TRUE,晕动症适应证,FALSE
scopolamine,BRADYCARDIA,47,9.63416271772894,7.2148708303087,12.8646920304888,TRUE,晕动症适应证,FALSE
scopolamine,DYSURIA,42,11.9383649789244,8.79488119647552,16.2053989344533,TRUE,晕动症适应证,FALSE
scopolamine,AMNESIA,39,6.67556470946881,4.86297650882625,9.16376299770804,TRUE,晕动症适应证,FALSE
scopolamine,APPLICATION SITE REACTION,37,69.2632228463575,49.9785482805858,95.9890633903771,TRUE,晕动症适应证,FALSE
scopolamine,RASH ERYTHEMATOUS,32,6.7553548775654,4.76433525431493,9.57842323974084,TRUE,晕动症适应证,FALSE
scopolamine,SEDATION,29,11.3715088631837,7.88110737499989,16.4077467381883,TRUE,晕动症适应证,FALSE
scopolamine,"HALLUCINATION, VISUAL",25,12.6098077293529,8.49877628790225,18.7094289324442,TRUE,晕动症适应证,FALSE
scopolamine,ORTHOSTATIC HYPOTENSION,21,12.7663741623164,8.30379977831885,19.6271964164889,TRUE,晕动症适应证,FALSE
scopolamine,APPLICATION SITE VESICLES,20,29.2739699258082,18.8334451095185,45.5023130517957,TRUE,晕动症适应证,FALSE
scopolamine,DERMATITIS CONTACT,20,16.9998662926709,10.9404842434169,26.4152342381538,TRUE,晕动症适应证,FALSE
scopolamine,SUPRAVENTRICULAR TACHYCARDIA,20,23.8034892803275,15.3162499219259,36.993787957687,TRUE,晕动症适应证,FALSE
scopolamine,DRY EYE,19,3.5221609397754,2.24199115922184,5.53330357020022,TRUE,晕动症适应证,FALSE
scopolamine,SINUS TACHYCARDIA,19,15.4966020129242,9.8609314032853,24.3531431388885,TRUE,晕动症适应证,FALSE
scopolamine,APPLICATION SITE BURN,18,35.366965355676,22.2178318338372,56.2981234093515,TRUE,晕动症适应证,FALSE
scopolamine,"HALLUCINATION, AUDITORY",18,12.2792218215729,7.7189534222596,19.5336440440982,TRUE,晕动症适应证,FALSE
scopolamine,RASH MACULO-PAPULAR,13,5.99782287426095,3.47631601135214,10.3482764839367,TRUE,晕动症适应证,FALSE
scopolamine,GLAUCOMA,12,6.14165742514366,3.48171416317137,10.8337313633652,TRUE,晕动症适应证,FALSE
scopolamine,EYE PRURITUS,10,2.73779861539679,1.47082975861133,5.09613108830856,TRUE,晕动症适应证,FALSE
scopolamine,RASH MACULAR,10,2.75247370961908,1.47871284197285,5.1234501433263,TRUE,晕动症适应证,FALSE
scopolamine,APPLICATION SITE DRYNESS,9,23.3710366325207,12.1323964456334,45.0204010169164,TRUE,晕动症适应证,FALSE
scopolamine,APPLICATION SITE DISCHARGE,8,61.8643632514892,30.8171445713539,124.190592403872,TRUE,晕动症适应证,FALSE
scopolamine,APPLICATION SITE EROSION,8,60.3624318709812,30.0708972509396,121.167757349342,TRUE,晕动症适应证,FALSE
scopolamine,APPLICATION SITE URTICARIA,8,37.0674907334418,18.4843637338101,74.3330356976577,TRUE,晕动症适应证,FALSE
scopolamine,APPLICATION SITE SCAR,7,56.2042845712386,26.6937678873794,118.339292433058,TRUE,晕动症适应证,FALSE
scopolamine,APPLICATION SITE SWELLING,7,13.7046148649584,6.52154477544894,28.7993834380919,TRUE,晕动症适应证,FALSE
scopolamine,RASH PRURITIC,7,1.26167171838891,0.600727201047321,2.64981429541933,FALSE,晕动症适应证,FALSE
scopolamine,SINUS BRADYCARDIA,7,7.96870791289027,3.79302340240618,16.7413430037572,TRUE,晕动症适应证,FALSE
scopolamine,VENTRICULAR TACHYCARDIA,7,4.90179241421923,2.33353050948959,10.296659407017,TRUE,晕动症适应证,FALSE
scopolamine,ANGLE CLOSURE GLAUCOMA,6,26.8216113715317,12.0205722677139,59.8473034846868,TRUE,晕动症适应证,FALSE
scopolamine,APPLICATION SITE HAEMORRHAGE,6,17.8143908669082,7.98738388678486,39.731722733903,TRUE,晕动症适应证,FALSE
scopolamine,APPLICATION SITE SCAB,6,24.5635777598711,11.0098233496411,54.8028186469408,TRUE,晕动症适应证,FALSE
scopolamine,POSTURAL ORTHOSTATIC TACHYCARDIA SYNDROME,6,39.3832587147789,17.6393477330719,87.9307495076576,TRUE,晕动症适应证,FALSE
scopolamine,PRURITUS GENERALISED,6,3.15800784898348,1.41697293124315,7.03825271065108,TRUE,晕动症适应证,FALSE
scopolamine,APPLICATION SITE EXFOLIATION,5,10.4733728511758,4.35240995628148,25.2024832177029,TRUE,晕动症适应证,FALSE
scopolamine,APPLICATION SITE HYPERSENSITIVITY,5,38.0658525873427,15.7953680288296,91.7363324840918,TRUE,晕动症适应证,FALSE
scopolamine,APPLICATION SITE INFLAMMATION,5,34.078987134099,14.1440759298987,82.1105153735132,TRUE,晕动症适应证,FALSE
scopolamine,"HALLUCINATIONS, MIXED",5,12.4061505106151,5.1550724881777,29.8565288548334,TRUE,晕动症适应证,FALSE
scopolamine,INJECTION SITE ERYTHEMA,5,0.413189115398853,0.171802317404502,0.99373074626299,FALSE,晕动症适应证,FALSE
scopolamine,INJECTION SITE PRURITUS,5,0.737325017961328,0.306571288931368,1.77331733838057,FALSE,晕动症适应证,FALSE
scopolamine,RASH GENERALISED,5,2.32604421532256,0.967059181771248,5.5947782655099,FALSE,晕动症适应证,FALSE
scopolamine,APPLICATION SITE DISCOMFORT,4,18.9564895743093,7.10005552097204,50.6120685844581,TRUE,晕动症适应证,FALSE
scopolamine,INFUSION SITE ERYTHEMA,4,4.16059147439229,1.55972700106237,11.0984303054286,TRUE,晕动症适应证,FALSE
scopolamine,RASH PAPULAR,4,1.78127924387048,0.667864287880632,4.75089895091218,FALSE,晕动症适应证,FALSE
scopolamine,APPLICATION SITE DISCOLOURATION,3,6.71786897704818,2.16391597897948,20.8555988454182,TRUE,晕动症适应证,FALSE
scopolamine,APPLICATION SITE HYPERAESTHESIA,3,322.522006383949,101.63579550328,1023.46268936884,TRUE,晕动症适应证,FALSE
scopolamine,APPLICATION SITE PAPULES,3,27.5176912577873,8.85091316866583,85.5531308158849,TRUE,晕动症适应证,FALSE
scopolamine,APPLICATION SITE ULCER,3,43.7405001447149,14.0529292505684,136.144665556643,TRUE,晕动症适应证,FALSE
scopolamine,APPLICATION SITE WOUND,3,158.098325331044,50.3905635692335,496.027007876962,TRUE,晕动症适应证,FALSE
scopolamine,ERYTHEMA MULTIFORME,3,3.60090350431329,1.16015293594905,11.1765489234991,TRUE,晕动症适应证,FALSE
scopolamine,INFUSION SITE RASH,3,19.6967208366568,6.33881172455957,61.2040282272534,TRUE,晕动症适应证,FALSE
scopolamine,INJECTION SITE RASH,3,0.937327850051964,0.302048294227819,2.90875173034537,FALSE,晕动症适应证,FALSE
scopolamine,SYSTEMIC LUPUS ERYTHEMATOSUS,3,0.764793580625129,0.246453139309419,2.3733080560644,FALSE,晕动症适应证,FALSE
scopolamine,APPLICATION SITE DERMATITIS,2,43.8002259125679,10.906061750243,175.907658871383,FALSE,晕动症适应证,FALSE
scopolamine,ATRIAL TACHYCARDIA,2,9.91226099134282,2.47529567470388,39.6934067168564,FALSE,晕动症适应证,FALSE
scopolamine,CATHETER SITE PRURITUS,2,18.9847404797107,4.73718882379372,76.0831760118289,FALSE,晕动症适应证,FALSE
scopolamine,CATHETER SITE RASH,2,37.2249974210581,9.2740852019711,149.416400951682,FALSE,晕动症适应证,FALSE
scopolamine,ERYTHEMA NODOSUM,2,5.7972246086449,1.44819818389547,23.2066394895463,FALSE,晕动症适应证,FALSE
scopolamine,INFUSION SITE PRURITUS,2,5.46494756036455,1.36523139932045,21.875889942467,FALSE,晕动症适应证,FALSE
scopolamine,PALMAR ERYTHEMA,2,17.3872422483993,4.33916630085198,69.6714926425299,FALSE,晕动症适应证,FALSE
scopolamine,TRANSIENT GLOBAL AMNESIA,2,26.7301308710171,6.66543399328308,107.194804884682,FALSE,晕动症适应证,FALSE
scopolamine,VERTIGO POSITIONAL,2,11.8250741868539,2.95247943745556,47.3610003005154,FALSE,晕动症适应证,FALSE
scopolamine,ACCOMMODATION DISORDER,1,18.6903508818291,2.62554626053941,133.050108975844,FALSE,晕动症适应证,FALSE
scopolamine,BUTTERFLY RASH,1,9.08154846132314,1.27723036273976,64.5729422517377,FALSE,晕动症适应证,FALSE
scopolamine,CATHETER SITE ERYTHEMA,1,4.2371759738011,0.596268146170349,30.1100441944925,FALSE,晕动症适应证,FALSE
scopolamine,CLUSTER HEADACHE,1,7.09711057369071,0.998379530808675,50.4507323526497,FALSE,晕动症适应证,FALSE
scopolamine,CUTANEOUS LUPUS ERYTHEMATOSUS,1,6.30293846093519,0.886745708008855,44.800930958596,FALSE,晕动症适应证,FALSE
scopolamine,DIZZINESS POSTURAL,1,0.976708124304388,0.137499811064914,6.9378914246786,FALSE,晕动症适应证,FALSE
scopolamine,EAR PRURITUS,1,2.57490809733817,0.362422060411053,18.2940069989611,FALSE,晕动症适应证,FALSE
scopolamine,EXFOLIATIVE RASH,1,3.90440994769543,0.54946254229496,27.7442334394464,FALSE,晕动症适应证,FALSE
scopolamine,EYELIDS PRURITUS,1,3.11950475430923,0.43904575546015,22.1646828175318,FALSE,晕动症适应证,FALSE
scopolamine,"HALLUCINATION, TACTILE",1,15.9199744298487,2.23712763658591,113.290623968966,FALSE,晕动症适应证,FALSE
scopolamine,ORAL PRURITUS,1,4.24387402156928,0.597210229207938,30.1576661451988,FALSE,晕动症适应证,FALSE
scopolamine,PROCEDURAL HYPOTENSION,1,15.314634885715,2.1522216116289,108.97485668553,FALSE,晕动症适应证,FALSE
scopolamine,PRURITUS ALLERGIC,1,7.5992968582112,1.06895886410966,54.0238868661406,FALSE,晕动症适应证,FALSE
scopolamine,RASH MORBILLIFORM,1,3.71700523381894,0.523101240361285,26.4119578433712,FALSE,晕动症适应证,FALSE
scopolamine,RASH VESICULAR,1,2.02665503448956,0.28527366329174,14.3978612726736,FALSE,晕动症适应证,FALSE
scopolamine,SEDATION COMPLICATION,1,3.26097663995278,0.458948915116034,23.1702664415912,FALSE,晕动症适应证,FALSE
scopolamine,TACHYCARDIA FOETAL,1,21.1988538544539,2.97702350096979,150.953260730425,FALSE,晕动症适应证,FALSE
scopolamine,TENSION HEADACHE,1,2.16506527543048,0.304751275360154,15.3814209352698,FALSE,晕动症适应证,FALSE
scopolamine,TONGUE ERYTHEMA,1,10.0566450251536,1.4142004636671,71.5146909934509,FALSE,晕动症适应证,FALSE
scopolamine,TONGUE PRURITUS,1,10.2096047301882,1.43568349787412,72.6037660118175,FALSE,晕动症适应证,FALSE
scopolamine,DIZZINESS,116,20.1999106421925,16.2050951334804,25.1795121590828,TRUE,晕动症适应证,TRUE
scopolamine,VISION BLURRED,97,58.700674616674,46.5314259455477,74.0525167761882,TRUE,晕动症适应证,TRUE
scopolamine,DRY MOUTH,86,83.2735285056097,65.3833069937551,106.058883660273,TRUE,晕动症适应证,TRUE
scopolamine,HEADACHE,61,6.63395465759533,5.03899896031438,8.73374945016561,TRUE,晕动症适应证,TRUE
scopolamine,MYDRIASIS,52,316.252391004764,235.644042734634,424.434981065322,TRUE,晕动症适应证,TRUE
scopolamine,CONFUSIONAL STATE,42,18.1855953160786,13.185070048044,25.0826029588855,TRUE,晕动症适应证,TRUE
scopolamine,VERTIGO,34,36.4591101541477,25.6130605013694,51.8980038781857,TRUE,晕动症适应证,TRUE
scopolamine,HALLUCINATION,30,26.7817035970567,18.4323374087254,38.9131140373477,TRUE,晕动症适应证,TRUE
scopolamine,SOMNOLENCE,27,8.713184175511,5.88747962311134,12.8950898069103,TRUE,晕动症适应证,TRUE
scopolamine,DISORIENTATION,24,44.5785647288432,29.4638269659508,67.4470575590937,TRUE,晕动症适应证,TRUE
scopolamine,AMNESIA,20,21.3971703612846,13.631393188313,33.5870951079576,TRUE,晕动症适应证,TRUE
scopolamine,APPLICATION SITE PRURITUS,20,54.2268881444901,34.5413529416965,85.1314481745548,TRUE,晕动症适应证,TRUE
scopolamine,APPLICATION SITE ERYTHEMA,16,37.7418879656828,22.8622137810404,62.305869451516,TRUE,晕动症适应证,TRUE
scopolamine,AGITATION,13,12.3414605057531,7.09467882872399,21.468434455187,TRUE,晕动症适应证,TRUE
scopolamine,APPLICATION SITE IRRITATION,13,65.4901812344373,37.6374148214495,113.95479361338,TRUE,晕动症适应证,TRUE
scopolamine,RASH,12,1.59134262657592,0.895143636927526,2.82901117841781,FALSE,晕动症适应证,TRUE
scopolamine,APPLICATION SITE RASH,10,41.9315492008656,22.3607119378627,78.6314328126293,TRUE,晕动症适应证,TRUE
scopolamine,DRY EYE,8,9.04214187619327,4.48683379149325,18.2222773360182,TRUE,晕动症适应证,TRUE
scopolamine,PRURITUS,8,1.19715918053266,0.594078904798956,2.41245749000066,FALSE,晕动症适应证,TRUE
scopolamine,APPLICATION SITE BURN,7,83.4618467585087,39.4783292254301,176.44819324962,TRUE,晕动症适应证,TRUE
scopolamine,APPLICATION SITE PAIN,5,12.2766206020372,5.07833240384639,29.6781308155823,TRUE,晕动症适应证,TRUE
scopolamine,ERYTHEMA,5,1.39084520244048,0.575390878579183,3.36197609167608,FALSE,晕动症适应证,TRUE
scopolamine,"HALLUCINATION, VISUAL",5,15.1915554042249,6.28395861513938,36.7257917713889,TRUE,晕动症适应证,TRUE
scopolamine,APPLICATION SITE SCAB,4,99.2526164234775,37.0129113517831,266.15258046788,TRUE,晕动症适应证,TRUE
scopolamine,APPLICATION SITE SWELLING,4,47.456588610449,17.7064462616329,127.192535942201,TRUE,晕动症适应证,TRUE
scopolamine,APPLICATION SITE VESICLES,4,35.1931125163363,13.1324430768168,94.3126241890188,TRUE,晕动症适应证,TRUE
scopolamine,DELIRIUM,4,7.14756855682435,2.6678862991951,19.1491430087996,TRUE,晕动症适应证,TRUE
scopolamine,DYSURIA,4,6.7758871226876,2.52916262503015,18.153299374672,TRUE,晕动症适应证,TRUE
scopolamine,APPLICATION SITE HYPERSENSITIVITY,3,137.989769641352,44.2255645174416,430.54682813973,TRUE,晕动症适应证,TRUE
scopolamine,HYPOTENSION,3,0.908035612226734,0.291484579069073,2.82872142226293,FALSE,晕动症适应证,TRUE
scopolamine,LETHARGY,3,3.33067963655643,1.06913716962589,10.3760557172037,TRUE,晕动症适应证,TRUE
scopolamine,RASH ERYTHEMATOUS,3,3.78343702127739,1.2144644536255,11.7865909135834,TRUE,晕动症适应证,TRUE
scopolamine,URINARY RETENTION,3,5.48329799080687,1.7600768562509,17.0825249756598,TRUE,晕动症适应证,TRUE
scopolamine,ACCOMMODATION DISORDER,2,226.583957972964,56.2700768720554,912.390614418913,FALSE,晕动症适应证,TRUE
scopolamine,APPLICATION SITE HAEMORRHAGE,2,35.7761543590008,8.90873269960622,143.671750391122,FALSE,晕动症适应证,TRUE
scopolamine,APPLICATION SITE REACTION,2,22.0932590300206,5.50257951871687,88.7060501183649,FALSE,晕动症适应证,TRUE
scopolamine,APPLICATION SITE SCAR,2,96.3678544277411,23.9762595816803,387.331615899842,FALSE,晕动症适应证,TRUE
scopolamine,GLAUCOMA,2,6.15531685666483,1.53339883947788,24.7084611195108,FALSE,晕动症适应证,TRUE
scopolamine,ORTHOSTATIC HYPOTENSION,2,7.27542527625407,1.8124089608593,29.2052258035959,FALSE,晕动症适应证,TRUE
scopolamine,RASH PRURITIC,2,2.17377128756778,0.541555651020751,8.72538510446272,FALSE,晕动症适应证,TRUE
scopolamine,APPLICATION SITE DERMATITIS,1,131.658223889931,18.4463854187157,939.690217047307,FALSE,晕动症适应证,TRUE
scopolamine,APPLICATION SITE DISCHARGE,1,46.1787150587056,6.48115283314918,329.026915329962,FALSE,晕动症适应证,TRUE
scopolamine,APPLICATION SITE DRYNESS,1,15.5637052790209,2.1857030875218,110.824257601643,FALSE,晕动症适应证,TRUE
scopolamine,APPLICATION SITE EXFOLIATION,1,12.5965521123068,1.76911395983801,89.6907314736181,FALSE,晕动症适应证,TRUE
scopolamine,APPLICATION SITE INFLAMMATION,1,40.8919483294483,5.73976949954277,291.327280357073,FALSE,晕动症适应证,TRUE
scopolamine,APPLICATION SITE PAPULES,1,55.1424268126879,7.73780740728026,392.964967302204,FALSE,晕动症适应证,TRUE
scopolamine,APPLICATION SITE ULCER,1,87.5340065340065,12.2751180865255,624.205995077667,FALSE,晕动症适应证,TRUE
scopolamine,APPLICATION SITE URTICARIA,1,27.7430542045048,3.89516546600856,197.598038725372,FALSE,晕动症适应证,TRUE
scopolamine,DERMATITIS CONTACT,1,5.07171465989619,0.712401389998283,36.1064562092838,FALSE,晕动症适应证,TRUE
scopolamine,"HALLUCINATION, AUDITORY",1,4.07642137459518,0.572608411557611,29.0202010446445,FALSE,晕动症适应证,TRUE
scopolamine,"HALLUCINATIONS, MIXED",1,14.9182903245403,2.09509088656587,106.227079519243,FALSE,晕动症适应证,TRUE
scopolamine,RASH PAPULAR,1,2.68153908084291,0.376682103289621,19.0894438023224,FALSE,晕动症适应证,TRUE
scopolamine,SINUS TACHYCARDIA,1,4.86967259999052,0.684024216722409,34.667941063148,FALSE,晕动症适应证,TRUE
scopolamine,SUPRAVENTRICULAR TACHYCARDIA,1,7.09586442925864,0.996684143132238,50.5188051253441,FALSE,晕动症适应证,TRUE
scopolamine,TACHYCARDIA,1,0.708308705564468,0.0995017451594727,5.04213490501428,FALSE,晕动症适应证,TRUE
scopolamine,TRANSIENT GLOBAL AMNESIA,1,80.432514918856,11.2808699721658,573.483204055576,FALSE,晕动症适应证,TRUE
dimenhydrinate,HEADACHE,1570,22.3490601428199,20.9622227559327,23.8276491516635,TRUE,晕动症适应证,FALSE
dimenhydrinate,DIZZINESS,1094,16.9503157987329,15.8053913626028,18.1781772488462,TRUE,晕动症适应证,FALSE
dimenhydrinate,RASH,880,13.6750911031399,12.6849860985174,14.7424770690945,TRUE,晕动症适应证,FALSE
dimenhydrinate,PRURITUS,664,10.985746569139,10.1049118393105,11.9433627527407,TRUE,晕动症适应证,FALSE
dimenhydrinate,ERYTHEMA,587,17.8046669580215,16.3064275078852,19.4405650981963,TRUE,晕动症适应证,FALSE
dimenhydrinate,HYPOTENSION,442,14.0452696767987,12.7197338827412,15.5089408404736,TRUE,晕动症适应证,FALSE
dimenhydrinate,SOMNOLENCE,350,10.7767133173228,9.65491039819605,12.0288583874856,TRUE,晕动症适应证,FALSE
dimenhydrinate,CONFUSIONAL STATE,316,12.3591681998173,11.0148679198707,13.8675324754297,TRUE,晕动症适应证,FALSE
dimenhydrinate,TACHYCARDIA,315,22.7608042609835,20.2794839887267,25.5457294127795,TRUE,晕动症适应证,FALSE
dimenhydrinate,VISION BLURRED,305,13.7873274565367,12.2644239296063,15.499333640522,TRUE,晕动症适应证,FALSE
dimenhydrinate,AGITATION,244,22.4022958653741,19.6737257575989,25.5092942853448,TRUE,晕动症适应证,FALSE
dimenhydrinate,RASH PRURITIC,239,25.8961025578076,22.7122886654809,29.5262242199179,TRUE,晕动症适应证,FALSE
dimenhydrinate,BRADYCARDIA,226,27.2237482625273,23.7932581659414,31.1488432686509,TRUE,晕动症适应证,FALSE
dimenhydrinate,HALLUCINATION,205,16.6428403436404,14.4559717974225,19.1605336939916,TRUE,晕动症适应证,FALSE
dimenhydrinate,VERTIGO,185,17.7306066473087,15.2927943808552,20.55702864057,TRUE,晕动症适应证,FALSE
dimenhydrinate,DRY MOUTH,164,11.8740941208288,10.153267563997,13.8865749672806,TRUE,晕动症适应证,FALSE
dimenhydrinate,URINARY RETENTION,157,27.9161350921413,23.7855584604729,32.7640235892612,TRUE,晕动症适应证,FALSE
dimenhydrinate,DYSURIA,100,16.147526133472,13.2350358766887,19.7009364130561,TRUE,晕动症适应证,FALSE
dimenhydrinate,AMNESIA,78,7.54231890291448,6.02652000834864,9.43937369401496,TRUE,晕动症适应证,FALSE
dimenhydrinate,DELIRIUM,78,13.2012086439261,10.5467130137037,16.5238126261738,TRUE,晕动症适应证,FALSE
dimenhydrinate,EYE PRURITUS,70,10.9624654659332,8.65212024167888,13.8897340460977,TRUE,晕动症适应证,FALSE
dimenhydrinate,RASH ERYTHEMATOUS,66,7.87230603464304,6.17073860595644,10.04307689249,TRUE,晕动症适应证,FALSE
dimenhydrinate,LETHARGY,61,6.39489950158496,4.96487640206711,8.23680920200656,TRUE,晕动症适应证,FALSE
dimenhydrinate,RASH MACULAR,56,8.78075112843001,6.74293762569898,11.4344214138318,TRUE,晕动症适应证,FALSE
dimenhydrinate,GLAUCOMA,52,15.1459938261727,11.5150727193783,19.9218133113837,TRUE,晕动症适应证,FALSE
dimenhydrinate,INJECTION SITE ERYTHEMA,43,2.019675077078,1.49527676579558,2.72798154179819,TRUE,晕动症适应证,FALSE
dimenhydrinate,INFUSION SITE ERYTHEMA,42,24.9475844000137,18.3913805827295,33.8409596058416,TRUE,晕动症适应证,FALSE
dimenhydrinate,SINUS TACHYCARDIA,41,18.9096134504859,13.8920872121026,25.7393633791245,TRUE,晕动症适应证,FALSE
dimenhydrinate,DRY EYE,40,4.18472128663674,3.064221179542,5.71495698931501,TRUE,晕动症适应证,FALSE
dimenhydrinate,EAR PRURITUS,39,57.8017412847729,42.0820497768866,79.3935018200294,TRUE,晕动症适应证,FALSE
dimenhydrinate,INJECTION SITE PRURITUS,34,2.84348159706052,2.02853144089232,3.9858330168475,TRUE,晕动症适应证,FALSE
dimenhydrinate,RASH PAPULAR,34,8.60045507997197,6.13424833861341,12.0581729821743,TRUE,晕动症适应证,FALSE
dimenhydrinate,RASH MACULO-PAPULAR,30,7.81639042174179,5.45584467785031,11.1982585342165,TRUE,晕动症适应证,FALSE
dimenhydrinate,SINUS BRADYCARDIA,30,19.3832867280377,13.5234511969376,27.7822427803344,TRUE,晕动症适应证,FALSE
dimenhydrinate,DIZZINESS POSTURAL,29,16.1184304464221,11.1785825914815,23.2412113011649,TRUE,晕动症适应证,FALSE
dimenhydrinate,SEDATION,29,6.36684331214309,4.41729102255239,9.17682207362429,TRUE,晕动症适应证,FALSE
dimenhydrinate,INFUSION SITE PRURITUS,28,43.7453853239785,30.1106797990158,63.554152543773,TRUE,晕动症适应证,FALSE
dimenhydrinate,VENTRICULAR TACHYCARDIA,27,10.7064083115375,7.32934715033081,15.6394801040616,TRUE,晕动症适应证,FALSE
dimenhydrinate,DISORIENTATION,26,4.25147220624195,2.89044572102841,6.25336631957812,TRUE,晕动症适应证,FALSE
dimenhydrinate,RASH GENERALISED,26,6.85017064770054,4.65671369258334,10.0768140367647,TRUE,晕动症适应证,FALSE
dimenhydrinate,LIP PRURITUS,25,146.649197470978,98.3518733181374,218.663726407294,TRUE,晕动症适应证,FALSE
dimenhydrinate,SYSTEMIC LUPUS ERYTHEMATOSUS,21,3.02886078738666,1.9722614857769,4.65151184846809,TRUE,晕动症适应证,FALSE
dimenhydrinate,PRURITUS GENERALISED,19,5.64878328771328,3.59810495267209,8.86821064178583,TRUE,晕动症适应证,FALSE
dimenhydrinate,ERYTHEMA NODOSUM,18,29.6634002306685,18.6411007854597,47.2030768661029,TRUE,晕动症适应证,FALSE
dimenhydrinate,GENERALISED ERYTHEMA,15,20.0379927495249,12.0549229154388,33.3076500153958,TRUE,晕动症适应证,FALSE
dimenhydrinate,"HALLUCINATION, VISUAL",14,3.94300328574362,2.33250029214921,6.66549751942774,TRUE,晕动症适应证,FALSE
dimenhydrinate,DERMATITIS CONTACT,13,6.18236846442369,3.58521250973434,10.6609244852637,TRUE,晕动症适应证,FALSE
dimenhydrinate,"HALLUCINATION, AUDITORY",12,4.58418219568773,2.60036227616086,8.08146103176295,TRUE,晕动症适应证,FALSE
dimenhydrinate,RASH MORBILLIFORM,12,25.3141292534508,14.3409137960945,44.6837034913998,TRUE,晕动症适应证,FALSE
dimenhydrinate,MYDRIASIS,11,5.36092691104739,2.96533839890273,9.69182382564726,TRUE,晕动症适应证,FALSE
dimenhydrinate,SUPRAVENTRICULAR TACHYCARDIA,11,7.31680637751692,4.04669861647142,13.2294644696702,TRUE,晕动症适应证,FALSE
dimenhydrinate,TONGUE PRURITUS,11,64.2107646978029,35.3826337269757,116.5267214106,TRUE,晕动症适应证,FALSE
dimenhydrinate,BUTTERFLY RASH,9,46.5350781297981,24.1138217282528,89.8038279021201,TRUE,晕动症适应证,FALSE
dimenhydrinate,INFUSION SITE RASH,9,33.4726187420849,17.3612409871852,64.535490653,TRUE,晕动症适应证,FALSE
dimenhydrinate,ORAL PRURITUS,9,21.6412669849431,11.2341835859831,41.6892276264688,TRUE,晕动症适应证,FALSE
dimenhydrinate,VERTIGO POSITIONAL,8,26.7863525733572,13.358837683447,53.7104126261874,TRUE,晕动症适应证,FALSE
dimenhydrinate,SEDATION COMPLICATION,7,12.9039295349435,6.14110609341858,27.1142355969451,TRUE,晕动症适应证,FALSE
dimenhydrinate,AGITATION NEONATAL,6,38.9268819492863,17.4176237418508,86.9982128878305,TRUE,晕动症适应证,FALSE
dimenhydrinate,RASH PUSTULAR,6,5.12929971058328,2.30189906543661,11.4295695741114,TRUE,晕动症适应证,FALSE
dimenhydrinate,SINUS HEADACHE,6,6.23128041533717,2.79616886284003,13.8864487515703,TRUE,晕动症适应证,FALSE
dimenhydrinate,ERYTHEMA MULTIFORME,5,3.38057434573933,1.40581628035824,8.12928621381355,TRUE,晕动症适应证,FALSE
dimenhydrinate,ERYTHEMA OF EYELID,5,5.13500901723733,2.13503905125491,12.3502741514776,TRUE,晕动症适应证,FALSE
dimenhydrinate,POSTURAL ORTHOSTATIC TACHYCARDIA SYNDROME,5,18.4409704446467,7.65758232843283,44.4094985015889,TRUE,晕动症适应证,FALSE
dimenhydrinate,ANGLE CLOSURE GLAUCOMA,4,10.0417104979154,3.76279247285765,26.7981692988146,TRUE,晕动症适应证,FALSE
dimenhydrinate,APPLICATION SITE PAIN,4,0.907517917000009,0.340396835360603,2.41949596506548,FALSE,晕动症适应证,FALSE
dimenhydrinate,EXFOLIATIVE RASH,4,8.81318144995451,3.3028799320401,23.5164973804683,TRUE,晕动症适应证,FALSE
dimenhydrinate,GINGIVAL ERYTHEMA,4,27.7199949044087,10.3673818454778,74.1168917044968,TRUE,晕动症适应证,FALSE
dimenhydrinate,"HALLUCINATIONS, MIXED",4,5.58067280247284,2.0921748549736,14.8859015556102,TRUE,晕动症适应证,FALSE
dimenhydrinate,NASAL PRURITUS,4,14.8697914859661,5.5690553288899,39.7034480316761,TRUE,晕动症适应证,FALSE
dimenhydrinate,ORTHOSTATIC HYPOTENSION,4,1.3560185819465,0.50859833521906,3.61539994776468,FALSE,晕动症适应证,FALSE
dimenhydrinate,ANAL PRURITUS,3,8.02189151286423,2.58346780870036,24.9086685839277,TRUE,晕动症适应证,FALSE
dimenhydrinate,CATHETER SITE ERYTHEMA,3,7.16850676839534,2.30887872057366,22.2564697013458,TRUE,晕动症适应证,FALSE
dimenhydrinate,EYELIDS PRURITUS,3,5.2761511508524,1.69977722214831,16.3773055691719,TRUE,晕动症适应证,FALSE
dimenhydrinate,PHARYNGEAL ERYTHEMA,3,8.43968665781491,2.71787826031849,26.2073220578143,TRUE,晕动症适应证,FALSE
dimenhydrinate,TENSION HEADACHE,3,3.66099883965348,1.17967328916545,11.3615461391229,TRUE,晕动症适应证,FALSE
dimenhydrinate,INJECTION SITE RASH,2,0.351600691018404,0.0878962728153067,1.40646516587096,FALSE,晕动症适应证,FALSE
dimenhydrinate,PROCEDURAL HEADACHE,2,25.2049739115559,6.27713019518817,101.20719024901,FALSE,晕动症适应证,FALSE
dimenhydrinate,STOMA SITE ERYTHEMA,2,4.92029772053368,1.22916230540376,19.6957957075787,FALSE,晕动症适应证,FALSE
dimenhydrinate,VULVOVAGINAL PRURITUS,2,2.06551031969387,0.516219570024673,8.26457021100138,FALSE,晕动症适应证,FALSE
dimenhydrinate,ACCOMMODATION DISORDER,1,10.5236964878175,1.47861508914526,74.899944265903,FALSE,晕动症适应证,FALSE
dimenhydrinate,APPLICATION SITE HAEMORRHAGE,1,1.66487699554499,0.234368669668522,11.8267318503587,FALSE,晕动症适应证,FALSE
dimenhydrinate,CLUSTER HEADACHE,1,3.99606394785081,0.562252229969695,28.4010026535132,FALSE,晕动症适应证,FALSE
dimenhydrinate,IMPLANT SITE ERYTHEMA,1,5.11341172850182,0.719291192604932,36.3510352608212,FALSE,晕动症适应证,FALSE
dimenhydrinate,MEDICATION OVERUSE HEADACHE,1,5.38031730844726,0.75679253902908,38.2506603153296,FALSE,晕动症适应证,FALSE
dimenhydrinate,ORAL MUCOSAL ERYTHEMA,1,3.28895575388506,0.462831706468622,23.3718429395177,FALSE,晕动症适应证,FALSE
dimenhydrinate,PROCEDURAL HYPOTENSION,1,8.6229825375985,1.21205538287357,61.3468896672394,FALSE,晕动症适应证,FALSE
dimenhydrinate,PRURITUS GENITAL,1,2.1867365901857,0.307797383386681,15.5355996280504,FALSE,晕动症适应证,FALSE
dimenhydrinate,RASH VESICULAR,1,1.14111833381836,0.160656098947552,8.10520770955285,FALSE,晕动症适应证,FALSE
dimenhydrinate,SOMNOLENCE NEONATAL,1,42.3906196803537,5.91528241313638,303.783405656808,FALSE,晕动症适应证,FALSE
dimenhydrinate,TONGUE ERYTHEMA,1,5.66244477625134,0.79642792425265,40.2588606799335,FALSE,晕动症适应证,FALSE
dimenhydrinate,DIZZINESS,8,21.6744968126031,9.27595534196728,50.6453292152127,TRUE,晕动症适应证,TRUE
dimenhydrinate,CONFUSIONAL STATE,5,36.7939747246046,13.7381148087904,98.5431112548727,TRUE,晕动症适应证,TRUE
dimenhydrinate,PRURITUS,4,10.6847215810822,3.65199286637333,31.2605416939422,TRUE,晕动症适应证,TRUE
dimenhydrinate,SOMNOLENCE,4,21.8125045899538,7.45538030317775,63.8177178277488,TRUE,晕动症适应证,TRUE
dimenhydrinate,HEADACHE,3,4.72255314887463,1.40861670236829,15.8329148067382,TRUE,晕动症适应证,TRUE
dimenhydrinate,LETHARGY,3,57.4156826496205,17.1250611509363,192.499202488494,TRUE,晕动症适应证,TRUE
dimenhydrinate,RASH ERYTHEMATOUS,3,65.220508062996,19.4528682562059,218.667736601686,TRUE,晕动症适应证,TRUE
dimenhydrinate,HALLUCINATION,2,27.1750589352645,6.38991577992461,115.570197412494,FALSE,晕动症适应证,TRUE
dimenhydrinate,VERTIGO,2,32.2470829180876,7.58251461028849,137.141095028692,FALSE,晕动症适应证,TRUE
dimenhydrinate,AGITATION,1,14.5260446102412,1.96161796450121,107.567312207182,FALSE,晕动症适应证,TRUE
dimenhydrinate,AMNESIA,1,16.0417919217626,2.16630256541171,118.791849379646,FALSE,晕动症适应证,TRUE
dimenhydrinate,DRY MOUTH,1,11.7307434441057,1.58414199810062,86.8674284984701,FALSE,晕动症适应证,TRUE
dimenhydrinate,ERYTHEMA,1,4.35393439333316,0.587969027183423,32.2410600304217,FALSE,晕动症适应证,TRUE
dimenhydrinate,"HALLUCINATION, VISUAL",1,47.5453067858594,6.42032212712941,352.0938907114,FALSE,晕动症适应证,TRUE
dimenhydrinate,TACHYCARDIA,1,11.2099721599135,1.51381703293861,83.011006675026,FALSE,晕动症适应证,TRUE
dimenhydrinate,VISION BLURRED,1,7.04530532108238,0.951417047645212,52.1709456332775,FALSE,晕动症适应证,TRUE
meclizine,DIZZINESS,1697,21.6349248444279,20.4096691191691,22.933736470251,TRUE,晕动症适应证,FALSE
meclizine,HEADACHE,1217,10.3535215134228,9.70751201988361,11.0425212463649,TRUE,晕动症适应证,FALSE
meclizine,VERTIGO,666,53.8537837262605,49.6179288591404,58.4512511569813,TRUE,晕动症适应证,FALSE
meclizine,RASH,554,5.69795880150404,5.21666732510152,6.22365439088173,TRUE,晕动症适应证,FALSE
meclizine,PRURITUS,532,6.21536151478183,5.68129476304531,6.79963289542894,TRUE,晕动症适应证,FALSE
meclizine,SOMNOLENCE,361,8.30496684131737,7.46133760820762,9.24398249444038,TRUE,晕动症适应证,FALSE
meclizine,HYPOTENSION,307,7.01361215543774,6.24865098277669,7.872220036371,TRUE,晕动症适应证,FALSE
meclizine,VISION BLURRED,249,8.31546582667332,7.32011563341834,9.4461584184404,TRUE,晕动症适应证,FALSE
meclizine,CONFUSIONAL STATE,243,6.99068740312472,6.14491632719203,7.95286831684787,TRUE,晕动症适应证,FALSE
meclizine,ERYTHEMA,227,4.65908930626468,4.07820906856427,5.32270729597291,TRUE,晕动症适应证,FALSE
meclizine,HALLUCINATION,182,11.0683440285772,9.54411637426016,12.8359959928126,TRUE,晕动症适应证,FALSE
meclizine,DRY MOUTH,157,8.56868492291886,7.30854162548998,10.0461029122667,TRUE,晕动症适应证,FALSE
meclizine,AMNESIA,141,10.4953140001968,8.87555444888344,12.4106743524721,TRUE,晕动症适应证,FALSE
meclizine,TACHYCARDIA,111,5.73142198636664,4.74800637274606,6.91852440939505,TRUE,晕动症适应证,FALSE
meclizine,DRY EYE,99,7.98479915651493,6.54299145579007,9.74432230283004,TRUE,晕动症适应证,FALSE
meclizine,INJECTION SITE ERYTHEMA,99,3.57928460307033,2.93333354507609,4.3674809130661,TRUE,晕动症适应证,FALSE
meclizine,DYSURIA,95,11.6154480436751,9.47844027210972,14.2342652780451,TRUE,晕动症适应证,FALSE
meclizine,AGITATION,86,5.72551329782789,4.62560689936407,7.08696247580201,TRUE,晕动症适应证,FALSE
meclizine,LETHARGY,81,6.48178675697674,5.20318971151165,8.07457769029012,TRUE,晕动症适应证,FALSE
meclizine,BRADYCARDIA,74,6.47491522035342,5.14596591193084,8.14706662039152,TRUE,晕动症适应证,FALSE
meclizine,RASH PRURITIC,64,5.00869379737649,3.91357696649042,6.41025173918453,TRUE,晕动症适应证,FALSE
meclizine,DISORIENTATION,63,7.9137559736904,6.17094262696881,10.1487791083035,TRUE,晕动症适应证,FALSE
meclizine,DIZZINESS POSTURAL,63,26.954353847164,21.0043269668052,34.5898820022336,TRUE,晕动症适应证,FALSE
meclizine,RASH MACULAR,50,5.95153206447065,4.50352900339921,7.86510620619677,TRUE,晕动症适应证,FALSE
meclizine,INJECTION SITE PRURITUS,49,3.12957186885554,2.36178736091933,4.1469525345074,TRUE,晕动症适应证,FALSE
meclizine,DELIRIUM,46,5.86590607503118,4.386883367201,7.84357622505973,TRUE,晕动症适应证,FALSE
meclizine,ORTHOSTATIC HYPOTENSION,44,11.4996959187665,8.54267469559143,15.4802811691215,TRUE,晕动症适应证,FALSE
meclizine,URINARY RETENTION,44,5.75284842200307,4.2746005693248,7.74230584350734,TRUE,晕动症适应证,FALSE
meclizine,SYSTEMIC LUPUS ERYTHEMATOSUS,43,4.74868423338324,3.51662529529944,6.41239826674864,TRUE,晕动症适应证,FALSE
meclizine,INFUSION SITE ERYTHEMA,38,17.1511229646539,12.4552452788042,23.6174408744297,TRUE,晕动症适应证,FALSE
meclizine,EYE PRURITUS,36,4.24844518513442,3.06035445667786,5.89777646563368,TRUE,晕动症适应证,FALSE
meclizine,GLAUCOMA,35,7.71728908276369,5.53259088694007,10.764676442556,TRUE,晕动症适应证,FALSE
meclizine,RASH ERYTHEMATOUS,34,3.05898946998206,2.18294739600634,4.28659737498959,TRUE,晕动症适应证,FALSE
meclizine,"HALLUCINATION, VISUAL",33,7.11858153274041,5.05340005099172,10.0277441973604,TRUE,晕动症适应证,FALSE
meclizine,"HALLUCINATION, AUDITORY",28,8.19007832763304,5.64666014194905,11.8791252397938,TRUE,晕动症适应证,FALSE
meclizine,INFUSION SITE PRURITUS,25,29.6951608680659,20.0124498189601,44.0627003169235,TRUE,晕动症适应证,FALSE
meclizine,SEDATION,25,4.1752963558517,2.81788826005152,6.18658301904057,TRUE,晕动症适应证,FALSE
meclizine,RASH PAPULAR,23,4.41650088388491,2.93139142724557,6.65400051186072,TRUE,晕动症适应证,FALSE
meclizine,INJECTION SITE RASH,22,2.96379541634632,1.9493903101902,4.50606696054542,TRUE,晕动症适应证,FALSE
meclizine,PRURITUS GENERALISED,22,4.98745087106612,3.2800200541253,7.58369332529329,TRUE,晕动症适应证,FALSE
meclizine,VERTIGO POSITIONAL,21,54.2672059184676,35.2339347233337,83.5821960085282,TRUE,晕动症适应证,FALSE
meclizine,DERMATITIS CONTACT,20,7.26490032121819,4.68079250720334,11.2756069823677,TRUE,晕动症适应证,FALSE
meclizine,VENTRICULAR TACHYCARDIA,20,6.02765286207012,3.88393337221177,9.35458864602816,TRUE,晕动症适应证,FALSE
meclizine,SINUS TACHYCARDIA,19,6.62422190264392,4.21990038525104,10.3984245620663,TRUE,晕动症适应证,FALSE
meclizine,RASH GENERALISED,18,3.60448899119409,2.26856640613923,5.72711508575607,TRUE,晕动症适应证,FALSE
meclizine,SEDATION COMPLICATION,16,22.6116482554479,13.819830101867,36.9965935224506,TRUE,晕动症适应证,FALSE
meclizine,APPLICATION SITE PRURITUS,15,2.75190752584782,1.65744859402791,4.56906781791287,TRUE,晕动症适应证,FALSE
meclizine,ADMINISTRATION SITE ERYTHEMA,14,184.637294285537,107.780744860293,316.298894438642,TRUE,晕动症适应证,FALSE
meclizine,MYDRIASIS,13,4.83259484755169,2.80304452556696,8.33164537615023,TRUE,晕动症适应证,FALSE
meclizine,SINUS HEADACHE,13,10.3257181914881,5.9866427382411,17.809724219714,TRUE,晕动症适应证,FALSE
meclizine,VULVOVAGINAL PRURITUS,13,10.287997969763,5.96479090162073,17.7446123378923,TRUE,晕动症适应证,FALSE
meclizine,APPLICATION SITE ERYTHEMA,12,1.93654471329277,1.0988657056232,3.41279685715128,TRUE,晕动症适应证,FALSE
meclizine,SUPRAVENTRICULAR TACHYCARDIA,12,6.08674577336253,3.4526729911249,10.7303744677761,TRUE,晕动症适应证,FALSE
meclizine,POSTURAL ORTHOSTATIC TACHYCARDIA SYNDROME,11,31.1260894757903,17.1809710645608,56.3899119796155,TRUE,晕动症适应证,FALSE
meclizine,TENSION HEADACHE,11,10.2760376829977,5.68221350643544,18.5837702759311,TRUE,晕动症适应证,FALSE
meclizine,SINUS BRADYCARDIA,9,4.39631273812283,2.28517491726932,8.45780580966495,TRUE,晕动症适应证,FALSE
meclizine,EXFOLIATIVE RASH,7,11.7861179731874,5.60884880026472,24.7666824021596,TRUE,晕动症适应证,FALSE
meclizine,"HALLUCINATIONS, MIXED",7,7.45920261634917,3.55136969723988,15.667111119125,TRUE,晕动症适应证,FALSE
meclizine,SOMNOLENCE NEONATAL,7,240.066606660666,111.53887460511,516.69855767871,TRUE,晕动症适应证,FALSE
meclizine,APPLICATION SITE PAIN,6,1.03865637407859,0.466345273001001,2.31332260852953,FALSE,晕动症适应证,FALSE
meclizine,APPLICATION SITE RASH,6,1.74848422270085,0.784985836311541,3.89458883920611,FALSE,晕动症适应证,FALSE
meclizine,PHARYNGEAL ERYTHEMA,6,12.9050089730565,5.7862818762631,28.7817393200041,TRUE,晕动症适应证,FALSE
meclizine,CATHETER SITE ERYTHEMA,5,9.12522318105504,3.79210274995329,21.9587135673183,TRUE,晕动症适应证,FALSE
meclizine,NASAL PRURITUS,5,14.1895174754227,5.89286428830286,34.1671547714044,TRUE,晕动症适应证,FALSE
meclizine,PRURITUS ALLERGIC,5,16.3933446168501,6.80621335164219,39.4847669096305,TRUE,晕动症适应证,FALSE
meclizine,STOMA SITE ERYTHEMA,5,9.40282629652773,3.90732721318579,22.6275245298914,TRUE,晕动症适应证,FALSE
meclizine,APPLICATION SITE VESICLES,4,2.48703796955712,0.932726438244495,6.63148122364838,FALSE,晕动症适应证,FALSE
meclizine,INFUSION SITE RASH,4,11.2846388029662,4.22687568692168,30.1269974197301,TRUE,晕动症适应证,FALSE
meclizine,RASH MACULO-PAPULAR,4,0.788321664722332,0.295719314969652,2.10148953961416,FALSE,晕动症适应证,FALSE
meclizine,APPLICATION SITE HAEMORRHAGE,3,3.81402564273701,1.22890449362571,11.8372027109586,TRUE,晕动症适应证,FALSE
meclizine,APPLICATION SITE IRRITATION,3,1.04014401486771,0.335293245884703,3.22672641022168,FALSE,晕动症适应证,FALSE
meclizine,ATRIAL TACHYCARDIA,3,6.38918282031203,2.05777175514788,19.8377963976072,TRUE,晕动症适应证,FALSE
meclizine,EAR PRURITUS,3,3.32103023821727,1.07014425874515,10.3063131470577,TRUE,晕动症适应证,FALSE
meclizine,GENERALISED ERYTHEMA,3,3.03637567758413,0.978464771388989,9.4224927917811,FALSE,晕动症适应证,FALSE
meclizine,"HALLUCINATION, TACTILE",3,20.6013501230563,6.6197383125706,64.1136562886185,TRUE,晕动症适应证,FALSE
meclizine,ORAL MUCOSAL ERYTHEMA,3,7.5399910943234,2.42795773822694,23.4153440182995,TRUE,晕动症适应证,FALSE
meclizine,PROCEDURAL DIZZINESS,3,37.3496877517563,11.9687375287152,116.553577334856,TRUE,晕动症适应证,FALSE
meclizine,RASH PUSTULAR,3,1.9533789013168,0.629583040308076,6.06066060839647,FALSE,晕动症适应证,FALSE
meclizine,RASH VESICULAR,3,2.61355580488636,0.842270257510223,8.10983634332152,FALSE,晕动症适应证,FALSE
meclizine,TONGUE ERYTHEMA,3,12.9948776024847,4.18076634086213,40.391361328444,TRUE,晕动症适应证,FALSE
meclizine,VERTIGO LABYRINTHINE,3,399.360046081561,120.836572387704,1319.86900368664,TRUE,晕动症适应证,FALSE
meclizine,ANAL PRURITUS,2,4.07551905561239,1.01814433007292,16.3138516633197,FALSE,晕动症适应证,FALSE
meclizine,APPLICATION SITE HYPERSENSITIVITY,2,6.51032919789787,1.625615453858,26.0728243967001,FALSE,晕动症适应证,FALSE
meclizine,APPLICATION SITE REACTION,2,1.56932866681663,0.392245667861612,6.27869895394576,FALSE,晕动症适应证,FALSE
meclizine,APPLICATION SITE URTICARIA,2,3.95440628582613,0.98791193376098,15.8286670491467,FALSE,晕动症适应证,FALSE
meclizine,BRADYCARDIA NEONATAL,2,7.17152155547916,1.7904769847135,28.7245923068549,FALSE,晕动症适应证,FALSE
meclizine,CLUSTER HEADACHE,2,6.10269148437087,1.52395343624249,24.4383079349459,FALSE,晕动症适应证,FALSE
meclizine,CUTANEOUS LUPUS ERYTHEMATOSUS,2,5.4192608955621,1.35347337788177,21.6985344034849,FALSE,晕动症适应证,FALSE
meclizine,DIZZINESS EXERTIONAL,2,10.4383657975589,2.60439138249432,41.8368303842617,FALSE,晕动症适应证,FALSE
meclizine,ERYTHEMA OF EYELID,2,1.56436007494234,0.391004182628656,6.25881397897415,FALSE,晕动症适应证,FALSE
meclizine,OPEN ANGLE GLAUCOMA,2,14.6006550862092,3.63986112472333,58.5679292812722,FALSE,晕动症适应证,FALSE
meclizine,TONGUE PRURITUS,2,8.78247156158188,2.19196832046753,35.1883765881904,FALSE,晕动症适应证,FALSE
meclizine,ANGLE CLOSURE GLAUCOMA,1,1.91022442758485,0.268874083447957,13.571249846578,FALSE,晕动症适应证,FALSE
meclizine,APPLICATION SITE BURN,1,0.833885993202581,0.1174095965343,5.92256399975203,FALSE,晕动症适应证,FALSE
meclizine,APPLICATION SITE PAPULES,1,3.92689947155763,0.552416162624531,27.9147144907139,FALSE,晕动症适应证,FALSE
meclizine,APPLICATION SITE SCAB,1,1.74981484726013,0.246306782790988,12.4310502739594,FALSE,晕动症适应证,FALSE
meclizine,APPLICATION SITE SCAR,1,3.41855019608146,0.480973390990523,24.2975716786771,FALSE,晕动症适应证,FALSE
meclizine,BRADYCARDIA FOETAL,1,5.5890948408044,0.785875510571445,39.7492741780335,FALSE,晕动症适应证,FALSE
meclizine,BUTTERFLY RASH,1,3.90033512995938,0.548683352532256,27.725671019153,FALSE,晕动症适应证,FALSE
meclizine,CATHETER SITE PRURITUS,1,4.07012294232762,0.572540896908377,28.9340042870556,FALSE,晕动症适应证,FALSE
meclizine,CERVICOGENIC HEADACHE,1,28.8312279843444,4.02738929651086,206.39666192821,FALSE,晕动症适应证,FALSE
meclizine,EYELIDS PRURITUS,1,1.33976202855536,0.188608979951815,9.51684428608515,FALSE,晕动症适应证,FALSE
meclizine,GENITAL RASH,1,3.10273779540688,0.43657915228355,22.0509425992787,FALSE,晕动症适应证,FALSE
meclizine,GINGIVAL ERYTHEMA,1,5.25781470268084,0.739363947432629,37.3897260526702,FALSE,晕动症适应证,FALSE
meclizine,IMPLANT SITE ERYTHEMA,1,3.90033512995938,0.548683352532256,27.725671019153,FALSE,晕动症适应证,FALSE
meclizine,PALMAR ERYTHEMA,1,3.72800564309333,0.524466321846097,26.4993680166446,FALSE,晕动症适应证,FALSE
meclizine,PROCEDURAL HEADACHE,1,9.58365705178592,1.34602377094208,68.2354089645554,FALSE,晕动症适应证,FALSE
meclizine,PROCEDURAL HYPOTENSION,1,6.57731541077288,0.924569358552055,46.7905167012462,FALSE,晕动症适应证,FALSE
meclizine,PRURITUS GENITAL,1,1.6679676811214,0.234791284003018,11.8493162856495,FALSE,晕动症适应证,FALSE
meclizine,RASH MORBILLIFORM,1,1.59637599032634,0.224718243099123,11.3404958464645,FALSE,晕动症适应证,FALSE
meclizine,SUBACUTE CUTANEOUS LUPUS ERYTHEMATOSUS,1,1.98817835211553,0.279840329370677,14.1253877477569,FALSE,晕动症适应证,FALSE
meclizine,DIZZINESS,15,40.640394945718,20.0922896644513,82.2027618020131,TRUE,晕动症适应证,TRUE
meclizine,HEADACHE,8,11.4984996581987,5.14336840964511,25.7060128420237,TRUE,晕动症适应证,TRUE
meclizine,VERTIGO,5,68.2190842328737,26.1949436906975,177.661899507141,TRUE,晕动症适应证,TRUE
meclizine,SOMNOLENCE,4,16.1574043532009,5.6535321761455,46.1767453158502,TRUE,晕动症适应证,TRUE
meclizine,PRURITUS,3,5.7239377367723,1.74014048745526,18.8280563843201,TRUE,晕动症适应证,TRUE
meclizine,CONFUSIONAL STATE,2,9.64232306403094,2.30073373564397,40.4107579381061,FALSE,晕动症适应证,TRUE
meclizine,VISION BLURRED,2,11.1754111051237,2.66653604598638,46.8359741682487,FALSE,晕动症适应证,TRUE
meclizine,APPLICATION SITE BURN,1,142.079403728705,19.3705667440288,1042.12526306836,FALSE,晕动症适应证,TRUE
meclizine,APPLICATION SITE ERYTHEMA,1,27.4228209905294,3.73942442894831,201.103438608631,FALSE,晕动症适应证,TRUE
meclizine,APPLICATION SITE IRRITATION,1,59.0390820723519,8.05025752841915,432.981578494966,FALSE,晕动症适应证,TRUE
meclizine,APPLICATION SITE PRURITUS,1,31.14967731697,4.24759926819393,228.435484537581,FALSE,晕动症适应证,TRUE
meclizine,DRY EYE,1,13.4482820659424,1.83387346685766,98.6198305355526,FALSE,晕动症适应证,TRUE
meclizine,DRY MOUTH,1,8.99356640072687,1.22641560244011,65.9517348306347,FALSE,晕动症适应证,TRUE
meclizine,EYE PRURITUS,1,19.9457764220754,2.71987465006362,146.269239676215,FALSE,晕动症适应证,TRUE
meclizine,GLAUCOMA,1,37.2380142471759,5.07776005426049,273.086890726431,FALSE,晕动症适应证,TRUE
meclizine,"HALLUCINATION, AUDITORY",1,49.4615141337811,6.74441656580212,362.735806209098,FALSE,晕动症适应证,TRUE
meclizine,HYPOTENSION,1,3.65234453968909,0.498059530079693,26.783185203709,FALSE,晕动症适应证,TRUE
meclizine,INJECTION SITE ERYTHEMA,1,6.03580876094775,0.823082358457878,44.2616550146823,FALSE,晕动症适应证,TRUE
meclizine,INJECTION SITE PRURITUS,1,10.7703914129844,1.4687096421746,78.9817999813321,FALSE,晕动症适应证,TRUE
meclizine,RASH GENERALISED,1,33.9720680703779,4.63244174125026,249.134575984307,FALSE,晕动症适应证,TRUE
meclizine,SEDATION,1,28.2895241755954,3.85760414217893,207.459642976626,FALSE,晕动症适应证,TRUE
meclizine,SYSTEMIC LUPUS ERYTHEMATOSUS,1,18.6365733409345,2.54135265787862,136.668110510076,FALSE,晕动症适应证,TRUE
cinnarizine,DIZZINESS,117,17.8631702695573,14.4025063916631,22.155369586498,TRUE,晕动症适应证,FALSE
cinnarizine,HEADACHE,73,7.35825263329688,5.70966504775956,9.48284730584435,TRUE,晕动症适应证,FALSE
cinnarizine,TACHYCARDIA,32,22.3688955839979,15.5864135723662,32.1027982046443,TRUE,晕动症适应证,FALSE
cinnarizine,CONFUSIONAL STATE,30,11.3079896940413,7.79463590551118,16.4049523891339,TRUE,晕动症适应证,FALSE
cinnarizine,HYPOTENSION,30,8.86156936996737,6.10836396838986,12.8557191590277,TRUE,晕动症适应证,FALSE
cinnarizine,VERTIGO,30,28.6989850263187,19.7810665309279,41.6373778558959,TRUE,晕动症适应证,FALSE
cinnarizine,SOMNOLENCE,28,8.18805715660895,5.57665420935583,12.0223125700382,TRUE,晕动症适应证,FALSE
cinnarizine,LETHARGY,27,29.0301700556214,19.6414622530925,42.9067226563342,TRUE,晕动症适应证,FALSE
cinnarizine,MEDICATION OVERUSE HEADACHE,24,1372.83967134632,903.590545927881,2085.77742619795,TRUE,晕动症适应证,FALSE
cinnarizine,PRURITUS,21,2.95245051692091,1.90266480602907,4.58145019934393,TRUE,晕动症适应证,FALSE
cinnarizine,VISION BLURRED,21,8.95642344916752,5.77168490523636,13.8984581310079,TRUE,晕动症适应证,FALSE
cinnarizine,RASH,18,2.20007344614913,1.37131740506575,3.52968842265837,TRUE,晕动症适应证,FALSE
cinnarizine,ORTHOSTATIC HYPOTENSION,14,47.8124626270006,28.0445385777133,81.514323229943,TRUE,晕动症适应证,FALSE
cinnarizine,AGITATION,12,10.3083313767579,5.80328920726937,18.3105980036192,TRUE,晕动症适应证,FALSE
cinnarizine,DISORIENTATION,11,17.856387639277,9.80613121020985,32.5154306717969,TRUE,晕动症适应证,FALSE
cinnarizine,DRY MOUTH,11,7.61095079497665,4.17995493405155,13.8581809893842,TRUE,晕动症适应证,FALSE
cinnarizine,ERYTHEMA,11,2.82457772989056,1.55131350495447,5.14289299146392,TRUE,晕动症适应证,FALSE
cinnarizine,DELIRIUM,10,16.5014935366061,8.80796664507068,30.9151135456494,TRUE,晕动症适应证,FALSE
cinnarizine,BRADYCARDIA,8,8.95922602743247,4.44879402002209,18.042582023212,TRUE,晕动症适应证,FALSE
cinnarizine,SINUS TACHYCARDIA,8,36.107953007417,17.9260588964413,72.7312276456184,TRUE,晕动症适应证,FALSE
cinnarizine,HALLUCINATION,7,5.31120006619183,2.51534979403033,11.2146812383964,TRUE,晕动症适应证,FALSE
cinnarizine,"HALLUCINATION, AUDITORY",7,26.3754803657688,12.4891040780126,55.7018309864028,TRUE,晕动症适应证,FALSE
cinnarizine,RASH ERYTHEMATOUS,6,6.93523014602423,3.09668288441926,15.5319155927531,TRUE,晕动症适应证,FALSE
cinnarizine,RASH PAPULAR,6,14.8306061314122,6.62162144497738,33.2164682098996,TRUE,晕动症适应证,FALSE
cinnarizine,RASH PRURITIC,6,5.99353024539209,2.67622229457546,13.422803059089,TRUE,晕动症适应证,FALSE
cinnarizine,DRY EYE,4,4.06516625480178,1.5181390461656,10.8854170643448,TRUE,晕动症适应证,FALSE
cinnarizine,DYSURIA,4,6.1614364322073,2.30093974989192,16.4990408418624,TRUE,晕动症适应证,FALSE
cinnarizine,GLAUCOMA,4,11.2577245294939,4.20387379439582,30.1475181654883,TRUE,晕动症适应证,FALSE
cinnarizine,"HALLUCINATION, VISUAL",4,11.019868900373,4.11506415498782,29.5104780891968,TRUE,晕动症适应证,FALSE
cinnarizine,RASH GENERALISED,4,10.2701992383448,3.83515229356078,27.5026868091769,TRUE,晕动症适应证,FALSE
cinnarizine,URINARY RETENTION,4,6.66674834548479,2.48963072250685,17.852259413505,TRUE,晕动症适应证,FALSE
cinnarizine,AMNESIA,3,2.78117191114677,0.89312703327808,8.66048939417051,FALSE,晕动症适应证,FALSE
cinnarizine,RASH MACULAR,3,4.53473485809748,1.45622217033357,14.1213481377872,TRUE,晕动症适应证,FALSE
cinnarizine,SUBACUTE CUTANEOUS LUPUS ERYTHEMATOSUS,3,76.6883945041664,24.6041309218104,239.029367479643,TRUE,晕动症适应证,FALSE
cinnarizine,DIZZINESS POSTURAL,2,10.7486330772947,2.67838058431122,43.1354355340897,FALSE,晕动症适应证,FALSE
cinnarizine,MYDRIASIS,2,9.49068117535403,2.36496628614703,38.0863903641371,FALSE,晕动症适应证,FALSE
cinnarizine,PRURITUS GENERALISED,2,5.77688693719165,1.43961575206617,23.181479250417,FALSE,晕动症适应证,FALSE
cinnarizine,SEDATION,2,4.25417931721481,1.06017809596599,17.0707560662515,FALSE,晕动症适应证,FALSE
cinnarizine,APPLICATION SITE ERYTHEMA,1,2.05666849091756,0.288977433862501,14.6374241925954,FALSE,晕动症适应证,FALSE
cinnarizine,APPLICATION SITE PRURITUS,1,2.33617686732967,0.328248437556443,16.6268037589906,FALSE,晕动症适应证,FALSE
cinnarizine,ERYTHEMA MULTIFORME,1,6.57935908887896,0.924357017525473,46.8303536400873,FALSE,晕动症适应证,FALSE
cinnarizine,GENERALISED ERYTHEMA,1,12.9207234726688,1.81502252740235,91.9796269945508,FALSE,晕动症适应证,FALSE
cinnarizine,INJECTION SITE ERYTHEMA,1,0.45267613355572,0.0636066693824742,3.22160685161449,FALSE,晕动症适应证,FALSE
cinnarizine,LIP PRURITUS,1,55.1226215710723,7.73605307910122,392.771789153839,FALSE,晕动症适应证,FALSE
cinnarizine,PHARYNGEAL ERYTHEMA,1,27.3723281733746,3.84386394325393,194.919581101682,FALSE,晕动症适应证,FALSE
cinnarizine,VERTIGO POSITIONAL,1,32.4097782258065,4.55075976732135,230.817221376693,FALSE,晕动症适应证,FALSE
cinnarizine,TENSION HEADACHE,1,Inf,,Inf,FALSE,晕动症适应证,TRUE
cinnarizine,VISION BLURRED,1,Inf,,Inf,FALSE,晕动症适应证,TRUE
promethazine,HEADACHE,2605,9.89312451549192,9.46880570673879,10.3364580191324,TRUE,晕动症适应证,FALSE
promethazine,DIZZINESS,1833,8.38379221450967,7.974161032646,8.81446607465235,TRUE,晕动症适应证,FALSE
promethazine,RASH,1204,5.57041815014513,5.24689748732033,5.91388690982669,TRUE,晕动症适应证,FALSE
promethazine,SOMNOLENCE,1181,12.7535578278649,12.0053701590388,13.5483733624184,TRUE,晕动症适应证,FALSE
promethazine,PRURITUS,1019,5.28333038214474,4.95355545716576,5.6350595381978,TRUE,晕动症适应证,FALSE
promethazine,TACHYCARDIA,964,24.2611866694507,22.7020042778439,25.9274543078289,TRUE,晕动症适应证,FALSE
promethazine,HYPOTENSION,783,8.15476780724558,7.58248921845198,8.77023838402048,TRUE,晕动症适应证,FALSE
promethazine,CONFUSIONAL STATE,734,9.7185743298937,9.01624320062018,10.4756143888368,TRUE,晕动症适应证,FALSE
promethazine,AGITATION,544,16.9853833472883,15.57710474794,18.5209801258153,TRUE,晕动症适应证,FALSE
promethazine,HALLUCINATION,520,14.4725151246229,13.2485251589355,15.8095857100872,TRUE,晕动症适应证,FALSE
promethazine,ERYTHEMA,463,4.2677786928098,3.88828470580563,4.68431103915974,TRUE,晕动症适应证,FALSE
promethazine,VISION BLURRED,435,6.48044720150111,5.88716015459018,7.13352360538371,TRUE,晕动症适应证,FALSE
promethazine,DRY MOUTH,403,9.98884780514052,9.04086886943857,11.036226928536,TRUE,晕动症适应证,FALSE
promethazine,LETHARGY,375,13.8427263258109,12.4834303045994,15.3500334007309,TRUE,晕动症适应证,FALSE
promethazine,AMNESIA,314,10.5613607944033,9.43729415884112,11.8193138787628,TRUE,晕动症适应证,FALSE
promethazine,SINUS TACHYCARDIA,252,41.2671749788899,36.3658937455898,46.8290355422611,TRUE,晕动症适应证,FALSE
promethazine,MYDRIASIS,251,43.9691334068279,38.7334357678244,49.9125536948468,TRUE,晕动症适应证,FALSE
promethazine,VERTIGO,232,7.43231390545793,6.52422462823478,8.46679768661018,TRUE,晕动症适应证,FALSE
promethazine,DISORIENTATION,212,12.1313769587188,10.5845600228699,13.9042441628699,TRUE,晕动症适应证,FALSE
promethazine,DELIRIUM,210,12.2460008321027,10.6777256782122,14.0446140778706,TRUE,晕动症适应证,FALSE
promethazine,URINARY RETENTION,198,11.8276947054052,10.2718347314044,13.6192185429703,TRUE,晕动症适应证,FALSE
promethazine,DYSURIA,196,10.8120990747965,9.38363075979716,12.4580228480498,TRUE,晕动症适应证,FALSE
promethazine,SEDATION,177,13.5519978429241,11.6746831899719,15.7311888079648,TRUE,晕动症适应证,FALSE
promethazine,INJECTION SITE ERYTHEMA,175,2.83915792508947,2.44502751198867,3.29682086768917,TRUE,晕动症适应证,FALSE
promethazine,RASH PRURITIC,163,5.76638269079246,4.93884822733325,6.73257565451145,TRUE,晕动症适应证,FALSE
promethazine,BRADYCARDIA,146,5.75205438945132,4.8841627270106,6.77416612600393,TRUE,晕动症适应证,FALSE
promethazine,DRY EYE,143,5.1619162477036,4.37582176702612,6.08922866765093,TRUE,晕动症适应证,FALSE
promethazine,INJECTION SITE PRURITUS,125,3.60435333684211,3.02121933026634,4.30003967161815,TRUE,晕动症适应证,FALSE
promethazine,SYSTEMIC LUPUS ERYTHEMATOSUS,117,5.84169534246721,4.86731357952441,7.01113744094077,TRUE,晕动症适应证,FALSE
promethazine,"HALLUCINATION, AUDITORY",110,14.6477555747548,12.129382703937,17.6890076448918,TRUE,晕动症适应证,FALSE
promethazine,"HALLUCINATION, VISUAL",96,9.37828404933548,7.66687223447367,11.4717200209165,TRUE,晕动症适应证,FALSE
promethazine,RASH ERYTHEMATOUS,94,3.81954565605697,3.11704269412333,4.68037510240353,TRUE,晕动症适应证,FALSE
promethazine,RASH MACULAR,89,4.76620420035233,3.86768511476104,5.87346224043879,TRUE,晕动症适应证,FALSE
promethazine,DERMATITIS CONTACT,85,14.0456478653517,11.3358833491651,17.4031628485299,TRUE,晕动症适应证,FALSE
promethazine,ORTHOSTATIC HYPOTENSION,83,9.78164835541918,7.87671366987545,12.147279761483,TRUE,晕动症适应证,FALSE
promethazine,VENTRICULAR TACHYCARDIA,82,11.2232783839295,9.02489509445379,13.9571680739633,TRUE,晕动症适应证,FALSE
promethazine,INFUSION SITE ERYTHEMA,73,14.8854884648097,11.8125268427521,18.7578635617609,TRUE,晕动症适应证,FALSE
promethazine,RASH GENERALISED,68,6.16324879732736,4.85368035916655,7.8261510702942,TRUE,晕动症适应证,FALSE
promethazine,GLAUCOMA,66,6.55750990247033,5.14560580476132,8.35682672800293,TRUE,晕动症适应证,FALSE
promethazine,INJECTION SITE RASH,63,3.83175794748027,2.99036863882178,4.90988595100542,TRUE,晕动症适应证,FALSE
promethazine,SUPRAVENTRICULAR TACHYCARDIA,58,13.3710617586902,10.3188990815263,17.3260045613572,TRUE,晕动症适应证,FALSE
promethazine,RASH MACULO-PAPULAR,56,5.00408579050653,3.84691649811628,6.50933666249608,TRUE,晕动症适应证,FALSE
promethazine,EYE PRURITUS,55,2.91746402648787,2.23790284583292,3.80338063455247,TRUE,晕动症适应证,FALSE
promethazine,PRURITUS GENERALISED,55,5.62843653098227,4.31642744340332,7.33924019311626,TRUE,晕动症适应证,FALSE
promethazine,RASH PAPULAR,43,3.71864649064546,2.75533583105541,5.01874637803877,TRUE,晕动症适应证,FALSE
promethazine,INFUSION SITE PRURITUS,39,20.9244493652899,15.2477965777761,28.7144820569504,TRUE,晕动症适应证,FALSE
promethazine,APPLICATION SITE ERYTHEMA,37,2.69368644844296,1.95010700825473,3.72079411632855,TRUE,晕动症适应证,FALSE
promethazine,SINUS BRADYCARDIA,37,8.1811526129454,5.91944466045246,11.3070164374486,TRUE,晕动症适应证,FALSE
promethazine,SINUS HEADACHE,34,12.2220133071942,8.71709092706772,17.1361765675054,TRUE,晕动症适应证,FALSE
promethazine,DIZZINESS POSTURAL,27,5.12610449124629,3.51161362168806,7.48286972487133,TRUE,晕动症适应证,FALSE
promethazine,POSTURAL ORTHOSTATIC TACHYCARDIA SYNDROME,26,33.5360343862379,22.7300620741045,49.479213857327,TRUE,晕动症适应证,FALSE
promethazine,APPLICATION SITE PRURITUS,23,1.8986897641744,1.26088290621666,2.85912577829903,TRUE,晕动症适应证,FALSE
promethazine,AGITATION NEONATAL,21,47.827052919708,30.9690151883367,73.861793055855,TRUE,晕动症适应证,FALSE
promethazine,SEDATION COMPLICATION,21,13.3707180690073,8.69837377012066,20.552818998763,TRUE,晕动症适应证,FALSE
promethazine,APPLICATION SITE PAIN,19,1.48241426128602,0.944996920461159,2.3254594745047,FALSE,晕动症适应证,FALSE
promethazine,RASH PUSTULAR,19,5.59237772951008,3.56287465881481,8.77793682473349,TRUE,晕动症适应证,FALSE
promethazine,APPLICATION SITE RASH,18,2.36481112122188,1.48885095599646,3.7561393345191,TRUE,晕动症适应证,FALSE
promethazine,CATHETER SITE ERYTHEMA,18,14.9001979800637,9.36361218264503,23.7104971366274,TRUE,晕动症适应证,FALSE
promethazine,"HALLUCINATIONS, MIXED",18,8.66619959631193,5.45103786960323,13.7777460439077,TRUE,晕动症适应证,FALSE
promethazine,TENSION HEADACHE,18,7.58009273549107,4.76864123518267,12.0490938707498,TRUE,晕动症适应证,FALSE
promethazine,BRADYCARDIA NEONATAL,17,27.9068215765322,17.2690065857687,45.0975964735691,TRUE,晕动症适应证,FALSE
promethazine,APPLICATION SITE BURN,16,6.03563662121344,3.69281287661278,9.86481325767775,TRUE,晕动症适应证,FALSE
promethazine,APPLICATION SITE IRRITATION,15,2.34585288849778,1.4132100428661,3.89398999975461,TRUE,晕动症适应证,FALSE
promethazine,GENERALISED ERYTHEMA,15,6.86384010250127,4.13195301692797,11.4019449784866,TRUE,晕动症适应证,FALSE
promethazine,INFUSION SITE RASH,14,17.9349841370179,10.5866634766379,30.3838557544512,TRUE,晕动症适应证,FALSE
promethazine,VULVOVAGINAL PRURITUS,14,4.98241302145333,2.94739782459785,8.42249366854128,TRUE,晕动症适应证,FALSE
promethazine,APPLICATION SITE VESICLES,12,3.364673489153,1.90907333135753,5.93011672346746,TRUE,晕动症适应证,FALSE
promethazine,CLUSTER HEADACHE,12,16.6419471154978,9.41979119352406,29.4013315269055,TRUE,晕动症适应证,FALSE
promethazine,ERYTHEMA MULTIFORME,12,2.78849390343467,1.58232148893435,4.91410772328513,TRUE,晕动症适应证,FALSE
promethazine,APPLICATION SITE REACTION,11,3.89592322279062,2.15532984608532,7.04217861848251,TRUE,晕动症适应证,FALSE
promethazine,APPLICATION SITE SWELLING,11,4.15975075538432,2.30117147143581,7.51944240649045,TRUE,晕动症适应证,FALSE
promethazine,ORAL PRURITUS,11,9.08077293136027,5.01880606616514,16.4302895835808,TRUE,晕动症适应证,FALSE
promethazine,PRURITUS ALLERGIC,11,16.3288688691211,9.01238420097351,29.5850634636894,TRUE,晕动症适应证,FALSE
promethazine,CATHETER SITE PRURITUS,10,18.5320538303975,9.93187807187376,34.5792625208858,TRUE,晕动症适应证,FALSE
promethazine,NEONATAL HYPOTENSION,10,64.4048989117498,34.2072990610755,121.260406921536,TRUE,晕动症适应证,FALSE
promethazine,PHARYNGEAL ERYTHEMA,10,9.70409876008447,5.20980635760982,18.0754381797554,TRUE,晕动症适应证,FALSE
promethazine,ANAL PRURITUS,9,8.29390892962744,4.3067908837729,15.9721999951603,TRUE,晕动症适应证,FALSE
promethazine,APPLICATION SITE DISCOLOURATION,9,3.9019169956983,2.02801618747958,7.50731494911823,TRUE,晕动症适应证,FALSE
promethazine,APPLICATION SITE EXFOLIATION,9,3.64430563805564,1.89422514100028,7.01129094746935,TRUE,晕动症适应证,FALSE
promethazine,MEDICATION OVERUSE HEADACHE,8,14.9116872388746,7.43077046271307,29.9240055154158,TRUE,晕动症适应证,FALSE
promethazine,ATRIAL TACHYCARDIA,7,6.7282251736733,3.20167782660988,14.1391534186888,TRUE,晕动症适应证,FALSE
promethazine,BUTTERFLY RASH,7,12.3801472373433,5.88330537397878,26.051349687913,TRUE,晕动症适应证,FALSE
promethazine,DRUG WITHDRAWAL HEADACHE,7,34.626219165736,16.3689883691298,73.2467411348844,TRUE,晕动症适应证,FALSE
promethazine,EAR PRURITUS,7,3.493121917584,1.66350529787174,7.33505372463591,TRUE,晕动症适应证,FALSE
promethazine,ORAL MUCOSAL ERYTHEMA,7,7.94363151198075,3.77894923997703,16.6981024594332,TRUE,晕动症适应证,FALSE
promethazine,RASH VESICULAR,7,2.74823702030279,1.30900537349497,5.76988213546989,TRUE,晕动症适应证,FALSE
promethazine,APPLICATION SITE SCAR,6,9.28290855836702,4.15959157089184,20.716551092666,TRUE,晕动症适应证,FALSE
promethazine,APPLICATION SITE URTICARIA,6,5.35366438510755,2.40134634683293,11.9356886548957,TRUE,晕动症适应证,FALSE
promethazine,ERYTHEMA OF EYELID,6,2.11497716785114,0.949445391791093,4.71130668409823,FALSE,晕动症适应证,FALSE
promethazine,GINGIVAL ERYTHEMA,6,14.3155837217845,6.40643907892474,31.9890558187934,TRUE,晕动症适应证,FALSE
promethazine,NASAL PRURITUS,6,7.66839768550451,3.43756372372466,17.1063950486816,TRUE,晕动症适应证,FALSE
promethazine,NEONATAL TACHYCARDIA,6,98.4039087403778,43.1131026347085,224.602931907503,TRUE,晕动症适应证,FALSE
promethazine,TACHYCARDIA FOETAL,6,24.9285952569867,11.1257573899497,55.8555107491401,TRUE,晕动症适应证,FALSE
promethazine,TONGUE ERYTHEMA,6,11.7437192574882,5.25894760878403,26.2248176362014,TRUE,晕动症适应证,FALSE
promethazine,ANGLE CLOSURE GLAUCOMA,5,4.3103863442825,1.79155511630623,10.3705603404954,TRUE,晕动症适应证,FALSE
promethazine,APPLICATION SITE PARAESTHESIA,5,6.80275974525902,2.82549937262267,16.3785349238146,TRUE,晕动症适应证,FALSE
promethazine,ERYTHEMA NODOSUM,5,2.80462390541284,1.16619807669703,6.74492216030009,TRUE,晕动症适应证,FALSE
promethazine,EXFOLIATIVE RASH,5,3.78278632937648,1.57249816469893,9.09983409516875,TRUE,晕动症适应证,FALSE
promethazine,EYELIDS PRURITUS,5,3.02115139522771,1.25615651485452,7.266097532395,TRUE,晕动症适应证,FALSE
promethazine,GENITAL RASH,5,7.01095850064555,2.91180376949195,16.880786958508,TRUE,晕动症适应证,FALSE
promethazine,IMPLANT SITE ERYTHEMA,5,8.82137643020412,3.66184945481157,21.2506502748527,TRUE,晕动症适应证,FALSE
promethazine,TONGUE PRURITUS,5,9.92269883122367,4.11774853059852,23.9111134066403,TRUE,晕动症适应证,FALSE
promethazine,APPLICATION SITE SCAB,4,3.1562747627487,1.18320560570684,8.4195598211463,TRUE,晕动症适应证,FALSE
promethazine,APPLICATION SITE WARMTH,4,5.82318234802272,2.18113264475554,15.5467173167379,TRUE,晕动症适应证,FALSE
promethazine,CATHETER SITE RASH,4,14.4571471226733,5.40043647501511,38.7022611771461,TRUE,晕动症适应证,FALSE
promethazine,PROCEDURAL HEADACHE,4,17.4051847711812,6.49567508193436,46.6372552656595,TRUE,晕动症适应证,FALSE
promethazine,PRURITUS GENITAL,4,3.00842693461023,1.12783367454388,8.0247937485539,TRUE,晕动症适应证,FALSE
promethazine,VERTIGO POSITIONAL,4,4.57803270545178,1.71541957182139,12.2176427251166,TRUE,晕动症适应证,FALSE
promethazine,ADMINISTRATION SITE ERYTHEMA,3,17.0543884400561,5.46560101176913,53.2150379140414,TRUE,晕动症适应证,FALSE
promethazine,APPLICATION SITE DISCOMFORT,3,2.74370204942098,0.883870921129313,8.51696866141787,FALSE,晕动症适应证,FALSE
promethazine,APPLICATION SITE HAEMORRHAGE,3,1.71647874944971,0.553161874652777,5.32628771489694,FALSE,晕动症适应证,FALSE
promethazine,APPLICATION SITE HYPERSENSITIVITY,3,4.39990026102432,1.41655614866655,13.6663289522164,TRUE,晕动症适应证,FALSE
promethazine,BRADYCARDIA FOETAL,3,7.57343880035689,2.43547946418087,23.5505887470262,TRUE,晕动症适应证,FALSE
promethazine,CERVICOGENIC HEADACHE,3,39.601217632138,12.5888433248846,124.575101736944,TRUE,晕动症适应证,FALSE
promethazine,CUTANEOUS LUPUS ERYTHEMATOSUS,3,3.66194160923961,1.17928459738982,11.3711451664519,TRUE,晕动症适应证,FALSE
promethazine,DIZZINESS EXERTIONAL,3,7.05861003225647,2.27034342371156,21.9455678233998,TRUE,晕动症适应证,FALSE
promethazine,"HALLUCINATION, TACTILE",3,9.27151114720522,2.97971520407409,28.8487030019575,TRUE,晕动症适应证,FALSE
promethazine,OPEN ANGLE GLAUCOMA,3,9.87917508438212,3.17431016278421,30.7462394482184,TRUE,晕动症适应证,FALSE
promethazine,PALMAR ERYTHEMA,3,5.04614474839898,1.62423508129574,15.677273022253,TRUE,晕动症适应证,FALSE
promethazine,PROCEDURAL HYPOTENSION,3,8.91762658393919,2.86634968455757,27.7440203192981,TRUE,晕动症适应证,FALSE
promethazine,SOMNOLENCE NEONATAL,3,44.5042582659716,14.1226344888072,140.245009199525,TRUE,晕动症适应证,FALSE
promethazine,SYSTEMIC LUPUS ERYTHEMATOSUS RASH,3,7.46455169349348,2.40055806570742,23.211074450064,TRUE,晕动症适应证,FALSE
promethazine,VASCULAR HEADACHE,3,64.0130901240918,20.1724190663278,203.132588796701,TRUE,晕动症适应证,FALSE
promethazine,APPLICATION SITE DISCHARGE,2,2.96370769775553,0.740130798558575,11.8675825068239,FALSE,晕动症适应证,FALSE
promethazine,APPLICATION SITE EROSION,2,2.89215618164529,0.722285109562157,11.5807002917443,FALSE,晕动症适应证,FALSE
promethazine,LIP PRURITUS,2,3.88876511217416,0.970747517941987,15.5781949664142,FALSE,晕动症适应证,FALSE
promethazine,RASH MORBILLIFORM,2,1.43797796058379,0.359351872404717,5.75419463181727,FALSE,晕动症适应证,FALSE
promethazine,TRANSIENT GLOBAL AMNESIA,2,5.16573093523014,1.28878358918198,20.705397181641,FALSE,晕动症适应证,FALSE
promethazine,ACCOMMODATION DISORDER,1,3.61333129420886,0.507769012897608,25.7127999347646,FALSE,晕动症适应证,FALSE
promethazine,APPLICATION SITE INFLAMMATION,1,1.31084097644284,0.184474835021952,9.31457163421318,FALSE,晕动症适应证,FALSE
promethazine,APPLICATION SITE PAPULES,1,1.76765735895498,0.248691209083564,12.5642259337674,FALSE,晕动症适应证,FALSE
promethazine,APPLICATION SITE ULCER,1,2.80600875814129,0.394518911150826,19.9576875232617,FALSE,晕动症适应证,FALSE
promethazine,STOMA SITE ERYTHEMA,1,0.84402232214074,0.118814263154896,5.99569160600809,FALSE,晕动症适应证,FALSE
promethazine,DIZZINESS,4,17.339429534409,5.43808612965616,55.2870641270525,TRUE,晕动症适应证,TRUE
promethazine,CONFUSIONAL STATE,3,38.1313475555157,10.6376576238965,136.684194754798,TRUE,晕动症适应证,TRUE
promethazine,VERTIGO,3,96.7432550552798,26.9883671721636,346.788575203033,TRUE,晕动症适应证,TRUE
promethazine,ERYTHEMA,2,16.6901877800019,3.73534001768725,74.5748357077807,FALSE,晕动症适应证,TRUE
promethazine,PRURITUS,2,8.90388395128597,1.99273652221114,39.784060027163,FALSE,晕动症适应证,TRUE
promethazine,VISION BLURRED,2,27.0072696261467,6.04432276410035,120.674001228316,FALSE,晕动症适应证,TRUE
promethazine,DELIRIUM,1,49.6161601685985,6.49020369074754,379.30448213598,FALSE,晕动症适应证,TRUE
promethazine,DRY MOUTH,1,20.7544040266733,2.71490191827017,158.659612564143,FALSE,晕动症适应证,TRUE
promethazine,DYSURIA,1,47.0363329266148,6.15275199115879,359.581634098447,FALSE,晕动症适应证,TRUE
promethazine,HEADACHE,1,2.542904624605,0.332643804400634,19.4393036764618,FALSE,晕动症适应证,TRUE
promethazine,HYPOTENSION,1,8.42849557547661,1.10254838284746,64.4321272163685,FALSE,晕动症适应证,TRUE
promethazine,RASH PUSTULAR,1,255.820020836951,33.4585828056302,1955.96697688001,FALSE,晕动症适应证,TRUE
scopolamine,HEADACHE,374,10.1157954355485,9.00924793309478,11.3582529922354,TRUE,给药途径,Unknown/Missing
scopolamine,DIZZINESS,272,8.90403336107615,7.81460895873013,10.1453329928412,TRUE,给药途径,Unknown/Missing
scopolamine,CONFUSIONAL STATE,141,13.5535500109979,11.4008721912674,16.1126898730893,TRUE,给药途径,Unknown/Missing
scopolamine,VISION BLURRED,132,14.6168289834134,12.2308014766057,17.4683310769955,TRUE,给药途径,Unknown/Missing
scopolamine,SOMNOLENCE,126,9.34818568349366,7.79264744473785,11.21423446817,TRUE,给药途径,Unknown/Missing
scopolamine,RASH,114,3.59925233010314,2.97487622888504,4.35467439282613,TRUE,给药途径,Unknown/Missing
scopolamine,MYDRIASIS,99,126.436662970704,103.061788673186,155.113063231035,TRUE,给药途径,Unknown/Missing
scopolamine,HYPOTENSION,90,6.54677450388439,5.29219726875818,8.09876394021265,TRUE,给药途径,Unknown/Missing
scopolamine,DRY MOUTH,88,15.7539386676344,12.705186306819,19.5342734494481,TRUE,给药途径,Unknown/Missing
scopolamine,HALLUCINATION,77,15.1609414995638,12.0568046517034,19.064267340578,TRUE,给药途径,Unknown/Missing
scopolamine,TACHYCARDIA,76,12.896052751106,10.2412402313451,16.2390660508376,TRUE,给药途径,Unknown/Missing
scopolamine,PRURITUS,70,2.44930423829311,1.92746311712239,3.11242855877675,TRUE,给药途径,Unknown/Missing
scopolamine,VERTIGO,58,13.3821103329516,10.2944564640908,17.3958554866846,TRUE,给药途径,Unknown/Missing
scopolamine,AGITATION,54,11.7031285505033,8.92068092166765,15.3534488087038,TRUE,给药途径,Unknown/Missing
scopolamine,APPLICATION SITE ERYTHEMA,50,26.6482120816927,20.1010853962613,35.3278041037005,TRUE,给药途径,Unknown/Missing
scopolamine,APPLICATION SITE PRURITUS,47,28.402833913219,21.2411474643494,37.9791617028168,TRUE,给药途径,Unknown/Missing
scopolamine,APPLICATION SITE IRRITATION,44,50.3941457135066,37.322354639012,68.0442042512396,TRUE,给药途径,Unknown/Missing
scopolamine,DELIRIUM,41,17.0191499076252,12.4784748008542,23.2120886727593,TRUE,给药途径,Unknown/Missing
scopolamine,APPLICATION SITE RASH,39,37.3507226608461,27.1692774536405,51.3475739525239,TRUE,给药途径,Unknown/Missing
scopolamine,ERYTHEMA,39,2.50705112531508,1.82452049800335,3.44490804670151,TRUE,给药途径,Unknown/Missing
scopolamine,LETHARGY,37,9.53903309456743,6.88425308630075,13.2175780347651,TRUE,给药途径,Unknown/Missing
scopolamine,AMNESIA,35,8.27253944784847,5.91699979655952,11.5658122814202,TRUE,给药途径,Unknown/Missing
scopolamine,APPLICATION SITE PAIN,32,18.0969132196523,12.7490847625457,25.6879826418403,TRUE,给药途径,Unknown/Missing
scopolamine,DISORIENTATION,31,12.5405935642981,8.78708581393378,17.8974565942596,TRUE,给药途径,Unknown/Missing
scopolamine,BRADYCARDIA,28,7.85770855026513,5.40687251904496,11.4194635518826,TRUE,给药途径,Unknown/Missing
scopolamine,APPLICATION SITE REACTION,27,69.3490360139941,47.3501602448324,101.568585432509,TRUE,给药途径,Unknown/Missing
scopolamine,RASH ERYTHEMATOUS,27,7.85557463765404,5.36910185127596,11.493552291821,TRUE,给药途径,Unknown/Missing
scopolamine,URINARY RETENTION,18,7.5462950000247,4.74124308156868,12.010894030887,TRUE,给药途径,Unknown/Missing
scopolamine,DRY EYE,16,4.08401194058187,2.49557004388007,6.68350446492893,TRUE,给药途径,Unknown/Missing
scopolamine,DYSURIA,15,5.80007510427864,3.48781831682049,9.64524759017268,TRUE,给药途径,Unknown/Missing
scopolamine,"HALLUCINATION, VISUAL",15,10.3766800403442,6.23927166864483,17.2577016001397,TRUE,给药途径,Unknown/Missing
scopolamine,SEDATION,14,7.50977944749502,4.43659456856456,12.7117288899052,TRUE,给药途径,Unknown/Missing
scopolamine,GLAUCOMA,13,9.17460509773769,5.31420907031521,15.8393050754478,TRUE,给药途径,Unknown/Missing
scopolamine,ORTHOSTATIC HYPOTENSION,13,10.8455184180448,6.28179824955959,18.7247767411816,TRUE,给药途径,Unknown/Missing
scopolamine,DERMATITIS CONTACT,12,13.9919240527124,7.92629332840726,24.6993052850102,TRUE,给药途径,Unknown/Missing
scopolamine,APPLICATION SITE BURN,11,29.6313829563538,16.3633412699268,53.6576754968593,TRUE,给药途径,Unknown/Missing
scopolamine,"HALLUCINATION, AUDITORY",11,10.2992292326767,5.69044634904362,18.6407385784508,TRUE,给药途径,Unknown/Missing
scopolamine,APPLICATION SITE VESICLES,10,20.0339346670112,10.7522592400318,37.3278330890474,TRUE,给药途径,Unknown/Missing
scopolamine,EYE PRURITUS,10,3.77128598087013,2.02497029901753,7.02360817657824,TRUE,给药途径,Unknown/Missing
scopolamine,SINUS TACHYCARDIA,10,11.1785724631988,6.00103797168275,20.8231447467324,TRUE,给药途径,Unknown/Missing
scopolamine,RASH MACULO-PAPULAR,9,5.70704929277051,2.96344595706179,10.9907223219301,TRUE,给药途径,Unknown/Missing
scopolamine,APPLICATION SITE HYPERSENSITIVITY,6,62.9670935841303,28.1818678352234,140.688150892437,TRUE,给药途径,Unknown/Missing
scopolamine,APPLICATION SITE URTICARIA,6,38.1898976415879,17.1076504398476,85.2524013746422,TRUE,给药途径,Unknown/Missing
scopolamine,POSTURAL ORTHOSTATIC TACHYCARDIA SYNDROME,6,54.2126075025678,24.2712793740087,121.089900822235,TRUE,给药途径,Unknown/Missing
scopolamine,RASH MACULAR,6,2.26887118273599,1.01768110894132,5.05833939396296,TRUE,给药途径,Unknown/Missing
scopolamine,APPLICATION SITE DRYNESS,5,17.8142738878867,7.39929129828752,42.8890202263137,TRUE,给药途径,Unknown/Missing
scopolamine,APPLICATION SITE EXFOLIATION,5,14.4145335647605,5.98798520998708,34.6992804095544,TRUE,给药途径,Unknown/Missing
scopolamine,APPLICATION SITE SCAB,5,28.1453039398717,11.6856094639994,67.789201436879,TRUE,给药途径,Unknown/Missing
scopolamine,APPLICATION SITE SCAR,5,55.0929716788307,22.8497485804152,132.834526284721,TRUE,给药途径,Unknown/Missing
scopolamine,"HALLUCINATIONS, MIXED",5,17.0746210681328,7.09227749053994,41.107061167474,TRUE,给药途径,Unknown/Missing
scopolamine,INJECTION SITE PRURITUS,5,1.01478266900403,0.42177647021007,2.44153938885697,FALSE,给药途径,Unknown/Missing
scopolamine,PRURITUS GENERALISED,5,3.6200900690168,1.5044720096432,8.71073175425978,TRUE,给药途径,Unknown/Missing
scopolamine,ANGLE CLOSURE GLAUCOMA,4,24.555904149237,9.19482184314306,65.5795662899319,TRUE,给药途径,Unknown/Missing
scopolamine,APPLICATION SITE DISCHARGE,4,42.3250529455309,15.8359888208321,113.122718581704,TRUE,给药途径,Unknown/Missing
scopolamine,APPLICATION SITE DISCOMFORT,4,26.0853941635077,9.76687301538369,69.6689500921936,TRUE,给药途径,Unknown/Missing
scopolamine,APPLICATION SITE INFLAMMATION,4,37.4672059458443,14.0214145641587,100.117681776321,TRUE,给药途径,Unknown/Missing
scopolamine,APPLICATION SITE SWELLING,4,10.7536940928578,4.02911002143604,28.7016080542641,TRUE,给药途径,Unknown/Missing
scopolamine,APPLICATION SITE ULCER,4,80.4351965574024,30.0445787437542,215.34070756685,TRUE,给药途径,Unknown/Missing
scopolamine,INFUSION SITE ERYTHEMA,4,5.72525147105791,2.14556787869007,15.2773094398034,TRUE,给药途径,Unknown/Missing
scopolamine,INJECTION SITE ERYTHEMA,4,0.45464849514567,0.170421487147158,1.21290605778914,FALSE,给药途径,Unknown/Missing
scopolamine,RASH PRURITIC,4,0.990658195186512,0.371331820682187,2.6429290597483,FALSE,给药途径,Unknown/Missing
scopolamine,SINUS BRADYCARDIA,4,6.25476276918961,2.3439502974221,16.6906513938744,TRUE,给药途径,Unknown/Missing
scopolamine,APPLICATION SITE EROSION,3,30.9277827401081,9.94837239583536,96.1491696490731,TRUE,给药途径,Unknown/Missing
scopolamine,APPLICATION SITE HAEMORRHAGE,3,12.2245394420849,3.93594707194077,37.9678287943548,TRUE,给药途径,Unknown/Missing
scopolamine,APPLICATION SITE PAPULES,3,37.8596871373453,12.1738264063861,117.740787677551,TRUE,给药途径,Unknown/Missing
scopolamine,ERYTHEMA MULTIFORME,3,4.95423399923952,1.59571043978169,15.3815090177506,TRUE,给药途径,Unknown/Missing
scopolamine,INFUSION SITE RASH,3,27.0993551755566,8.71860127051085,84.230833380907,TRUE,给药途径,Unknown/Missing
scopolamine,INJECTION SITE RASH,3,1.28960458602058,0.415446615716921,4.00311357793925,FALSE,给药途径,Unknown/Missing
scopolamine,RASH GENERALISED,3,1.91817328887441,0.617920475987877,5.95446972406766,FALSE,给药途径,Unknown/Missing
scopolamine,APPLICATION SITE HYPERAESTHESIA,2,291.748341857779,71.5922824066943,1188.91439294027,FALSE,给药途径,Unknown/Missing
scopolamine,APPLICATION SITE WOUND,2,143.979066074991,35.6555555134265,581.395274013344,FALSE,给药途径,Unknown/Missing
scopolamine,ATRIAL TACHYCARDIA,2,13.6352585532125,3.40419808382044,54.6149992553609,FALSE,给药途径,Unknown/Missing
scopolamine,CATHETER SITE RASH,2,51.2065273263012,12.7543694836612,205.585109023088,FALSE,给药途径,Unknown/Missing
scopolamine,INFUSION SITE PRURITUS,2,7.51755560303636,1.87756067670806,30.0995024799034,FALSE,给药途径,Unknown/Missing
scopolamine,PALMAR ERYTHEMA,2,23.9178067923967,5.96752273121275,95.8624721722946,FALSE,给药途径,Unknown/Missing
scopolamine,SUPRAVENTRICULAR TACHYCARDIA,2,3.23898709845587,0.809175256224197,12.9650991466512,FALSE,给药途径,Unknown/Missing
scopolamine,SYSTEMIC LUPUS ERYTHEMATOSUS,2,0.701022370707403,0.175159662074521,2.80562521308787,FALSE,给药途径,Unknown/Missing
scopolamine,TRANSIENT GLOBAL AMNESIA,2,36.7698394131745,9.16676880396179,147.491566481562,FALSE,给药途径,Unknown/Missing
scopolamine,VENTRICULAR TACHYCARDIA,2,1.92131343423139,0.480028848303362,7.69004889103069,FALSE,给药途径,Unknown/Missing
scopolamine,ACCOMMODATION DISORDER,1,25.705958632079,3.61046679607084,183.022403062475,FALSE,给药途径,Unknown/Missing
scopolamine,APPLICATION SITE DERMATITIS,1,30.0252222697666,4.21550998406356,213.856443409456,FALSE,给药途径,Unknown/Missing
scopolamine,APPLICATION SITE DISCOLOURATION,1,3.07531408337613,0.43280027139727,21.8520119705064,FALSE,给药途径,Unknown/Missing
scopolamine,BUTTERFLY RASH,1,12.4903973575427,1.75635730730026,88.8259043310018,FALSE,给药途径,Unknown/Missing
scopolamine,CATHETER SITE ERYTHEMA,1,5.82764182945528,0.819945951463615,41.419082845394,FALSE,给药途径,Unknown/Missing
scopolamine,CATHETER SITE PRURITUS,1,13.0341242812915,1.83272627709338,92.6970917062351,FALSE,给药途径,Unknown/Missing
scopolamine,CLUSTER HEADACHE,1,9.76108111688914,1.37290124027406,69.399532738036,FALSE,给药途径,Unknown/Missing
scopolamine,CUTANEOUS LUPUS ERYTHEMATOSUS,1,8.66880866093246,1.21939025697542,61.6277218634298,FALSE,给药途径,Unknown/Missing
scopolamine,EAR PRURITUS,1,3.54142529437404,0.498377279806745,25.1650579265884,FALSE,给药途径,Unknown/Missing
scopolamine,ERYTHEMA NODOSUM,1,3.98338573870851,0.560551533999498,28.3066961393073,FALSE,给药途径,Unknown/Missing
scopolamine,EXFOLIATIVE RASH,1,5.3699687901285,0.75558217978326,38.1646968106447,FALSE,给药途径,Unknown/Missing
scopolamine,ORAL PRURITUS,1,5.83685405558153,0.821241437745782,41.4845911327536,FALSE,给药途径,Unknown/Missing
scopolamine,PROCEDURAL HYPOTENSION,1,21.0631343091569,2.95958388280607,149.904731372216,FALSE,给药途径,Unknown/Missing
scopolamine,RASH MORBILLIFORM,1,5.11221986669489,0.719331973201006,36.332031578036,FALSE,给药途径,Unknown/Missing
scopolamine,RASH PAPULAR,1,0.611536438200313,0.0860825240606688,4.34439881180942,FALSE,给药途径,Unknown/Missing
scopolamine,RASH VESICULAR,1,2.78738003160897,0.392288238666892,19.8055579413121,FALSE,给药途径,Unknown/Missing
scopolamine,SEDATION COMPLICATION,1,4.48501643785577,0.631114212440092,31.8727926757725,FALSE,给药途径,Unknown/Missing
scopolamine,TACHYCARDIA FOETAL,1,29.1560529613508,4.09379371486382,207.649794663229,FALSE,给药途径,Unknown/Missing
scopolamine,TENSION HEADACHE,1,2.97774392297949,0.419072478604359,21.1585330069181,FALSE,给药途径,Unknown/Missing
scopolamine,TONGUE ERYTHEMA,1,13.8315060435108,1.94470896991226,98.3749046214905,FALSE,给药途径,Unknown/Missing
scopolamine,TONGUE PRURITUS,1,14.0418806839659,1.9742509300248,99.8730253303003,FALSE,给药途径,Unknown/Missing
scopolamine,VERTIGO POSITIONAL,1,8.12220204102632,1.14255752408401,57.7390324816602,FALSE,给药途径,Unknown/Missing
scopolamine,DIZZINESS,26,14.2673494291829,9.15969431647546,22.223149889213,TRUE,给药途径,Other
scopolamine,VISION BLURRED,21,40.5178360658761,25.1162229832199,65.363929941139,TRUE,给药途径,Other
scopolamine,HEADACHE,16,5.94311348194292,3.49034446576745,10.11951634163,TRUE,给药途径,Other
scopolamine,CONFUSIONAL STATE,14,21.5117771156664,12.254427665306,37.7623963609689,TRUE,给药途径,Other
scopolamine,DRY MOUTH,12,34.8195461381427,19.0855264328463,63.5246189059634,TRUE,给药途径,Other
scopolamine,RASH,11,5.47806661800092,2.93339460137594,10.2302001432674,TRUE,给药途径,Other
scopolamine,SOMNOLENCE,11,12.7631378045922,6.83432986754032,23.8352098561549,TRUE,给药途径,Other
scopolamine,HYPOTENSION,10,11.5343258728325,6.01163694451604,22.1305236108872,TRUE,给药途径,Other
scopolamine,MYDRIASIS,9,177.641646789237,89.6752205979705,351.898266472802,TRUE,给药途径,Other
scopolamine,TACHYCARDIA,9,24.1742328044264,12.2065616021605,47.8753600505462,TRUE,给药途径,Other
scopolamine,DISORIENTATION,8,52.2088674874073,25.3856046473487,107.374469987357,TRUE,给药途径,Other
scopolamine,HALLUCINATION,8,24.6560657785012,11.9891632798323,50.7059221302291,TRUE,给药途径,Other
scopolamine,APPLICATION SITE PRURITUS,6,56.6505394705829,24.8465916667286,129.163937869416,TRUE,给药途径,Other
scopolamine,VERTIGO,6,21.4996912457032,9.43035827021991,49.0158178953033,TRUE,给药途径,Other
scopolamine,APPLICATION SITE ERYTHEMA,4,32.5859917617047,11.996024797971,88.5165608588507,TRUE,给药途径,Other
scopolamine,APPLICATION SITE RASH,4,58.9243346964769,21.6905072175144,160.073583554507,TRUE,给药途径,Other
scopolamine,BRADYCARDIA,4,17.4291228339655,6.41652673072494,47.3424853522174,TRUE,给药途径,Other
scopolamine,LETHARGY,4,15.9175094197123,5.8600509835518,43.2363313626094,TRUE,给药途径,Other
scopolamine,PRURITUS,4,2.1157765794121,0.778955296846828,5.74681313819863,FALSE,给药途径,Other
scopolamine,ERYTHEMA,3,2.94532896115741,0.934338622087031,9.28460248175906,FALSE,给药途径,Other
scopolamine,SINUS TACHYCARDIA,3,52.1453741893989,16.5393165801086,164.404619512675,TRUE,给药途径,Other
scopolamine,AMNESIA,2,7.16441280415973,1.76787292536329,29.034219650069,FALSE,给药途径,Other
scopolamine,DYSURIA,2,11.8735997853338,2.92984519855548,48.119392769211,FALSE,给药途径,Other
scopolamine,RASH ERYTHEMATOUS,2,8.86465287971634,2.18740512827168,35.9247903656297,FALSE,给药途径,Other
scopolamine,RASH MACULO-PAPULAR,2,19.5467983293226,4.82308126907466,79.2185127331502,FALSE,给药途径,Other
scopolamine,RASH PAPULAR,2,18.9543413583221,4.67690635200096,76.8172439831064,FALSE,给药途径,Other
scopolamine,SUPRAVENTRICULAR TACHYCARDIA,2,50.161363962039,12.3755680117975,203.316925100611,FALSE,给药途径,Other
scopolamine,ACCOMMODATION DISORDER,1,394.520881670534,54.9272648303351,2833.68790626791,FALSE,给药途径,Other
scopolamine,AGITATION,1,3.2124758768158,0.448262119785617,23.0222470372,FALSE,给药途径,Other
scopolamine,ANGLE CLOSURE GLAUCOMA,1,93.8847215732914,13.0936658958049,673.175947441769,FALSE,给药途径,Other
scopolamine,APPLICATION SITE DRYNESS,1,54.4737695018855,7.59892070918698,390.501714297008,FALSE,给药途径,Other
scopolamine,APPLICATION SITE HAEMORRHAGE,1,62.4142628205128,8.70619826422522,447.444462577343,FALSE,给药途径,Other
scopolamine,APPLICATION SITE INFLAMMATION,1,143.123923530174,19.9551939376876,1026.52259610386,FALSE,给药途径,Other
scopolamine,APPLICATION SITE IRRITATION,1,17.030433140364,2.37620245105745,122.058477306653,FALSE,给药途径,Other
scopolamine,APPLICATION SITE PAIN,1,8.49762116885516,1.18570422206756,60.900150463714,FALSE,给药途径,Other
scopolamine,APPLICATION SITE REACTION,1,38.5488073434502,5.37792936576497,276.316486613257,FALSE,给药途径,Other
scopolamine,APPLICATION SITE SWELLING,1,41.1529709699644,5.74114949181737,294.98744494783,FALSE,给药途径,Other
scopolamine,DERMATITIS CONTACT,1,17.7512624335138,2.47676724191061,127.225244524957,FALSE,给药途径,Other
scopolamine,DRY EYE,1,3.87929586137133,0.541306706090161,27.8011268117306,FALSE,给药途径,Other
scopolamine,ERYTHEMA NODOSUM,1,61.1348090061682,8.52778915122221,438.268911900221,FALSE,给药途径,Other
scopolamine,"HALLUCINATION, VISUAL",1,10.5147792573831,1.46714870784002,75.3574482536704,FALSE,给药途径,Other
scopolamine,INJECTION SITE ERYTHEMA,1,1.74109135526157,0.242950272058429,12.4774468523235,FALSE,给药途径,Other
scopolamine,SEDATION,1,8.16040547882426,1.13865348338506,58.4833037886605,FALSE,给药途径,Other
scopolamine,SYSTEMIC LUPUS ERYTHEMATOSUS,1,5.37591208199541,0.750134144355406,38.5270167086962,FALSE,给药途径,Other
scopolamine,URINARY RETENTION,1,6.36164784108694,0.887674911105619,45.591649316301,FALSE,给药途径,Other
scopolamine,BRADYCARDIA,11,201.741889312977,98.8167487935242,411.871372014182,TRUE,给药途径,Parenteral
scopolamine,DYSURIA,11,280.355071773374,137.319292961975,572.381087709348,TRUE,给药途径,Parenteral
scopolamine,HEADACHE,11,15.1517554789908,7.42205786119759,30.931541950831,TRUE,给药途径,Parenteral
scopolamine,DIZZINESS,9,15.0054498199308,7.03138948053796,32.0226215489396,TRUE,给药途径,Parenteral
scopolamine,RASH,9,16.2043269230769,7.59316639741105,34.5811216674357,TRUE,给药途径,Parenteral
scopolamine,HYPOTENSION,7,27.3936148262085,11.9656990998399,62.7134383862879,TRUE,给药途径,Parenteral
scopolamine,URINARY RETENTION,4,85.3791597865741,30.1361276271389,241.889104534345,TRUE,给药途径,Parenteral
scopolamine,PRURITUS,3,5.0084443656272,1.53366123125135,16.3559686144741,TRUE,给药途径,Parenteral
scopolamine,ERYTHEMA,2,6.06915191376158,1.45630397927387,25.293211772093,FALSE,给药途径,Parenteral
scopolamine,TACHYCARDIA,2,15.6262416330035,3.7494999517354,65.1231979507023,FALSE,给药途径,Parenteral
scopolamine,VENTRICULAR TACHYCARDIA,2,92.8716909842376,22.2823016698675,387.085280239948,FALSE,给药途径,Parenteral
scopolamine,APPLICATION SITE ERYTHEMA,1,24.1966012767473,3.31200082441098,176.773963650813,FALSE,给药途径,Parenteral
scopolamine,APPLICATION SITE PAIN,1,25.9928265782999,3.55785405231903,189.897343621838,FALSE,给药途径,Parenteral
scopolamine,DELIRIUM,1,18.9708622078969,2.59673332963035,138.594752416199,FALSE,给药途径,Parenteral
scopolamine,"HALLUCINATION, AUDITORY",1,43.6425025929767,5.97351601064172,318.852084632375,FALSE,给药途径,Parenteral
scopolamine,SEDATION,1,24.9613392082437,3.41667235360848,182.361195509706,FALSE,给药途径,Parenteral
scopolamine,DIZZINESS,12,8.96882547756953,4.81705081938257,16.6989789942492,TRUE,给药途径,Oral
scopolamine,TACHYCARDIA,11,48.0768188736871,25.2558399080738,91.5186555436791,TRUE,给药途径,Oral
scopolamine,CONFUSIONAL STATE,10,23.3037240537241,11.9307931579936,45.5178082111216,TRUE,给药途径,Oral
scopolamine,HEADACHE,8,4.2655627623386,2.0426600798851,8.90751518503907,TRUE,给药途径,Oral
scopolamine,SEDATION,8,109.544480035226,52.4515105237385,228.782602948241,TRUE,给药途径,Oral
scopolamine,HYPOTENSION,7,12.1749156070216,5.57604378357569,26.5831072694778,TRUE,给药途径,Oral
scopolamine,DYSURIA,6,57.3352936973917,24.8287544007669,132.400355261665,TRUE,给药途径,Oral
scopolamine,DRY MOUTH,4,16.3526567358114,5.96018170393548,44.865978186992,TRUE,给药途径,Oral
scopolamine,PRURITUS,4,3.23778583889004,1.18012880757055,8.88314654406077,TRUE,给药途径,Oral
scopolamine,VISION BLURRED,4,9.82097623571675,3.57957013956711,26.9450158711452,TRUE,给药途径,Oral
scopolamine,HALLUCINATION,3,13.3849233531133,4.20989247972126,42.5559973400035,TRUE,给药途径,Oral
scopolamine,"HALLUCINATION, AUDITORY",3,66.4518597807068,20.8984427599038,211.300416928053,TRUE,给药途径,Oral
scopolamine,LETHARGY,3,17.9959133068822,5.66010917758378,57.2167224320338,TRUE,给药途径,Oral
scopolamine,SINUS TACHYCARDIA,3,79.3856522383568,24.9653135473884,252.433512174678,TRUE,给药途径,Oral
scopolamine,AGITATION,2,9.82660306462418,2.40825986505968,40.0962243280537,FALSE,给药途径,Oral
scopolamine,DELIRIUM,2,18.9715187017307,4.64934316908426,77.4127675159345,FALSE,给药途径,Oral
scopolamine,ERYTHEMA,2,2.9453178354556,0.721838347135384,12.0177837410262,FALSE,给药途径,Oral
scopolamine,ORTHOSTATIC HYPOTENSION,2,38.8385803581633,9.51766014881904,158.488042297316,FALSE,给药途径,Oral
scopolamine,RASH,2,1.37680883875697,0.337429630688248,5.61777154724939,FALSE,给药途径,Oral
scopolamine,URINARY RETENTION,2,19.4599269114121,4.76903107402017,79.4058058167095,FALSE,给药途径,Oral
scopolamine,BRADYCARDIA,1,6.37758293139942,0.885691170864938,45.9229643298315,FALSE,给药途径,Oral
scopolamine,EYELIDS PRURITUS,1,99.2483525859069,13.7783244252424,714.908082217205,FALSE,给药途径,Oral
scopolamine,RASH ERYTHEMATOUS,1,6.61621292683283,0.918830241557265,47.6413068631696,FALSE,给药途径,Oral
scopolamine,RASH PAPULAR,1,14.1463264444909,1.9645227765129,101.866241647409,FALSE,给药途径,Oral
scopolamine,RASH PRURITIC,1,5.71793101436309,0.794083550383957,41.1729157079337,FALSE,给药途径,Oral
scopolamine,SOMNOLENCE,1,1.58058234387909,0.219508446188345,11.3810679687412,FALSE,给药途径,Oral
scopolamine,VENTRICULAR TACHYCARDIA,1,22.2064771325106,3.08375432190687,159.911450511331,FALSE,给药途径,Oral
scopolamine,VERTIGO,1,5.14072220065042,0.713924647090117,37.016546286746,FALSE,给药途径,Oral
scopolamine,VERTIGO POSITIONAL,1,187.886289260062,26.0748663774194,1353.84232390492,FALSE,给药途径,Oral
scopolamine,DIZZINESS,171,12.7194956719439,10.7258006966517,15.0837755356675,TRUE,给药途径,Transdermal
scopolamine,VISION BLURRED,118,30.0958155485323,24.7255286035113,36.632507561543,TRUE,给药途径,Transdermal
scopolamine,DRY MOUTH,99,40.8398297325347,33.0548191524252,50.4583517728927,TRUE,给药途径,Transdermal
scopolamine,CONFUSIONAL STATE,91,19.2030291937331,15.4234124722619,23.9088678253632,TRUE,给药途径,Transdermal
scopolamine,HEADACHE,87,4.31243170994896,3.44893797760872,5.39211414461776,TRUE,给药途径,Transdermal
scopolamine,MYDRIASIS,78,220.257965223026,174.083527664923,278.679849236323,TRUE,给药途径,Transdermal
scopolamine,HALLUCINATION,74,32.5686994517289,25.617932102617,41.4053788466668,TRUE,给药途径,Transdermal
scopolamine,VERTIGO,50,25.2164057509376,18.9252945551065,33.5987964226612,TRUE,给药途径,Transdermal
scopolamine,SOMNOLENCE,47,7.25192323579063,5.39774060725694,9.74303777159936,TRUE,给药途径,Transdermal
scopolamine,DISORIENTATION,40,35.5034998924193,25.8148223744543,48.8284787060311,TRUE,给药途径,Transdermal
scopolamine,AGITATION,39,18.2359988691527,13.2101722182928,25.1739075963927,TRUE,给药途径,Transdermal
scopolamine,APPLICATION SITE ERYTHEMA,36,41.3145550485272,29.5531704567881,57.7566613826954,TRUE,给药途径,Transdermal
scopolamine,HYPOTENSION,34,5.17501879576473,3.6686563581107,7.29989863381753,TRUE,给药途径,Transdermal
scopolamine,APPLICATION SITE PRURITUS,33,42.84225035409,30.2144378296636,60.7477268235163,TRUE,给药途径,Transdermal
scopolamine,TACHYCARDIA,30,10.68764816072,7.4173905245337,15.3997315942215,TRUE,给药途径,Transdermal
scopolamine,URINARY RETENTION,29,26.4913169048423,18.2734999885452,38.4047868111035,TRUE,给药途径,Transdermal
scopolamine,APPLICATION SITE RASH,26,53.2338357914016,35.9845084787266,78.7517015757273,TRUE,给药途径,Transdermal
scopolamine,DELIRIUM,24,21.2227808339377,14.1299319241096,31.876050694684,TRUE,给药途径,Transdermal
scopolamine,APPLICATION SITE IRRITATION,23,55.8486398490252,36.8594677842889,84.6206079599342,TRUE,给药途径,Transdermal
scopolamine,AMNESIA,22,11.0934260396581,7.25834043224264,16.9548538603528,TRUE,给药途径,Transdermal
scopolamine,PRURITUS,22,1.60565064967189,1.05064937767853,2.45382909233549,TRUE,给药途径,Transdermal
scopolamine,RASH,22,1.40692514236373,0.920615905914068,2.1501240023111,FALSE,给药途径,Transdermal
scopolamine,APPLICATION SITE PAIN,20,24.1025046587879,15.454478941385,37.5897973027896,TRUE,给药途径,Transdermal
scopolamine,SUPRAVENTRICULAR TACHYCARDIA,17,59.7166520012178,36.8997526818113,96.6423422125628,TRUE,给药途径,Transdermal
scopolamine,APPLICATION SITE BURN,14,80.8899356188111,47.6292678917077,137.377330663413,TRUE,给药途径,Transdermal
scopolamine,APPLICATION SITE VESICLES,14,60.196724262059,35.45273251306,102.210615515955,TRUE,给药途径,Transdermal
scopolamine,"HALLUCINATION, VISUAL",14,20.704452829936,12.1990689554211,35.139924903576,TRUE,给药途径,Transdermal
scopolamine,LETHARGY,14,7.60529460204718,4.48167874203519,12.9059911058377,TRUE,给药途径,Transdermal
scopolamine,ERYTHEMA,13,1.75689925458239,1.01529204375172,3.04020405729384,TRUE,给药途径,Transdermal
scopolamine,DYSURIA,12,9.89240069244305,5.59173634873777,17.5007520663841,TRUE,给药途径,Transdermal
scopolamine,APPLICATION SITE REACTION,11,59.4864939434724,32.7759676502379,107.964561090879,TRUE,给药途径,Transdermal
scopolamine,DRY EYE,10,5.42359124928547,2.90586095167329,10.122763108258,TRUE,给药途径,Transdermal
scopolamine,DERMATITIS CONTACT,8,19.8114205696469,9.86802681618198,39.7741506279458,TRUE,给药途径,Transdermal
scopolamine,ORTHOSTATIC HYPOTENSION,8,14.1667922700976,7.05702827433268,28.439450066264,TRUE,给药途径,Transdermal
scopolamine,APPLICATION SITE SWELLING,6,34.3711717269643,15.3830970546147,76.7971132009512,TRUE,给药途径,Transdermal
scopolamine,APPLICATION SITE DISCHARGE,5,112.63579174268,46.6474544769772,271.97243073064,TRUE,给药途径,Transdermal
scopolamine,APPLICATION SITE EROSION,5,109.908879126234,45.5204107209877,265.374620295672,TRUE,给药途径,Transdermal
scopolamine,APPLICATION SITE SCAB,5,59.825714569925,24.8006458391036,144.315440292239,TRUE,给药途径,Transdermal
scopolamine,RASH ERYTHEMATOUS,5,3.04771926144655,1.26475372355463,7.34419082830326,TRUE,给药途径,Transdermal
scopolamine,SEDATION,5,5.66631716365409,2.35131518325446,13.6549750657763,TRUE,给药途径,Transdermal
scopolamine,APPLICATION SITE DRYNESS,4,30.2427504810776,11.3137612554293,80.8417232794098,TRUE,给药途径,Transdermal
scopolamine,APPLICATION SITE HAEMORRHAGE,4,34.6560137204459,12.9635704456203,92.6472604156289,TRUE,给药途径,Transdermal
scopolamine,APPLICATION SITE SCAR,4,93.4669415262636,34.9200927465237,250.173137330618,TRUE,给药途径,Transdermal
scopolamine,"HALLUCINATION, AUDITORY",4,7.91551367542902,2.96255023514441,21.1491288831595,TRUE,给药途径,Transdermal
scopolamine,RASH MACULAR,4,3.20862220707673,1.20101261308697,8.5721468330661,TRUE,给药途径,Transdermal
scopolamine,RASH PRURITIC,4,2.10425857248306,0.787658617459595,5.62160311804825,FALSE,给药途径,Transdermal
scopolamine,SINUS TACHYCARDIA,4,9.45629641519529,3.53910811622693,25.2666883732753,TRUE,给药途径,Transdermal
scopolamine,APPLICATION SITE URTICARIA,3,40.3853455541268,12.9829149463006,125.624803233496,TRUE,给药途径,Transdermal
scopolamine,BRADYCARDIA,3,1.75788880152946,0.56564235811886,5.46312169551722,FALSE,给药途径,Transdermal
scopolamine,SINUS BRADYCARDIA,3,9.94964151879031,3.20090403425439,30.9273146876756,TRUE,给药途径,Transdermal
scopolamine,APPLICATION SITE DERMATITIS,2,127.799910383904,31.7832262138449,513.881661485302,FALSE,给药途径,Transdermal
scopolamine,APPLICATION SITE DISCOLOURATION,2,13.0579751782897,3.25842394402429,52.3291992343522,FALSE,给药途径,Transdermal
scopolamine,APPLICATION SITE HYPERSENSITIVITY,2,44.2413157262665,11.0296434895594,177.457595890924,FALSE,给药途径,Transdermal
scopolamine,RASH GENERALISED,2,2.71058293993603,0.67659171753769,10.8592223106292,FALSE,给药途径,Transdermal
scopolamine,RASH MACULO-PAPULAR,2,2.67718918591259,0.668256920972237,10.7254286670756,FALSE,给药途径,Transdermal
scopolamine,VENTRICULAR TACHYCARDIA,2,4.07532063403628,1.01720460731505,16.3273329188313,FALSE,给药途径,Transdermal
scopolamine,ACCOMMODATION DISORDER,1,54.4869400973061,7.64757801633338,388.204819202461,FALSE,给药途径,Transdermal
scopolamine,ANGLE CLOSURE GLAUCOMA,1,12.9663382178996,1.82305714704708,92.2219728840033,FALSE,给药途径,Transdermal
scopolamine,APPLICATION SITE EXFOLIATION,1,6.0890359722934,0.85635927561732,43.2953319097945,FALSE,给药途径,Transdermal
scopolamine,APPLICATION SITE HYPERAESTHESIA,1,304.991445473517,42.3642475893034,2195.71424267457,FALSE,给药途径,Transdermal
scopolamine,APPLICATION SITE INFLAMMATION,1,19.7667221126716,2.77839811093314,140.628983852986,FALSE,给药途径,Transdermal
scopolamine,APPLICATION SITE PAPULES,1,26.6552480957743,3.74556942182438,189.691384948676,FALSE,给药途径,Transdermal
scopolamine,APPLICATION SITE WOUND,1,151.5112110697,21.179850818972,1083.84366235689,FALSE,给药途径,Transdermal
scopolamine,CATHETER SITE PRURITUS,1,27.627429107101,3.88202205055609,196.617852533464,FALSE,给药途径,Transdermal
scopolamine,DIZZINESS POSTURAL,1,2.84734295874886,0.400503164130338,20.2429410073232,FALSE,给药途径,Transdermal
scopolamine,GLAUCOMA,1,1.48352551688374,0.208682432587176,10.546397854193,FALSE,给药途径,Transdermal
scopolamine,"HALLUCINATION, TACTILE",1,46.4106157714334,6.51620803355107,330.551947573381,FALSE,给药途径,Transdermal
scopolamine,"HALLUCINATIONS, MIXED",1,7.21133891950625,1.01415199734025,51.2777267592744,FALSE,给药途径,Transdermal
scopolamine,PRURITUS ALLERGIC,1,22.153807411862,3.11361550269526,157.627421374612,FALSE,给药途径,Transdermal
scopolamine,PRURITUS GENERALISED,1,1.53039931759179,0.21527558813967,10.8796454420362,FALSE,给药途径,Transdermal
scopolamine,RASH PAPULAR,1,1.29622673642319,0.182337181404451,9.21481696314785,FALSE,给药途径,Transdermal
scopolamine,TRANSIENT GLOBAL AMNESIA,1,38.8802010501042,5.46062523817749,276.830942934486,FALSE,给药途径,Transdermal
dimenhydrinate,HEADACHE,1055,21.1266824709923,19.5555833723565,22.8240039548536,TRUE,给药途径,Unknown/Missing
dimenhydrinate,DIZZINESS,703,15.2163683444658,13.9629789233505,16.5822685019782,TRUE,给药途径,Unknown/Missing
dimenhydrinate,RASH,643,14.5927245604953,13.3558377116667,15.9441597521408,TRUE,给药途径,Unknown/Missing
dimenhydrinate,ERYTHEMA,403,17.5387431005228,15.7759195644044,19.4985470286119,TRUE,给药途径,Unknown/Missing
dimenhydrinate,PRURITUS,399,9.23772620690602,8.3060109200573,10.2739553673943,TRUE,给药途径,Unknown/Missing
dimenhydrinate,HYPOTENSION,309,14.132488363789,12.5524107982682,15.9114635875514,TRUE,给药途径,Unknown/Missing
dimenhydrinate,CONFUSIONAL STATE,290,16.7976978938023,14.8695601088921,18.9758575549734,TRUE,给药途径,Unknown/Missing
dimenhydrinate,VISION BLURRED,225,14.7060346060317,12.8285206316621,16.858331528893,TRUE,给药途径,Unknown/Missing
dimenhydrinate,AGITATION,224,30.239542486025,26.3679580153189,34.6795883561729,TRUE,给药途径,Unknown/Missing
dimenhydrinate,HALLUCINATION,198,23.6464731352349,20.4566656418264,27.3336672518183,TRUE,给药途径,Unknown/Missing
dimenhydrinate,SOMNOLENCE,197,8.5621403271624,7.40570283106049,9.89916131586429,TRUE,给药途径,Unknown/Missing
dimenhydrinate,RASH PRURITIC,188,29.5415230969187,25.4654676555817,34.2700004056079,TRUE,给药途径,Unknown/Missing
dimenhydrinate,VERTIGO,156,21.7391195282121,18.489891683367,25.559334038015,TRUE,给药途径,Unknown/Missing
dimenhydrinate,TACHYCARDIA,136,13.6529837100983,11.488436447852,16.2253553853328,TRUE,给药途径,Unknown/Missing
dimenhydrinate,DRY MOUTH,129,13.51488761028,11.3225316748285,16.1317444158324,TRUE,给药途径,Unknown/Missing
dimenhydrinate,URINARY RETENTION,124,31.8793318083308,26.6122364248384,38.1888910169572,TRUE,给药途径,Unknown/Missing
dimenhydrinate,BRADYCARDIA,89,14.9790866922035,12.1237762006148,18.5068607684437,TRUE,给药途径,Unknown/Missing
dimenhydrinate,DYSURIA,71,16.4949096368449,13.027336423977,20.885469989622,TRUE,给药途径,Unknown/Missing
dimenhydrinate,EYE PRURITUS,62,14.0424982756866,10.9136073652871,18.0684306501505,TRUE,给药途径,Unknown/Missing
dimenhydrinate,DELIRIUM,58,14.1392087751207,10.8973587826505,18.3454751535514,TRUE,给药途径,Unknown/Missing
dimenhydrinate,AMNESIA,56,7.79590814055954,5.98215435310517,10.1595813395379,TRUE,给药途径,Unknown/Missing
dimenhydrinate,LETHARGY,54,8.18272347029075,6.24912261320599,10.7146182809328,TRUE,给药途径,Unknown/Missing
dimenhydrinate,GLAUCOMA,47,19.778704370251,14.8170007826421,26.4019117164431,TRUE,给药途径,Unknown/Missing
dimenhydrinate,RASH ERYTHEMATOUS,42,7.19584503532417,5.3043838697301,9.7617719690099,TRUE,给药途径,Unknown/Missing
dimenhydrinate,INJECTION SITE ERYTHEMA,39,2.64554297472171,1.92837632260413,3.62942520557806,TRUE,给药途径,Unknown/Missing
dimenhydrinate,DRY EYE,37,5.5904401284638,4.04093824712573,7.73410008236782,TRUE,给药途径,Unknown/Missing
dimenhydrinate,RASH MACULAR,37,8.33924063462186,6.02745350188862,11.5376973609731,TRUE,给药途径,Unknown/Missing
dimenhydrinate,SEDATION,28,8.87373983141394,6.11358624919723,12.8800437886947,TRUE,给药途径,Unknown/Missing
dimenhydrinate,SINUS BRADYCARDIA,28,26.1019207140579,17.974345027547,37.9045947943475,TRUE,给药途径,Unknown/Missing
dimenhydrinate,INJECTION SITE PRURITUS,25,3.0104812402801,2.03031072873327,4.46384741498801,TRUE,给药途径,Unknown/Missing
dimenhydrinate,DISORIENTATION,24,5.6608091219615,3.78682414501442,8.46217270413031,TRUE,给药途径,Unknown/Missing
dimenhydrinate,DIZZINESS POSTURAL,24,19.2162026802867,12.8495030124578,28.7374885310235,TRUE,给药途径,Unknown/Missing
dimenhydrinate,RASH MACULO-PAPULAR,22,8.25029646662397,5.42168802035626,12.5546493143136,TRUE,给药途径,Unknown/Missing
dimenhydrinate,VENTRICULAR TACHYCARDIA,21,11.9896952894303,7.8012533521966,18.4268843278766,TRUE,给药途径,Unknown/Missing
dimenhydrinate,LIP PRURITUS,20,167.952098493128,107.580639373211,262.202451599013,TRUE,给药途径,Unknown/Missing
dimenhydrinate,INFUSION SITE ERYTHEMA,18,15.2780250529248,9.60574291737797,24.2998434921171,TRUE,给药途径,Unknown/Missing
dimenhydrinate,GENERALISED ERYTHEMA,13,25.0057543176423,14.4856354302651,43.1660559182558,TRUE,给药途径,Unknown/Missing
dimenhydrinate,"HALLUCINATION, VISUAL",13,5.27613527444625,3.05891460291664,9.10048401080342,TRUE,给药途径,Unknown/Missing
dimenhydrinate,SINUS TACHYCARDIA,13,8.55638444030019,4.96001344904704,14.7603863260244,TRUE,给药途径,Unknown/Missing
dimenhydrinate,SYSTEMIC LUPUS ERYTHEMATOSUS,13,2.6965611771245,1.56353645216391,4.65063809155938,TRUE,给药途径,Unknown/Missing
dimenhydrinate,EAR PRURITUS,12,25.2356309348818,14.2978681889921,44.5407007718722,TRUE,给药途径,Unknown/Missing
dimenhydrinate,DERMATITIS CONTACT,11,7.53361525444906,4.16564065932724,13.6246410681121,TRUE,给药途径,Unknown/Missing
dimenhydrinate,RASH MORBILLIFORM,11,33.4175685349439,18.4564513802626,60.5064247606076,TRUE,给药途径,Unknown/Missing
dimenhydrinate,SUPRAVENTRICULAR TACHYCARDIA,11,10.5447215043259,5.82981376877958,19.0728479525806,TRUE,给药途径,Unknown/Missing
dimenhydrinate,TONGUE PRURITUS,11,92.5382715861414,50.97355842427,167.995564227143,TRUE,给药途径,Unknown/Missing
dimenhydrinate,MYDRIASIS,10,7.02026049301782,3.77165920725612,13.066943401199,TRUE,给药途径,Unknown/Missing
dimenhydrinate,RASH GENERALISED,10,3.77746350662707,2.0297659578455,7.02998810712416,TRUE,给药途径,Unknown/Missing
dimenhydrinate,RASH PAPULAR,10,3.61777236250922,1.94397286044869,6.73274670301446,TRUE,给药途径,Unknown/Missing
dimenhydrinate,ERYTHEMA NODOSUM,9,21.251422045919,11.0335951661713,40.9316213049427,TRUE,给药途径,Unknown/Missing
dimenhydrinate,"HALLUCINATION, AUDITORY",9,4.94872822494819,2.57143106035451,9.52384507676538,TRUE,给药途径,Unknown/Missing
dimenhydrinate,INFUSION SITE PRURITUS,8,17.7922177550178,8.88026198775414,35.647936184598,TRUE,给药途径,Unknown/Missing
dimenhydrinate,SEDATION COMPLICATION,7,18.5882584869793,8.84374511123401,39.069800094063,TRUE,给药途径,Unknown/Missing
dimenhydrinate,VERTIGO POSITIONAL,7,33.729259349699,16.0336847676255,70.9545530405073,TRUE,给药途径,Unknown/Missing
dimenhydrinate,ERYTHEMA OF EYELID,5,7.39536659281373,3.07409232794998,17.791087972487,TRUE,给药途径,Unknown/Missing
dimenhydrinate,ORAL PRURITUS,5,17.2609246030754,7.17025545467318,41.5521483211416,TRUE,给药途径,Unknown/Missing
dimenhydrinate,PRURITUS GENERALISED,5,2.13122065643877,0.886214079938965,5.12528698115937,FALSE,给药途径,Unknown/Missing
dimenhydrinate,ANGLE CLOSURE GLAUCOMA,4,14.4602939492582,5.41731034154362,38.598508838497,TRUE,给药途径,Unknown/Missing
dimenhydrinate,EXFOLIATIVE RASH,4,12.6911838917503,4.75517191703012,33.8717824264946,TRUE,给药途径,Unknown/Missing
dimenhydrinate,SINUS HEADACHE,4,5.97631847406157,2.24035120631516,15.9423140455529,TRUE,给药途径,Unknown/Missing
dimenhydrinate,APPLICATION SITE PAIN,3,0.97972377781964,0.315750412172403,3.0399285125908,FALSE,给药途径,Unknown/Missing
dimenhydrinate,BUTTERFLY RASH,3,22.1490798852519,7.12526511489654,68.8510156257382,TRUE,给药途径,Unknown/Missing
dimenhydrinate,"HALLUCINATIONS, MIXED",3,6.02314361175125,1.94032282238808,18.6970222424792,TRUE,给药途径,Unknown/Missing
dimenhydrinate,ORTHOSTATIC HYPOTENSION,3,1.4638728077058,0.471764683650979,4.54235696609676,FALSE,给药途径,Unknown/Missing
dimenhydrinate,RASH PUSTULAR,3,3.687810594447,1.18824807995141,11.4453767777783,TRUE,给药途径,Unknown/Missing
dimenhydrinate,TENSION HEADACHE,3,5.27132729968309,1.69823974516662,16.3621724079116,TRUE,给药途径,Unknown/Missing
dimenhydrinate,AGITATION NEONATAL,2,18.5557718625113,4.62914927625545,74.3801180013118,FALSE,给药途径,Unknown/Missing
dimenhydrinate,ANAL PRURITUS,2,7.69289104763944,1.92137242554869,30.8011980831621,FALSE,给药途径,Unknown/Missing
dimenhydrinate,EYELIDS PRURITUS,2,5.0607813313368,1.26433078480309,20.2569675526771,FALSE,给药途径,Unknown/Missing
dimenhydrinate,PHARYNGEAL ERYTHEMA,2,8.09330301128517,2.02129332536385,32.4057635824265,FALSE,给药途径,Unknown/Missing
dimenhydrinate,STOMA SITE ERYTHEMA,2,7.08374247852639,1.76934603117787,28.3604261788601,FALSE,给药途径,Unknown/Missing
dimenhydrinate,VULVOVAGINAL PRURITUS,2,2.97371097532337,0.743084137427811,11.9003441459114,FALSE,给药途径,Unknown/Missing
dimenhydrinate,ACCOMMODATION DISORDER,1,15.1492355725238,2.12828420008061,107.833032084309,FALSE,给药途径,Unknown/Missing
dimenhydrinate,APPLICATION SITE HAEMORRHAGE,1,2.39664969948182,0.337344783631874,17.0268818749376,FALSE,给药途径,Unknown/Missing
dimenhydrinate,CATHETER SITE ERYTHEMA,1,3.43439121289658,0.483338719464986,24.4032653048722,FALSE,给药途径,Unknown/Missing
dimenhydrinate,ERYTHEMA MULTIFORME,1,0.97171345264963,0.136804538439624,6.90201542163736,FALSE,给药途径,Unknown/Missing
dimenhydrinate,IMPLANT SITE ERYTHEMA,1,7.36093815310267,1.03533096193445,52.3343862841351,FALSE,给药途径,Unknown/Missing
dimenhydrinate,INJECTION SITE RASH,1,0.252996122477907,0.0356223849078562,1.79682068324235,FALSE,给药途径,Unknown/Missing
dimenhydrinate,MEDICATION OVERUSE HEADACHE,1,7.7451582324504,1.08930952844043,55.0692658785227,FALSE,给药途径,Unknown/Missing
dimenhydrinate,NASAL PRURITUS,1,5.33417295401666,0.750490410811749,37.913077493671,FALSE,给药途径,Unknown/Missing
dimenhydrinate,ORAL MUCOSAL ERYTHEMA,1,4.73456885997281,0.666189147133455,33.6483150262635,FALSE,给药途径,Unknown/Missing
dimenhydrinate,PROCEDURAL HYPOTENSION,1,12.4130902101083,1.74460431343255,88.3207770254344,FALSE,给药途径,Unknown/Missing
dimenhydrinate,PRURITUS GENITAL,1,3.14788515473991,0.443036359126435,22.366518556108,FALSE,给药途径,Unknown/Missing
dimenhydrinate,SOMNOLENCE NEONATAL,1,61.022805394884,8.51432331307327,437.355106370487,FALSE,给药途径,Unknown/Missing
dimenhydrinate,SOMNOLENCE,15,40.9011995381724,22.5947954755445,74.0395338153012,TRUE,给药途径,Other
dimenhydrinate,DELIRIUM,11,161.311163895487,83.3053637104911,312.360338378064,TRUE,给药途径,Other
dimenhydrinate,DIZZINESS,9,8.48133138946668,4.15149060667002,17.3270251466741,TRUE,给药途径,Other
dimenhydrinate,URINARY RETENTION,9,129.484942061034,63.3750713926747,264.557496379991,TRUE,给药途径,Other
dimenhydrinate,HEADACHE,6,4.04791948325071,1.73404433580981,9.44938477321485,TRUE,给药途径,Other
dimenhydrinate,RASH,5,4.68119288626459,1.86679995179073,11.738572639984,TRUE,给药途径,Other
dimenhydrinate,AGITATION NEONATAL,4,1975.73129992738,712.160103371975,5481.23118808559,TRUE,给药途径,Other
dimenhydrinate,PRURITUS,3,3.08211605869811,0.962539562531548,9.86914176732699,FALSE,给药途径,Other
dimenhydrinate,TACHYCARDIA,3,14.8751816878875,4.64540512936913,47.6322353132877,TRUE,给药途径,Other
dimenhydrinate,VERTIGO,3,20.4648717587678,6.39096467044449,65.531730763532,TRUE,给药途径,Other
dimenhydrinate,AGITATION,2,12.6077278654143,3.07236412300117,51.7369672228411,FALSE,给药途径,Other
dimenhydrinate,DYSURIA,2,23.0751743647686,5.62304530777746,94.6931142859545,FALSE,给药途径,Other
dimenhydrinate,HALLUCINATION,2,11.2801933031876,2.74886604225223,46.2891821578268,FALSE,给药途径,Other
dimenhydrinate,HYPOTENSION,2,4.13475009301954,1.00761036475725,16.9670330215826,FALSE,给药途径,Other
dimenhydrinate,INJECTION SITE ERYTHEMA,2,6.8330524652512,1.66515906878272,28.0397271757392,FALSE,给药途径,Other
dimenhydrinate,RASH GENERALISED,2,38.4611136146433,9.37205490685338,157.837024556566,FALSE,给药途径,Other
dimenhydrinate,SINUS TACHYCARDIA,2,66.89697394069,16.3002500867853,274.548249173762,FALSE,给药途径,Other
dimenhydrinate,AMNESIA,1,6.83260306812115,0.94518033055633,49.3921246319422,FALSE,给药途径,Other
dimenhydrinate,ANAL PRURITUS,1,192.736315479694,26.6472671993267,1394.03740829479,FALSE,给药途径,Other
dimenhydrinate,BRADYCARDIA,1,8.14914067349472,1.12729765382838,58.9094579332071,FALSE,给药途径,Other
dimenhydrinate,DRY EYE,1,7.471257649874,1.03352592450845,54.0089895639036,FALSE,给药途径,Other
dimenhydrinate,"HALLUCINATION, AUDITORY",1,27.4785816462979,3.80098547403289,198.651758721697,FALSE,给药途径,Other
dimenhydrinate,"HALLUCINATION, VISUAL",1,20.2507432852175,2.80125195876232,146.39618629128,FALSE,给药途径,Other
dimenhydrinate,RASH MORBILLIFORM,1,151.107675742194,20.8943681657596,1092.80785554579,FALSE,给药途径,Other
dimenhydrinate,RASH PAPULAR,1,18.0758769156471,2.50042240067385,130.672851987556,FALSE,给药途径,Other
dimenhydrinate,VISION BLURRED,1,3.00077289964905,0.415113203217661,21.6920057600448,FALSE,给药途径,Other
dimenhydrinate,HEADACHE,91,14.6768000865937,11.4657247469209,18.7871648357585,TRUE,给药途径,Parenteral
dimenhydrinate,DIZZINESS,76,14.9774842609546,11.5391247636874,19.4403855908616,TRUE,给药途径,Parenteral
dimenhydrinate,PRURITUS,61,13.8696658162839,10.4650076464478,18.38198655504,TRUE,给药途径,Parenteral
dimenhydrinate,RASH,48,9.06132314471841,6.65207591926424,12.3431509395779,TRUE,给药途径,Parenteral
dimenhydrinate,TACHYCARDIA,37,36.8516891446646,26.1108169485253,52.0108963075431,TRUE,给药途径,Parenteral
dimenhydrinate,HYPOTENSION,36,15.1743988700913,10.7083714837467,21.5030251255406,TRUE,给药途径,Parenteral
dimenhydrinate,SOMNOLENCE,35,14.6278636117786,10.2787482019569,20.8171646625275,TRUE,给药途径,Parenteral
dimenhydrinate,ERYTHEMA,28,10.4639087771685,7.08960386958893,15.4442178873461,TRUE,给药途径,Parenteral
dimenhydrinate,SINUS TACHYCARDIA,18,114.966695721181,71.3458862212876,185.257228203059,TRUE,给药途径,Parenteral
dimenhydrinate,BRADYCARDIA,10,15.3897414731351,8.19132682692327,28.9140144953653,TRUE,给药途径,Parenteral
dimenhydrinate,VISION BLURRED,9,5.08175563134862,2.61726997689228,9.86686147197043,TRUE,给药途径,Parenteral
dimenhydrinate,RASH PRURITIC,8,10.9609478111089,5.42899596662529,22.1297598407563,TRUE,给药途径,Parenteral
dimenhydrinate,URINARY RETENTION,7,16.0286245522368,7.5727143020226,33.9266470105639,TRUE,给药途径,Parenteral
dimenhydrinate,CONFUSIONAL STATE,6,2.89274605594387,1.28889508845169,6.49236684905906,TRUE,给药途径,Parenteral
dimenhydrinate,INFUSION SITE ERYTHEMA,6,47.1897503893215,21.0198703165403,105.941307356885,TRUE,给药途径,Parenteral
dimenhydrinate,VERTIGO,6,7.33947027612705,3.27008795645698,16.4728975646625,TRUE,给药途径,Parenteral
dimenhydrinate,DRY MOUTH,5,4.63607426983115,1.9151531112525,11.2226978141367,TRUE,给药途径,Parenteral
dimenhydrinate,EAR PRURITUS,5,97.246899076433,40.1459179397948,235.56465676446,TRUE,给药途径,Parenteral
dimenhydrinate,RASH ERYTHEMATOUS,5,7.84467690045728,3.24054616501005,18.9903036522169,TRUE,给药途径,Parenteral
dimenhydrinate,AMNESIA,4,5.05450334082873,1.88428655094812,13.5584494882658,TRUE,给药途径,Parenteral
dimenhydrinate,ERYTHEMA MULTIFORME,4,36.0676117374858,13.4424252338586,96.7736545909437,TRUE,给药途径,Parenteral
dimenhydrinate,DYSURIA,3,6.26114321704272,2.00755833139677,19.527160815818,TRUE,给药途径,Parenteral
dimenhydrinate,RASH GENERALISED,3,10.4361549483723,3.34609404847364,32.5493929724172,TRUE,给药途径,Parenteral
dimenhydrinate,VENTRICULAR TACHYCARDIA,3,15.6910570260643,5.03070142548793,48.9413403363173,TRUE,给药途径,Parenteral
dimenhydrinate,DELIRIUM,2,4.387914148636,1.09217169564616,17.6289045509542,FALSE,给药途径,Parenteral
dimenhydrinate,EYE PRURITUS,2,4.07064371301666,1.01320533864771,16.3541777824005,FALSE,给药途径,Parenteral
dimenhydrinate,INJECTION SITE ERYTHEMA,2,1.23179189824333,0.306609689877575,4.94867360905572,FALSE,给药途径,Parenteral
dimenhydrinate,INJECTION SITE PRURITUS,2,2.19804643385157,0.547117463499403,8.83065968040132,FALSE,给药途径,Parenteral
dimenhydrinate,LETHARGY,2,2.73397552582649,0.68051180725361,10.9838243747512,FALSE,给药途径,Parenteral
dimenhydrinate,LIP PRURITUS,2,150.181686157609,37.318420506776,604.380854035538,FALSE,给药途径,Parenteral
dimenhydrinate,PRURITUS GENERALISED,2,7.84010743427239,1.95136088994396,31.4997010023596,FALSE,给药途径,Parenteral
dimenhydrinate,RASH MACULAR,2,4.09245715528178,1.01863456784482,16.4418193692877,FALSE,给药途径,Parenteral
dimenhydrinate,CATHETER SITE ERYTHEMA,1,31.530849954083,4.42439069232508,224.707664391283,FALSE,给药途径,Parenteral
dimenhydrinate,DISORIENTATION,1,2.14531047525548,0.301173110930744,15.2814340596934,FALSE,给药途径,Parenteral
dimenhydrinate,DIZZINESS POSTURAL,1,7.26815187624898,1.0202667353809,51.7766872762935,FALSE,给药途径,Parenteral
dimenhydrinate,DRY EYE,1,1.36760136058377,0.191995512432976,9.74154790270682,FALSE,给药途径,Parenteral
dimenhydrinate,ERYTHEMA NODOSUM,1,21.5523778180023,3.02470966205938,153.570108045894,FALSE,给药途径,Parenteral
dimenhydrinate,GLAUCOMA,1,3.78685990586662,0.531610616879457,26.9752098459535,FALSE,给药途径,Parenteral
dimenhydrinate,HALLUCINATION,1,1.01327440242193,0.142252902570244,7.21760326891418,FALSE,给药途径,Parenteral
dimenhydrinate,"HALLUCINATIONS, MIXED",1,18.4077249823013,2.58351450404703,131.156352516405,FALSE,给药途径,Parenteral
dimenhydrinate,INFUSION SITE PRURITUS,1,20.3174880781385,2.85145988765502,144.768061999559,FALSE,给药途径,Parenteral
dimenhydrinate,INFUSION SITE RASH,1,48.733675072344,6.83636223010579,347.40275692209,FALSE,给药途径,Parenteral
dimenhydrinate,RASH MACULO-PAPULAR,1,3.41217565467804,0.479014260272349,24.306046111775,FALSE,给药途径,Parenteral
dimenhydrinate,RASH PAPULAR,1,3.30875945014286,0.464497082151391,23.5693387958495,FALSE,给药途径,Parenteral
dimenhydrinate,SEDATION,1,2.87685760285089,0.403867794375982,20.4926210565236,FALSE,给药途径,Parenteral
dimenhydrinate,SINUS BRADYCARDIA,1,8.44098118379051,1.18487995747447,60.1328116790605,FALSE,给药途径,Parenteral
dimenhydrinate,SYSTEMIC LUPUS ERYTHEMATOSUS,1,1.89521629575074,0.266064294165768,13.4999129399953,FALSE,给药途径,Parenteral
dimenhydrinate,TONGUE ERYTHEMA,1,74.836297848029,10.4935704488718,533.705043758586,FALSE,给药途径,Parenteral
dimenhydrinate,HEADACHE,412,31.9209774389527,27.8791794923259,36.5487370580116,TRUE,给药途径,Oral
dimenhydrinate,DIZZINESS,307,25.0333266710755,21.7517387058025,28.8099932008475,TRUE,给药途径,Oral
dimenhydrinate,PRURITUS,194,16.0773182293332,13.6929191423697,18.8769216234864,TRUE,给药途径,Oral
dimenhydrinate,RASH,177,12.5215607653919,10.60756850536,14.7809070403059,TRUE,给药途径,Oral
dimenhydrinate,ERYTHEMA,151,21.996544461414,18.4429800272341,26.2348041112923,TRUE,给药途径,Oral
dimenhydrinate,TACHYCARDIA,139,51.2991887016587,42.7562659235886,61.549031577066,TRUE,给药途径,Oral
dimenhydrinate,BRADYCARDIA,126,78.005711925157,64.5290913803181,94.296866154333,TRUE,给药途径,Oral
dimenhydrinate,SOMNOLENCE,105,15.6107641662359,12.7228700704375,19.1541654127302,TRUE,给药途径,Oral
dimenhydrinate,HYPOTENSION,92,13.5017362545288,10.8721014878429,16.7674006806044,TRUE,给药途径,Oral
dimenhydrinate,VISION BLURRED,69,14.529140291801,11.3564104482991,18.5882606638661,TRUE,给药途径,Oral
dimenhydrinate,RASH PRURITIC,42,20.8093965839853,15.255875319326,28.3845388826046,TRUE,给药途径,Oral
dimenhydrinate,DRY MOUTH,28,9.31860118722671,6.39290669415801,13.5832309528209,TRUE,给药途径,Oral
dimenhydrinate,CONFUSIONAL STATE,24,4.11774982266799,2.74378271596753,6.17973992743926,TRUE,给药途径,Oral
dimenhydrinate,DYSURIA,23,17.247484415054,11.3941207001449,26.1078258231674,TRUE,给药途径,Oral
dimenhydrinate,RASH ERYTHEMATOUS,22,12.2991979936598,8.05227104365134,18.7860381831671,TRUE,给药途径,Oral
dimenhydrinate,RASH PAPULAR,22,26.3135352680205,17.2251432138712,40.1971774460359,TRUE,给药途径,Oral
dimenhydrinate,VERTIGO,22,9.55518089969376,6.25592962658832,14.594390838067,TRUE,给药途径,Oral
dimenhydrinate,EAR PRURITUS,19,131.727405301545,83.4747452853057,207.872563709782,TRUE,给药途径,Oral
dimenhydrinate,INFUSION SITE PRURITUS,19,139.725905483646,88.5360628746704,220.512727010026,TRUE,给药途径,Oral
dimenhydrinate,AMNESIA,18,8.0917953874041,5.07208037941842,12.909328656799,TRUE,给药途径,Oral
dimenhydrinate,AGITATION,17,6.91137283500506,4.27520463296742,11.1730498456376,TRUE,给药途径,Oral
dimenhydrinate,INFUSION SITE ERYTHEMA,17,47.2362395538884,29.2062972485913,76.3966177636555,TRUE,给药途径,Oral
dimenhydrinate,URINARY RETENTION,17,13.6906114359883,8.46804662061267,22.1341296155563,TRUE,给药途径,Oral
dimenhydrinate,RASH MACULAR,16,11.7008076571952,7.1333800026182,19.1927108580261,TRUE,给药途径,Oral
dimenhydrinate,PRURITUS GENERALISED,12,16.7334447893673,9.46211376181193,29.5925605596591,TRUE,给药途径,Oral
dimenhydrinate,RASH GENERALISED,11,13.5467954911433,7.47144738445201,24.5622646638394,TRUE,给药途径,Oral
dimenhydrinate,INFUSION SITE RASH,8,139.189230089549,69.2200128840021,279.884977851529,TRUE,给药途径,Oral
dimenhydrinate,LETHARGY,8,3.86943067357348,1.92851860639635,7.76372791422999,TRUE,给药途径,Oral
dimenhydrinate,ERYTHEMA NODOSUM,7,53.6064111226611,25.4526134640762,112.901856522814,TRUE,给药途径,Oral
dimenhydrinate,INJECTION SITE PRURITUS,7,2.71866350789083,1.29197583448324,5.72079683835073,TRUE,给药途径,Oral
dimenhydrinate,RASH MACULO-PAPULAR,7,8.47156021877809,4.02549213011461,17.8282133514791,TRUE,给药途径,Oral
dimenhydrinate,SINUS TACHYCARDIA,7,14.9219566559883,7.08977987220586,31.4064462447005,TRUE,给药途径,Oral
dimenhydrinate,SYSTEMIC LUPUS ERYTHEMATOSUS,7,4.70462310147325,2.23567568240025,9.90012938869249,TRUE,给药途径,Oral
dimenhydrinate,BUTTERFLY RASH,6,144.407305779455,64.5143132968909,323.237881592485,TRUE,给药途径,Oral
dimenhydrinate,DELIRIUM,6,4.64656389409984,2.08130946387511,10.3735443463336,TRUE,给药途径,Oral
dimenhydrinate,EYE PRURITUS,6,4.31054615744603,1.93081109412415,9.62331749181364,TRUE,给药途径,Oral
dimenhydrinate,HALLUCINATION,5,1.79212881390952,0.743939757187726,4.31718516803815,FALSE,给药途径,Oral
dimenhydrinate,POSTURAL ORTHOSTATIC TACHYCARDIA SYNDROME,5,86.1169878069924,35.6864584574267,207.813717289907,TRUE,给药途径,Oral
dimenhydrinate,GINGIVAL ERYTHEMA,4,129.327026557572,48.2800760905619,346.426127557253,TRUE,给药途径,Oral
dimenhydrinate,GLAUCOMA,4,5.3523423272976,2.00384137644024,14.2963254104838,TRUE,给药途径,Oral
dimenhydrinate,DIZZINESS POSTURAL,3,7.69578750570366,2.47646550277714,23.9151909309977,TRUE,给药途径,Oral
dimenhydrinate,LIP PRURITUS,3,79.3192329545455,25.4758117507608,246.961344276285,TRUE,给药途径,Oral
dimenhydrinate,ORAL PRURITUS,3,33.4659564078493,10.7617716380281,104.069318320648,TRUE,给药途径,Oral
dimenhydrinate,RASH PUSTULAR,3,11.9381234096807,3.84119271703604,37.1027441327486,TRUE,给药途径,Oral
dimenhydrinate,VENTRICULAR TACHYCARDIA,3,5.49920867168868,1.7697213166124,17.0881684765282,TRUE,给药途径,Oral
dimenhydrinate,DERMATITIS CONTACT,2,4.41158320500422,1.10131489259707,17.6716636681275,FALSE,给药途径,Oral
dimenhydrinate,GENERALISED ERYTHEMA,2,12.3528621434111,3.08298683167057,49.4952497255506,FALSE,给药途径,Oral
dimenhydrinate,"HALLUCINATION, AUDITORY",2,3.54576405924939,0.885195481182793,14.203012815955,FALSE,给药途径,Oral
dimenhydrinate,NASAL PRURITUS,2,34.5478644577107,8.61607908761971,138.526460406259,FALSE,给药途径,Oral
dimenhydrinate,PROCEDURAL HEADACHE,2,117.372500995619,29.1929878013713,471.904557481421,FALSE,给药途径,Oral
dimenhydrinate,SINUS HEADACHE,2,9.65368011462545,2.40954683139185,38.6767912295286,FALSE,给药途径,Oral
dimenhydrinate,APPLICATION SITE PAIN,1,1.05455355552233,0.148361910322549,7.49574603782773,FALSE,给药途径,Oral
dimenhydrinate,CLUSTER HEADACHE,1,18.5911137278816,2.6133993858703,132.252847196537,FALSE,给药途径,Oral
dimenhydrinate,DISORIENTATION,1,0.755187502550326,0.106246493280337,5.367783410069,FALSE,给药途径,Oral
dimenhydrinate,EYELIDS PRURITUS,1,8.17164498483165,1.14926405754081,58.1030802451186,FALSE,给药途径,Oral
dimenhydrinate,"HALLUCINATION, VISUAL",1,1.30488259372568,0.183577803269248,9.2751877028996,FALSE,给药途径,Oral
dimenhydrinate,INJECTION SITE RASH,1,0.817644465217745,0.115033160727988,5.81173695715511,FALSE,给药途径,Oral
dimenhydrinate,MYDRIASIS,1,2.25911821818383,0.317810656217093,16.0586658247351,FALSE,给药途径,Oral
dimenhydrinate,ORTHOSTATIC HYPOTENSION,1,1.57560325258579,0.221661436152751,11.1996279219637,FALSE,给药途径,Oral
dimenhydrinate,PHARYNGEAL ERYTHEMA,1,13.0652268041999,1.83708255446825,92.9191510909499,FALSE,给药途径,Oral
dimenhydrinate,RASH VESICULAR,1,5.3088893439817,0.746743931896916,37.7429328351519,FALSE,给药途径,Oral
dimenhydrinate,SINUS BRADYCARDIA,1,2.97137584674436,0.41799658152539,21.1223603561443,FALSE,给药途径,Oral
dimenhydrinate,VERTIGO POSITIONAL,1,15.4696780142638,2.17492629730682,110.031745977476,FALSE,给药途径,Oral
dimenhydrinate,PRURITUS,11,45.2055833651937,20.2519998094232,100.905825924244,TRUE,给药途径,Transdermal
dimenhydrinate,HEADACHE,9,19.8349593542908,8.68009810691678,45.3250191115771,TRUE,给药途径,Transdermal
dimenhydrinate,DIZZINESS,7,17.8495398149229,7.40205934062775,43.0428961648254,TRUE,给药途径,Transdermal
dimenhydrinate,RASH,7,19.27564108477,7.99344855225131,46.4818578364691,TRUE,给药途径,Transdermal
dimenhydrinate,ERYTHEMA,6,33.381127773393,13.2503747401368,84.0957115007667,TRUE,给药途径,Transdermal
dimenhydrinate,DRY MOUTH,3,38.5450561903449,11.4967591120916,129.229580461006,TRUE,给药途径,Transdermal
dimenhydrinate,EAR PRURITUS,3,808.033543551778,240.894095112925,2710.39523488018,TRUE,给药途径,Transdermal
dimenhydrinate,HYPOTENSION,3,15.6531089473623,4.66888959927072,52.4792489752309,TRUE,给药途径,Transdermal
dimenhydrinate,AGITATION,2,30.3732159868252,7.14190833178524,129.171673245452,FALSE,给药途径,Transdermal
dimenhydrinate,SOMNOLENCE,2,9.91465027109386,2.33135401424124,42.164462967712,FALSE,给药途径,Transdermal
dimenhydrinate,VISION BLURRED,2,14.7312295964765,3.46392195317759,62.648387682359,FALSE,给药途径,Transdermal
dimenhydrinate,CATHETER SITE ERYTHEMA,1,404.4236443062,54.5873918802418,2996.26852355826,FALSE,给药途径,Transdermal
dimenhydrinate,CONFUSIONAL STATE,1,6.07880951911117,0.82089983561922,45.0139268718004,FALSE,给药途径,Transdermal
dimenhydrinate,DELIRIUM,1,28.0439007345642,3.78702483174197,207.6723558341,FALSE,给药途径,Transdermal
dimenhydrinate,DIZZINESS POSTURAL,1,93.2233824863405,12.5877836569464,690.399460225766,FALSE,给药途径,Transdermal
dimenhydrinate,DRY EYE,1,17.5412444378154,2.36878597597133,129.895760760327,FALSE,给药途径,Transdermal
dimenhydrinate,DYSURIA,1,26.5857383353762,3.59012233615962,196.873927029785,FALSE,给药途径,Transdermal
dimenhydrinate,ERYTHEMA NODOSUM,1,276.43692447196,37.3182438065277,2047.7215811037,FALSE,给药途径,Transdermal
dimenhydrinate,HALLUCINATION,1,12.9965461608115,1.75507564253075,96.2409870075694,FALSE,给药途径,Transdermal
dimenhydrinate,INFUSION SITE ERYTHEMA,1,99.1044263168222,13.381792111939,733.959041765691,FALSE,给药途径,Transdermal
dimenhydrinate,NASAL PRURITUS,1,628.136260301222,84.7595191981713,4654.99527649181,FALSE,给药途径,Transdermal
dimenhydrinate,ORAL PRURITUS,1,405.062949557887,54.6736389964588,3001.00736142993,FALSE,给药途径,Transdermal
dimenhydrinate,RASH MACULAR,1,26.1556494480033,3.53204528327959,193.68890916699,FALSE,给药途径,Transdermal
dimenhydrinate,RASH PRURITIC,1,17.1538377758113,2.31647133945267,127.026890178738,FALSE,给药途径,Transdermal
dimenhydrinate,SINUS TACHYCARDIA,1,77.0693489380072,10.4067436525376,570.753421439373,FALSE,给药途径,Transdermal
dimenhydrinate,TACHYCARDIA,1,11.2099721599135,1.51381703293861,83.011006675026,FALSE,给药途径,Transdermal
meclizine,DIZZINESS,1372,21.8010829814554,20.4308987778916,23.26315764819,TRUE,给药途径,Unknown/Missing
meclizine,HEADACHE,988,10.4829679240249,9.75861301233977,11.2610897017001,TRUE,给药途径,Unknown/Missing
meclizine,VERTIGO,530,53.0819406307101,48.433188291843,58.1768931696942,TRUE,给药途径,Unknown/Missing
meclizine,RASH,430,5.4765048416951,4.95562482134162,6.05213396138213,TRUE,给药途径,Unknown/Missing
meclizine,PRURITUS,426,6.18605571773851,5.59533678101314,6.8391388830819,TRUE,给药途径,Unknown/Missing
meclizine,SOMNOLENCE,286,8.17157749052645,7.24569305043012,9.21577525005901,TRUE,给药途径,Unknown/Missing
meclizine,HYPOTENSION,233,6.59477904335431,5.77754909067268,7.52760555524792,TRUE,给药途径,Unknown/Missing
meclizine,CONFUSIONAL STATE,194,6.93726013409697,6.00525993934488,8.01390425297413,TRUE,给药途径,Unknown/Missing
meclizine,VISION BLURRED,187,7.73767878177471,6.68103936707178,8.96143094516261,TRUE,给药途径,Unknown/Missing
meclizine,ERYTHEMA,166,4.21894446372004,3.61184509018649,4.92808853743916,TRUE,给药途径,Unknown/Missing
meclizine,HALLUCINATION,138,10.4099330272478,8.78325347145378,12.3378775284106,TRUE,给药途径,Unknown/Missing
meclizine,DRY MOUTH,124,8.40945477113277,7.03192528402834,10.056837450812,TRUE,给药途径,Unknown/Missing
meclizine,AMNESIA,101,9.31506167556294,7.64428993959737,11.3510050907504,TRUE,给药途径,Unknown/Missing
meclizine,INJECTION SITE ERYTHEMA,85,3.82732021528551,3.08714532157979,4.74495966481975,TRUE,给药途径,Unknown/Missing
meclizine,DRY EYE,82,8.22862262761827,6.61128846422138,10.2416088352795,TRUE,给药途径,Unknown/Missing
meclizine,TACHYCARDIA,80,5.12423167245395,4.10642744915588,6.3943051613825,TRUE,给药途径,Unknown/Missing
meclizine,AGITATION,75,6.2188655677218,4.94814134690765,7.81592243187746,TRUE,给药途径,Unknown/Missing
meclizine,DYSURIA,73,11.0849527796805,8.7919296248561,13.976019300741,TRUE,给药途径,Unknown/Missing
meclizine,LETHARGY,66,6.56891355481338,5.149745607802,8.37917609468642,TRUE,给药途径,Unknown/Missing
meclizine,DIZZINESS POSTURAL,57,30.3612228559262,23.355723768818,39.468006319629,TRUE,给药途径,Unknown/Missing
meclizine,BRADYCARDIA,51,5.53613981550591,4.19943210899363,7.29833064599171,TRUE,给药途径,Unknown/Missing
meclizine,DISORIENTATION,51,7.96630198967285,6.04236938955971,10.5028281621309,TRUE,给药途径,Unknown/Missing
meclizine,RASH PRURITIC,51,4.96288104283677,3.76465487418886,6.54248239704986,TRUE,给药途径,Unknown/Missing
meclizine,RASH MACULAR,46,6.81979607450276,5.09870301026382,9.12185283280438,TRUE,给药途径,Unknown/Missing
meclizine,DELIRIUM,41,6.50885680580309,4.78409036118165,8.85543827980396,TRUE,给药途径,Unknown/Missing
meclizine,INJECTION SITE PRURITUS,40,3.17786955734005,2.32722098546799,4.33944820304112,TRUE,给药途径,Unknown/Missing
meclizine,INFUSION SITE ERYTHEMA,37,20.8034859509017,15.0393444744987,28.7768544994238,TRUE,给药途径,Unknown/Missing
meclizine,EYE PRURITUS,33,4.84868200089455,3.44163211695647,6.83097912469189,TRUE,给药途径,Unknown/Missing
meclizine,SYSTEMIC LUPUS ERYTHEMATOSUS,33,4.53010125011131,3.21554113212831,6.38207271902535,TRUE,给药途径,Unknown/Missing
meclizine,ORTHOSTATIC HYPOTENSION,31,10.0577387318884,7.06090573755084,14.3265059978007,TRUE,给药途径,Unknown/Missing
meclizine,GLAUCOMA,29,7.9527179832536,5.51750879155395,11.4627317709,TRUE,给药途径,Unknown/Missing
meclizine,"HALLUCINATION, VISUAL",28,7.51369437216271,5.1796268873454,10.899550169569,TRUE,给药途径,Unknown/Missing
meclizine,RASH ERYTHEMATOUS,28,3.13368051932065,2.16063127592079,4.54494651938463,TRUE,给药途径,Unknown/Missing
meclizine,URINARY RETENTION,27,4.37944590237601,2.99901532704712,6.39528122409513,TRUE,给药途径,Unknown/Missing
meclizine,INFUSION SITE PRURITUS,24,35.4827607230868,23.7161840690309,53.0872211510575,TRUE,给药途径,Unknown/Missing
meclizine,"HALLUCINATION, AUDITORY",23,8.36606847874995,5.55085991567052,12.6090556876679,TRUE,给药途径,Unknown/Missing
meclizine,RASH PAPULAR,20,4.77818510486801,3.0786123262664,7.41602075116454,TRUE,给药途径,Unknown/Missing
meclizine,SEDATION,20,4.15390555240635,2.67646982433205,6.44689926314358,TRUE,给药途径,Unknown/Missing
meclizine,INJECTION SITE RASH,17,2.84781316841362,1.76833490787523,4.5862578440725,TRUE,给药途径,Unknown/Missing
meclizine,SEDATION COMPLICATION,16,28.1487608618958,17.2007891548892,46.0649061461796,TRUE,给药途径,Unknown/Missing
meclizine,DERMATITIS CONTACT,15,6.77241378341199,4.07742286698575,11.2486710233356,TRUE,给药途径,Unknown/Missing
meclizine,VERTIGO POSITIONAL,15,47.9810047223579,28.8182905970415,79.8859601479375,TRUE,给药途径,Unknown/Missing
meclizine,ADMINISTRATION SITE ERYTHEMA,14,229.828968834292,134.138096255898,393.78339479834,TRUE,给药途径,Unknown/Missing
meclizine,APPLICATION SITE PRURITUS,14,3.19630158982231,1.8909393836313,5.4027875994002,TRUE,给药途径,Unknown/Missing
meclizine,PRURITUS GENERALISED,14,3.94239475808769,2.33222448498476,6.66422830592093,TRUE,给药途径,Unknown/Missing
meclizine,RASH GENERALISED,12,2.98630531251869,1.69419862368163,5.2638570796367,TRUE,给药途径,Unknown/Missing
meclizine,VENTRICULAR TACHYCARDIA,12,4.4911693311703,2.54769118537424,7.91720836380796,TRUE,给药途径,Unknown/Missing
meclizine,POSTURAL ORTHOSTATIC TACHYCARDIA SYNDROME,11,38.7389101702174,21.3797809089115,70.1926351616941,TRUE,给药途径,Unknown/Missing
meclizine,APPLICATION SITE ERYTHEMA,10,2.00741652942931,1.07911600734342,3.73427981348033,TRUE,给药途径,Unknown/Missing
meclizine,SINUS TACHYCARDIA,10,4.32736592268478,2.32585151345641,8.05128604318551,TRUE,给药途径,Unknown/Missing
meclizine,SUPRAVENTRICULAR TACHYCARDIA,10,6.30824403975277,3.39004259030431,11.7384787373731,TRUE,给药途径,Unknown/Missing
meclizine,VULVOVAGINAL PRURITUS,10,9.83641138661201,5.28473846756635,18.3083778999619,TRUE,给药途径,Unknown/Missing
meclizine,SINUS HEADACHE,9,8.88100519737173,4.61445020489838,17.0924486804556,TRUE,给药途径,Unknown/Missing
meclizine,MYDRIASIS,8,3.6951217998094,1.84610197612679,7.39608390652026,TRUE,给药途径,Unknown/Missing
meclizine,SINUS BRADYCARDIA,8,4.86127398253325,2.42849036738282,9.7311420504924,TRUE,给药途径,Unknown/Missing
meclizine,TENSION HEADACHE,7,8.12198332662502,3.8668291853572,17.0596139616861,TRUE,给药途径,Unknown/Missing
meclizine,APPLICATION SITE RASH,6,2.17560764999807,0.976631782925306,4.84652325419161,FALSE,给药途径,Unknown/Missing
meclizine,"HALLUCINATIONS, MIXED",6,7.95143930291458,3.56749552711035,17.7226254405838,TRUE,给药途径,Unknown/Missing
meclizine,APPLICATION SITE PAIN,5,1.07666829126069,0.447843791754749,2.58843514356682,FALSE,给药途径,Unknown/Missing
meclizine,CATHETER SITE ERYTHEMA,5,11.3538086195398,4.71772637898738,27.3243846322445,TRUE,给药途径,Unknown/Missing
meclizine,EXFOLIATIVE RASH,5,10.460406791086,4.34689501490474,25.1720158549528,TRUE,给药途径,Unknown/Missing
meclizine,NASAL PRURITUS,5,17.6549178330617,7.33126847812288,42.5159881434281,TRUE,给药途径,Unknown/Missing
meclizine,APPLICATION SITE IRRITATION,4,1.72598939037124,0.647346634349441,4.60192301558485,FALSE,给药途径,Unknown/Missing
meclizine,INFUSION SITE RASH,4,14.0399310281159,5.25843108119443,37.4864023566276,TRUE,给药途径,Unknown/Missing
meclizine,PHARYNGEAL ERYTHEMA,4,10.6864889697549,4.00397746310907,28.5219004234893,TRUE,给药途径,Unknown/Missing
meclizine,PRURITUS ALLERGIC,4,16.2981655848084,6.10265209525358,43.5270104347635,TRUE,给药途径,Unknown/Missing
meclizine,RASH MACULO-PAPULAR,4,0.980800765854825,0.367888628336466,2.61484065612815,FALSE,给药途径,Unknown/Missing
meclizine,APPLICATION SITE HAEMORRHAGE,3,4.74504318513113,1.52876068559687,14.7279002141324,TRUE,给药途径,Unknown/Missing
meclizine,APPLICATION SITE VESICLES,3,2.31972855839037,0.747609481656192,7.19779606418438,FALSE,给药途径,Unknown/Missing
meclizine,PROCEDURAL DIZZINESS,3,46.4668821202171,14.8891492052608,145.016421301713,TRUE,给药途径,Unknown/Missing
meclizine,RASH VESICULAR,3,3.25153430320083,1.04778658561686,10.0902945981765,TRUE,给药途径,Unknown/Missing
meclizine,SOMNOLENCE NEONATAL,3,123.027805998191,39.0305343341843,387.794871551937,TRUE,给药途径,Unknown/Missing
meclizine,TONGUE ERYTHEMA,3,16.1669744267524,5.20088574462959,50.2551055625778,TRUE,给药途径,Unknown/Missing
meclizine,VERTIGO LABYRINTHINE,3,496.845282700738,150.32167887797,1642.17986909507,TRUE,给药途径,Unknown/Missing
meclizine,ANAL PRURITUS,2,5.07012589898656,1.26653280420231,20.296494924002,FALSE,给药途径,Unknown/Missing
meclizine,APPLICATION SITE BURN,2,2.07568873365705,0.518763157333215,8.3053001319123,FALSE,给药途径,Unknown/Missing
meclizine,APPLICATION SITE HYPERSENSITIVITY,2,8.09913735148283,2.0222038095401,32.4378905472948,FALSE,给药途径,Unknown/Missing
meclizine,APPLICATION SITE REACTION,2,1.95231426432961,0.487938677664999,7.81149591367655,FALSE,给药途径,Unknown/Missing
meclizine,APPLICATION SITE URTICARIA,2,4.91945625934815,1.2289248523778,19.6928639215115,FALSE,给药途径,Unknown/Missing
meclizine,DIZZINESS EXERTIONAL,2,12.9857885279189,3.23976396320355,52.0503053948054,FALSE,给药途径,Unknown/Missing
meclizine,EAR PRURITUS,2,2.75291905705306,0.687943893278207,11.0162520646449,FALSE,给药途径,Unknown/Missing
meclizine,GENERALISED ERYTHEMA,2,2.51702783864946,0.629019455369566,10.0719128581073,FALSE,给药途径,Unknown/Missing
meclizine,ORAL MUCOSAL ERYTHEMA,2,6.24762671116572,1.56038055442606,25.0149487004012,FALSE,给药途径,Unknown/Missing
meclizine,RASH PUSTULAR,2,1.61943789152861,0.40476511404208,6.47926165950651,FALSE,给药途径,Unknown/Missing
meclizine,TONGUE PRURITUS,2,10.925782896355,2.7267252962831,43.7787891801953,FALSE,给药途径,Unknown/Missing
meclizine,ANGLE CLOSURE GLAUCOMA,1,2.37629019241388,0.334459638827865,16.8832182512419,FALSE,给药途径,Unknown/Missing
meclizine,APPLICATION SITE PAPULES,1,4.88500332122367,0.687165195800049,34.7271043327258,FALSE,给药途径,Unknown/Missing
meclizine,APPLICATION SITE SCAB,1,2.17674311052272,0.306387571875015,15.4647609895253,FALSE,给药途径,Unknown/Missing
meclizine,APPLICATION SITE SCAR,1,4.25262454249108,0.598295625221275,30.2272233608744,FALSE,给药途径,Unknown/Missing
meclizine,ATRIAL TACHYCARDIA,1,2.64505613344433,0.372265309236484,18.793913307208,FALSE,给药途径,Unknown/Missing
meclizine,BUTTERFLY RASH,1,4.85195768369031,0.682521853675381,34.4919261376767,FALSE,给药途径,Unknown/Missing
meclizine,CATHETER SITE PRURITUS,1,5.06317114382267,0.712198890053179,35.9951446003017,FALSE,给药途径,Unknown/Missing
meclizine,CERVICOGENIC HEADACHE,1,35.8656097857838,5.00977776808202,256.766272847785,FALSE,给药途径,Unknown/Missing
meclizine,CUTANEOUS LUPUS ERYTHEMATOSUS,1,3.36744232026368,0.473856057791534,23.9306168906077,FALSE,给药途径,Unknown/Missing
meclizine,ERYTHEMA OF EYELID,1,0.972609733840907,0.136937254784152,6.90805212835011,FALSE,给药途径,Unknown/Missing
meclizine,EYELIDS PRURITUS,1,1.66664363125133,0.234615736921734,11.8393635057705,FALSE,给药途径,Unknown/Missing
meclizine,GINGIVAL ERYTHEMA,1,6.54064165702329,0.919714538200084,46.5144254099869,FALSE,给药途径,Unknown/Missing
meclizine,"HALLUCINATION, TACTILE",1,8.50549251244078,1.19546826882249,60.5146993574686,FALSE,给药途径,Unknown/Missing
meclizine,IMPLANT SITE ERYTHEMA,1,4.85195768369031,0.682521853675381,34.4919261376767,FALSE,给药途径,Unknown/Missing
meclizine,PALMAR ERYTHEMA,1,4.63758241908136,0.652397642748816,32.9663525501932,FALSE,给药途径,Unknown/Missing
meclizine,PROCEDURAL HEADACHE,1,11.9219238456414,1.67435492370582,84.8877774771274,FALSE,给药途径,Unknown/Missing
meclizine,PROCEDURAL HYPOTENSION,1,8.18208049951685,1.15009649955322,58.2094122767793,FALSE,给药途径,Unknown/Missing
meclizine,PRURITUS GENITAL,1,2.07492647880421,0.292063135941971,14.7410589102838,FALSE,给药途径,Unknown/Missing
meclizine,RASH MORBILLIFORM,1,1.98586750267018,0.279533011838276,14.108064418678,FALSE,给药途径,Unknown/Missing
meclizine,STOMA SITE ERYTHEMA,1,2.33249499291488,0.328298796126131,16.5718941286728,FALSE,给药途径,Unknown/Missing
meclizine,DIZZINESS,78,19.6615386257623,15.0456669660376,25.6935170773721,TRUE,给药途径,Other
meclizine,HEADACHE,54,9.10858285278449,6.73941043804097,12.3106141625878,TRUE,给药途径,Other
meclizine,VERTIGO,29,46.571461849543,31.619717329824,68.5933095536471,TRUE,给药途径,Other
meclizine,RASH,21,4.29293829342249,2.74579747588064,6.71182756667894,TRUE,给药途径,Other
meclizine,SOMNOLENCE,18,8.46238244026316,5.23853777713196,13.6702109657174,TRUE,给药途径,Other
meclizine,PRURITUS,14,3.16925517871066,1.84843593772096,5.43387962915739,TRUE,给药途径,Other
meclizine,HYPOTENSION,13,6.01056718942363,3.43900166034732,10.5050597547334,TRUE,给药途径,Other
meclizine,ERYTHEMA,12,5.04935604990109,2.82737799239683,9.01754084074876,TRUE,给药途径,Other
meclizine,VISION BLURRED,12,8.17091470768382,4.57523619361083,14.592437272086,TRUE,给药途径,Other
meclizine,DRY MOUTH,11,12.4196495783058,6.78573222441464,22.7311792665406,TRUE,给药途径,Other
meclizine,BRADYCARDIA,9,16.4366420845095,8.44876486454268,31.9766507111679,TRUE,给药途径,Other
meclizine,CONFUSIONAL STATE,9,5.22148591933903,2.68408041973906,10.1576372322355,TRUE,给药途径,Other
meclizine,INJECTION SITE ERYTHEMA,9,6.7625852775708,3.47625192391101,13.1557092631437,TRUE,给药途径,Other
meclizine,AMNESIA,8,12.1986998610082,6.03120415995586,24.6730626840611,TRUE,给药途径,Other
meclizine,DYSURIA,7,17.617860720943,8.30966911868193,37.3527527930953,TRUE,给药途径,Other
meclizine,LETHARGY,6,9.88357794570431,4.39679296398258,22.2173556519546,TRUE,给药途径,Other
meclizine,DISORIENTATION,5,12.9175333155309,5.32850083061832,31.3151245091367,TRUE,给药途径,Other
meclizine,DRY EYE,5,8.23429501257743,3.39675399234885,19.9612967282542,TRUE,给药途径,Other
meclizine,PRURITUS GENERALISED,5,23.5249909462741,9.70347353249695,57.0337206742367,TRUE,给药途径,Other
meclizine,TACHYCARDIA,5,5.26206541807894,2.17070933229192,12.7558913817848,TRUE,给药途径,Other
meclizine,URINARY RETENTION,5,13.5041890842903,5.57047752681405,32.7374308479733,TRUE,给药途径,Other
meclizine,GLAUCOMA,4,18.1681090838607,6.76396597896957,48.7998001038655,TRUE,给药途径,Other
meclizine,INJECTION SITE PRURITUS,4,5.25407398135565,1.95625645516046,14.1112855263622,TRUE,给药途径,Other
meclizine,SOMNOLENCE NEONATAL,4,2764.88211382114,1010.59712947814,7564.41204941443,TRUE,给药途径,Other
meclizine,HALLUCINATION,3,3.63069111828973,1.16292271649143,11.3351625258453,TRUE,给药途径,Other
meclizine,INJECTION SITE RASH,3,8.32302237427735,2.66579412529964,25.9857656618307,TRUE,给药途径,Other
meclizine,ORTHOSTATIC HYPOTENSION,3,16.039640168987,5.13705059430319,50.0812775789835,TRUE,给药途径,Other
meclizine,RASH PRURITIC,3,4.79211629289326,1.53491714818237,14.961314747058,TRUE,给药途径,Other
meclizine,SINUS TACHYCARDIA,3,21.5335406155844,6.89629651200177,67.2380270535132,TRUE,给药途径,Other
meclizine,SYSTEMIC LUPUS ERYTHEMATOSUS,3,6.79100094328445,2.1751267094154,21.2023021978729,TRUE,给药途径,Other
meclizine,AGITATION,2,2.69436365614626,0.670071622894935,10.834059022225,FALSE,给药途径,Other
meclizine,APPLICATION SITE ERYTHEMA,2,6.63478060639572,1.64996608704726,26.6795263494066,FALSE,给药途径,Other
meclizine,APPLICATION SITE PRURITUS,2,7.53651792768856,1.87419768746514,30.3058225150154,FALSE,给药途径,Other
meclizine,BRADYCARDIA NEONATAL,2,147.779750961056,36.7003656751967,595.058234225475,FALSE,给药途径,Other
meclizine,CLUSTER HEADACHE,2,125.754935426978,31.2372644269679,506.264043102014,FALSE,给药途径,Other
meclizine,DERMATITIS CONTACT,2,14.8895895040824,3.70251203875319,59.8782322054886,FALSE,给药途径,Other
meclizine,"HALLUCINATION, AUDITORY",2,11.9673525579732,2.97593967014295,48.1251447009169,FALSE,给药途径,Other
meclizine,MYDRIASIS,2,15.2694118561778,3.79694640932808,61.4059070891237,FALSE,给药途径,Other
meclizine,RASH GENERALISED,2,8.21942146145744,2.04401011527467,33.0521305429003,FALSE,给药途径,Other
meclizine,RASH MACULAR,2,4.85155459095121,1.20652651207201,19.5085493053592,FALSE,给药途径,Other
meclizine,SEDATION,2,6.84448410656383,1.70211261053874,27.5228339153055,FALSE,给药途径,Other
meclizine,APPLICATION SITE PAIN,1,3.54917810123825,0.497945458295147,25.2972790181425,FALSE,给药途径,Other
meclizine,APPLICATION SITE VESICLES,1,12.7489458642615,1.78843533350021,90.8814635929645,FALSE,给药途径,Other
meclizine,BRADYCARDIA FOETAL,1,114.731436245791,16.0720672460545,819.017383482728,FALSE,给药途径,Other
meclizine,DELIRIUM,1,2.59036731400488,0.363430245926915,18.4629730097209,FALSE,给药途径,Other
meclizine,ERYTHEMA OF EYELID,1,16.0496107395223,2.25135369737201,114.415609235844,FALSE,给药途径,Other
meclizine,EYE PRURITUS,1,2.40307578390158,0.337153990057123,17.127999055256,FALSE,给药途径,Other
meclizine,GENITAL RASH,1,63.692167774236,8.92853901320625,454.351179938974,FALSE,给药途径,Other
meclizine,"HALLUCINATION, TACTILE",1,140.354175595663,19.6544793250735,1002.28015615797,FALSE,给药途径,Other
meclizine,"HALLUCINATIONS, MIXED",1,21.8084056126225,3.0589241284457,155.481644981606,FALSE,给药途径,Other
meclizine,OPEN ANGLE GLAUCOMA,1,149.514394419784,20.9345911156335,1067.82855300293,FALSE,给药途径,Other
meclizine,RASH ERYTHEMATOUS,1,1.83338969932975,0.257228467744557,13.0674408594091,FALSE,给药途径,Other
meclizine,RASH PAPULAR,1,3.92002642316878,0.54997222732291,27.9406966296119,FALSE,给药途径,Other
meclizine,SINUS HEADACHE,1,16.2219937552357,2.27552926510665,115.644780065078,FALSE,给药途径,Other
meclizine,STOMA SITE ERYTHEMA,1,38.4898836538566,5.39748745673031,274.474217043362,FALSE,给药途径,Other
meclizine,SUBACUTE CUTANEOUS LUPUS ERYTHEMATOSUS,1,40.8127913954669,5.72304886546326,291.048352136527,FALSE,给药途径,Other
meclizine,TENSION HEADACHE,1,19.0877164572268,2.67741093952921,136.079566334912,FALSE,给药途径,Other
meclizine,VERTIGO POSITIONAL,1,52.0643453579715,7.29968797352154,371.34409955422,FALSE,给药途径,Other
meclizine,DIZZINESS,259,22.2018625825241,19.1135029638674,25.7892393176235,TRUE,给药途径,Oral
meclizine,HEADACHE,180,10.1747870756332,8.60918741936689,12.0250944707724,TRUE,给药途径,Oral
meclizine,VERTIGO,111,60.3345419705444,49.3287938696334,73.7957827311953,TRUE,给药途径,Oral
meclizine,RASH,100,7.0409461824722,5.70587525268085,8.6883994039613,TRUE,给药途径,Oral
meclizine,PRURITUS,93,7.39519355677799,5.95333680272415,9.18625798513297,TRUE,给药途径,Oral
meclizine,HYPOTENSION,59,9.15969625284159,7.02270737913481,11.9469644561293,TRUE,给药途径,Oral
meclizine,SOMNOLENCE,59,9.11705414993829,6.99001528475903,11.8913440080943,TRUE,给药途径,Oral
meclizine,VISION BLURRED,50,11.3362850289716,8.50992021542404,15.1013587677546,TRUE,给药途径,Oral
meclizine,ERYTHEMA,49,6.85480056927292,5.13196389783232,9.15600572801217,TRUE,给药途径,Oral
meclizine,HALLUCINATION,41,16.938639448849,12.3646921495678,23.2045814733959,TRUE,给药途径,Oral
meclizine,CONFUSIONAL STATE,39,7.5125676431513,5.44315404809686,10.368744315193,TRUE,给药途径,Oral
meclizine,AMNESIA,32,16.1172512330999,11.3114075217207,22.9649393156464,TRUE,给药途径,Oral
meclizine,TACHYCARDIA,26,9.07407917390641,6.13652523183259,13.4178398594692,TRUE,给药途径,Oral
meclizine,DRY MOUTH,22,7.9911480013226,5.22915637837683,12.2119978364205,TRUE,给药途径,Oral
meclizine,BRADYCARDIA,14,8.20573235968123,4.83581686408329,13.9240267882816,TRUE,给药途径,Oral
meclizine,DYSURIA,14,11.4036093196782,6.72015863511008,19.3510767493544,TRUE,给药途径,Oral
meclizine,DRY EYE,13,6.97613708322808,4.03146655316785,12.0716587778085,TRUE,给药途径,Oral
meclizine,URINARY RETENTION,12,10.5475672839043,5.96241130959594,18.6587556328831,TRUE,给药途径,Oral
meclizine,RASH PRURITIC,10,5.22650766661368,2.80044032411434,9.75431690293581,TRUE,给药途径,Oral
meclizine,LETHARGY,9,4.78509498636077,2.47992520444426,9.2329937965311,TRUE,给药途径,Oral
meclizine,AGITATION,8,3.53109048305105,1.75933812736333,7.08709701993444,TRUE,给药途径,Oral
meclizine,ORTHOSTATIC HYPOTENSION,8,13.9609253032305,6.95485136205376,28.02467301973,TRUE,给药途径,Oral
meclizine,SYSTEMIC LUPUS ERYTHEMATOSUS,8,5.90962377771981,2.94432036105774,11.8613632049351,TRUE,给药途径,Oral
meclizine,DISORIENTATION,7,5.8455183098397,2.7769673796004,12.3048202012327,TRUE,给药途径,Oral
meclizine,VENTRICULAR TACHYCARDIA,7,14.1568502936066,6.72445912549678,29.8040937561327,TRUE,给药途径,Oral
meclizine,INJECTION SITE ERYTHEMA,6,1.43143145285923,0.641033903127007,3.19639256869185,FALSE,给药途径,Oral
meclizine,INJECTION SITE PRURITUS,6,2.55437148006683,1.14389499281313,5.70403201270477,TRUE,给药途径,Oral
meclizine,SINUS TACHYCARDIA,6,14.0190553018603,6.2767625982231,31.3113501556129,TRUE,给药途径,Oral
meclizine,DIZZINESS POSTURAL,5,14.1124289409811,5.85545362107381,34.0128474244012,TRUE,给药途径,Oral
meclizine,"HALLUCINATION, VISUAL",5,7.19583701251519,2.98604587953146,17.3406814227544,TRUE,给药途径,Oral
meclizine,RASH ERYTHEMATOUS,5,3.00360566284142,1.24649990577335,7.23758336127258,TRUE,给药途径,Oral
meclizine,RASH GENERALISED,5,6.70628384185321,2.78292229530395,16.1607972466186,TRUE,给药途径,Oral
meclizine,VERTIGO POSITIONAL,5,85.5379982585139,35.4434603484805,206.434390833603,TRUE,给药途径,Oral
meclizine,DELIRIUM,4,3.39055689240355,1.26915391952673,9.05790532082349,TRUE,给药途径,Oral
meclizine,"HALLUCINATION, AUDITORY",4,7.80109272176936,2.91983573187141,20.8426272030851,TRUE,给药途径,Oral
meclizine,SEDATION,4,4.46135582496285,1.66993798073912,11.9188233494279,TRUE,给药途径,Oral
meclizine,DERMATITIS CONTACT,3,7.26948144358052,2.3388888933641,22.5942158297876,TRUE,给药途径,Oral
meclizine,EYE PRURITUS,3,2.35586238260569,0.75806770727549,7.32136128806184,FALSE,给药途径,Oral
meclizine,GLAUCOMA,3,4.39856466262825,1.41529663801736,13.6701879815281,TRUE,给药途径,Oral
meclizine,MYDRIASIS,3,7.45494036702665,2.39854777645133,23.1707437398428,TRUE,给药途径,Oral
meclizine,PRURITUS GENERALISED,3,4.53756080147516,1.46001555543274,14.1022182609426,TRUE,给药途径,Oral
meclizine,SINUS HEADACHE,3,15.9094713160855,5.11765053179381,49.4584919358743,TRUE,给药途径,Oral
meclizine,STOMA SITE ERYTHEMA,3,37.7720594204075,12.1438009504418,117.48615434996,TRUE,给药途径,Oral
meclizine,TENSION HEADACHE,3,18.7214964018416,6.02179173781391,58.204342292882,TRUE,给药途径,Oral
meclizine,VULVOVAGINAL PRURITUS,3,15.8514857699267,5.09900532765798,49.2781601445391,TRUE,给药途径,Oral
meclizine,ATRIAL TACHYCARDIA,2,28.5049289156063,7.10985205681931,114.282402220232,FALSE,给药途径,Oral
meclizine,EXFOLIATIVE RASH,2,22.4771443063206,5.60737836336226,90.0995052283615,FALSE,给药途径,Oral
meclizine,INJECTION SITE RASH,2,1.79610894031332,0.448352428107625,7.19524892301697,FALSE,给药途径,Oral
meclizine,PHARYNGEAL ERYTHEMA,2,28.7168809613133,7.16267296712044,115.132891859192,FALSE,给药途径,Oral
meclizine,RASH MACULAR,2,1.57686820612278,0.393627191180312,6.31692473282888,FALSE,给药途径,Oral
meclizine,RASH PAPULAR,2,2.55861628266202,0.638678244665952,10.2501022018172,FALSE,给药途径,Oral
meclizine,SUPRAVENTRICULAR TACHYCARDIA,2,6.77120260843801,1.69000562026334,27.12960490473,FALSE,给药途径,Oral
meclizine,APPLICATION SITE ERYTHEMA,1,1.07676759486633,0.151470500725688,7.65448353177319,FALSE,给药途径,Oral
meclizine,CUTANEOUS LUPUS ERYTHEMATOSUS,1,18.1100387958935,2.5457311144059,128.832736235502,FALSE,给药途径,Oral
meclizine,EAR PRURITUS,1,7.3984041288949,1.04046620927492,52.6075553117614,FALSE,给药途径,Oral
meclizine,GENERALISED ERYTHEMA,1,6.76463741810285,0.951362650903273,48.0997644325746,FALSE,给药途径,Oral
meclizine,"HALLUCINATION, TACTILE",1,45.7423716449724,6.42250443727416,325.786394410778,FALSE,给药途径,Oral
meclizine,INFUSION SITE ERYTHEMA,1,2.98338514925348,0.41964337736195,21.2098830314896,FALSE,给药途径,Oral
meclizine,INFUSION SITE PRURITUS,1,7.84489528795812,1.10323715028311,55.7834569505158,FALSE,给药途径,Oral
meclizine,OPEN ANGLE GLAUCOMA,1,48.7277486910995,6.84080607140115,347.092647813742,FALSE,给药途径,Oral
meclizine,ORAL MUCOSAL ERYTHEMA,1,16.7835368978963,2.35939689698455,119.389455484602,FALSE,给药途径,Oral
meclizine,PRURITUS ALLERGIC,1,21.8348253976094,3.06884149053996,155.35491214315,FALSE,给药途径,Oral
meclizine,RASH PUSTULAR,1,4.35277355922455,0.612226273626976,30.9471162445216,FALSE,给药途径,Oral
meclizine,SINUS BRADYCARDIA,1,3.25919291043868,0.458433186551762,23.170963052114,FALSE,给药途径,Oral
meclizine,CONFUSIONAL STATE,3,27.9629818372921,8.09507853752275,96.5930533728968,TRUE,给药途径,Transdermal
meclizine,DIZZINESS,3,8.66969051792669,2.50983314838381,29.9476217074546,TRUE,给药途径,Transdermal
meclizine,HEADACHE,3,6.61157671945444,1.91402095967125,22.8382800597649,TRUE,给药途径,Transdermal
meclizine,HYPOTENSION,3,21.9143600292615,6.34406361318163,75.6989848737108,TRUE,给药途径,Transdermal
meclizine,RASH,3,9.36235407350532,2.71035504957857,32.3402920260616,TRUE,给药途径,Transdermal
meclizine,ORTHOSTATIC HYPOTENSION,2,165.06445224929,37.9488159474609,717.974269186156,FALSE,给药途径,Transdermal
meclizine,PRURITUS,2,6.6779114247378,1.53541573456844,29.0439260147206,FALSE,给药途径,Transdermal
meclizine,SOMNOLENCE,2,13.6326487904455,3.13446766378834,59.2920817753844,FALSE,给药途径,Transdermal
meclizine,VISION BLURRED,2,20.2554476098281,4.65718716836929,88.0967723739025,FALSE,给药途径,Transdermal
meclizine,AGITATION,1,19.6528905722292,2.61531086647741,147.682676195293,FALSE,给药途径,Transdermal
meclizine,DIZZINESS POSTURAL,1,126.125795587522,16.7825700305321,947.87129049036,FALSE,给药途径,Transdermal
meclizine,DRY MOUTH,1,15.8710112408132,2.11204411489162,119.263132824735,FALSE,给药途径,Transdermal
meclizine,DYSURIA,1,35.9689523242975,4.78650132228018,270.294614833881,FALSE,给药途径,Transdermal
meclizine,VENTRICULAR TACHYCARDIA,1,90.1324370913616,11.9936114178168,677.348626116076,FALSE,给药途径,Transdermal
meclizine,VERTIGO,1,20.8653457521073,2.77665540878538,156.79390823128,FALSE,给药途径,Transdermal
cinnarizine,DIZZINESS,86,16.2117246042375,12.6540881730876,20.7695735203267,TRUE,给药途径,Unknown/Missing
cinnarizine,HEADACHE,63,8.23264216492342,6.2471078675081,10.8492439146421,TRUE,给药途径,Unknown/Missing
cinnarizine,VERTIGO,30,37.2285830980258,25.5548773952895,54.2349461532571,TRUE,给药途径,Unknown/Missing
cinnarizine,LETHARGY,27,37.5686363904548,25.3208791727708,55.7406569735531,TRUE,给药途径,Unknown/Missing
cinnarizine,SOMNOLENCE,27,10.1905345550581,6.86887091081078,15.1184955819144,TRUE,给药途径,Unknown/Missing
cinnarizine,TACHYCARDIA,25,22.1577348316334,14.7261665291814,33.3396482985632,TRUE,给药途径,Unknown/Missing
cinnarizine,MEDICATION OVERUSE HEADACHE,24,1772.47617774808,1162.51552018444,2702.47729697923,TRUE,给药途径,Unknown/Missing
cinnarizine,VISION BLURRED,18,9.78915428716346,6.08309386796096,15.7530927087292,TRUE,给药途径,Unknown/Missing
cinnarizine,PRURITUS,17,3.037535362369,1.86327791683884,4.95182226669422,TRUE,给药途径,Unknown/Missing
cinnarizine,CONFUSIONAL STATE,16,7.45744607429351,4.50994713879685,12.3312979596989,TRUE,给药途径,Unknown/Missing
cinnarizine,RASH,12,1.84784716096496,1.03784839171686,3.29001726797279,TRUE,给药途径,Unknown/Missing
cinnarizine,DISORIENTATION,10,20.6885758008235,11.0189838106381,38.843615348014,TRUE,给药途径,Unknown/Missing
cinnarizine,DRY MOUTH,9,7.91049596257327,4.07677091432057,15.349389918888,TRUE,给药途径,Unknown/Missing
cinnarizine,ERYTHEMA,9,2.93580142751056,1.51304326685555,5.69642006317845,TRUE,给药途径,Unknown/Missing
cinnarizine,BRADYCARDIA,8,11.4317947761037,5.66566106504554,23.066316587348,TRUE,给药途径,Unknown/Missing
cinnarizine,HYPOTENSION,8,2.84606217382647,1.41059638655812,5.74230160694668,TRUE,给药途径,Unknown/Missing
cinnarizine,HALLUCINATION,7,6.77224245310495,3.20154722962011,14.3253447643435,TRUE,给药途径,Unknown/Missing
cinnarizine,"HALLUCINATION, AUDITORY",7,33.6310331628215,15.8961877258163,71.1520530021114,TRUE,给药途径,Unknown/Missing
cinnarizine,AGITATION,6,6.46694020621834,2.88286559881422,14.5068558340025,TRUE,给药途径,Unknown/Missing
cinnarizine,RASH ERYTHEMATOUS,6,8.83686807646851,3.9392792893293,19.8234833494641,TRUE,给药途径,Unknown/Missing
cinnarizine,DYSURIA,4,7.84007064137645,2.92389968840457,21.0221670413435,TRUE,给药途径,Unknown/Missing
cinnarizine,"HALLUCINATION, VISUAL",4,14.022144233547,5.22918326165167,37.6006192684651,TRUE,给药途径,Unknown/Missing
cinnarizine,SINUS TACHYCARDIA,4,22.7320451084496,8.47667345560849,60.9609273636333,TRUE,给药途径,Unknown/Missing
cinnarizine,DELIRIUM,3,6.18255191649522,1.98308294935909,19.2750122794976,TRUE,给药途径,Unknown/Missing
cinnarizine,GLAUCOMA,3,10.7085988837488,3.43467912343578,33.3871333920461,TRUE,给药途径,Unknown/Missing
cinnarizine,RASH GENERALISED,3,9.76929692737394,3.13343647218928,30.4583045810137,TRUE,给药途径,Unknown/Missing
cinnarizine,RASH MACULAR,3,5.76624013722799,1.84955663883379,17.9770246674598,TRUE,给药途径,Unknown/Missing
cinnarizine,RASH PAPULAR,3,9.35646245004511,3.00103492924298,29.1710665297679,TRUE,给药途径,Unknown/Missing
cinnarizine,SUBACUTE CUTANEOUS LUPUS ERYTHEMATOSUS,3,97.5147850895414,31.2498851253338,304.293384533134,TRUE,给药途径,Unknown/Missing
cinnarizine,URINARY RETENTION,3,6.3417232618914,2.03413468907263,19.7712836551398,TRUE,给药途径,Unknown/Missing
cinnarizine,AMNESIA,2,2.35008181648589,0.585133700476418,9.43867109291579,FALSE,给药途径,Unknown/Missing
cinnarizine,DIZZINESS POSTURAL,2,13.6583605777069,3.40024704336803,54.8638999729488,FALSE,给药途径,Unknown/Missing
cinnarizine,MYDRIASIS,2,12.059872611465,3.00236253401434,48.4420271559611,FALSE,给药途径,Unknown/Missing
cinnarizine,PRURITUS GENERALISED,2,7.34072922478788,1.82761515923779,29.4844925526488,FALSE,给药途径,Unknown/Missing
cinnarizine,RASH PRURITIC,2,2.51299735458442,0.625695877019122,10.0930115349877,FALSE,给药途径,Unknown/Missing
cinnarizine,SEDATION,2,5.4058143819526,1.34591298321431,21.7122722617145,FALSE,给药途径,Unknown/Missing
cinnarizine,DRY EYE,1,1.28076807608883,0.179842983776896,9.12110570164495,FALSE,给药途径,Unknown/Missing
cinnarizine,ERYTHEMA MULTIFORME,1,8.35478187304896,1.17301773755977,59.506670624979,FALSE,给药途径,Unknown/Missing
cinnarizine,INJECTION SITE ERYTHEMA,1,0.574829614463912,0.0807174592062358,4.09365072828261,FALSE,给药途径,Unknown/Missing
cinnarizine,LIP PRURITUS,1,69.9973162332265,9.81712754928815,499.089398121305,FALSE,给药途径,Unknown/Missing
cinnarizine,PHARYNGEAL ERYTHEMA,1,34.7586790505676,4.87790019664822,247.681527016592,FALSE,给药途径,Unknown/Missing
cinnarizine,TENSION HEADACHE,1,15.0883290663936,2.11816432290615,107.478759581518,FALSE,给药途径,Unknown/Missing
cinnarizine,HYPOTENSION,5,60.8740043698308,20.400499219922,181.644790554902,TRUE,给药途径,Other
cinnarizine,HEADACHE,4,13.2231827566019,4.14713043825985,42.1623010941178,TRUE,给药途径,Other
cinnarizine,VISION BLURRED,4,64.8186496777703,20.3285512105031,206.67765757349,TRUE,给药途径,Other
cinnarizine,DIZZINESS,3,11.8223079874512,3.29814456483492,42.3774529595697,TRUE,给药途径,Other
cinnarizine,DRY EYE,3,110.036550348995,30.6966569054712,394.44172862188,TRUE,给药途径,Other
cinnarizine,PRURITUS,3,14.5700375982025,4.06469271414614,52.226825135939,TRUE,给药途径,Other
cinnarizine,RASH,3,12.7668494132463,3.56164825396867,45.7632063354065,TRUE,给药途径,Other
cinnarizine,RASH PAPULAR,3,266.238437310051,74.2683383663405,954.416202926971,TRUE,给药途径,Other
cinnarizine,RASH PRURITIC,3,107.606232766965,30.0186992584963,385.729615750119,TRUE,给药途径,Other
cinnarizine,SINUS TACHYCARDIA,3,483.532322928351,134.874244839355,1733.4926145089,TRUE,给药途径,Other
cinnarizine,CONFUSIONAL STATE,2,23.3023032986166,5.21514656589646,104.119286420741,FALSE,给药途径,Other
cinnarizine,AGITATION,1,25.6999396555996,3.36182025958712,196.46704680832,FALSE,给药途径,Other
cinnarizine,DISORIENTATION,1,48.6828229299644,6.36811959443602,372.169085910542,FALSE,给药途径,Other
cinnarizine,GENERALISED ERYTHEMA,1,397.569424144987,51.9928061476967,3040.06378432372,FALSE,给药途径,Other
cinnarizine,SOMNOLENCE,1,8.38927155741943,1.09741744038529,64.1322751708933,FALSE,给药途径,Other
cinnarizine,URINARY RETENTION,1,50.8934450090357,6.65727719828942,389.069384936123,FALSE,给药途径,Other
cinnarizine,DIZZINESS,27,27.2203900120712,16.8219717431375,44.0465388792213,TRUE,给药途径,Oral
cinnarizine,HYPOTENSION,17,35.1486722560704,20.353445271664,60.6987733464769,TRUE,给药途径,Oral
cinnarizine,ORTHOSTATIC HYPOTENSION,14,330.424457741212,183.91443225333,593.647387732927,TRUE,给药途径,Oral
cinnarizine,CONFUSIONAL STATE,11,26.0687817419543,13.6947931796337,49.6233402429397,TRUE,给药途径,Oral
cinnarizine,DELIRIUM,7,71.6832953747346,32.8281060679804,156.527300878724,TRUE,给药途径,Oral
cinnarizine,TACHYCARDIA,7,28.6501575127141,13.1213425449834,62.556977130145,TRUE,给药途径,Oral
cinnarizine,HEADACHE,5,2.54291651031353,1.02396292759451,6.31509618577309,TRUE,给药途径,Oral
cinnarizine,AGITATION,4,20.2495275469826,7.38045385798814,55.5580149630231,TRUE,给药途径,Oral
cinnarizine,DRY MOUTH,2,7.93560417030737,1.94483198409438,32.3800791342517,FALSE,给药途径,Oral
cinnarizine,ERYTHEMA,2,2.9453178354556,0.721838347135384,12.0177837410262,FALSE,给药途径,Oral
cinnarizine,RASH,2,1.37680883875697,0.337429630688248,5.61777154724939,FALSE,给药途径,Oral
cinnarizine,AMNESIA,1,5.34725002721124,0.742605892039578,38.5037112686776,FALSE,给药途径,Oral
cinnarizine,APPLICATION SITE ERYTHEMA,1,11.9229393221414,1.65577145785919,85.8551350216329,FALSE,给药途径,Oral
cinnarizine,APPLICATION SITE PRURITUS,1,13.5433080645458,1.88078496367549,97.5237450711774,FALSE,给药途径,Oral
cinnarizine,GLAUCOMA,1,16.1904052399698,2.24836979221231,116.586347469344,FALSE,给药途径,Oral
cinnarizine,PRURITUS,1,0.774245853423132,0.107526207073451,5.57498174499382,FALSE,给药途径,Oral
cinnarizine,RASH GENERALISED,1,14.7704317728647,2.05118841301897,106.360611912657,FALSE,给药途径,Oral
cinnarizine,RASH PRURITIC,1,5.71793101436309,0.794083550383957,41.1729157079337,FALSE,给药途径,Oral
cinnarizine,SINUS TACHYCARDIA,1,25.6897161187734,3.56741526932378,184.99710979492,FALSE,给药途径,Oral
cinnarizine,VERTIGO POSITIONAL,1,187.886289260062,26.0748663774194,1353.84232390492,FALSE,给药途径,Oral
cinnarizine,AGITATION,1,334.099442907492,20.8961917531602,5341.75983210988,FALSE,给药途径,Transdermal
cinnarizine,CONFUSIONAL STATE,1,139.812794114134,8.74463354829366,2235.38439776194,FALSE,给药途径,Transdermal
cinnarizine,DIZZINESS,1,43.3482702845034,2.71124093899121,693.067336670389,FALSE,给药途径,Transdermal
cinnarizine,HEADACHE,1,33.0577832300756,2.06761771052873,528.53921037812,FALSE,给药途径,Transdermal
cinnarizine,RASH,1,46.811555098951,2.92785355802949,748.439649507927,FALSE,给药途径,Transdermal
promethazine,HEADACHE,2119,12.3053783154628,11.7060700044712,12.9353690375015,TRUE,给药途径,Unknown/Missing
promethazine,DIZZINESS,1405,9.50478980860295,8.97091700596036,10.0704341870178,TRUE,给药途径,Unknown/Missing
promethazine,RASH,965,6.59190861439114,6.16188326533718,7.05194456132014,TRUE,给药途径,Unknown/Missing
promethazine,PRURITUS,828,6.32824562149247,5.88797040987902,6.8014425783708,TRUE,给药途径,Unknown/Missing
promethazine,SOMNOLENCE,692,10.6098605510049,9.81188141627663,11.4727376061672,TRUE,给药途径,Unknown/Missing
promethazine,HYPOTENSION,557,8.41372417246569,7.71799912595873,9.17216409266435,TRUE,给药途径,Unknown/Missing
promethazine,CONFUSIONAL STATE,472,8.9950136743513,8.19431491216664,9.87395186407028,TRUE,给药途径,Unknown/Missing
promethazine,ERYTHEMA,358,4.80379312445238,4.32002091119461,5.3417399723083,TRUE,给药途径,Unknown/Missing
promethazine,VISION BLURRED,330,7.14563929830936,6.3987242736037,7.9797407730442,TRUE,给药途径,Unknown/Missing
promethazine,TACHYCARDIA,300,10.3087303173829,9.1829986699277,11.5724639168837,TRUE,给药途径,Unknown/Missing
promethazine,AGITATION,287,12.77070732167,11.3471695752878,14.3728323097365,TRUE,给药途径,Unknown/Missing
promethazine,DRY MOUTH,286,10.2650030972862,9.11951539843602,11.5543736682946,TRUE,给药途径,Unknown/Missing
promethazine,HALLUCINATION,251,9.93355512044144,8.75751754634965,11.2675215103598,TRUE,给药途径,Unknown/Missing
promethazine,AMNESIA,243,11.8676056625982,10.4412559836432,13.4888048318677,TRUE,给药途径,Unknown/Missing
promethazine,LETHARGY,226,11.9963442376454,10.5062390732597,13.6977917658824,TRUE,给药途径,Unknown/Missing
promethazine,VERTIGO,178,8.27389709872246,7.12947647628153,9.60201964730415,TRUE,给药途径,Unknown/Missing
promethazine,INJECTION SITE ERYTHEMA,151,3.56321146499976,3.03276911811765,4.18643010721043,TRUE,给药途径,Unknown/Missing
promethazine,DYSURIA,144,11.5036800313014,9.75134861933092,13.5709079255176,TRUE,给药途径,Unknown/Missing
promethazine,DELIRIUM,140,11.7929014895048,9.9734346530827,13.9442960603525,TRUE,给药途径,Unknown/Missing
promethazine,DISORIENTATION,134,11.0630738299385,9.32242073270535,13.1287362023139,TRUE,给药途径,Unknown/Missing
promethazine,SEDATION,127,14.0659805948563,11.7974171931212,16.7707733698048,TRUE,给药途径,Unknown/Missing
promethazine,RASH PRURITIC,120,6.15198314712428,5.13575038317174,7.36930220878992,TRUE,给药途径,Unknown/Missing
promethazine,DRY EYE,119,6.23791980982424,5.20359417839064,7.47783978147047,TRUE,给药途径,Unknown/Missing
promethazine,URINARY RETENTION,119,10.2472535830277,8.54679904479303,12.2860272535419,TRUE,给药途径,Unknown/Missing
promethazine,INJECTION SITE PRURITUS,108,4.52419080301403,3.74094268305981,5.47142903706164,TRUE,给药途径,Unknown/Missing
promethazine,SYSTEMIC LUPUS ERYTHEMATOSUS,98,7.10231200918519,5.8175173278635,8.67085270794397,TRUE,给药途径,Unknown/Missing
promethazine,"HALLUCINATION, AUDITORY",95,18.3541957665509,14.9802607926069,22.4880265371035,TRUE,给药途径,Unknown/Missing
promethazine,BRADYCARDIA,88,5.00865169765466,4.05851661973096,6.18122190419463,TRUE,给药途径,Unknown/Missing
promethazine,SINUS TACHYCARDIA,86,19.8382198080448,16.0254081028348,24.5581867635985,TRUE,给药途径,Unknown/Missing
promethazine,DERMATITIS CONTACT,78,18.7108851843471,14.9567158384482,23.407359487425,TRUE,给药途径,Unknown/Missing
promethazine,RASH ERYTHEMATOUS,73,4.30070941254402,3.41468917337217,5.41662813569616,TRUE,给药途径,Unknown/Missing
promethazine,INFUSION SITE ERYTHEMA,72,21.332413478919,16.8963106123939,26.9332089871596,TRUE,给药途径,Unknown/Missing
promethazine,ORTHOSTATIC HYPOTENSION,66,11.2700450825518,8.8398607687369,14.3683163666952,TRUE,给药途径,Unknown/Missing
promethazine,RASH MACULAR,61,4.7292091851797,3.67503332072898,6.08577326116641,TRUE,给药途径,Unknown/Missing
promethazine,"HALLUCINATION, VISUAL",59,8.32557477799325,6.44129451857549,10.761065991326,TRUE,给药途径,Unknown/Missing
promethazine,VENTRICULAR TACHYCARDIA,58,11.4820255917959,8.86239080927444,14.8759984216324,TRUE,给药途径,Unknown/Missing
promethazine,INJECTION SITE RASH,56,4.94244226102498,3.79892396289974,6.43017226512739,TRUE,给药途径,Unknown/Missing
promethazine,RASH GENERALISED,54,7.09336889446197,5.42543815241767,9.27406798481317,TRUE,给药途径,Unknown/Missing
promethazine,GLAUCOMA,49,7.05067070772606,5.32178667438413,9.34121573644986,TRUE,给药途径,Unknown/Missing
promethazine,EYE PRURITUS,46,3.53860330519358,2.64763906027311,4.72938835939191,TRUE,给药途径,Unknown/Missing
promethazine,SUPRAVENTRICULAR TACHYCARDIA,40,13.3278877509564,9.75962157815142,18.2007663391125,TRUE,给药途径,Unknown/Missing
promethazine,INFUSION SITE PRURITUS,37,28.7852569362252,20.797708846606,39.8404950754812,TRUE,给药途径,Unknown/Missing
promethazine,PRURITUS GENERALISED,35,5.18173865090261,3.71626549927849,7.22510688525106,TRUE,给药途径,Unknown/Missing
promethazine,RASH PAPULAR,32,4.00909960936929,2.83224042061615,5.67497009111548,TRUE,给药途径,Unknown/Missing
promethazine,APPLICATION SITE ERYTHEMA,30,3.16583937384496,2.21142144934873,4.53217044807931,TRUE,给药途径,Unknown/Missing
promethazine,MYDRIASIS,27,6.5638417857535,4.49594642089579,9.58285863642909,TRUE,给药途径,Unknown/Missing
promethazine,SINUS HEADACHE,27,14.0488438520587,9.61687451893592,20.5233013273595,TRUE,给药途径,Unknown/Missing
promethazine,POSTURAL ORTHOSTATIC TACHYCARDIA SYNDROME,25,46.7334314209907,31.4315838370373,69.4846821497717,TRUE,给药途径,Unknown/Missing
promethazine,RASH MACULO-PAPULAR,21,2.70782632056394,1.76404357364928,4.15654323502366,TRUE,给药途径,Unknown/Missing
promethazine,SINUS BRADYCARDIA,20,6.3886088013531,4.11676874165675,9.91416447655522,TRUE,给药途径,Unknown/Missing
promethazine,APPLICATION SITE PRURITUS,19,2.27340765864704,1.44896948010418,3.56693667697088,TRUE,给药途径,Unknown/Missing
promethazine,DIZZINESS POSTURAL,17,4.67056319099622,2.90055651423538,7.52068108793226,TRUE,给药途径,Unknown/Missing
promethazine,APPLICATION SITE PAIN,16,1.80945148407815,1.10774485898854,2.9556577461548,TRUE,给药途径,Unknown/Missing
promethazine,CATHETER SITE ERYTHEMA,16,19.1819699594285,11.7211788657997,31.3917205544934,TRUE,给药途径,Unknown/Missing
promethazine,"HALLUCINATIONS, MIXED",16,11.1615001237226,6.82615903735831,18.250246490019,TRUE,给药途径,Unknown/Missing
promethazine,APPLICATION SITE BURN,14,7.65246000309605,4.52601079950663,12.9385780752817,TRUE,给药途径,Unknown/Missing
promethazine,INFUSION SITE RASH,14,26.0050507985573,15.3480444821909,44.0618130746394,TRUE,给药途径,Unknown/Missing
promethazine,RASH PUSTULAR,14,5.96659075933945,3.52959918061919,10.086189243502,TRUE,给药途径,Unknown/Missing
promethazine,APPLICATION SITE RASH,13,2.47418476510086,1.43556073366719,4.26425027398137,TRUE,给药途径,Unknown/Missing
promethazine,TENSION HEADACHE,13,7.92331873160127,4.59422830077219,13.6647496842923,TRUE,给药途径,Unknown/Missing
promethazine,VULVOVAGINAL PRURITUS,13,6.70589980799441,3.88889239096405,11.5634704470986,TRUE,给药途径,Unknown/Missing
promethazine,APPLICATION SITE IRRITATION,11,2.49218137463673,1.37913274303321,4.50353168356081,TRUE,给药途径,Unknown/Missing
promethazine,GENERALISED ERYTHEMA,10,6.62117663684159,3.55787497379059,12.3219563304523,TRUE,给药途径,Unknown/Missing
promethazine,ORAL PRURITUS,10,11.960509003903,6.4222616299903,22.2746726736296,TRUE,给药途径,Unknown/Missing
promethazine,APPLICATION SITE REACTION,9,4.61803082745434,2.40029602646799,8.88482440838762,TRUE,给药途径,Unknown/Missing
promethazine,APPLICATION SITE VESICLES,9,3.65532071514701,1.90017599960132,7.03164840171975,TRUE,给药途径,Unknown/Missing
promethazine,CATHETER SITE PRURITUS,9,24.148060325984,12.5160833675246,46.5903590112225,TRUE,给药途径,Unknown/Missing
promethazine,CLUSTER HEADACHE,9,18.0411170870055,9.35903568148431,34.777290826123,TRUE,给药途径,Unknown/Missing
promethazine,PHARYNGEAL ERYTHEMA,9,12.6520141940361,6.56847292978353,24.3699661819822,TRUE,给药途径,Unknown/Missing
promethazine,SEDATION COMPLICATION,9,8.25784049453534,4.28989208002451,15.8959545744093,TRUE,给药途径,Unknown/Missing
promethazine,AGITATION NEONATAL,8,25.8901419848586,12.8917235064496,51.9945569466173,TRUE,给药途径,Unknown/Missing
promethazine,APPLICATION SITE EXFOLIATION,8,4.69423165387964,2.34502507601801,9.39683376763872,TRUE,给药途径,Unknown/Missing
promethazine,BRADYCARDIA NEONATAL,8,18.8436415728578,9.39308428540526,37.8025808070362,TRUE,给药途径,Unknown/Missing
promethazine,ERYTHEMA MULTIFORME,8,2.69227610309347,1.34535143396915,5.38770051621647,TRUE,给药途径,Unknown/Missing
promethazine,MEDICATION OVERUSE HEADACHE,8,21.6162416497241,10.7705975641967,43.3830992453494,TRUE,给药途径,Unknown/Missing
promethazine,PRURITUS ALLERGIC,8,17.161401867174,8.55672750041739,34.4189661330545,TRUE,给药途径,Unknown/Missing
promethazine,APPLICATION SITE DISCOLOURATION,7,4.39593759514149,2.09346110926344,9.23077445999339,TRUE,给药途径,Unknown/Missing
promethazine,APPLICATION SITE SWELLING,7,3.83207719412371,1.82510448058641,8.04601368191523,TRUE,给药途径,Unknown/Missing
promethazine,EAR PRURITUS,7,5.06348993065543,2.41110352231234,10.6336911877016,TRUE,给药途径,Unknown/Missing
promethazine,BUTTERFLY RASH,6,15.3626814211056,6.88091652256855,34.2994977009664,TRUE,给药途径,Unknown/Missing
promethazine,DRUG WITHDRAWAL HEADACHE,6,42.8807560004076,19.1134408863625,96.2024182929014,TRUE,给药途径,Unknown/Missing
promethazine,RASH VESICULAR,6,3.41333297795361,1.53205727037683,7.60470397788721,TRUE,给药途径,Unknown/Missing
promethazine,ANAL PRURITUS,5,6.66053633956013,2.76790269467037,16.0275664372241,TRUE,给药途径,Unknown/Missing
promethazine,ANGLE CLOSURE GLAUCOMA,5,6.24766881985941,2.59653604775335,15.0328610752071,TRUE,给药途径,Unknown/Missing
promethazine,APPLICATION SITE PARAESTHESIA,5,9.86022742233121,4.09505203525585,23.7418435670789,TRUE,给药途径,Unknown/Missing
promethazine,APPLICATION SITE URTICARIA,5,6.4622643854901,2.68561046827655,15.549857837266,TRUE,给药途径,Unknown/Missing
promethazine,ERYTHEMA OF EYELID,5,2.55381641375547,1.06212830316969,6.1404806328044,TRUE,给药途径,Unknown/Missing
promethazine,IMPLANT SITE ERYTHEMA,5,12.7861016382229,5.30719100479363,30.8043171906386,TRUE,给药途径,Unknown/Missing
promethazine,TONGUE ERYTHEMA,5,14.1658502855304,5.87832098379842,34.1375224090591,TRUE,给药途径,Unknown/Missing
promethazine,APPLICATION SITE SCAB,4,4.57466621579318,1.71479091130247,12.2041531990765,TRUE,给药途径,Unknown/Missing
promethazine,APPLICATION SITE SCAR,4,8.95033116816451,3.35180833711554,23.9000622836196,TRUE,给药途径,Unknown/Missing
promethazine,APPLICATION SITE WARMTH,4,8.44004951635604,3.16106230958031,22.5349673186289,TRUE,给药途径,Unknown/Missing
promethazine,GENITAL RASH,4,8.12125137034325,3.0418724496108,21.6822779103512,TRUE,给药途径,Unknown/Missing
promethazine,GINGIVAL ERYTHEMA,4,13.7878855186091,5.15802041141502,36.8563464102537,TRUE,给药途径,Unknown/Missing
promethazine,NASAL PRURITUS,4,7.39621280379998,2.77073917787982,19.7434548426007,TRUE,给药途径,Unknown/Missing
promethazine,PROCEDURAL HEADACHE,4,25.2268624530913,9.41402597160805,67.6006834001203,TRUE,给药途径,Unknown/Missing
promethazine,TONGUE PRURITUS,4,11.4898194453518,4.30045619103412,30.6981271340513,TRUE,给药途径,Unknown/Missing
promethazine,ADMINISTRATION SITE ERYTHEMA,3,24.7174441368124,7.92093270571653,77.13132624085,TRUE,给药途径,Unknown/Missing
promethazine,APPLICATION SITE DISCOMFORT,3,3.97653093594131,1.28093507837075,12.3447304641004,TRUE,给药途径,Unknown/Missing
promethazine,APPLICATION SITE HYPERSENSITIVITY,3,6.37690939527098,2.05292025044609,19.8083551597579,TRUE,给药途径,Unknown/Missing
promethazine,CATHETER SITE RASH,3,15.6771276784447,5.03522285408378,48.8106166039753,TRUE,给药途径,Unknown/Missing
promethazine,ERYTHEMA NODOSUM,3,2.43671101956518,0.785225206089851,7.56160213251099,FALSE,给药途径,Unknown/Missing
promethazine,EXFOLIATIVE RASH,3,3.28573266334648,1.05859562318129,10.1984543470317,TRUE,给药途径,Unknown/Missing
promethazine,EYELIDS PRURITUS,3,2.62468843743503,0.845760732977825,8.14531713874893,FALSE,给药途径,Unknown/Missing
promethazine,"HALLUCINATION, TACTILE",3,13.437483275558,4.31830272908036,41.8141033894941,TRUE,给药途径,Unknown/Missing
promethazine,ORAL MUCOSAL ERYTHEMA,3,4.91805162536137,1.5838479139428,15.271183285211,TRUE,给药途径,Unknown/Missing
promethazine,PALMAR ERYTHEMA,3,7.3135311933666,2.35389549093812,22.7230727626864,TRUE,给药途径,Unknown/Missing
promethazine,PRURITUS GENITAL,3,3.26828706785603,1.05297961012408,10.1442613467665,TRUE,给药途径,Unknown/Missing
promethazine,SYSTEMIC LUPUS ERYTHEMATOSUS RASH,3,10.8186019610003,3.47896874373143,33.6427708933724,TRUE,给药途径,Unknown/Missing
promethazine,APPLICATION SITE HAEMORRHAGE,2,1.65767576371074,0.414286020780739,6.63283045953487,FALSE,给药途径,Unknown/Missing
promethazine,ATRIAL TACHYCARDIA,2,2.77621849516925,0.693593951336222,11.1122496354983,FALSE,给药途径,Unknown/Missing
promethazine,CERVICOGENIC HEADACHE,2,37.9371105356968,9.37669163827944,153.489568743221,FALSE,给药途径,Unknown/Missing
promethazine,CUTANEOUS LUPUS ERYTHEMATOSUS,2,3.53501989512796,0.882962852798112,14.1527648862571,FALSE,给药途径,Unknown/Missing
promethazine,DIZZINESS EXERTIONAL,2,6.80901541288991,1.69902174518849,27.2878737569241,FALSE,给药途径,Unknown/Missing
promethazine,LIP PRURITUS,2,5.63588261448824,1.40680120535792,22.5782951587745,FALSE,给药途径,Unknown/Missing
promethazine,OPEN ANGLE GLAUCOMA,2,9.52410440599866,2.37452899878568,38.2006557017206,FALSE,给药途径,Unknown/Missing
promethazine,PROCEDURAL HYPOTENSION,2,8.59888088245131,2.1444620042515,34.4798612817552,FALSE,给药途径,Unknown/Missing
promethazine,RASH MORBILLIFORM,2,2.08402278842298,0.520770461857417,8.3398566177807,FALSE,给药途径,Unknown/Missing
promethazine,TACHYCARDIA FOETAL,2,11.91147691554,2.96757320246701,47.8112156395978,FALSE,给药途径,Unknown/Missing
promethazine,TRANSIENT GLOBAL AMNESIA,2,7.48655479678185,1.86769711971896,30.0094175514128,FALSE,给药途径,Unknown/Missing
promethazine,VASCULAR HEADACHE,2,61.0071303585542,14.9735130716688,248.56357601395,FALSE,给药途径,Unknown/Missing
promethazine,ACCOMMODATION DISORDER,1,5.23649659082022,0.735838352957059,37.2648373592888,FALSE,给药途径,Unknown/Missing
promethazine,APPLICATION SITE DISCHARGE,1,2.14529538075246,0.301863844952477,15.2462520690491,FALSE,给药途径,Unknown/Missing
promethazine,APPLICATION SITE EROSION,1,2.09355048315175,0.294589451766548,14.8781757093539,FALSE,给药途径,Unknown/Missing
promethazine,APPLICATION SITE INFLAMMATION,1,1.89969139384997,0.267333477610564,13.4993470482017,FALSE,给药途径,Unknown/Missing
promethazine,APPLICATION SITE PAPULES,1,2.56171688315001,0.360393253178579,18.2089795842101,FALSE,给药途径,Unknown/Missing
promethazine,APPLICATION SITE ULCER,1,4.06651206875926,0.571720872907386,28.9241152264936,FALSE,给药途径,Unknown/Missing
promethazine,BRADYCARDIA FOETAL,1,3.64605173918855,0.51270083522658,25.9287529324288,FALSE,给药途径,Unknown/Missing
promethazine,STOMA SITE ERYTHEMA,1,1.22317045489147,0.172180830007123,8.68938755642845,FALSE,给药途径,Unknown/Missing
promethazine,VERTIGO POSITIONAL,1,1.65455344866837,0.232861290176684,11.7561279181408,FALSE,给药途径,Unknown/Missing
promethazine,HEADACHE,125,9.93536060021477,8.13489296111404,12.1343194960468,TRUE,给药途径,Other
promethazine,DIZZINESS,89,8.53705077552856,6.80119686706437,10.7159427036863,TRUE,给药途径,Other
promethazine,RASH,65,6.39326506204403,4.93350048800668,8.28495674682044,TRUE,给药途径,Other
promethazine,HYPOTENSION,46,10.1848892820787,7.52890362188906,13.7778320586569,TRUE,给药途径,Other
promethazine,PRURITUS,40,4.26571232584845,3.09118164950614,5.88651969055344,TRUE,给药途径,Other
promethazine,VISION BLURRED,39,12.5929908028637,9.0908741640762,17.4442429296485,TRUE,给药途径,Other
promethazine,SOMNOLENCE,37,8.00799765813632,5.73486638296259,11.1821308833334,TRUE,给药途径,Other
promethazine,TACHYCARDIA,29,14.6091976381649,10.0487415514052,21.2393417164876,TRUE,给药途径,Other
promethazine,AGITATION,26,16.8746584622135,11.3787679460065,25.0250378219807,TRUE,给药途径,Other
promethazine,CONFUSIONAL STATE,26,7.05970869147146,4.76069439417675,10.4689531992226,TRUE,给药途径,Other
promethazine,ERYTHEMA,26,5.05621731632417,3.40968300657035,7.4978622648008,TRUE,给药途径,Other
promethazine,DRY MOUTH,22,11.440266768528,7.46654176759322,17.5288249646093,TRUE,给药途径,Other
promethazine,HALLUCINATION,18,10.290572005231,6.43208982694195,16.463680552358,TRUE,给药途径,Other
promethazine,SINUS TACHYCARDIA,18,61.1095571176168,38.1833083392967,97.8013203551563,TRUE,给药途径,Other
promethazine,VERTIGO,18,12.2118480210716,7.63287890296315,19.5377437511626,TRUE,给药途径,Other
promethazine,DYSURIA,17,19.8482671004482,12.2430602825257,32.1777151953597,TRUE,给药途径,Other
promethazine,INJECTION SITE ERYTHEMA,16,5.519150758591,3.3560792070473,9.07637252186768,TRUE,给药途径,Other
promethazine,AMNESIA,14,9.80401239249443,5.76595877535291,16.6700218883028,TRUE,给药途径,Other
promethazine,LETHARGY,14,10.6792902505383,6.28068689985262,18.1584024285494,TRUE,给药途径,Other
promethazine,AGITATION NEONATAL,13,628.260357908085,360.568721344587,1094.69028774013,TRUE,给药途径,Other
promethazine,BRADYCARDIA,13,10.8376053753028,6.25059817792735,18.7907920054043,TRUE,给药途径,Other
promethazine,RASH PRURITIC,11,8.19012658815584,4.50773061642319,14.8806970153959,TRUE,给药途径,Other
promethazine,NEONATAL HYPOTENSION,10,1376.14644130052,726.955987038236,2605.08072245162,TRUE,给药途径,Other
promethazine,SEDATION,10,15.9892427973615,8.55189602928959,29.8946437558847,TRUE,给药途径,Other
promethazine,BRADYCARDIA NEONATAL,9,312.264290030923,161.092222747682,605.299158242073,TRUE,给药途径,Other
promethazine,INJECTION SITE PRURITUS,9,5.46682199036221,2.82867211104154,10.5654319415988,TRUE,给药途径,Other
promethazine,URINARY RETENTION,9,11.1957582667737,5.79264541955644,21.6386459189884,TRUE,给药途径,Other
promethazine,DELIRIUM,8,9.68339299317262,4.81707027250509,19.4657944675283,TRUE,给药途径,Other
promethazine,ORTHOSTATIC HYPOTENSION,8,19.8284323186441,9.86275269684572,39.8637926246283,TRUE,给药途径,Other
promethazine,DISORIENTATION,7,8.29767620539217,3.93626754225026,17.4915525102165,TRUE,给药途径,Other
promethazine,RASH MACULAR,7,7.88726358172522,3.741592277302,16.6263243552734,TRUE,给药途径,Other
promethazine,DRY EYE,6,4.52504356525382,2.0237078849848,10.1180706066176,TRUE,给药途径,Other
promethazine,GLAUCOMA,6,12.5322815004578,5.60419642667716,28.0250847131423,TRUE,给药途径,Other
promethazine,"HALLUCINATION, AUDITORY",6,16.647770551131,7.44419567600438,37.2301154329494,TRUE,给药途径,Other
promethazine,NEONATAL TACHYCARDIA,6,2087.62270536154,910.863182918787,4784.65771991751,TRUE,给药途径,Other
promethazine,RASH ERYTHEMATOUS,6,5.12036294027861,2.28993256355247,11.4492963930367,TRUE,给药途径,Other
promethazine,SUPRAVENTRICULAR TACHYCARDIA,6,28.9879402492303,12.9602855768119,64.836586733581,TRUE,给药途径,Other
promethazine,DERMATITIS CONTACT,5,17.2281509770895,7.13990325267771,41.5704772999656,TRUE,给药途径,Other
promethazine,"HALLUCINATION, VISUAL",5,10.2031818404418,4.22892143181975,24.6173690733063,TRUE,给药途径,Other
promethazine,PRURITUS GENERALISED,5,10.7528504804397,4.4567106732703,25.9437513294637,TRUE,给药途径,Other
promethazine,RASH GENERALISED,5,9.50903049233665,3.94125210230878,22.9423692159199,TRUE,给药途径,Other
promethazine,SINUS BRADYCARDIA,5,23.2412251638215,9.63115023147792,56.0841160332063,TRUE,给药途径,Other
promethazine,VENTRICULAR TACHYCARDIA,5,14.2979289912105,5.92575397358564,34.4986940647482,TRUE,给药途径,Other
promethazine,ATRIAL TACHYCARDIA,4,81.1036271568924,30.2919725954268,217.146582887021,TRUE,给药途径,Other
promethazine,DIZZINESS POSTURAL,4,15.9765807380412,5.97296691481389,42.7343957734114,TRUE,给药途径,Other
promethazine,EYE PRURITUS,4,4.45748197231081,1.66674828350465,11.9209035522132,TRUE,给药途径,Other
promethazine,RASH MACULO-PAPULAR,4,7.49906975026519,2.80393688534266,20.056103050433,TRUE,给药途径,Other
promethazine,TACHYCARDIA FOETAL,4,349.394109133658,129.981375552123,939.182578879156,TRUE,给药途径,Other
promethazine,ANAL PRURITUS,3,58.1026499858706,18.661395407554,180.903831768873,TRUE,给药途径,Other
promethazine,INJECTION SITE RASH,3,3.8211015771955,1.22840403264223,11.8860056424924,TRUE,给药途径,Other
promethazine,RASH PAPULAR,3,5.44337443840946,1.74988201345525,16.9327560652061,TRUE,给药途径,Other
promethazine,SINUS HEADACHE,3,22.5337746149761,7.24180994406547,70.1165871958088,TRUE,给药途径,Other
promethazine,SYSTEMIC LUPUS ERYTHEMATOSUS,3,3.11775015224539,1.00230339858888,9.69802758876327,TRUE,给药途径,Other
promethazine,APPLICATION SITE BURN,2,15.8192474788982,3.94478938689516,63.4377570650459,FALSE,给药途径,Other
promethazine,APPLICATION SITE PRURITUS,2,3.46758006920793,0.864923251923757,13.901940443414,FALSE,给药途径,Other
promethazine,APPLICATION SITE SWELLING,2,15.8843782989753,3.96102538989393,63.6990296978921,FALSE,给药途径,Other
promethazine,BRADYCARDIA FOETAL,2,106.173970735691,26.4258855463877,426.585971622216,FALSE,给药途径,Other
promethazine,EXFOLIATIVE RASH,2,31.8186982755363,7.93184051612603,127.641189695036,FALSE,给药途径,Other
promethazine,EYELIDS PRURITUS,2,25.4196939386512,6.33753608471322,101.957737407335,FALSE,给药途径,Other
promethazine,MYDRIASIS,2,7.02551353306576,1.75225204607032,28.1682309996341,FALSE,给药途径,Other
promethazine,ORAL MUCOSAL ERYTHEMA,2,47.6144367761618,11.8654900626153,191.06961259478,FALSE,给药途径,Other
promethazine,SEDATION COMPLICATION,2,26.5729629971949,6.62490348602906,106.586060301014,FALSE,给药途径,Other
promethazine,APPLICATION SITE DISCOLOURATION,1,9.08980453246139,1.27770764874267,64.6662376324212,FALSE,给药途径,Other
promethazine,APPLICATION SITE ERYTHEMA,1,1.52344606600079,0.21419151896707,10.8355733560586,FALSE,给药途径,Other
promethazine,APPLICATION SITE IRRITATION,1,3.2798543608244,0.46111254911033,23.3293252351822,FALSE,给药途径,Other
promethazine,APPLICATION SITE PAIN,1,1.63653849717238,0.230091165805455,11.6399873213374,FALSE,给药途径,Other
promethazine,CATHETER SITE ERYTHEMA,1,17.2249478831804,2.42063471958506,122.570674202814,FALSE,给药途径,Other
promethazine,CATHETER SITE PRURITUS,1,38.5253790849673,5.41055488010911,274.316565773473,FALSE,给药途径,Other
promethazine,CLUSTER HEADACHE,1,28.8511404796867,4.05306362027563,205.372623023867,FALSE,给药途径,Other
promethazine,ERYTHEMA OF EYELID,1,7.40053203067444,1.04030772749663,52.6458401581138,FALSE,给药途径,Other
promethazine,GENERALISED ERYTHEMA,1,9.57083049140927,1.34530367931893,68.0893077923217,FALSE,给药途径,Other
promethazine,GINGIVAL ERYTHEMA,1,49.7673674434313,6.9870472743733,354.483197978886,FALSE,给药途径,Other
promethazine,INFUSION SITE ERYTHEMA,1,4.2209909974449,0.593409628088587,30.0243948819973,FALSE,给药途径,Other
promethazine,PRURITUS ALLERGIC,1,30.8926257861635,4.33959063912284,219.918053873588,FALSE,给药途径,Other
promethazine,RASH PUSTULAR,1,6.15844654850486,0.865737409443151,43.8082765941535,FALSE,给药途径,Other
promethazine,TENSION HEADACHE,1,8.80141328156113,1.23718062133018,62.6140390637165,FALSE,给药途径,Other
promethazine,TONGUE PRURITUS,1,41.5040369900953,5.82836276016363,295.55214000215,FALSE,给药途径,Other
promethazine,VERTIGO POSITIONAL,1,24.0070530574563,3.37304519266809,170.86595749037,FALSE,给药途径,Other
promethazine,VULVOVAGINAL PRURITUS,1,7.45276829299138,1.04764904836835,53.0175208153185,FALSE,给药途径,Other
promethazine,RASH,41,9.09695761866538,6.51041581733636,12.7111140421215,TRUE,给药途径,Parenteral
promethazine,HEADACHE,34,5.15606355938028,3.59219149380414,7.40077233472197,TRUE,给药途径,Parenteral
promethazine,HYPOTENSION,27,13.1504317972898,8.8218444626987,19.6029137881975,TRUE,给药途径,Parenteral
promethazine,PRURITUS,26,6.14642199196208,4.09578605404384,9.22374919119022,TRUE,给药途径,Parenteral
promethazine,ERYTHEMA,23,10.058925875942,6.55162806847564,15.4437933167408,TRUE,给药途径,Parenteral
promethazine,DIZZINESS,21,3.94089706453999,2.5210409389711,6.16041946531752,TRUE,给药途径,Parenteral
promethazine,SOMNOLENCE,21,9.91570453696683,6.34309836342762,15.5005000444758,TRUE,给药途径,Parenteral
promethazine,TACHYCARDIA,21,23.4456189151599,14.9976722007382,36.6521576786996,TRUE,给药途径,Parenteral
promethazine,CONFUSIONAL STATE,16,9.47983888492517,5.71331318481711,15.7294624637344,TRUE,给药途径,Parenteral
promethazine,AGITATION,13,18.1766608369565,10.4007537622735,31.7660629924891,TRUE,给药途径,Parenteral
promethazine,SINUS TACHYCARDIA,12,88.726546184739,49.6724564537991,158.486222745896,TRUE,给药途径,Parenteral
promethazine,VENTRICULAR TACHYCARDIA,10,63.364812391316,33.6550245279545,119.301634917891,TRUE,给药途径,Parenteral
promethazine,RASH PRURITIC,9,14.6149612992707,7.51318070482187,28.4296494615253,TRUE,给药途径,Parenteral
promethazine,BRADYCARDIA,8,14.4303506664884,7.13514365025112,29.184418781883,TRUE,给药途径,Parenteral
promethazine,DRY MOUTH,7,7.70938546728246,3.63671332472002,16.3429500695444,TRUE,给药途径,Parenteral
promethazine,DELIRIUM,6,15.7346195318,7.00000296459017,35.3683067082811,TRUE,给药途径,Parenteral
promethazine,MYDRIASIS,6,46.20046213644,20.550176586667,103.866878837698,TRUE,给药途径,Parenteral
promethazine,URINARY RETENTION,6,16.1397567191082,7.18022402723716,36.2790556344565,TRUE,给药途径,Parenteral
promethazine,VERTIGO,6,8.65224264541734,3.84935158917043,19.4477695946999,TRUE,给药途径,Parenteral
promethazine,AMNESIA,5,7.46938066937781,3.08145081032536,18.1056427696745,TRUE,给药途径,Parenteral
promethazine,SUPRAVENTRICULAR TACHYCARDIA,5,52.3162393162393,21.5769051247187,126.848075772392,TRUE,给药途径,Parenteral
promethazine,HALLUCINATION,4,4.82148314550187,1.79530852550722,12.9485820359432,TRUE,给药途径,Parenteral
promethazine,"HALLUCINATION, VISUAL",4,17.6408260013499,6.56809472655443,47.380367513846,TRUE,给药途径,Parenteral
promethazine,RASH ERYTHEMATOUS,4,7.36370153987397,2.74187146643222,19.7763100977523,TRUE,给药途径,Parenteral
promethazine,VISION BLURRED,4,2.61361983706053,0.973211863125787,7.01903553737655,FALSE,给药途径,Parenteral
promethazine,DISORIENTATION,3,7.62546519015086,2.44251862078351,23.8064589851724,TRUE,给药途径,Parenteral
promethazine,ERYTHEMA MULTIFORME,3,31.7174694309629,10.1575091890582,99.0398185598239,TRUE,给药途径,Parenteral
promethazine,LETHARGY,3,4.84222390335973,1.55105064767015,15.1169353273463,TRUE,给药途径,Parenteral
promethazine,RASH PAPULAR,3,11.7613789411944,3.76717295699697,36.7198523076684,TRUE,给药途径,Parenteral
promethazine,SOMNOLENCE NEONATAL,3,2029.16615031555,639.713009084653,6436.50388082315,TRUE,给药途径,Parenteral
promethazine,DYSURIA,2,4.89188238146365,1.21660880727912,19.6698503996481,FALSE,给药途径,Parenteral
promethazine,PRURITUS GENERALISED,2,9.21998930271998,2.29291009843719,37.074372344651,FALSE,给药途径,Parenteral
promethazine,RASH GENERALISED,2,8.15366516672436,2.02774809106089,32.7862499016195,FALSE,给药途径,Parenteral
promethazine,RASH MACULAR,2,4.81274160902307,1.19692745928655,19.3516170219943,FALSE,给药途径,Parenteral
promethazine,ANAL PRURITUS,1,41.4647214555551,5.81457004155764,295.692220249906,FALSE,给药途径,Parenteral
promethazine,DIZZINESS EXERTIONAL,1,106.103441655066,14.8654764233575,757.32119243491,FALSE,给药途径,Parenteral
promethazine,DRY EYE,1,1.60734425363156,0.225521531807404,11.4559152244884,FALSE,给药途径,Parenteral
promethazine,EYE PRURITUS,1,2.38392749962698,0.334477934329496,16.9909872675765,FALSE,给药途径,Parenteral
promethazine,GENITAL RASH,1,63.1846533149912,8.85767137328924,450.716700393132,FALSE,给药途径,Parenteral
promethazine,"HALLUCINATION, AUDITORY",1,5.91166082939443,0.829397402277642,42.1362951774686,FALSE,给药途径,Parenteral
promethazine,INJECTION SITE ERYTHEMA,1,0.721402340559515,0.101218989875135,5.14153853547389,FALSE,给药途径,Parenteral
promethazine,ORAL MUCOSAL ERYTHEMA,1,51.0876262896204,7.16302690561193,364.363500835537,FALSE,给药途径,Parenteral
promethazine,PHARYNGEAL ERYTHEMA,1,43.6216076868995,6.11684565292843,311.082666648419,FALSE,给药途径,Parenteral
promethazine,PROCEDURAL HYPOTENSION,1,133.941511520458,18.7584464577619,956.386689525754,FALSE,给药途径,Parenteral
promethazine,RASH MACULO-PAPULAR,1,4.01033595661227,0.562659142564967,28.5835477791784,FALSE,给药途径,Parenteral
promethazine,RASH PUSTULAR,1,13.2494641449252,1.85869118981969,94.4472654140507,FALSE,给药途径,Parenteral
promethazine,RASH VESICULAR,1,17.7250875712049,2.48639621410659,126.359076491665,FALSE,给药途径,Parenteral
promethazine,SEDATION,1,3.38117572471848,0.474390692003514,24.0990168528451,FALSE,给药途径,Parenteral
promethazine,TACHYCARDIA,611,76.0814816144891,69.5011446790934,83.284841873936,TRUE,给药途径,Oral
promethazine,SOMNOLENCE,431,20.7691273757605,18.7344358428964,23.0248007235363,TRUE,给药途径,Oral
promethazine,DIZZINESS,320,5.83220230764588,5.1895731804041,6.55440872974861,TRUE,给药途径,Oral
promethazine,HEADACHE,320,4.4468598628586,3.95691448520277,4.99747030517126,TRUE,给药途径,Oral
promethazine,HALLUCINATION,246,30.0860186914004,26.3833048486127,34.3083827402651,TRUE,给药途径,Oral
promethazine,CONFUSIONAL STATE,222,12.5459115965503,10.9350122967562,14.3941216998126,TRUE,给药途径,Oral
promethazine,MYDRIASIS,216,168.485711425616,146.394516634039,193.910507082446,TRUE,给药途径,Oral
promethazine,AGITATION,214,28.8724461941114,25.1031892235118,33.207659067123,TRUE,给药途径,Oral
promethazine,HYPOTENSION,149,6.40484148343902,5.42918239510748,7.55583280181346,TRUE,给药途径,Oral
promethazine,SINUS TACHYCARDIA,136,95.298961629063,80.1116525545338,113.365431843955,TRUE,给药途径,Oral
promethazine,LETHARGY,131,20.5513990269263,17.2380771249535,24.5015728205872,TRUE,给药途径,Oral
promethazine,RASH,129,2.34923548870613,1.96838861615036,2.80376920294826,TRUE,给药途径,Oral
promethazine,PRURITUS,122,2.52873821248633,2.10873232038392,3.03239860530253,TRUE,给药途径,Oral
promethazine,DRY MOUTH,89,9.20785233464433,7.45321837911366,11.3755615767557,TRUE,给药途径,Oral
promethazine,DISORIENTATION,68,16.3878481483779,12.8779610164556,20.8543547065503,TRUE,给药途径,Oral
promethazine,VISION BLURRED,64,3.93595365083561,3.07137377804668,5.04390942328698,TRUE,给药途径,Oral
promethazine,URINARY RETENTION,62,15.583007757002,12.1104165964341,20.0513441318183,TRUE,给药途径,Oral
promethazine,DELIRIUM,57,13.9369850198431,10.7175763826411,18.1234585608305,TRUE,给药途径,Oral
promethazine,ERYTHEMA,54,2.04399690745072,1.56117047553099,2.67614807168776,TRUE,给药途径,Oral
promethazine,AMNESIA,52,7.25212097246168,5.51068077532695,9.54387683545291,TRUE,给药途径,Oral
promethazine,SEDATION,39,12.4593558242674,9.07965694029947,17.0970719022105,TRUE,给药途径,Oral
promethazine,BRADYCARDIA,36,5.95098522051169,4.28253116756077,8.26946114554952,TRUE,给药途径,Oral
promethazine,DYSURIA,33,7.57328017064229,5.3716517564647,10.677269328567,TRUE,给药途径,Oral
promethazine,VERTIGO,31,4.12177665699378,2.89246756621526,5.87354652082364,TRUE,给药途径,Oral
promethazine,RASH MACULO-PAPULAR,30,11.3272162507743,7.90150609000962,16.2381483390908,TRUE,给药途径,Oral
promethazine,"HALLUCINATION, VISUAL",28,11.4767337612438,7.90630852119774,16.6595342786496,TRUE,给药途径,Oral
promethazine,RASH PRURITIC,20,2.9451235131318,1.89676764811002,4.5729125105252,TRUE,给药途径,Oral
promethazine,DRY EYE,17,2.55687762064984,1.58696120944958,4.11958599117084,TRUE,给药途径,Oral
promethazine,RASH MACULAR,16,3.58746259293117,2.19427867970898,5.86520207058992,TRUE,给药途径,Oral
promethazine,SYSTEMIC LUPUS ERYTHEMATOSUS,16,3.33400204353127,2.03926818717016,5.45076400259813,TRUE,给药途径,Oral
promethazine,PRURITUS GENERALISED,13,5.57914861323401,3.23453873008748,9.6232884642903,TRUE,给药途径,Oral
promethazine,SINUS BRADYCARDIA,12,11.1322154143825,6.31104015586596,19.636417606538,TRUE,给药途径,Oral
promethazine,GLAUCOMA,11,4.57213417973705,2.52844626650047,8.26769041307443,TRUE,给药途径,Oral
promethazine,RASH ERYTHEMATOUS,11,1.86770521476994,1.03298912666794,3.37692109163909,TRUE,给药途径,Oral
promethazine,SEDATION COMPLICATION,10,26.7056475063028,14.3343939770567,49.7538723905884,TRUE,给药途径,Oral
promethazine,ORTHOSTATIC HYPOTENSION,9,4.41808270559185,2.29575392509007,8.50241595151969,TRUE,给药途径,Oral
promethazine,VENTRICULAR TACHYCARDIA,9,5.12736770204575,2.66422361958371,9.86775260107096,TRUE,给药途径,Oral
promethazine,"HALLUCINATION, AUDITORY",8,4.41157329323373,2.20340786594057,8.83267198161939,TRUE,给药途径,Oral
promethazine,INJECTION SITE ERYTHEMA,7,0.470629859170163,0.224140383240376,0.988186337242899,FALSE,给药途径,Oral
promethazine,INJECTION SITE PRURITUS,7,0.839840052273723,0.399970703270446,1.76345744234725,FALSE,给药途径,Oral
promethazine,RASH GENERALISED,7,2.64965789420734,1.26176107721615,5.56419680643909,TRUE,给药途径,Oral
promethazine,SUPRAVENTRICULAR TACHYCARDIA,7,6.7188053870341,3.19874671756615,14.1125102468839,TRUE,给药途径,Oral
promethazine,APPLICATION SITE RASH,5,2.76019724751367,1.14770732346065,6.63818091027739,TRUE,给药途径,Oral
promethazine,DIZZINESS POSTURAL,5,3.97932164922456,1.65449231171002,9.5709122828264,TRUE,给药途径,Oral
promethazine,RASH PAPULAR,5,1.81107082236044,0.753102297738145,4.35528816398034,FALSE,给药途径,Oral
promethazine,APPLICATION SITE ERYTHEMA,4,1.22058665989161,0.457725113691719,3.2548613780208,FALSE,给药途径,Oral
promethazine,EYE PRURITUS,4,0.887750405494814,0.332918394851478,2.36724913565619,FALSE,给药途径,Oral
promethazine,GENERALISED ERYTHEMA,4,7.67381882962081,2.87632862071286,20.4731458727579,TRUE,给药途径,Oral
promethazine,INJECTION SITE RASH,4,1.01660790601735,0.381238031046093,2.71088283543264,FALSE,给药途径,Oral
promethazine,RASH PUSTULAR,4,4.93625092921958,1.85060148590051,13.16683976635,TRUE,给药途径,Oral
promethazine,TENSION HEADACHE,4,7.05640816235294,2.64503036178391,18.8250754596779,TRUE,给药途径,Oral
promethazine,APPLICATION SITE VESICLES,3,3.53191129277026,1.13802995024944,10.9613963826382,TRUE,给药途径,Oral
promethazine,SINUS HEADACHE,3,4.49450881932306,1.44807179318084,13.9500055329439,TRUE,给药途径,Oral
promethazine,APPLICATION SITE PAIN,2,0.655053397755242,0.163727666828082,2.62078463721863,FALSE,给药途径,Oral
promethazine,APPLICATION SITE PRURITUS,2,0.692660203096084,0.173126631480367,2.77125565749552,FALSE,给药途径,Oral
promethazine,APPLICATION SITE REACTION,2,2.97212521527081,0.742687516090462,11.8940040109313,FALSE,给药途径,Oral
promethazine,APPLICATION SITE SCAR,2,12.9640148140653,3.2360867302129,51.9348503642384,FALSE,给药途径,Oral
promethazine,APPLICATION SITE SWELLING,2,3.1729556644057,0.79285507179448,12.6979671398179,FALSE,给药途径,Oral
promethazine,CLUSTER HEADACHE,2,11.5577846546465,2.88549099609626,46.2945080417525,FALSE,给药途径,Oral
promethazine,DERMATITIS CONTACT,2,1.3684604672906,0.342014784208273,5.47544766192565,FALSE,给药途径,Oral
promethazine,ERYTHEMA NODOSUM,2,4.71413943715302,1.17777275598561,18.8687592916209,FALSE,给药途径,Oral
promethazine,"HALLUCINATIONS, MIXED",2,4.02610000694603,1.00594725867067,16.1136492258562,FALSE,给药途径,Oral
promethazine,INFUSION SITE PRURITUS,2,4.44394111810841,1.11029855518451,17.7867588577856,FALSE,给药途径,Oral
promethazine,NASAL PRURITUS,2,10.716649078964,2.67573262173491,42.9215410197436,FALSE,给药途径,Oral
promethazine,PRURITUS ALLERGIC,2,12.3763771436331,3.08959190011903,49.5776517266061,FALSE,给药途径,Oral
promethazine,VERTIGO POSITIONAL,2,9.61581661261541,2.40115595893345,38.5080897321311,FALSE,给药途径,Oral
promethazine,APPLICATION SITE DISCHARGE,1,6.22705916992211,0.875999195464449,44.2651843819926,FALSE,给药途径,Oral
promethazine,APPLICATION SITE DISCOLOURATION,1,1.81841239655463,0.255976071332724,12.917706044662,FALSE,给药途径,Oral
promethazine,APPLICATION SITE EROSION,1,6.07686142259794,0.854889137809547,43.1965305397131,FALSE,给药途径,Oral
promethazine,APPLICATION SITE EXFOLIATION,1,1.69860667620865,0.239115425367951,12.066409500854,FALSE,给药途径,Oral
promethazine,APPLICATION SITE HAEMORRHAGE,1,2.40464271588052,0.338469446882398,17.0836884814786,FALSE,给药途径,Oral
promethazine,APPLICATION SITE IRRITATION,1,0.656133753427585,0.092379339553055,4.6602574176201,FALSE,给药途径,Oral
promethazine,APPLICATION SITE URTICARIA,1,3.74106639745795,0.526474747188,26.5835690409502,FALSE,给药途径,Oral
promethazine,ATRIAL TACHYCARDIA,1,4.02621586041223,0.566579253290996,28.6110267195211,FALSE,给药途径,Oral
promethazine,BUTTERFLY RASH,1,7.38548746393608,1.0387826199516,52.5089889186808,FALSE,给药途径,Oral
promethazine,CATHETER SITE ERYTHEMA,1,3.4458451792791,0.484950107378791,24.4846816587802,FALSE,给药途径,Oral
promethazine,CATHETER SITE RASH,1,15.0946894480461,2.12065186053413,107.443212991861,FALSE,给药途径,Oral
promethazine,CERVICOGENIC HEADACHE,1,54.5934296653081,7.62477032330042,390.889487321743,FALSE,给药途径,Oral
promethazine,CUTANEOUS LUPUS ERYTHEMATOSUS,1,5.12580791239554,0.721198046417463,36.4309178113998,FALSE,给药途径,Oral
promethazine,DRUG WITHDRAWAL HEADACHE,1,20.4085267533031,2.86491777827659,145.382170266276,FALSE,给药途径,Oral
promethazine,ERYTHEMA MULTIFORME,1,0.974954194019664,0.137260626820376,6.92504254465075,FALSE,给药途径,Oral
promethazine,GINGIVAL ERYTHEMA,1,9.95594563335965,1.39978448272852,70.8115103985167,FALSE,给药途径,Oral
promethazine,OPEN ANGLE GLAUCOMA,1,13.7917474308223,1.93797883079175,98.1498322754557,FALSE,给药途径,Oral
promethazine,ORAL MUCOSAL ERYTHEMA,1,4.75035902159127,0.668410134467326,33.7605755364511,FALSE,给药途径,Oral
promethazine,ORAL PRURITUS,1,3.4512923062868,0.485716311752696,24.5234065548517,FALSE,给药途径,Oral
promethazine,POSTURAL ORTHOSTATIC TACHYCARDIA SYNDROME,1,5.30429023794988,0.746290486803212,37.7004603782781,FALSE,给药途径,Oral
promethazine,PRURITUS GENITAL,1,3.15838360076931,0.444513384245904,22.4411397342541,FALSE,给药途径,Oral
promethazine,TONGUE ERYTHEMA,1,8.17847596025531,1.15018159483975,58.1538335620759,FALSE,给药途径,Oral
promethazine,VASCULAR HEADACHE,1,87.3497097690503,12.1403618553323,628.479767543839,FALSE,给药途径,Oral
promethazine,HEADACHE,8,9.11949654125799,4.16900749617735,19.9484451016873,TRUE,给药途径,Transdermal
promethazine,HYPOTENSION,5,17.1207912589489,6.67084748248212,43.9406678240284,TRUE,给药途径,Transdermal
promethazine,PRURITUS,5,8.34745865403258,3.25247723353872,21.4236906141141,TRUE,给药途径,Transdermal
promethazine,AGITATION,4,40.4991308931731,14.3471275490407,114.321113930017,TRUE,给药途径,Transdermal
promethazine,ERYTHEMA,4,12.1384426715915,4.30024166531864,34.2636070153501,TRUE,给药途径,Transdermal
promethazine,RASH,4,5.67416342582682,2.0101763309723,16.01657033113,TRUE,给药途径,Transdermal
promethazine,RASH MACULAR,3,53.0841671978544,16.3029819260545,172.847447164639,TRUE,给药途径,Transdermal
promethazine,RASH PRURITIC,3,34.8137357967254,10.6920490294472,113.354904825653,TRUE,给药途径,Transdermal
promethazine,TACHYCARDIA,3,22.7503011215756,6.98719598124819,74.074951169454,TRUE,给药途径,Transdermal
promethazine,APPLICATION SITE ERYTHEMA,2,47.0127266557096,11.3065057630702,195.48006377209,FALSE,给药途径,Transdermal
promethazine,APPLICATION SITE IRRITATION,2,101.21996964751,24.3415243003597,420.905532826123,FALSE,给药途径,Transdermal
promethazine,DIZZINESS,2,2.47704535586391,0.595761899062084,10.2990031834304,FALSE,给药途径,Transdermal
promethazine,URINARY RETENTION,2,37.8079286570743,9.09287425112287,157.204359134506,FALSE,给药途径,Transdermal
promethazine,VERTIGO,2,20.2695800347696,4.8749841791178,84.2784016706862,FALSE,给药途径,Transdermal
promethazine,BRADYCARDIA,1,12.2237234803139,1.67584696427794,89.1605372734957,FALSE,给药途径,Transdermal
promethazine,CONFUSIONAL STATE,1,3.88368098409185,0.53245329143662,28.3273260373713,FALSE,给药途径,Transdermal
promethazine,DIZZINESS POSTURAL,1,59.5593394522616,8.16470053640956,434.469690611538,FALSE,给药途径,Transdermal
promethazine,DYSURIA,1,16.9853203189336,2.32863012903603,123.893057441547,FALSE,给药途径,Transdermal
promethazine,HALLUCINATION,1,8.30334281180984,1.13837974291125,60.5645895227505,FALSE,给药途径,Transdermal
promethazine,INJECTION SITE PRURITUS,1,8.97532312291398,1.23050592397286,65.4661010494179,FALSE,给药途径,Transdermal
promethazine,LETHARGY,1,11.163642335323,1.53051524557637,81.4280749905781,FALSE,给药途径,Transdermal
promethazine,SINUS HEADACHE,1,112.203475236717,15.3798361815366,818.579580861229,FALSE,给药途径,Transdermal
